{
"type": "FeatureCollection",
"name": "encroachment_patches",
"crs": { "type": "name", "properties": { "name": "urn:ogc:def:crs:OGC:1.3:CRS84" } },
"features": [
{ "type": "Feature", "properties": { "count": 171, "encroached": 1, "area_m2": 14608.475358257245, "area_feddan": 3.4775211942062034, "patch_id": "KED-ENCR-0171", "mean_carbon_potential": 57.921169420656994, "rank": 1, "centroid_lat": 31.12021267187772, "centroid_lon": 30.13122638200738, "relative_carbon_loss_share_pct": 1.287508656342728, "size_class": "Very Large (>10,000 m²)" }, "geometry": { "type": "Polygon", "coordinates": [ [ [ 30.130482776181282, 31.120875376923056 ], [ 30.130482776181282, 31.120785545394643 ], [ 30.130392944652868, 31.120785545394643 ], [ 30.130392944652868, 31.12069571386623 ], [ 30.130213281596046, 31.12069571386623 ], [ 30.130213281596046, 31.12060588233782 ], [ 30.130392944652868, 31.12060588233782 ], [ 30.130392944652868, 31.120516050809407 ], [ 30.130482776181282, 31.120516050809407 ], [ 30.130482776181282, 31.12060588233782 ], [ 30.130572607709695, 31.12060588233782 ], [ 30.130572607709695, 31.12069571386623 ], [ 30.130482776181282, 31.12069571386623 ], [ 30.130482776181282, 31.120785545394643 ], [ 30.130752270766518, 31.120785545394643 ], [ 30.130752270766518, 31.120426219280994 ], [ 30.130303113124459, 31.120426219280994 ], [ 30.130303113124459, 31.120156724695757 ], [ 30.130482776181282, 31.120156724695757 ], [ 30.130482776181282, 31.119977061638934 ], [ 30.130662439238105, 31.119977061638934 ], [ 30.130662439238105, 31.119887230110525 ], [ 30.130931933823341, 31.119887230110525 ], [ 30.130931933823341, 31.119797398582111 ], [ 30.131021765351754, 31.119797398582111 ], [ 30.131021765351754, 31.119977061638934 ], [ 30.131111596880167, 31.119977061638934 ], [ 30.131111596880167, 31.120246556224171 ], [ 30.131201428408577, 31.120246556224171 ], [ 30.131201428408577, 31.120336387752584 ], [ 30.13129125993699, 31.120336387752584 ], [ 30.13129125993699, 31.120066893167348 ], [ 30.131201428408577, 31.120066893167348 ], [ 30.131201428408577, 31.119887230110525 ], [ 30.131111596880167, 31.119887230110525 ], [ 30.131111596880167, 31.119707567053698 ], [ 30.13129125993699, 31.119707567053698 ], [ 30.13129125993699, 31.119617735525289 ], [ 30.131560754522226, 31.119617735525289 ], [ 30.131560754522226, 31.119527903996875 ], [ 30.131470922993813, 31.119527903996875 ], [ 30.131470922993813, 31.119438072468462 ], [ 30.13129125993699, 31.119438072468462 ], [ 30.13129125993699, 31.119348240940052 ], [ 30.131201428408577, 31.119348240940052 ], [ 30.131201428408577, 31.119438072468462 ], [ 30.131111596880167, 31.119438072468462 ], [ 30.131111596880167, 31.119168577883226 ], [ 30.131470922993813, 31.119168577883226 ], [ 30.131470922993813, 31.119258409411639 ], [ 30.1313810914654, 31.119258409411639 ], [ 30.1313810914654, 31.119348240940052 ], [ 30.131470922993813, 31.119348240940052 ], [ 30.131470922993813, 31.119438072468462 ], [ 30.131560754522226, 31.119438072468462 ], [ 30.131560754522226, 31.119527903996875 ], [ 30.131650586050636, 31.119527903996875 ], [ 30.131650586050636, 31.119617735525289 ], [ 30.131740417579049, 31.119617735525289 ], [ 30.131740417579049, 31.119707567053698 ], [ 30.131830249107463, 31.119707567053698 ], [ 30.131830249107463, 31.119887230110525 ], [ 30.131920080635872, 31.119887230110525 ], [ 30.131920080635872, 31.120066893167348 ], [ 30.132009912164285, 31.120066893167348 ], [ 30.132009912164285, 31.120246556224171 ], [ 30.131920080635872, 31.120246556224171 ], [ 30.131920080635872, 31.120336387752584 ], [ 30.132009912164285, 31.120336387752584 ], [ 30.132009912164285, 31.120516050809407 ], [ 30.132189575221108, 31.120516050809407 ], [ 30.132189575221108, 31.12069571386623 ], [ 30.132099743692699, 31.12069571386623 ], [ 30.132099743692699, 31.12060588233782 ], [ 30.131740417579049, 31.12060588233782 ], [ 30.131740417579049, 31.12069571386623 ], [ 30.131201428408577, 31.12069571386623 ], [ 30.131201428408577, 31.120785545394643 ], [ 30.131021765351754, 31.120785545394643 ], [ 30.131021765351754, 31.120875376923056 ], [ 30.130482776181282, 31.120875376923056 ] ], [ [ 30.131740417579049, 31.119887230110525 ], [ 30.131650586050636, 31.119887230110525 ], [ 30.131650586050636, 31.119797398582111 ], [ 30.131560754522226, 31.119797398582111 ], [ 30.131560754522226, 31.119707567053698 ], [ 30.131740417579049, 31.119707567053698 ], [ 30.131740417579049, 31.119887230110525 ] ], [ [ 30.130931933823341, 31.120336387752584 ], [ 30.130842102294931, 31.120336387752584 ], [ 30.130842102294931, 31.120156724695757 ], [ 30.130662439238105, 31.120156724695757 ], [ 30.130662439238105, 31.120066893167348 ], [ 30.130931933823341, 31.120066893167348 ], [ 30.130931933823341, 31.120336387752584 ] ], [ [ 30.131560754522226, 31.120426219280994 ], [ 30.131470922993813, 31.120426219280994 ], [ 30.131470922993813, 31.120066893167348 ], [ 30.131560754522226, 31.120066893167348 ], [ 30.131560754522226, 31.120156724695757 ], [ 30.131650586050636, 31.120156724695757 ], [ 30.131650586050636, 31.120336387752584 ], [ 30.131560754522226, 31.120336387752584 ], [ 30.131560754522226, 31.120426219280994 ] ], [ [ 30.13129125993699, 31.12060588233782 ], [ 30.131021765351754, 31.12060588233782 ], [ 30.131021765351754, 31.120516050809407 ], [ 30.13129125993699, 31.120516050809407 ], [ 30.13129125993699, 31.12060588233782 ] ] ] } },
{ "type": "Feature", "properties": { "count": 40, "encroached": 1, "area_m2": 3416.470281314515, "area_feddan": 0.81328458454984254, "patch_id": "KED-ENCR-0154", "mean_carbon_potential": 44.797531307240035, "rank": 2, "centroid_lat": 31.140788780609849, "centroid_lon": 30.128501990568061, "relative_carbon_loss_share_pct": 0.23288401111412438, "size_class": "Large (2,000–10,000 m²)" }, "geometry": { "type": "Polygon", "coordinates": [ [ [ 30.128326819499396, 31.141177302344154 ], [ 30.128326819499396, 31.140907807758921 ], [ 30.128416651027806, 31.140907807758921 ], [ 30.128416651027806, 31.140728144702095 ], [ 30.128236987970983, 31.140728144702095 ], [ 30.128236987970983, 31.140548481645272 ], [ 30.12805732491416, 31.140548481645272 ], [ 30.12805732491416, 31.140458650116859 ], [ 30.128236987970983, 31.140458650116859 ], [ 30.128236987970983, 31.140368818588449 ], [ 30.128416651027806, 31.140368818588449 ], [ 30.128416651027806, 31.140458650116859 ], [ 30.128686145613042, 31.140458650116859 ], [ 30.128686145613042, 31.140817976230508 ], [ 30.128865808669868, 31.140817976230508 ], [ 30.128865808669868, 31.140907807758921 ], [ 30.128686145613042, 31.140907807758921 ], [ 30.128686145613042, 31.140997639287331 ], [ 30.128865808669868, 31.140997639287331 ], [ 30.128865808669868, 31.141177302344154 ], [ 30.128326819499396, 31.141177302344154 ] ], [ [ 30.128596314084632, 31.140817976230508 ], [ 30.128506482556219, 31.140817976230508 ], [ 30.128506482556219, 31.140728144702095 ], [ 30.128596314084632, 31.140728144702095 ], [ 30.128596314084632, 31.140817976230508 ] ], [ [ 30.128686145613042, 31.140907807758921 ], [ 30.128596314084632, 31.140907807758921 ], [ 30.128596314084632, 31.140817976230508 ], [ 30.128686145613042, 31.140817976230508 ], [ 30.128686145613042, 31.140907807758921 ] ], [ [ 30.128686145613042, 31.141087470815744 ], [ 30.128596314084632, 31.141087470815744 ], [ 30.128596314084632, 31.140997639287331 ], [ 30.128686145613042, 31.140997639287331 ], [ 30.128686145613042, 31.141087470815744 ] ] ] } },
{ "type": "Feature", "properties": { "count": 31, "encroached": 1, "area_m2": 2648.1278878380881, "area_feddan": 0.63038206445823519, "patch_id": "KED-ENCR-0084", "mean_carbon_potential": 52.708454919405341, "rank": 3, "centroid_lat": 31.128329944434217, "centroid_lon": 30.122069039653759, "relative_carbon_loss_share_pct": 0.2123866350651345, "size_class": "Large (2,000–10,000 m²)" }, "geometry": { "type": "Polygon", "coordinates": [ [ [ 30.121769117925322, 31.128780551423308 ], [ 30.121769117925322, 31.128600888366481 ], [ 30.121679286396912, 31.128600888366481 ], [ 30.121679286396912, 31.128511056838072 ], [ 30.121858949453735, 31.128511056838072 ], [ 30.121858949453735, 31.128690719894895 ], [ 30.121948780982148, 31.128690719894895 ], [ 30.121948780982148, 31.128421225309658 ], [ 30.122038612510558, 31.128421225309658 ], [ 30.122038612510558, 31.128331393781245 ], [ 30.121948780982148, 31.128331393781245 ], [ 30.121948780982148, 31.128151730724422 ], [ 30.121858949453735, 31.128151730724422 ], [ 30.121858949453735, 31.127972067667599 ], [ 30.122218275567384, 31.127972067667599 ], [ 30.122218275567384, 31.127882236139186 ], [ 30.122397938624207, 31.127882236139186 ], [ 30.122397938624207, 31.127972067667599 ], [ 30.122308107095794, 31.127972067667599 ], [ 30.122308107095794, 31.128151730724422 ], [ 30.122218275567384, 31.128151730724422 ], [ 30.122218275567384, 31.128241562252835 ], [ 30.122128444038971, 31.128241562252835 ], [ 30.122128444038971, 31.128421225309658 ], [ 30.122218275567384, 31.128421225309658 ], [ 30.122218275567384, 31.128331393781245 ], [ 30.122308107095794, 31.128331393781245 ], [ 30.122308107095794, 31.128421225309658 ], [ 30.122397938624207, 31.128421225309658 ], [ 30.122397938624207, 31.128600888366481 ], [ 30.122308107095794, 31.128600888366481 ], [ 30.122308107095794, 31.128511056838072 ], [ 30.122038612510558, 31.128511056838072 ], [ 30.122038612510558, 31.128780551423308 ], [ 30.121769117925322, 31.128780551423308 ] ], [ [ 30.122218275567384, 31.128151730724422 ], [ 30.122038612510558, 31.128151730724422 ], [ 30.122038612510558, 31.128061899196009 ], [ 30.122218275567384, 31.128061899196009 ], [ 30.122218275567384, 31.128151730724422 ] ] ] } },
{ "type": "Feature", "properties": { "count": 25, "encroached": 1, "area_m2": 2135.2585274132998, "area_feddan": 0.50829443881644809, "patch_id": "KED-ENCR-0149", "mean_carbon_potential": 80.18839059900786, "rank": 4, "centroid_lat": 31.14242596058515, "centroid_lon": 30.128077087913088, "relative_carbon_loss_share_pct": 0.26053729858894342, "size_class": "Large (2,000–10,000 m²)" }, "geometry": { "type": "Polygon", "coordinates": [ [ [ 30.128147156442573, 31.142704438327158 ], [ 30.128147156442573, 31.142614606798748 ], [ 30.127787830328923, 31.142614606798748 ], [ 30.127787830328923, 31.142524775270335 ], [ 30.12769799880051, 31.142524775270335 ], [ 30.12769799880051, 31.142345112213512 ], [ 30.127787830328923, 31.142345112213512 ], [ 30.127787830328923, 31.142434943741922 ], [ 30.127967493385746, 31.142434943741922 ], [ 30.127967493385746, 31.142165449156685 ], [ 30.128147156442573, 31.142165449156685 ], [ 30.128147156442573, 31.142255280685099 ], [ 30.128326819499396, 31.142255280685099 ], [ 30.128326819499396, 31.142165449156685 ], [ 30.128416651027806, 31.142165449156685 ], [ 30.128416651027806, 31.142255280685099 ], [ 30.128326819499396, 31.142255280685099 ], [ 30.128326819499396, 31.142345112213512 ], [ 30.128416651027806, 31.142345112213512 ], [ 30.128416651027806, 31.142434943741922 ], [ 30.128147156442573, 31.142434943741922 ], [ 30.128147156442573, 31.142524775270335 ], [ 30.128326819499396, 31.142524775270335 ], [ 30.128326819499396, 31.142614606798748 ], [ 30.128236987970983, 31.142614606798748 ], [ 30.128236987970983, 31.142704438327158 ], [ 30.128147156442573, 31.142704438327158 ] ] ] } },
{ "type": "Feature", "properties": { "count": 24, "encroached": 1, "area_m2": 2049.7191965370575, "area_feddan": 0.48793195547952611, "patch_id": "KED-ENCR-0023", "mean_carbon_potential": 14.149713713289023, "rank": 5, "centroid_lat": 31.150152968932709, "centroid_lon": 30.11461253984659, "relative_carbon_loss_share_pct": 0.044131629674178205, "size_class": "Large (2,000–10,000 m²)" }, "geometry": { "type": "Polygon", "coordinates": [ [ [ 30.114402932595542, 31.150609612827409 ], [ 30.114402932595542, 31.150519781299 ], [ 30.114313101067129, 31.150519781299 ], [ 30.114313101067129, 31.150429949770587 ], [ 30.114402932595542, 31.150429949770587 ], [ 30.114402932595542, 31.15016045518535 ], [ 30.114492764123955, 31.15016045518535 ], [ 30.114492764123955, 31.149890960600114 ], [ 30.114582595652365, 31.149890960600114 ], [ 30.114582595652365, 31.149801129071705 ], [ 30.114852090237601, 31.149801129071705 ], [ 30.114852090237601, 31.149890960600114 ], [ 30.114941921766015, 31.149890960600114 ], [ 30.114941921766015, 31.149980792128527 ], [ 30.114762258709192, 31.149980792128527 ], [ 30.114762258709192, 31.149890960600114 ], [ 30.114672427180778, 31.149890960600114 ], [ 30.114672427180778, 31.150250286713764 ], [ 30.114762258709192, 31.150250286713764 ], [ 30.114762258709192, 31.15016045518535 ], [ 30.114941921766015, 31.15016045518535 ], [ 30.114941921766015, 31.150250286713764 ], [ 30.114762258709192, 31.150250286713764 ], [ 30.114762258709192, 31.150340118242173 ], [ 30.114492764123955, 31.150340118242173 ], [ 30.114492764123955, 31.150609612827409 ], [ 30.114402932595542, 31.150609612827409 ] ] ] } },
{ "type": "Feature", "properties": { "count": 23, "encroached": 1, "area_m2": 1964.4223994174695, "area_feddan": 0.46762720686565978, "patch_id": "KED-ENCR-0139", "mean_carbon_potential": 61.908824310325556, "rank": 6, "centroid_lat": 31.143249285825675, "centroid_lon": 30.127578874855029, "relative_carbon_loss_share_pct": 0.18505267944593967, "size_class": "Medium (500–2000 m²)" }, "geometry": { "type": "Polygon", "coordinates": [ [ [ 30.127248841158451, 31.14360275361128 ], [ 30.127248841158451, 31.143423090554453 ], [ 30.127338672686864, 31.143423090554453 ], [ 30.127338672686864, 31.143333259026043 ], [ 30.127518335743687, 31.143333259026043 ], [ 30.127518335743687, 31.142973932912394 ], [ 30.127608167272101, 31.142973932912394 ], [ 30.127608167272101, 31.142794269855571 ], [ 30.12769799880051, 31.142794269855571 ], [ 30.12769799880051, 31.143063764440807 ], [ 30.127877661857337, 31.143063764440807 ], [ 30.127877661857337, 31.143153595969217 ], [ 30.127967493385746, 31.143153595969217 ], [ 30.127967493385746, 31.14324342749763 ], [ 30.127608167272101, 31.14324342749763 ], [ 30.127608167272101, 31.143423090554453 ], [ 30.127518335743687, 31.143423090554453 ], [ 30.127518335743687, 31.14360275361128 ], [ 30.127248841158451, 31.14360275361128 ] ] ] } },
{ "type": "Feature", "properties": { "count": 21, "encroached": 1, "area_m2": 1793.8633713653765, "area_feddan": 0.42702593805637851, "patch_id": "KED-ENCR-0074", "mean_carbon_potential": 61.872783544477279, "rank": 7, "centroid_lat": 31.130001831935857, "centroid_lon": 30.121493206626226, "relative_carbon_loss_share_pct": 0.16888728745497308, "size_class": "Medium (500–2000 m²)" }, "geometry": { "type": "Polygon", "coordinates": [ [ [ 30.121499623340085, 31.130397518934721 ], [ 30.121499623340085, 31.130307687406308 ], [ 30.121409791811676, 31.130307687406308 ], [ 30.121409791811676, 31.129948361292662 ], [ 30.121230128754849, 31.129948361292662 ], [ 30.121230128754849, 31.129858529764249 ], [ 30.121319960283262, 31.129858529764249 ], [ 30.121319960283262, 31.129768698235839 ], [ 30.121409791811676, 31.129768698235839 ], [ 30.121409791811676, 31.129589035179013 ], [ 30.121589454868499, 31.129589035179013 ], [ 30.121589454868499, 31.129768698235839 ], [ 30.121499623340085, 31.129768698235839 ], [ 30.121499623340085, 31.129858529764249 ], [ 30.121589454868499, 31.129858529764249 ], [ 30.121589454868499, 31.130038192821072 ], [ 30.121499623340085, 31.130038192821072 ], [ 30.121499623340085, 31.130128024349485 ], [ 30.121679286396912, 31.130128024349485 ], [ 30.121679286396912, 31.130397518934721 ], [ 30.121499623340085, 31.130397518934721 ] ] ] } },
{ "type": "Feature", "properties": { "count": 20, "encroached": 1, "area_m2": 1708.3372712424939, "area_feddan": 0.40666660427641538, "patch_id": "KED-ENCR-0101", "mean_carbon_potential": 53.872236604832132, "rank": 8, "centroid_lat": 31.135711053666245, "centroid_lon": 30.122815655170356, "relative_carbon_loss_share_pct": 0.14003821495497726, "size_class": "Medium (500–2000 m²)" }, "geometry": { "type": "Polygon", "coordinates": [ [ [ 30.122757264737853, 31.135967073696264 ], [ 30.122757264737853, 31.135877242167851 ], [ 30.122667433209443, 31.135877242167851 ], [ 30.122667433209443, 31.135967073696264 ], [ 30.12257760168103, 31.135967073696264 ], [ 30.12257760168103, 31.135877242167851 ], [ 30.122667433209443, 31.135877242167851 ], [ 30.122667433209443, 31.135787410639438 ], [ 30.122757264737853, 31.135787410639438 ], [ 30.122757264737853, 31.135697579111028 ], [ 30.12257760168103, 31.135697579111028 ], [ 30.12257760168103, 31.135607747582615 ], [ 30.122667433209443, 31.135607747582615 ], [ 30.122667433209443, 31.135428084525792 ], [ 30.122936927794679, 31.135428084525792 ], [ 30.122936927794679, 31.135697579111028 ], [ 30.123026759323089, 31.135697579111028 ], [ 30.123026759323089, 31.135967073696264 ], [ 30.122757264737853, 31.135967073696264 ] ], [ [ 30.122936927794679, 31.135787410639438 ], [ 30.122847096266266, 31.135787410639438 ], [ 30.122847096266266, 31.135697579111028 ], [ 30.122936927794679, 31.135697579111028 ], [ 30.122936927794679, 31.135787410639438 ] ] ] } },
{ "type": "Feature", "properties": { "count": 18, "encroached": 1, "area_m2": 1537.7308069386468, "area_feddan": 0.36605404335301517, "patch_id": "KED-ENCR-0162", "mean_carbon_potential": 37.092444444884663, "rank": 9, "centroid_lat": 31.120575938433326, "centroid_lon": 30.129888890154369, "relative_carbon_loss_share_pct": 0.086790804431588556, "size_class": "Medium (500–2000 m²)" }, "geometry": { "type": "Polygon", "coordinates": [ [ [ 30.129674292425573, 31.120875376923056 ], [ 30.129674292425573, 31.120516050809407 ], [ 30.129764123953986, 31.120516050809407 ], [ 30.129764123953986, 31.120426219280994 ], [ 30.129943787010809, 31.120426219280994 ], [ 30.129943787010809, 31.120336387752584 ], [ 30.130123450067636, 31.120336387752584 ], [ 30.130123450067636, 31.12060588233782 ], [ 30.130033618539223, 31.12060588233782 ], [ 30.130033618539223, 31.12069571386623 ], [ 30.1298539554824, 31.12069571386623 ], [ 30.1298539554824, 31.120785545394643 ], [ 30.129764123953986, 31.120785545394643 ], [ 30.129764123953986, 31.120875376923056 ], [ 30.129674292425573, 31.120875376923056 ] ] ] } },
{ "type": "Feature", "properties": { "count": 18, "encroached": 1, "area_m2": 1537.5790095215546, "area_feddan": 0.36601790825183467, "patch_id": "KED-ENCR-0117", "mean_carbon_potential": 36.390589521033256, "rank": 10, "centroid_lat": 31.130851667133893, "centroid_lon": 30.1238601961734, "relative_carbon_loss_share_pct": 0.085140162815482173, "size_class": "Medium (500–2000 m²)" }, "geometry": { "type": "Polygon", "coordinates": [ [ [ 30.123745411550384, 31.131116171162017 ], [ 30.123745411550384, 31.131026339633603 ], [ 30.123835243078798, 31.131026339633603 ], [ 30.123835243078798, 31.130936508105194 ], [ 30.123925074607211, 31.130936508105194 ], [ 30.123925074607211, 31.13084667657678 ], [ 30.123745411550384, 31.13084667657678 ], [ 30.123745411550384, 31.130936508105194 ], [ 30.123655580021975, 31.130936508105194 ], [ 30.123655580021975, 31.13084667657678 ], [ 30.123565748493562, 31.13084667657678 ], [ 30.123565748493562, 31.130756845048371 ], [ 30.123655580021975, 31.130756845048371 ], [ 30.123655580021975, 31.130667013519957 ], [ 30.123745411550384, 31.130667013519957 ], [ 30.123745411550384, 31.130577181991544 ], [ 30.123835243078798, 31.130577181991544 ], [ 30.123835243078798, 31.130667013519957 ], [ 30.123925074607211, 31.130667013519957 ], [ 30.123925074607211, 31.130756845048371 ], [ 30.124194569192447, 31.130756845048371 ], [ 30.124194569192447, 31.13084667657678 ], [ 30.124014906135621, 31.13084667657678 ], [ 30.124014906135621, 31.131116171162017 ], [ 30.123745411550384, 31.131116171162017 ] ] ] } },
{ "type": "Feature", "properties": { "count": 16, "encroached": 1, "area_m2": 1366.6374179586085, "area_feddan": 0.32532557088923103, "patch_id": "KED-ENCR-0097", "mean_carbon_potential": 26.82072200919492, "rank": 11, "centroid_lat": 31.137971439646542, "centroid_lon": 30.122953772028552, "relative_carbon_loss_share_pct": 0.055773990175285039, "size_class": "Medium (500–2000 m²)" }, "geometry": { "type": "Polygon", "coordinates": [ [ [ 30.12257760168103, 31.138302693434973 ], [ 30.12257760168103, 31.13812303037815 ], [ 30.122667433209443, 31.13812303037815 ], [ 30.122667433209443, 31.138033198849737 ], [ 30.122757264737853, 31.138033198849737 ], [ 30.122757264737853, 31.137943367321327 ], [ 30.123026759323089, 31.137943367321327 ], [ 30.123026759323089, 31.137853535792914 ], [ 30.123116590851502, 31.137853535792914 ], [ 30.123116590851502, 31.137763704264501 ], [ 30.123206422379916, 31.137763704264501 ], [ 30.123206422379916, 31.137673872736091 ], [ 30.123296253908325, 31.137673872736091 ], [ 30.123296253908325, 31.137584041207678 ], [ 30.123386085436739, 31.137584041207678 ], [ 30.123386085436739, 31.137763704264501 ], [ 30.123296253908325, 31.137763704264501 ], [ 30.123296253908325, 31.137853535792914 ], [ 30.123116590851502, 31.137853535792914 ], [ 30.123116590851502, 31.137943367321327 ], [ 30.123026759323089, 31.137943367321327 ], [ 30.123026759323089, 31.138033198849737 ], [ 30.122936927794679, 31.138033198849737 ], [ 30.122936927794679, 31.13812303037815 ], [ 30.122847096266266, 31.13812303037815 ], [ 30.122847096266266, 31.13821286190656 ], [ 30.122667433209443, 31.13821286190656 ], [ 30.122667433209443, 31.138302693434973 ], [ 30.12257760168103, 31.138302693434973 ] ] ] } },
{ "type": "Feature", "properties": { "count": 16, "encroached": 1, "area_m2": 1366.6242735592398, "area_feddan": 0.32532244188868387, "patch_id": "KED-ENCR-0052", "mean_carbon_potential": 25.328097139396402, "rank": 12, "centroid_lat": 31.13959402197241, "centroid_lon": 30.118669930501483, "relative_carbon_loss_share_pct": 0.052669553548379197, "size_class": "Medium (500–2000 m²)" }, "geometry": { "type": "Polygon", "coordinates": [ [ [ 30.118265688317255, 31.139829829417977 ], [ 30.118265688317255, 31.139739997889563 ], [ 30.118175856788845, 31.139739997889563 ], [ 30.118175856788845, 31.139650166361154 ], [ 30.118355519845668, 31.139650166361154 ], [ 30.118355519845668, 31.139560334832741 ], [ 30.118625014430904, 31.139560334832741 ], [ 30.118625014430904, 31.139470503304327 ], [ 30.11889450901614, 31.139470503304327 ], [ 30.11889450901614, 31.139380671775918 ], [ 30.118984340544554, 31.139380671775918 ], [ 30.118984340544554, 31.139560334832741 ], [ 30.119074172072963, 31.139560334832741 ], [ 30.119074172072963, 31.139650166361154 ], [ 30.118355519845668, 31.139650166361154 ], [ 30.118355519845668, 31.139829829417977 ], [ 30.118265688317255, 31.139829829417977 ] ] ] } },
{ "type": "Feature", "properties": { "count": 15, "encroached": 1, "area_m2": 1281.3352595846566, "area_feddan": 0.30501954603843923, "patch_id": "KED-ENCR-0062", "mean_carbon_potential": 46.048655338446466, "rank": 13, "centroid_lat": 31.129801636486846, "centroid_lon": 30.120556392279241, "relative_carbon_loss_share_pct": 0.089781668855826779, "size_class": "Medium (500–2000 m²)" }, "geometry": { "type": "Polygon", "coordinates": [ [ [ 30.12069113958438, 31.130038192821072 ], [ 30.12069113958438, 31.129858529764249 ], [ 30.120421644999144, 31.129858529764249 ], [ 30.120421644999144, 31.129948361292662 ], [ 30.120241981942318, 31.129948361292662 ], [ 30.120241981942318, 31.129858529764249 ], [ 30.120331813470731, 31.129858529764249 ], [ 30.120331813470731, 31.129678866707426 ], [ 30.120601308055967, 31.129678866707426 ], [ 30.120601308055967, 31.129589035179013 ], [ 30.12069113958438, 31.129589035179013 ], [ 30.12069113958438, 31.129678866707426 ], [ 30.12078097111279, 31.129678866707426 ], [ 30.12078097111279, 31.130038192821072 ], [ 30.12069113958438, 31.130038192821072 ] ] ] } },
{ "type": "Feature", "properties": { "count": 10, "encroached": 1, "area_m2": 854.29953620114873, "area_feddan": 0.20336446278500886, "patch_id": "KED-ENCR-0166", "mean_carbon_potential": 8.7039539405244604, "rank": 14, "centroid_lat": 31.120030960439738, "centroid_lon": 30.130096500532854, "relative_carbon_loss_share_pct": 0.011314482588128892, "size_class": "Medium (500–2000 m²)" }, "geometry": { "type": "Polygon", "coordinates": [ [ [ 30.130033618539223, 31.120246556224171 ], [ 30.130033618539223, 31.119977061638934 ], [ 30.129943787010809, 31.119977061638934 ], [ 30.129943787010809, 31.119797398582111 ], [ 30.130033618539223, 31.119797398582111 ], [ 30.130033618539223, 31.119887230110525 ], [ 30.130213281596046, 31.119887230110525 ], [ 30.130213281596046, 31.120246556224171 ], [ 30.130033618539223, 31.120246556224171 ] ] ] } },
{ "type": "Feature", "properties": { "count": 10, "encroached": 1, "area_m2": 854.14325383474045, "area_feddan": 0.20332726004973789, "patch_id": "KED-ENCR-0061", "mean_carbon_potential": 30.313651710296917, "rank": 15, "centroid_lat": 31.13889558160545, "centroid_lon": 30.120349779852031, "relative_carbon_loss_share_pct": 0.039398248511073014, "size_class": "Medium (500–2000 m²)" }, "geometry": { "type": "Polygon", "coordinates": [ [ [ 30.120062318885495, 31.139021345662268 ], [ 30.120062318885495, 31.138931514133859 ], [ 30.120241981942318, 31.138931514133859 ], [ 30.120241981942318, 31.138841682605445 ], [ 30.120331813470731, 31.138841682605445 ], [ 30.120331813470731, 31.138751851077032 ], [ 30.120601308055967, 31.138751851077032 ], [ 30.120601308055967, 31.138841682605445 ], [ 30.120511476527554, 31.138841682605445 ], [ 30.120511476527554, 31.138931514133859 ], [ 30.120421644999144, 31.138931514133859 ], [ 30.120421644999144, 31.139021345662268 ], [ 30.120062318885495, 31.139021345662268 ] ] ] } },
{ "type": "Feature", "properties": { "count": 10, "encroached": 1, "area_m2": 854.13829994154287, "area_feddan": 0.20332608078440281, "patch_id": "KED-ENCR-0050", "mean_carbon_potential": 26.527352891242707, "rank": 16, "centroid_lat": 31.139820846351551, "centroid_lon": 30.117789581195339, "relative_carbon_loss_share_pct": 0.034477046511765592, "size_class": "Medium (500–2000 m²)" }, "geometry": { "type": "Polygon", "coordinates": [ [ [ 30.11754703608996, 31.13991966094639 ], [ 30.11754703608996, 31.139829829417977 ], [ 30.117636867618373, 31.139829829417977 ], [ 30.117636867618373, 31.139739997889563 ], [ 30.117726699146786, 31.139739997889563 ], [ 30.117726699146786, 31.139650166361154 ], [ 30.117816530675196, 31.139650166361154 ], [ 30.117816530675196, 31.139739997889563 ], [ 30.117996193732022, 31.139739997889563 ], [ 30.117996193732022, 31.13991966094639 ], [ 30.11754703608996, 31.13991966094639 ] ] ] } },
{ "type": "Feature", "properties": { "count": 10, "encroached": 1, "area_m2": 854.08414842237892, "area_feddan": 0.20331319011299645, "patch_id": "KED-ENCR-0112", "mean_carbon_potential": 36.291091219127864, "rank": 17, "centroid_lat": 31.145129888908698, "centroid_lon": 30.123700495873063, "relative_carbon_loss_share_pct": 0.047163782967964904, "size_class": "Medium (500–2000 m²)" }, "geometry": { "type": "Polygon", "coordinates": [ [ [ 30.123655580021975, 31.144680731952221 ], [ 30.123745411550384, 31.144680731952221 ], [ 30.123745411550384, 31.145579047236343 ], [ 30.123655580021975, 31.145579047236343 ], [ 30.123655580021975, 31.144680731952221 ] ] ] } },
{ "type": "Feature", "properties": { "count": 9, "encroached": 1, "area_m2": 768.87533460229702, "area_feddan": 0.18302938576478864, "patch_id": "KED-ENCR-0161", "mean_carbon_potential": 11.928772301438904, "rank": 18, "centroid_lat": 31.119333269021901, "centroid_lon": 30.129769114710513, "relative_carbon_loss_share_pct": 0.013955956962148075, "size_class": "Medium (500–2000 m²)" }, "geometry": { "type": "Polygon", "coordinates": [ [ [ 30.129674292425573, 31.119527903996875 ], [ 30.129674292425573, 31.119438072468462 ], [ 30.129584460897163, 31.119438072468462 ], [ 30.129584460897163, 31.119258409411639 ], [ 30.1298539554824, 31.119258409411639 ], [ 30.1298539554824, 31.119168577883226 ], [ 30.130033618539223, 31.119168577883226 ], [ 30.130033618539223, 31.119258409411639 ], [ 30.1298539554824, 31.119258409411639 ], [ 30.1298539554824, 31.119438072468462 ], [ 30.129764123953986, 31.119438072468462 ], [ 30.129764123953986, 31.119527903996875 ], [ 30.129674292425573, 31.119527903996875 ] ] ] } },
{ "type": "Feature", "properties": { "count": 9, "encroached": 1, "area_m2": 768.79283822565651, "area_feddan": 0.18300974765121572, "patch_id": "KED-ENCR-0105", "mean_carbon_potential": 42.10327491142742, "rank": 19, "centroid_lat": 31.130512303538456, "centroid_lon": 30.123171487784266, "relative_carbon_loss_share_pct": 0.04925305238725558, "size_class": "Medium (500–2000 m²)" }, "geometry": { "type": "Polygon", "coordinates": [ [ [ 30.123206422379916, 31.130756845048371 ], [ 30.123206422379916, 31.130667013519957 ], [ 30.123116590851502, 31.130667013519957 ], [ 30.123116590851502, 31.130487350463135 ], [ 30.123026759323089, 31.130487350463135 ], [ 30.123026759323089, 31.130307687406308 ], [ 30.123206422379916, 31.130307687406308 ], [ 30.123206422379916, 31.130487350463135 ], [ 30.123296253908325, 31.130487350463135 ], [ 30.123296253908325, 31.130756845048371 ], [ 30.123206422379916, 31.130756845048371 ] ] ] } },
{ "type": "Feature", "properties": { "count": 8, "encroached": 1, "area_m2": 683.35337341936531, "area_feddan": 0.16267103725201099, "patch_id": "KED-ENCR-0063", "mean_carbon_potential": 53.099082741479428, "rank": 20, "centroid_lat": 31.133361959302242, "centroid_lon": 30.12074728419341, "relative_carbon_loss_share_pct": 0.055212867797927424, "size_class": "Medium (500–2000 m²)" }, "geometry": { "type": "Polygon", "coordinates": [ [ [ 30.12069113958438, 31.133541622429139 ], [ 30.12069113958438, 31.133361959372316 ], [ 30.120601308055967, 31.133361959372316 ], [ 30.120601308055967, 31.133182296315493 ], [ 30.12078097111279, 31.133182296315493 ], [ 30.12078097111279, 31.133451790900729 ], [ 30.120870802641203, 31.133451790900729 ], [ 30.120870802641203, 31.133361959372316 ], [ 30.120960634169617, 31.133361959372316 ], [ 30.120960634169617, 31.133451790900729 ], [ 30.120870802641203, 31.133451790900729 ], [ 30.120870802641203, 31.133541622429139 ], [ 30.12069113958438, 31.133541622429139 ] ] ] } },
{ "type": "Feature", "properties": { "count": 8, "encroached": 1, "area_m2": 683.33541061171263, "area_feddan": 0.16266676123806786, "patch_id": "KED-ENCR-0095", "mean_carbon_potential": 53.169133380759867, "rank": 21, "centroid_lat": 31.135697579039391, "centroid_lon": 30.122330564831124, "relative_carbon_loss_share_pct": 0.055284253780452063, "size_class": "Medium (500–2000 m²)" }, "geometry": { "type": "Polygon", "coordinates": [ [ [ 30.122308107095794, 31.135877242167851 ], [ 30.122308107095794, 31.135697579111028 ], [ 30.122218275567384, 31.135697579111028 ], [ 30.122218275567384, 31.135607747582615 ], [ 30.122128444038971, 31.135607747582615 ], [ 30.122128444038971, 31.135517916054201 ], [ 30.122308107095794, 31.135517916054201 ], [ 30.122308107095794, 31.135607747582615 ], [ 30.122397938624207, 31.135607747582615 ], [ 30.122397938624207, 31.135697579111028 ], [ 30.122487770152617, 31.135697579111028 ], [ 30.122487770152617, 31.135877242167851 ], [ 30.122308107095794, 31.135877242167851 ] ] ] } },
{ "type": "Feature", "properties": { "count": 8, "encroached": 1, "area_m2": 683.31064819933829, "area_feddan": 0.16266086659049242, "patch_id": "KED-ENCR-0037", "mean_carbon_potential": 31.938678698338354, "rank": 22, "centroid_lat": 31.140009492713805, "centroid_lon": 30.115750405622453, "relative_carbon_loss_share_pct": 0.033208027316107058, "size_class": "Medium (500–2000 m²)" }, "geometry": { "type": "Polygon", "coordinates": [ [ [ 30.115391079408074, 31.140099324003213 ], [ 30.115391079408074, 31.1400094924748 ], [ 30.115750405521723, 31.1400094924748 ], [ 30.115750405521723, 31.13991966094639 ], [ 30.116109731635369, 31.13991966094639 ], [ 30.116109731635369, 31.1400094924748 ], [ 30.115750405521723, 31.1400094924748 ], [ 30.115750405521723, 31.140099324003213 ], [ 30.115391079408074, 31.140099324003213 ] ] ] } },
{ "type": "Feature", "properties": { "count": 8, "encroached": 1, "area_m2": 683.28383429805046, "area_feddan": 0.16265448358968357, "patch_id": "KED-ENCR-0082", "mean_carbon_potential": 5.2820094050395303, "rank": 23, "centroid_lat": 31.143018848399713, "centroid_lon": 30.12194878112626, "relative_carbon_loss_share_pct": 0.0054917184008563486, "size_class": "Medium (500–2000 m²)" }, "geometry": { "type": "Polygon", "coordinates": [ [ [ 30.121858949453735, 31.143333259026043 ], [ 30.121858949453735, 31.142973932912394 ], [ 30.121948780982148, 31.142973932912394 ], [ 30.121948780982148, 31.142704438327158 ], [ 30.122038612510558, 31.142704438327158 ], [ 30.122038612510558, 31.143063764440807 ], [ 30.121948780982148, 31.143063764440807 ], [ 30.121948780982148, 31.143333259026043 ], [ 30.121858949453735, 31.143333259026043 ] ] ] } },
{ "type": "Feature", "properties": { "count": 7, "encroached": 1, "area_m2": 598.01307879110266, "area_feddan": 0.14235593413470735, "patch_id": "KED-ENCR-0170", "mean_carbon_potential": 7.2870414581161933, "rank": 24, "centroid_lat": 31.119393156748686, "centroid_lon": 30.130797186425273, "relative_carbon_loss_share_pct": 0.0066308601184879778, "size_class": "Medium (500–2000 m²)" }, "geometry": { "type": "Polygon", "coordinates": [ [ [ 30.130842102294931, 31.119527903996875 ], [ 30.130842102294931, 31.119438072468462 ], [ 30.130572607709695, 31.119438072468462 ], [ 30.130572607709695, 31.119348240940052 ], [ 30.130662439238105, 31.119348240940052 ], [ 30.130662439238105, 31.119258409411639 ], [ 30.130752270766518, 31.119258409411639 ], [ 30.130752270766518, 31.119348240940052 ], [ 30.131021765351754, 31.119348240940052 ], [ 30.131021765351754, 31.119438072468462 ], [ 30.130931933823341, 31.119438072468462 ], [ 30.130931933823341, 31.119527903996875 ], [ 30.130842102294931, 31.119527903996875 ] ] ] } },
{ "type": "Feature", "properties": { "count": 7, "encroached": 1, "area_m2": 597.94020454942392, "area_feddan": 0.14233858655299642, "patch_id": "KED-ENCR-0111", "mean_carbon_potential": 46.305159494177808, "rank": 25, "centroid_lat": 31.132033735987449, "centroid_lon": 30.123649163471082, "relative_carbon_loss_share_pct": 0.042130351622337435, "size_class": "Medium (500–2000 m²)" }, "geometry": { "type": "Polygon", "coordinates": [ [ [ 30.123565748493562, 31.132194149502961 ], [ 30.123565748493562, 31.131834823389312 ], [ 30.123655580021975, 31.131834823389312 ], [ 30.123655580021975, 31.131924654917725 ], [ 30.123745411550384, 31.131924654917725 ], [ 30.123745411550384, 31.132194149502961 ], [ 30.123565748493562, 31.132194149502961 ] ] ] } },
{ "type": "Feature", "properties": { "count": 7, "encroached": 1, "area_m2": 597.91970103609776, "area_feddan": 0.14233370572865309, "patch_id": "KED-ENCR-0104", "mean_carbon_potential": 22.206645602434019, "rank": 26, "centroid_lat": 31.13531900351397, "centroid_lon": 30.123212838927689, "relative_carbon_loss_share_pct": 0.020203832936819321, "size_class": "Medium (500–2000 m²)" }, "geometry": { "type": "Polygon", "coordinates": [ [ [ 30.123026759323089, 31.135428084525792 ], [ 30.123026759323089, 31.135248421468965 ], [ 30.123475916965148, 31.135248421468965 ], [ 30.123475916965148, 31.135338252997379 ], [ 30.123206422379916, 31.135338252997379 ], [ 30.123206422379916, 31.135428084525792 ], [ 30.123026759323089, 31.135428084525792 ] ] ] } },
{ "type": "Feature", "properties": { "count": 7, "encroached": 1, "area_m2": 597.9182528545922, "area_feddan": 0.14233336099165933, "patch_id": "KED-ENCR-0180", "mean_carbon_potential": 32.877108480556586, "rank": 27, "centroid_lat": 31.134305190402848, "centroid_lon": 30.133825792343636, "relative_carbon_loss_share_pct": 0.029911856579267489, "size_class": "Medium (500–2000 m²)" }, "geometry": { "type": "Polygon", "coordinates": [ [ [ 30.133716711204112, 31.13443993771326 ], [ 30.133716711204112, 31.134170443128024 ], [ 30.133896374260935, 31.134170443128024 ], [ 30.133896374260935, 31.134260274656434 ], [ 30.133986205789348, 31.134260274656434 ], [ 30.133986205789348, 31.134350106184847 ], [ 30.133896374260935, 31.134350106184847 ], [ 30.133896374260935, 31.13443993771326 ], [ 30.133716711204112, 31.13443993771326 ] ] ] } },
{ "type": "Feature", "properties": { "count": 7, "encroached": 1, "area_m2": 597.89847281647747, "area_feddan": 0.14232865238928438, "patch_id": "KED-ENCR-0056", "mean_carbon_potential": 12.696991193464338, "rank": 28, "centroid_lat": 31.139412754662207, "centroid_lon": 30.119362916287258, "relative_carbon_loss_share_pct": 0.011551442114996766, "size_class": "Medium (500–2000 m²)" }, "geometry": { "type": "Polygon", "coordinates": [ [ [ 30.119074172072963, 31.139470503304327 ], [ 30.119074172072963, 31.139380671775918 ], [ 30.119433498186613, 31.139380671775918 ], [ 30.119433498186613, 31.139290840247504 ], [ 30.119523329715022, 31.139290840247504 ], [ 30.119523329715022, 31.139380671775918 ], [ 30.119613161243436, 31.139380671775918 ], [ 30.119613161243436, 31.139470503304327 ], [ 30.119074172072963, 31.139470503304327 ] ] ] } },
{ "type": "Feature", "properties": { "count": 7, "encroached": 1, "area_m2": 597.89645246746522, "area_feddan": 0.14232817144884827, "patch_id": "KED-ENCR-0013", "mean_carbon_potential": 9.8179740723458906, "rank": 29, "centroid_lat": 31.140477899859935, "centroid_lon": 30.113049043141583, "relative_carbon_loss_share_pct": 0.0089321457522777408, "size_class": "Medium (500–2000 m²)" }, "geometry": { "type": "Polygon", "coordinates": [ [ [ 30.112785965084129, 31.140548481645272 ], [ 30.112785965084129, 31.140458650116859 ], [ 30.113055459669365, 31.140458650116859 ], [ 30.113055459669365, 31.140368818588449 ], [ 30.113235122726188, 31.140368818588449 ], [ 30.113235122726188, 31.140548481645272 ], [ 30.112785965084129, 31.140548481645272 ] ] ] } },
{ "type": "Feature", "properties": { "count": 7, "encroached": 1, "area_m2": 597.89477140139513, "area_feddan": 0.1423277712741042, "patch_id": "KED-ENCR-0035", "mean_carbon_potential": 18.662828555717024, "rank": 30, "centroid_lat": 31.140375235257537, "centroid_lon": 30.115577159036665, "relative_carbon_loss_share_pct": 0.01697892405135603, "size_class": "Medium (500–2000 m²)" }, "geometry": { "type": "Polygon", "coordinates": [ [ [ 30.11530124787966, 31.140458650116859 ], [ 30.11530124787966, 31.140368818588449 ], [ 30.115570742464897, 31.140368818588449 ], [ 30.115570742464897, 31.140278987060036 ], [ 30.115840237050133, 31.140278987060036 ], [ 30.115840237050133, 31.140368818588449 ], [ 30.11566057399331, 31.140368818588449 ], [ 30.11566057399331, 31.140458650116859 ], [ 30.11530124787966, 31.140458650116859 ] ] ] } },
{ "type": "Feature", "properties": { "count": 7, "encroached": 1, "area_m2": 597.87977843913325, "area_feddan": 0.1423242022264965, "patch_id": "KED-ENCR-0129", "mean_carbon_potential": 45.163644514299342, "rank": 31, "centroid_lat": 31.141466046471191, "centroid_lon": 30.126177279382734, "relative_carbon_loss_share_pct": 0.041087601409074505, "size_class": "Medium (500–2000 m²)" }, "geometry": { "type": "Polygon", "coordinates": [ [ [ 30.126081031289097, 31.141626459986217 ], [ 30.126081031289097, 31.141356965400981 ], [ 30.12617086281751, 31.141356965400981 ], [ 30.12617086281751, 31.141267133872567 ], [ 30.12626069434592, 31.141267133872567 ], [ 30.12626069434592, 31.141626459986217 ], [ 30.126081031289097, 31.141626459986217 ] ] ] } },
{ "type": "Feature", "properties": { "count": 6, "encroached": 1, "area_m2": 512.5857367243284, "area_feddan": 0.12202010953176597, "patch_id": "KED-ENCR-0173", "mean_carbon_potential": 20.432250960052595, "rank": 32, "centroid_lat": 31.118824223763056, "centroid_lon": 30.131051709204808, "relative_carbon_loss_share_pct": 0.015936416632098806, "size_class": "Medium (500–2000 m²)" }, "geometry": { "type": "Polygon", "coordinates": [ [ [ 30.130842102294931, 31.118899083297993 ], [ 30.130842102294931, 31.11880925176958 ], [ 30.131021765351754, 31.11880925176958 ], [ 30.131021765351754, 31.118719420241167 ], [ 30.131201428408577, 31.118719420241167 ], [ 30.131201428408577, 31.118899083297993 ], [ 30.130842102294931, 31.118899083297993 ] ] ] } },
{ "type": "Feature", "properties": { "count": 6, "encroached": 1, "area_m2": 512.57620777489524, "area_feddan": 0.12201784118255089, "patch_id": "KED-ENCR-0159", "mean_carbon_potential": 36.140162364903077, "rank": 33, "centroid_lat": 31.120770573410731, "centroid_lon": 30.129449713603712, "relative_carbon_loss_share_pct": 0.028187495295302289, "size_class": "Medium (500–2000 m²)" }, "geometry": { "type": "Polygon", "coordinates": [ [ [ 30.129404797840337, 31.120965208451466 ], [ 30.129404797840337, 31.120785545394643 ], [ 30.129314966311927, 31.120785545394643 ], [ 30.129314966311927, 31.12069571386623 ], [ 30.129404797840337, 31.12069571386623 ], [ 30.129404797840337, 31.12060588233782 ], [ 30.12949462936875, 31.12060588233782 ], [ 30.12949462936875, 31.12069571386623 ], [ 30.129584460897163, 31.12069571386623 ], [ 30.129584460897163, 31.120785545394643 ], [ 30.12949462936875, 31.120785545394643 ], [ 30.12949462936875, 31.120965208451466 ], [ 30.129404797840337, 31.120965208451466 ] ] ] } },
{ "type": "Feature", "properties": { "count": 6, "encroached": 1, "area_m2": 512.54388327352081, "area_feddan": 0.12201014639333675, "patch_id": "KED-ENCR-0071", "mean_carbon_potential": 36.827228768572269, "rank": 34, "centroid_lat": 31.127867264217901, "centroid_lon": 30.12148465145577, "relative_carbon_loss_share_pct": 0.028721560897220184, "size_class": "Medium (500–2000 m²)" }, "geometry": { "type": "Polygon", "coordinates": [ [ [ 30.121319960283262, 31.127972067667599 ], [ 30.121319960283262, 31.127882236139186 ], [ 30.121409791811676, 31.127882236139186 ], [ 30.121409791811676, 31.127792404610776 ], [ 30.121499623340085, 31.127792404610776 ], [ 30.121499623340085, 31.127702573082363 ], [ 30.121589454868499, 31.127702573082363 ], [ 30.121589454868499, 31.127972067667599 ], [ 30.121319960283262, 31.127972067667599 ] ] ] } },
{ "type": "Feature", "properties": { "count": 6, "encroached": 1, "area_m2": 512.5225937156597, "area_feddan": 0.1220050784525105, "patch_id": "KED-ENCR-0116", "mean_carbon_potential": 24.306617382809993, "rank": 35, "centroid_lat": 31.13156532885089, "centroid_lon": 30.123745411517913, "relative_carbon_loss_share_pct": 0.018955946909439005, "size_class": "Medium (500–2000 m²)" }, "geometry": { "type": "Polygon", "coordinates": [ [ [ 30.123655580021975, 31.131655160332489 ], [ 30.123655580021975, 31.131565328804076 ], [ 30.123565748493562, 31.131565328804076 ], [ 30.123565748493562, 31.131475497275666 ], [ 30.123835243078798, 31.131475497275666 ], [ 30.123835243078798, 31.131565328804076 ], [ 30.123925074607211, 31.131565328804076 ], [ 30.123925074607211, 31.131655160332489 ], [ 30.123655580021975, 31.131655160332489 ] ] ] } },
{ "type": "Feature", "properties": { "count": 6, "encroached": 1, "area_m2": 512.48182572249107, "area_feddan": 0.12199537370531326, "patch_id": "KED-ENCR-0042", "mean_carbon_potential": 25.735278710386751, "rank": 36, "centroid_lat": 31.140219099524845, "centroid_lon": 30.116274422798902, "relative_carbon_loss_share_pct": 0.020068517345610788, "size_class": "Medium (500–2000 m²)" }, "geometry": { "type": "Polygon", "coordinates": [ [ [ 30.116019900106959, 31.140278987060036 ], [ 30.116019900106959, 31.140189155531623 ], [ 30.116379226220605, 31.140189155531623 ], [ 30.116379226220605, 31.140099324003213 ], [ 30.116469057749018, 31.140099324003213 ], [ 30.116469057749018, 31.140278987060036 ], [ 30.116019900106959, 31.140278987060036 ] ] ] } },
{ "type": "Feature", "properties": { "count": 6, "encroached": 1, "area_m2": 512.48113070854083, "area_feddan": 0.12199520825849673, "patch_id": "KED-ENCR-0008", "mean_carbon_potential": 23.750818028557646, "rank": 37, "centroid_lat": 31.140728144827339, "centroid_lon": 30.112785965173153, "relative_carbon_loss_share_pct": 0.01852099845240535, "size_class": "Medium (500–2000 m²)" }, "geometry": { "type": "Polygon", "coordinates": [ [ [ 30.112516470498893, 31.140817976230508 ], [ 30.112516470498893, 31.140728144702095 ], [ 30.112785965084129, 31.140728144702095 ], [ 30.112785965084129, 31.140638313173685 ], [ 30.113055459669365, 31.140638313173685 ], [ 30.113055459669365, 31.140728144702095 ], [ 30.112785965084129, 31.140728144702095 ], [ 30.112785965084129, 31.140817976230508 ], [ 30.112516470498893, 31.140817976230508 ] ] ] } },
{ "type": "Feature", "properties": { "count": 6, "encroached": 1, "area_m2": 512.47275614528087, "area_feddan": 0.12199321470882679, "patch_id": "KED-ENCR-0153", "mean_carbon_potential": 5.4180844817695863, "rank": 38, "centroid_lat": 31.140323902860814, "centroid_lon": 30.128686145490565, "relative_carbon_loss_share_pct": 0.0042249784562243846, "size_class": "Medium (500–2000 m²)" }, "geometry": { "type": "Polygon", "coordinates": [ [ [ 30.128775977141455, 31.140458650116859 ], [ 30.128775977141455, 31.140368818588449 ], [ 30.128506482556219, 31.140368818588449 ], [ 30.128506482556219, 31.140189155531623 ], [ 30.128596314084632, 31.140189155531623 ], [ 30.128596314084632, 31.140278987060036 ], [ 30.128865808669868, 31.140278987060036 ], [ 30.128865808669868, 31.140458650116859 ], [ 30.128775977141455, 31.140458650116859 ] ] ] } },
{ "type": "Feature", "properties": { "count": 5, "encroached": 1, "area_m2": 427.159724730611, "area_feddan": 0.10168460155031529, "patch_id": "KED-ENCR-0009", "mean_carbon_potential": 68.524829091668636, "rank": 39, "centroid_lat": 31.119932145868198, "centroid_lon": 30.112830880767554, "relative_carbon_loss_share_pct": 0.04453958874723056, "size_class": "Small (<500 m²)" }, "geometry": { "type": "Polygon", "coordinates": [ [ [ 30.112875796612538, 31.120066893167348 ], [ 30.112875796612538, 31.119977061638934 ], [ 30.112696133555716, 31.119977061638934 ], [ 30.112696133555716, 31.119797398582111 ], [ 30.112785965084129, 31.119797398582111 ], [ 30.112785965084129, 31.119887230110525 ], [ 30.112965628140952, 31.119887230110525 ], [ 30.112965628140952, 31.120066893167348 ], [ 30.112875796612538, 31.120066893167348 ] ] ] } },
{ "type": "Feature", "properties": { "count": 5, "encroached": 1, "area_m2": 427.15201720259176, "area_feddan": 0.10168276678718058, "patch_id": "KED-ENCR-0163", "mean_carbon_potential": 2.7677586089605151, "rank": 40, "centroid_lat": 31.119536887091638, "centroid_lon": 30.129970736581445, "relative_carbon_loss_share_pct": 0.00179894802363915, "size_class": "Small (<500 m²)" }, "geometry": { "type": "Polygon", "coordinates": [ [ [ 30.1298539554824, 31.119707567053698 ], [ 30.1298539554824, 31.119527903996875 ], [ 30.129943787010809, 31.119527903996875 ], [ 30.129943787010809, 31.119438072468462 ], [ 30.130033618539223, 31.119438072468462 ], [ 30.130033618539223, 31.119348240940052 ], [ 30.130123450067636, 31.119348240940052 ], [ 30.130123450067636, 31.119438072468462 ], [ 30.130033618539223, 31.119438072468462 ], [ 30.130033618539223, 31.119617735525289 ], [ 30.129943787010809, 31.119617735525289 ], [ 30.129943787010809, 31.119707567053698 ], [ 30.1298539554824, 31.119707567053698 ] ] ] } },
{ "type": "Feature", "properties": { "count": 5, "encroached": 1, "area_m2": 427.12211227745127, "area_feddan": 0.10167564797372217, "patch_id": "KED-ENCR-0177", "mean_carbon_potential": 17.047351682862349, "rank": 41, "centroid_lat": 31.126076622415358, "centroid_lon": 30.131893131214273, "relative_carbon_loss_share_pct": 0.011079417294684512, "size_class": "Small (<500 m²)" }, "geometry": { "type": "Polygon", "coordinates": [ [ [ 30.131740417579049, 31.126175437099359 ], [ 30.131740417579049, 31.126085605570946 ], [ 30.131830249107463, 31.126085605570946 ], [ 30.131830249107463, 31.125995774042536 ], [ 30.131920080635872, 31.125995774042536 ], [ 30.131920080635872, 31.125905942514123 ], [ 30.132009912164285, 31.125905942514123 ], [ 30.132009912164285, 31.125995774042536 ], [ 30.131920080635872, 31.125995774042536 ], [ 30.131920080635872, 31.126085605570946 ], [ 30.132009912164285, 31.126085605570946 ], [ 30.132009912164285, 31.126175437099359 ], [ 30.131740417579049, 31.126175437099359 ] ] ] } },
{ "type": "Feature", "properties": { "count": 5, "encroached": 1, "area_m2": 427.12205128935648, "area_feddan": 0.10167563345561627, "patch_id": "KED-ENCR-0083", "mean_carbon_potential": 35.709185486057684, "rank": 42, "centroid_lat": 31.127370196494532, "centroid_lon": 30.121867932607497, "relative_carbon_loss_share_pct": 0.023208115730883688, "size_class": "Small (<500 m²)" }, "geometry": { "type": "Polygon", "coordinates": [ [ [ 30.121679286396912, 31.127433078497127 ], [ 30.121679286396912, 31.127343246968714 ], [ 30.121858949453735, 31.127343246968714 ], [ 30.121858949453735, 31.127253415440304 ], [ 30.121948780982148, 31.127253415440304 ], [ 30.121948780982148, 31.127343246968714 ], [ 30.122038612510558, 31.127343246968714 ], [ 30.122038612510558, 31.127433078497127 ], [ 30.121679286396912, 31.127433078497127 ] ] ] } },
{ "type": "Feature", "properties": { "count": 5, "encroached": 1, "area_m2": 427.11706553647338, "area_feddan": 0.10167444660614054, "patch_id": "KED-ENCR-0100", "mean_carbon_potential": 20.56439915074105, "rank": 43, "centroid_lat": 31.128340376960299, "centroid_lon": 30.122784214177326, "relative_carbon_loss_share_pct": 0.013365059379288838, "size_class": "Small (<500 m²)" }, "geometry": { "type": "Polygon", "coordinates": [ [ [ 30.122667433209443, 31.128421225309658 ], [ 30.122667433209443, 31.128241562252835 ], [ 30.122847096266266, 31.128241562252835 ], [ 30.122847096266266, 31.128331393781245 ], [ 30.122936927794679, 31.128331393781245 ], [ 30.122936927794679, 31.128421225309658 ], [ 30.122667433209443, 31.128421225309658 ] ] ] } },
{ "type": "Feature", "properties": { "count": 5, "encroached": 1, "area_m2": 427.11312937799408, "area_feddan": 0.10167350961071837, "patch_id": "KED-ENCR-0102", "mean_carbon_potential": 8.4610365354599644, "rank": 44, "centroid_lat": 31.129184793328466, "centroid_lon": 30.122981843432946, "relative_carbon_loss_share_pct": 0.0054988824498166432, "size_class": "Small (<500 m²)" }, "geometry": { "type": "Polygon", "coordinates": [ [ [ 30.123026759323089, 31.129319540593777 ], [ 30.123026759323089, 31.129229709065367 ], [ 30.122847096266266, 31.129229709065367 ], [ 30.122847096266266, 31.129139877536954 ], [ 30.122757264737853, 31.129139877536954 ], [ 30.122757264737853, 31.12905004600854 ], [ 30.122847096266266, 31.12905004600854 ], [ 30.122847096266266, 31.129139877536954 ], [ 30.123026759323089, 31.129139877536954 ], [ 30.123026759323089, 31.129229709065367 ], [ 30.123116590851502, 31.129229709065367 ], [ 30.123116590851502, 31.129139877536954 ], [ 30.123206422379916, 31.129139877536954 ], [ 30.123206422379916, 31.129229709065367 ], [ 30.123116590851502, 31.129229709065367 ], [ 30.123116590851502, 31.129319540593777 ], [ 30.123026759323089, 31.129319540593777 ] ] ] } },
{ "type": "Feature", "properties": { "count": 5, "encroached": 1, "area_m2": 427.09778030168434, "area_feddan": 0.10166985579080429, "patch_id": "KED-ENCR-0108", "mean_carbon_potential": 11.67642586651453, "rank": 45, "centroid_lat": 31.132598391397803, "centroid_lon": 30.123233371715109, "relative_carbon_loss_share_pct": 0.0075883120939904082, "size_class": "Small (<500 m²)" }, "geometry": { "type": "Polygon", "coordinates": [ [ [ 30.123296253908325, 31.132733138673434 ], [ 30.123296253908325, 31.13264330714502 ], [ 30.123116590851502, 31.13264330714502 ], [ 30.123116590851502, 31.132553475616607 ], [ 30.123026759323089, 31.132553475616607 ], [ 30.123026759323089, 31.132463644088197 ], [ 30.123116590851502, 31.132463644088197 ], [ 30.123116590851502, 31.132553475616607 ], [ 30.123386085436739, 31.132553475616607 ], [ 30.123386085436739, 31.132733138673434 ], [ 30.123296253908325, 31.132733138673434 ] ] ] } },
{ "type": "Feature", "properties": { "count": 5, "encroached": 1, "area_m2": 427.08222003824045, "area_feddan": 0.10166615169817404, "patch_id": "KED-ENCR-0140", "mean_carbon_potential": 8.5221616511270035, "rank": 46, "centroid_lat": 31.13563469712642, "centroid_lon": 30.127545285227789, "relative_carbon_loss_share_pct": 0.0055382072402138625, "size_class": "Small (<500 m²)" }, "geometry": { "type": "Polygon", "coordinates": [ [ [ 30.127338672686864, 31.135697579111028 ], [ 30.127338672686864, 31.135607747582615 ], [ 30.127608167272101, 31.135607747582615 ], [ 30.127608167272101, 31.135517916054201 ], [ 30.12769799880051, 31.135517916054201 ], [ 30.12769799880051, 31.135697579111028 ], [ 30.127338672686864, 31.135697579111028 ] ] ] } },
{ "type": "Feature", "properties": { "count": 5, "encroached": 1, "area_m2": 427.07860362243304, "area_feddan": 0.10166529081691786, "patch_id": "KED-ENCR-0119", "mean_carbon_potential": 4.1236783752205177, "rank": 47, "centroid_lat": 31.136820473284182, "centroid_lon": 30.124239485066671, "relative_carbon_loss_share_pct": 0.0026797886480830245, "size_class": "Small (<500 m²)" }, "geometry": { "type": "Polygon", "coordinates": [ [ [ 30.124014906135621, 31.136955220508796 ], [ 30.124014906135621, 31.136865388980382 ], [ 30.124104737664034, 31.136865388980382 ], [ 30.124104737664034, 31.136775557451969 ], [ 30.12437423224927, 31.136775557451969 ], [ 30.12437423224927, 31.136685725923559 ], [ 30.12446406377768, 31.136685725923559 ], [ 30.12446406377768, 31.136775557451969 ], [ 30.12437423224927, 31.136775557451969 ], [ 30.12437423224927, 31.136865388980382 ], [ 30.124104737664034, 31.136865388980382 ], [ 30.124104737664034, 31.136955220508796 ], [ 30.124014906135621, 31.136955220508796 ] ] ] } },
{ "type": "Feature", "properties": { "count": 5, "encroached": 1, "area_m2": 427.07241913715063, "area_feddan": 0.10166381861135791, "patch_id": "KED-ENCR-0073", "mean_carbon_potential": 17.505657463476062, "rank": 48, "centroid_lat": 31.138581171202869, "centroid_lon": 30.121472673889148, "relative_carbon_loss_share_pct": 0.011375955775128123, "size_class": "Small (<500 m²)" }, "geometry": { "type": "Polygon", "coordinates": [ [ [ 30.121319960283262, 31.138662019548622 ], [ 30.121319960283262, 31.138572188020209 ], [ 30.121409791811676, 31.138572188020209 ], [ 30.121409791811676, 31.138482356491796 ], [ 30.121589454868499, 31.138482356491796 ], [ 30.121589454868499, 31.138662019548622 ], [ 30.121319960283262, 31.138662019548622 ] ] ] } },
{ "type": "Feature", "properties": { "count": 5, "encroached": 1, "area_m2": 427.07083471879372, "area_feddan": 0.10166344144342754, "patch_id": "KED-ENCR-0055", "mean_carbon_potential": 13.581094197030541, "rank": 49, "centroid_lat": 31.139192025596081, "centroid_lon": 30.119101121539067, "relative_carbon_loss_share_pct": 0.0088255670548595122, "size_class": "Small (<500 m²)" }, "geometry": { "type": "Polygon", "coordinates": [ [ [ 30.118984340544554, 31.139290840247504 ], [ 30.118984340544554, 31.139111177190681 ], [ 30.119253835129786, 31.139111177190681 ], [ 30.119253835129786, 31.139201008719091 ], [ 30.119164003601377, 31.139201008719091 ], [ 30.119164003601377, 31.139290840247504 ], [ 30.118984340544554, 31.139290840247504 ] ] ] } },
{ "type": "Feature", "properties": { "count": 5, "encroached": 1, "area_m2": 427.07018306494888, "area_feddan": 0.10166328631840586, "patch_id": "KED-ENCR-0058", "mean_carbon_potential": 14.888140356307455, "rank": 50, "centroid_lat": 31.139245924672487, "centroid_lon": 30.120017403095023, "relative_carbon_loss_share_pct": 0.0096749259402134115, "size_class": "Small (<500 m²)" }, "geometry": { "type": "Polygon", "coordinates": [ [ [ 30.119792824300259, 31.139201008719091 ], [ 30.120241981942318, 31.139201008719091 ], [ 30.120241981942318, 31.139290840247504 ], [ 30.119792824300259, 31.139290840247504 ], [ 30.119792824300259, 31.139201008719091 ] ] ] } },
{ "type": "Feature", "properties": { "count": 5, "encroached": 1, "area_m2": 427.06865729148825, "area_feddan": 0.10166292311078721, "patch_id": "KED-ENCR-0045", "mean_carbon_potential": 21.603342433450283, "rank": 51, "centroid_lat": 31.140036442018605, "centroid_lon": 30.11676550181831, "relative_carbon_loss_share_pct": 0.014038690285007033, "size_class": "Small (<500 m²)" }, "geometry": { "type": "Polygon", "coordinates": [ [ [ 30.116558889277428, 31.140099324003213 ], [ 30.116558889277428, 31.1400094924748 ], [ 30.116828383862664, 31.1400094924748 ], [ 30.116828383862664, 31.13991966094639 ], [ 30.116918215391077, 31.13991966094639 ], [ 30.116918215391077, 31.140099324003213 ], [ 30.116558889277428, 31.140099324003213 ] ] ] } },
{ "type": "Feature", "properties": { "count": 4, "encroached": 1, "area_m2": 341.72689439404201, "area_feddan": 0.081347470474654293, "patch_id": "KED-ENCR-0003", "mean_carbon_potential": 32.515933748623041, "rank": 52, "centroid_lat": 31.120246556121167, "centroid_lon": 30.112314349502082, "relative_carbon_loss_share_pct": 0.016907653284778831, "size_class": "Small (<500 m²)" }, "geometry": { "type": "Polygon", "coordinates": [ [ [ 30.112336807442066, 31.120426219280994 ], [ 30.112336807442066, 31.120336387752584 ], [ 30.112246975913656, 31.120336387752584 ], [ 30.112246975913656, 31.120066893167348 ], [ 30.112336807442066, 31.120066893167348 ], [ 30.112336807442066, 31.120336387752584 ], [ 30.112426638970479, 31.120336387752584 ], [ 30.112426638970479, 31.120426219280994 ], [ 30.112336807442066, 31.120426219280994 ] ] ] } },
{ "type": "Feature", "properties": { "count": 4, "encroached": 1, "area_m2": 341.72523713966496, "area_feddan": 0.081347075968240784, "patch_id": "KED-ENCR-0168", "mean_carbon_potential": 31.71171202412874, "rank": 53, "centroid_lat": 31.118405009883926, "centroid_lon": 30.130774728728515, "relative_carbon_loss_share_pct": 0.016489393657834153, "size_class": "Small (<500 m²)" }, "geometry": { "type": "Polygon", "coordinates": [ [ [ 30.130662439238105, 31.118539757184344 ], [ 30.130662439238105, 31.118360094127521 ], [ 30.130842102294931, 31.118360094127521 ], [ 30.130842102294931, 31.118270262599108 ], [ 30.130931933823341, 31.118270262599108 ], [ 30.130931933823341, 31.118360094127521 ], [ 30.130842102294931, 31.118360094127521 ], [ 30.130842102294931, 31.118449925655931 ], [ 30.130752270766518, 31.118449925655931 ], [ 30.130752270766518, 31.118539757184344 ], [ 30.130662439238105, 31.118539757184344 ] ] ] } },
{ "type": "Feature", "properties": { "count": 4, "encroached": 1, "area_m2": 341.72509724086854, "area_feddan": 0.08134704266558479, "patch_id": "KED-ENCR-0002", "mean_carbon_potential": 15.017845058583427, "rank": 54, "centroid_lat": 31.120763087542205, "centroid_lon": 30.112044854937679, "relative_carbon_loss_share_pct": 0.0078089463443548881, "size_class": "Small (<500 m²)" }, "geometry": { "type": "Polygon", "coordinates": [ [ [ 30.112067312856833, 31.120875376923056 ], [ 30.112067312856833, 31.120785545394643 ], [ 30.111887649800007, 31.120785545394643 ], [ 30.111887649800007, 31.12069571386623 ], [ 30.112157144385243, 31.12069571386623 ], [ 30.112157144385243, 31.120875376923056 ], [ 30.112067312856833, 31.120875376923056 ] ] ] } },
{ "type": "Feature", "properties": { "count": 4, "encroached": 1, "area_m2": 341.7172352199388, "area_feddan": 0.081345171125691548, "patch_id": "KED-ENCR-0141", "mean_carbon_potential": 32.991591931614629, "rank": 55, "centroid_lat": 31.121055039983545, "centroid_lon": 30.127697998799693, "relative_carbon_loss_share_pct": 0.017154501391963492, "size_class": "Small (<500 m²)" }, "geometry": { "type": "Polygon", "coordinates": [ [ [ 30.127608167272101, 31.120965208451466 ], [ 30.127787830328923, 31.120965208451466 ], [ 30.127787830328923, 31.121144871508289 ], [ 30.127608167272101, 31.121144871508289 ], [ 30.127608167272101, 31.120965208451466 ] ] ] } },
{ "type": "Feature", "properties": { "count": 4, "encroached": 1, "area_m2": 341.71616158568327, "area_feddan": 0.081344915548994673, "patch_id": "KED-ENCR-0147", "mean_carbon_potential": 15.877034592995864, "rank": 56, "centroid_lat": 31.121324534568775, "centroid_lon": 30.127967493384929, "relative_carbon_loss_share_pct": 0.0082554899702913295, "size_class": "Small (<500 m²)" }, "geometry": { "type": "Polygon", "coordinates": [ [ [ 30.127877661857337, 31.121234703036702 ], [ 30.12805732491416, 31.121234703036702 ], [ 30.12805732491416, 31.121414366093525 ], [ 30.127877661857337, 31.121414366093525 ], [ 30.127877661857337, 31.121234703036702 ] ] ] } },
{ "type": "Feature", "properties": { "count": 4, "encroached": 1, "area_m2": 341.69139419147177, "area_feddan": 0.081339019715501878, "patch_id": "KED-ENCR-0057", "mean_carbon_potential": 65.596037769260505, "rank": 57, "centroid_lat": 31.129274624799773, "centroid_lon": 30.120241981984503, "relative_carbon_loss_share_pct": 0.034105120771843175, "size_class": "Small (<500 m²)" }, "geometry": { "type": "Polygon", "coordinates": [ [ [ 30.120152150413908, 31.12940937212219 ], [ 30.120152150413908, 31.129229709065367 ], [ 30.120241981942318, 31.129229709065367 ], [ 30.120241981942318, 31.129139877536954 ], [ 30.120331813470731, 31.129139877536954 ], [ 30.120331813470731, 31.129319540593777 ], [ 30.120241981942318, 31.129319540593777 ], [ 30.120241981942318, 31.12940937212219 ], [ 30.120152150413908, 31.12940937212219 ] ] ] } },
{ "type": "Feature", "properties": { "count": 4, "encroached": 1, "area_m2": 341.68383767396227, "area_feddan": 0.081337220900146473, "patch_id": "KED-ENCR-0107", "mean_carbon_potential": 22.806508150355167, "rank": 58, "centroid_lat": 31.13102633963727, "centroid_lon": 30.123296253907505, "relative_carbon_loss_share_pct": 0.011857446574729561, "size_class": "Small (<500 m²)" }, "geometry": { "type": "Polygon", "coordinates": [ [ [ 30.123206422379916, 31.130936508105194 ], [ 30.123386085436739, 31.130936508105194 ], [ 30.123386085436739, 31.131116171162017 ], [ 30.123206422379916, 31.131116171162017 ], [ 30.123206422379916, 31.130936508105194 ] ] ] } },
{ "type": "Feature", "properties": { "count": 4, "encroached": 1, "area_m2": 341.66827143913866, "area_feddan": 0.081333515386040056, "patch_id": "KED-ENCR-0076", "mean_carbon_potential": 47.110717343131675, "rank": 59, "centroid_lat": 31.13560774758626, "centroid_lon": 30.121769117924504, "relative_carbon_loss_share_pct": 0.02449245458143065, "size_class": "Small (<500 m²)" }, "geometry": { "type": "Polygon", "coordinates": [ [ [ 30.121679286396912, 31.135517916054201 ], [ 30.121858949453735, 31.135517916054201 ], [ 30.121858949453735, 31.135697579111028 ], [ 30.121679286396912, 31.135697579111028 ], [ 30.121679286396912, 31.135517916054201 ] ] ] } },
{ "type": "Feature", "properties": { "count": 4, "encroached": 1, "area_m2": 341.66790622408951, "area_feddan": 0.081333428447256731, "patch_id": "KED-ENCR-0179", "mean_carbon_potential": 34.366612653545864, "rank": 60, "centroid_lat": 31.134260274660097, "centroid_lon": 30.133447216618055, "relative_carbon_loss_share_pct": 0.017866885653048586, "size_class": "Small (<500 m²)" }, "geometry": { "type": "Polygon", "coordinates": [ [ [ 30.133357385090463, 31.134170443128024 ], [ 30.133537048147289, 31.134170443128024 ], [ 30.133537048147289, 31.134350106184847 ], [ 30.133357385090463, 31.134350106184847 ], [ 30.133357385090463, 31.134170443128024 ] ] ] } },
{ "type": "Feature", "properties": { "count": 4, "encroached": 1, "area_m2": 341.65742380367203, "area_feddan": 0.081330933125994639, "patch_id": "KED-ENCR-0079", "mean_carbon_potential": 15.104611380008125, "rank": 61, "centroid_lat": 31.138662019564023, "centroid_lon": 30.121814033717989, "relative_carbon_loss_share_pct": 0.0078525075298514317, "size_class": "Small (<500 m²)" }, "geometry": { "type": "Polygon", "coordinates": [ [ [ 30.121679286396912, 31.138751851077032 ], [ 30.121679286396912, 31.138662019548622 ], [ 30.121769117925322, 31.138662019548622 ], [ 30.121769117925322, 31.138572188020209 ], [ 30.121948780982148, 31.138572188020209 ], [ 30.121948780982148, 31.138662019548622 ], [ 30.121858949453735, 31.138662019548622 ], [ 30.121858949453735, 31.138751851077032 ], [ 30.121679286396912, 31.138751851077032 ] ] ] } },
{ "type": "Feature", "properties": { "count": 4, "encroached": 1, "area_m2": 341.65698835503952, "area_feddan": 0.081330829468233543, "patch_id": "KED-ENCR-0070", "mean_carbon_potential": 5.1110116118506994, "rank": 62, "centroid_lat": 31.138864140522639, "centroid_lon": 30.121387333951816, "relative_carbon_loss_share_pct": 0.0026570829931110533, "size_class": "Small (<500 m²)" }, "geometry": { "type": "Polygon", "coordinates": [ [ [ 30.121230128754849, 31.138931514133859 ], [ 30.121230128754849, 31.138841682605445 ], [ 30.121409791811676, 31.138841682605445 ], [ 30.121409791811676, 31.138751851077032 ], [ 30.121499623340085, 31.138751851077032 ], [ 30.121499623340085, 31.138931514133859 ], [ 30.121230128754849, 31.138931514133859 ] ] ] } },
{ "type": "Feature", "properties": { "count": 4, "encroached": 1, "area_m2": 341.65572353826713, "area_feddan": 0.081330528380883574, "patch_id": "KED-ENCR-0044", "mean_carbon_potential": 10.662184087003478, "rank": 63, "centroid_lat": 31.139762455833463, "centroid_lon": 30.116828383910036, "relative_carbon_loss_share_pct": 0.0055429737358240723, "size_class": "Small (<500 m²)" }, "geometry": { "type": "Polygon", "coordinates": [ [ [ 30.116648720805841, 31.139829829417977 ], [ 30.116648720805841, 31.139739997889563 ], [ 30.116918215391077, 31.139739997889563 ], [ 30.116918215391077, 31.139650166361154 ], [ 30.117008046919491, 31.139650166361154 ], [ 30.117008046919491, 31.139739997889563 ], [ 30.116918215391077, 31.139739997889563 ], [ 30.116918215391077, 31.139829829417977 ], [ 30.116648720805841, 31.139829829417977 ] ] ] } },
{ "type": "Feature", "properties": { "count": 4, "encroached": 1, "area_m2": 341.65484420882893, "area_feddan": 0.081330319058097789, "patch_id": "KED-ENCR-0018", "mean_carbon_potential": 14.176933261099478, "rank": 64, "centroid_lat": 31.140413734471259, "centroid_lon": 30.113594448823303, "relative_carbon_loss_share_pct": 0.0073701753627407138, "size_class": "Small (<500 m²)" }, "geometry": { "type": "Polygon", "coordinates": [ [ [ 30.113414785783011, 31.140368818588449 ], [ 30.11377411189666, 31.140368818588449 ], [ 30.11377411189666, 31.140458650116859 ], [ 30.113414785783011, 31.140458650116859 ], [ 30.113414785783011, 31.140368818588449 ] ] ] } },
{ "type": "Feature", "properties": { "count": 4, "encroached": 1, "area_m2": 341.65400854261924, "area_feddan": 0.081330120129264757, "patch_id": "KED-ENCR-0020", "mean_carbon_potential": 27.206368470948441, "rank": 65, "centroid_lat": 31.140593397528072, "centroid_lon": 30.114043606465366, "relative_carbon_loss_share_pct": 0.014143765260971684, "size_class": "Small (<500 m²)" }, "geometry": { "type": "Polygon", "coordinates": [ [ [ 30.11386394342507, 31.140548481645272 ], [ 30.114223269538719, 31.140548481645272 ], [ 30.114223269538719, 31.140638313173685 ], [ 30.11386394342507, 31.140638313173685 ], [ 30.11386394342507, 31.140548481645272 ] ] ] } },
{ "type": "Feature", "properties": { "count": 4, "encroached": 1, "area_m2": 341.65323486068928, "area_feddan": 0.08132993595567764, "patch_id": "KED-ENCR-0094", "mean_carbon_potential": 12.834669609836299, "rank": 66, "centroid_lat": 31.139762455733791, "centroid_lon": 30.12237548077438, "relative_carbon_loss_share_pct": 0.0066723400911863143, "size_class": "Small (<500 m²)" }, "geometry": { "type": "Polygon", "coordinates": [ [ [ 30.122308107095794, 31.13991966094639 ], [ 30.122308107095794, 31.139650166361154 ], [ 30.122487770152617, 31.139650166361154 ], [ 30.122487770152617, 31.139739997889563 ], [ 30.122397938624207, 31.139739997889563 ], [ 30.122397938624207, 31.13991966094639 ], [ 30.122308107095794, 31.13991966094639 ] ] ] } },
{ "type": "Feature", "properties": { "count": 4, "encroached": 1, "area_m2": 341.64761539575966, "area_feddan": 0.081328598252192935, "patch_id": "KED-ENCR-0143", "mean_carbon_potential": 59.027263154210516, "rank": 67, "centroid_lat": 31.140705686782105, "centroid_lon": 30.127720456714894, "relative_carbon_loss_share_pct": 0.030685908433931125, "size_class": "Small (<500 m²)" }, "geometry": { "type": "Polygon", "coordinates": [ [ [ 30.127608167272101, 31.140817976230508 ], [ 30.127608167272101, 31.140728144702095 ], [ 30.12769799880051, 31.140728144702095 ], [ 30.12769799880051, 31.140548481645272 ], [ 30.127787830328923, 31.140548481645272 ], [ 30.127787830328923, 31.140817976230508 ], [ 30.127608167272101, 31.140817976230508 ] ] ] } },
{ "type": "Feature", "properties": { "count": 4, "encroached": 1, "area_m2": 341.64596718828426, "area_feddan": 0.081328205899378045, "patch_id": "KED-ENCR-0156", "mean_carbon_potential": 15.881513892603332, "rank": 68, "centroid_lat": 31.140997639184278, "centroid_lon": 30.129023013786629, "relative_carbon_loss_share_pct": 0.0082561227472785735, "size_class": "Small (<500 m²)" }, "geometry": { "type": "Polygon", "coordinates": [ [ [ 30.129045471726691, 31.141177302344154 ], [ 30.129045471726691, 31.141087470815744 ], [ 30.128955640198278, 31.141087470815744 ], [ 30.128955640198278, 31.140817976230508 ], [ 30.129045471726691, 31.140817976230508 ], [ 30.129045471726691, 31.141087470815744 ], [ 30.129135303255104, 31.141087470815744 ], [ 30.129135303255104, 31.141177302344154 ], [ 30.129045471726691, 31.141177302344154 ] ] ] } },
{ "type": "Feature", "properties": { "count": 4, "encroached": 1, "area_m2": 341.62808836997334, "area_feddan": 0.081323949878946145, "patch_id": "KED-ENCR-0030", "mean_carbon_potential": 7.4785801677125949, "rank": 69, "centroid_lat": 31.147779919652614, "centroid_lon": 30.115031753336645, "relative_carbon_loss_share_pct": 0.0038875918947274025, "size_class": "Small (<500 m²)" }, "geometry": { "type": "Polygon", "coordinates": [ [ [ 30.114941921766015, 31.147914666975051 ], [ 30.114941921766015, 31.147735003918228 ], [ 30.115031753294428, 31.147735003918228 ], [ 30.115031753294428, 31.147645172389815 ], [ 30.115121584822838, 31.147645172389815 ], [ 30.115121584822838, 31.147824835446642 ], [ 30.115031753294428, 31.147824835446642 ], [ 30.115031753294428, 31.147914666975051 ], [ 30.114941921766015, 31.147914666975051 ] ] ] } },
{ "type": "Feature", "properties": { "count": 4, "encroached": 1, "area_m2": 341.62558248617904, "area_feddan": 0.081323353357831446, "patch_id": "KED-ENCR-0027", "mean_carbon_potential": 5.6424627189408341, "rank": 70, "centroid_lat": 31.148521029821499, "centroid_lon": 30.114560137733196, "relative_carbon_loss_share_pct": 0.0029331010620046081, "size_class": "Small (<500 m²)" }, "geometry": { "type": "Polygon", "coordinates": [ [ [ 30.114582595652365, 31.148633319202347 ], [ 30.114582595652365, 31.148543487673937 ], [ 30.114402932595542, 31.148543487673937 ], [ 30.114402932595542, 31.148453656145524 ], [ 30.114672427180778, 31.148453656145524 ], [ 30.114672427180778, 31.148633319202347 ], [ 30.114582595652365, 31.148633319202347 ] ] ] } },
{ "type": "Feature", "properties": { "count": 3, "encroached": 1, "area_m2": 256.2951419477331, "area_feddan": 0.061010595988824377, "patch_id": "KED-ENCR-0012", "mean_carbon_potential": 67.603438417592926, "rank": 71, "centroid_lat": 31.120141752770923, "centroid_lon": 30.113160263100863, "relative_carbon_loss_share_pct": 0.026364352115929388, "size_class": "Small (<500 m²)" }, "geometry": { "type": "Polygon", "coordinates": [ [ [ 30.113145291197775, 31.120246556224171 ], [ 30.113145291197775, 31.120156724695757 ], [ 30.113055459669365, 31.120156724695757 ], [ 30.113055459669365, 31.120066893167348 ], [ 30.113235122726188, 31.120066893167348 ], [ 30.113235122726188, 31.120246556224171 ], [ 30.113145291197775, 31.120246556224171 ] ] ] } },
{ "type": "Feature", "properties": { "count": 3, "encroached": 1, "area_m2": 256.27242346441608, "area_feddan": 0.06100518789487222, "patch_id": "KED-ENCR-0090", "mean_carbon_potential": 22.090533181579232, "rank": 72, "centroid_lat": 31.127567825736975, "centroid_lon": 30.122233247433041, "relative_carbon_loss_share_pct": 0.0086142211638608381, "size_class": "Small (<500 m²)" }, "geometry": { "type": "Polygon", "coordinates": [ [ [ 30.122218275567384, 31.127702573082363 ], [ 30.122218275567384, 31.12752291002554 ], [ 30.122128444038971, 31.12752291002554 ], [ 30.122128444038971, 31.127433078497127 ], [ 30.122218275567384, 31.127433078497127 ], [ 30.122218275567384, 31.12752291002554 ], [ 30.122308107095794, 31.12752291002554 ], [ 30.122308107095794, 31.127702573082363 ], [ 30.122218275567384, 31.127702573082363 ] ] ] } },
{ "type": "Feature", "properties": { "count": 3, "encroached": 1, "area_m2": 256.26969300091838, "area_feddan": 0.061004537912964438, "patch_id": "KED-ENCR-0069", "mean_carbon_potential": 41.043011431145977, "rank": 73, "centroid_lat": 31.128675747973155, "centroid_lon": 30.121484651434326, "relative_carbon_loss_share_pct": 0.016004584762336987, "size_class": "Small (<500 m²)" }, "geometry": { "type": "Polygon", "coordinates": [ [ [ 30.121409791811676, 31.128780551423308 ], [ 30.121409791811676, 31.128600888366481 ], [ 30.121589454868499, 31.128600888366481 ], [ 30.121589454868499, 31.128690719894895 ], [ 30.121499623340085, 31.128690719894895 ], [ 30.121499623340085, 31.128780551423308 ], [ 30.121409791811676, 31.128780551423308 ] ] ] } },
{ "type": "Feature", "properties": { "count": 3, "encroached": 1, "area_m2": 256.268447697206, "area_feddan": 0.061004241470663183, "patch_id": "KED-ENCR-0124", "mean_carbon_potential": 10.393782795267516, "rank": 74, "centroid_lat": 31.128735635604567, "centroid_lon": 30.124868305662368, "relative_carbon_loss_share_pct": 0.0040530010738490645, "size_class": "Small (<500 m²)" }, "geometry": { "type": "Polygon", "coordinates": [ [ [ 30.124823389891329, 31.128600888366481 ], [ 30.124913221419742, 31.128600888366481 ], [ 30.124913221419742, 31.128870382951717 ], [ 30.124823389891329, 31.128870382951717 ], [ 30.124823389891329, 31.128600888366481 ] ] ] } },
{ "type": "Feature", "properties": { "count": 3, "encroached": 1, "area_m2": 256.26760617061967, "area_feddan": 0.061004041146778057, "patch_id": "KED-ENCR-0067", "mean_carbon_potential": 25.396222424186259, "rank": 75, "centroid_lat": 31.129544119478467, "centroid_lon": 30.120915718396517, "relative_carbon_loss_share_pct": 0.0099030911827759256, "size_class": "Small (<500 m²)" }, "geometry": { "type": "Polygon", "coordinates": [ [ [ 30.12078097111279, 31.129499203650603 ], [ 30.121050465698026, 31.129499203650603 ], [ 30.121050465698026, 31.129589035179013 ], [ 30.12078097111279, 31.129589035179013 ], [ 30.12078097111279, 31.129499203650603 ] ] ] } },
{ "type": "Feature", "properties": { "count": 3, "encroached": 1, "area_m2": 256.25175012289139, "area_feddan": 0.061000266643232742, "patch_id": "KED-ENCR-0091", "mean_carbon_potential": 38.63086462024642, "rank": 76, "centroid_lat": 31.135323281072552, "centroid_lon": 30.122323078998875, "relative_carbon_loss_share_pct": 0.015062921483692345, "size_class": "Small (<500 m²)" }, "geometry": { "type": "Polygon", "coordinates": [ [ [ 30.122308107095794, 31.135428084525792 ], [ 30.122308107095794, 31.135338252997379 ], [ 30.122218275567384, 31.135338252997379 ], [ 30.122218275567384, 31.135248421468965 ], [ 30.122397938624207, 31.135248421468965 ], [ 30.122397938624207, 31.135428084525792 ], [ 30.122308107095794, 31.135428084525792 ] ] ] } },
{ "type": "Feature", "properties": { "count": 3, "encroached": 1, "area_m2": 256.25172745992893, "area_feddan": 0.061000261248355427, "patch_id": "KED-ENCR-0099", "mean_carbon_potential": 58.403072551457704, "rank": 77, "centroid_lat": 31.135293337296844, "centroid_lon": 30.122712348964768, "relative_carbon_loss_share_pct": 0.022772485863161846, "size_class": "Small (<500 m²)" }, "geometry": { "type": "Polygon", "coordinates": [ [ [ 30.12257760168103, 31.135248421468965 ], [ 30.122847096266266, 31.135248421468965 ], [ 30.122847096266266, 31.135338252997379 ], [ 30.12257760168103, 31.135338252997379 ], [ 30.12257760168103, 31.135248421468965 ] ] ] } },
{ "type": "Feature", "properties": { "count": 3, "encroached": 1, "area_m2": 256.25025370428858, "area_feddan": 0.060999910423485022, "patch_id": "KED-ENCR-0088", "mean_carbon_potential": 62.996840901807538, "rank": 78, "centroid_lat": 31.135922157879286, "centroid_lon": 30.122113472061812, "relative_carbon_loss_share_pct": 0.024563543586709004, "size_class": "Small (<500 m²)" }, "geometry": { "type": "Polygon", "coordinates": [ [ [ 30.122128444038971, 31.136056905224674 ], [ 30.122128444038971, 31.135967073696264 ], [ 30.122038612510558, 31.135967073696264 ], [ 30.122038612510558, 31.135787410639438 ], [ 30.122128444038971, 31.135787410639438 ], [ 30.122128444038971, 31.135967073696264 ], [ 30.122218275567384, 31.135967073696264 ], [ 30.122218275567384, 31.136056905224674 ], [ 30.122128444038971, 31.136056905224674 ] ] ] } },
{ "type": "Feature", "properties": { "count": 3, "encroached": 1, "area_m2": 256.24207747973054, "area_feddan": 0.060997964087985121, "patch_id": "KED-ENCR-0051", "mean_carbon_potential": 26.778600996284883, "rank": 79, "centroid_lat": 31.139515419132199, "centroid_lon": 30.11795127795892, "relative_carbon_loss_share_pct": 0.010441100466684314, "size_class": "Small (<500 m²)" }, "geometry": { "type": "Polygon", "coordinates": [ [ [ 30.117816530675196, 31.139470503304327 ], [ 30.118086025260432, 31.139470503304327 ], [ 30.118086025260432, 31.139560334832741 ], [ 30.117816530675196, 31.139560334832741 ], [ 30.117816530675196, 31.139470503304327 ] ] ] } },
{ "type": "Feature", "properties": { "count": 3, "encroached": 1, "area_m2": 256.2411119702665, "area_feddan": 0.060997734250199727, "patch_id": "KED-ENCR-0019", "mean_carbon_potential": 18.436077965540715, "rank": 80, "centroid_lat": 31.140353846663604, "centroid_lon": 30.11405857838497, "relative_carbon_loss_share_pct": 0.0071882850404007426, "size_class": "Small (<500 m²)" }, "geometry": { "type": "Polygon", "coordinates": [ [ [ 30.114043606481896, 31.140458650116859 ], [ 30.114043606481896, 31.140368818588449 ], [ 30.113953774953483, 31.140368818588449 ], [ 30.113953774953483, 31.140278987060036 ], [ 30.114133438010306, 31.140278987060036 ], [ 30.114133438010306, 31.140458650116859 ], [ 30.114043606481896, 31.140458650116859 ] ] ] } },
{ "type": "Feature", "properties": { "count": 3, "encroached": 1, "area_m2": 256.24043548595739, "area_feddan": 0.06099757321433083, "patch_id": "KED-ENCR-0026", "mean_carbon_potential": 10.67866298622735, "rank": 81, "centroid_lat": 31.140563453566337, "centroid_lon": 30.114597567589417, "relative_carbon_loss_share_pct": 0.0041636334412755559, "size_class": "Small (<500 m²)" }, "geometry": { "type": "Polygon", "coordinates": [ [ [ 30.114492764123955, 31.140638313173685 ], [ 30.114492764123955, 31.140548481645272 ], [ 30.114582595652365, 31.140548481645272 ], [ 30.114582595652365, 31.140458650116859 ], [ 30.114672427180778, 31.140458650116859 ], [ 30.114672427180778, 31.140638313173685 ], [ 30.114492764123955, 31.140638313173685 ] ] ] } },
{ "type": "Feature", "properties": { "count": 3, "encroached": 1, "area_m2": 256.2381980923455, "area_feddan": 0.060997040606819486, "patch_id": "KED-ENCR-0047", "mean_carbon_potential": 5.9863891576777171, "rank": 82, "centroid_lat": 31.141102442736795, "centroid_lon": 30.117023018856543, "relative_carbon_loss_share_pct": 0.0023340855016051243, "size_class": "Small (<500 m²)" }, "geometry": { "type": "Polygon", "coordinates": [ [ [ 30.116918215391077, 31.141177302344154 ], [ 30.116918215391077, 31.141087470815744 ], [ 30.117008046919491, 31.141087470815744 ], [ 30.117008046919491, 31.140997639287331 ], [ 30.1170978784479, 31.140997639287331 ], [ 30.1170978784479, 31.141177302344154 ], [ 30.116918215391077, 31.141177302344154 ] ] ] } },
{ "type": "Feature", "properties": { "count": 3, "encroached": 1, "area_m2": 256.23741825648176, "area_feddan": 0.060996854968299541, "patch_id": "KED-ENCR-0046", "mean_carbon_potential": 6.1518072808024433, "rank": 83, "centroid_lat": 31.14140188122887, "centroid_lon": 30.116873299617968, "relative_carbon_loss_share_pct": 0.0023985745171006918, "size_class": "Small (<500 m²)" }, "geometry": { "type": "Polygon", "coordinates": [ [ [ 30.116738552334255, 31.141356965400981 ], [ 30.117008046919491, 31.141356965400981 ], [ 30.117008046919491, 31.14144679692939 ], [ 30.116738552334255, 31.14144679692939 ], [ 30.116738552334255, 31.141356965400981 ] ] ] } },
{ "type": "Feature", "properties": { "count": 3, "encroached": 1, "area_m2": 256.22323220095092, "area_feddan": 0.060993478003382881, "patch_id": "KED-ENCR-0038", "mean_carbon_potential": 5.136451596303135, "rank": 84, "centroid_lat": 31.146881604462024, "centroid_lon": 30.115705489748613, "relative_carbon_loss_share_pct": 0.0020025789600619749, "size_class": "Small (<500 m²)" }, "geometry": { "type": "Polygon", "coordinates": [ [ [ 30.115570742464897, 31.14683668863411 ], [ 30.115840237050133, 31.14683668863411 ], [ 30.115840237050133, 31.14692652016252 ], [ 30.115570742464897, 31.14692652016252 ], [ 30.115570742464897, 31.14683668863411 ] ] ] } },
{ "type": "Feature", "properties": { "count": 3, "encroached": 1, "area_m2": 256.22266798507042, "area_feddan": 0.060993343692810807, "patch_id": "KED-ENCR-0036", "mean_carbon_potential": 15.435390839568591, "rank": 85, "centroid_lat": 31.147121155140407, "centroid_lon": 30.115585714401952, "relative_carbon_loss_share_pct": 0.0060178744585653596, "size_class": "Small (<500 m²)" }, "geometry": { "type": "Polygon", "coordinates": [ [ [ 30.115480910936487, 31.147196014747756 ], [ 30.115480910936487, 31.147106183219343 ], [ 30.115570742464897, 31.147106183219343 ], [ 30.115570742464897, 31.147016351690933 ], [ 30.11566057399331, 31.147016351690933 ], [ 30.11566057399331, 31.147196014747756 ], [ 30.115480910936487, 31.147196014747756 ] ] ] } },
{ "type": "Feature", "properties": { "count": 3, "encroached": 1, "area_m2": 256.22247599582909, "area_feddan": 0.060993297990118406, "patch_id": "KED-ENCR-0041", "mean_carbon_potential": 11.784056670058609, "rank": 86, "centroid_lat": 31.147121155149325, "centroid_lon": 30.116064815806837, "relative_carbon_loss_share_pct": 0.0045943067624961377, "size_class": "Small (<500 m²)" }, "geometry": { "type": "Polygon", "coordinates": [ [ [ 30.116019900106959, 31.147196014747756 ], [ 30.116019900106959, 31.147106183219343 ], [ 30.115930068578546, 31.147106183219343 ], [ 30.115930068578546, 31.147016351690933 ], [ 30.116019900106959, 31.147016351690933 ], [ 30.116019900106959, 31.147106183219343 ], [ 30.116199563163782, 31.147106183219343 ], [ 30.116199563163782, 31.147196014747756 ], [ 30.116019900106959, 31.147196014747756 ] ] ] } },
{ "type": "Feature", "properties": { "count": 3, "encroached": 1, "area_m2": 256.21973694564042, "area_feddan": 0.060992645964164323, "patch_id": "KED-ENCR-0028", "mean_carbon_potential": 12.564093355853425, "rank": 87, "centroid_lat": 31.148318908916593, "centroid_lon": 30.114717342936075, "relative_carbon_loss_share_pct": 0.0048983710462659263, "size_class": "Small (<500 m²)" }, "geometry": { "type": "Polygon", "coordinates": [ [ [ 30.114582595652365, 31.148273993088701 ], [ 30.114852090237601, 31.148273993088701 ], [ 30.114852090237601, 31.14836382461711 ], [ 30.114582595652365, 31.14836382461711 ], [ 30.114582595652365, 31.148273993088701 ] ] ] } },
{ "type": "Feature", "properties": { "count": 3, "encroached": 1, "area_m2": 256.21681630873428, "area_feddan": 0.060991950711819877, "patch_id": "KED-ENCR-0025", "mean_carbon_potential": 4.7938186899536133, "rank": 88, "centroid_lat": 31.149456774876015, "centroid_lon": 30.114477792184218, "relative_carbon_loss_share_pct": 0.0018689478291608898, "size_class": "Small (<500 m²)" }, "geometry": { "type": "Polygon", "coordinates": [ [ [ 30.114402932595542, 31.149531634486468 ], [ 30.114402932595542, 31.149351971429642 ], [ 30.114492764123955, 31.149351971429642 ], [ 30.114492764123955, 31.149441802958055 ], [ 30.114582595652365, 31.149441802958055 ], [ 30.114582595652365, 31.149531634486468 ], [ 30.114402932595542, 31.149531634486468 ] ] ] } },
{ "type": "Feature", "properties": { "count": 3, "encroached": 1, "area_m2": 256.21672148522083, "area_feddan": 0.06099192813925363, "patch_id": "KED-ENCR-0040", "mean_carbon_potential": 1.6209557669836829, "rank": 89, "centroid_lat": 31.149307055729118, "centroid_lon": 30.11588515280544, "relative_carbon_loss_share_pct": 0.00063195561547523742, "size_class": "Small (<500 m²)" }, "geometry": { "type": "Polygon", "coordinates": [ [ [ 30.115750405521723, 31.149262139901232 ], [ 30.116019900106959, 31.149262139901232 ], [ 30.116019900106959, 31.149351971429642 ], [ 30.115750405521723, 31.149351971429642 ], [ 30.115750405521723, 31.149262139901232 ] ] ] } },
{ "type": "Feature", "properties": { "count": 2, "encroached": 1, "area_m2": 170.86221159931506, "area_feddan": 0.040673441105523206, "patch_id": "KED-ENCR-0165", "mean_carbon_potential": 11.321051233292142, "rank": 90, "centroid_lat": 31.118719420221286, "centroid_lon": 30.130168365834269, "relative_carbon_loss_share_pct": 0.0029433419681890748, "size_class": "Small (<500 m²)" }, "geometry": { "type": "Polygon", "coordinates": [ [ [ 30.130123450067636, 31.118629588712757 ], [ 30.130213281596046, 31.118629588712757 ], [ 30.130213281596046, 31.11880925176958 ], [ 30.130123450067636, 31.11880925176958 ], [ 30.130123450067636, 31.118629588712757 ] ] ] } },
{ "type": "Feature", "properties": { "count": 2, "encroached": 1, "area_m2": 170.86170353210423, "area_feddan": 0.04067332016104061, "patch_id": "KED-ENCR-0160", "mean_carbon_potential": 10.798806395634118, "rank": 91, "centroid_lat": 31.119078746346695, "centroid_lon": 30.129584460936695, "relative_carbon_loss_share_pct": 0.0028075560213112467, "size_class": "Small (<500 m²)" }, "geometry": { "type": "Polygon", "coordinates": [ [ [ 30.12949462936875, 31.119168577883226 ], [ 30.12949462936875, 31.119078746354816 ], [ 30.129584460897163, 31.119078746354816 ], [ 30.129584460897163, 31.118988914826403 ], [ 30.129674292425573, 31.118988914826403 ], [ 30.129674292425573, 31.119078746354816 ], [ 30.129584460897163, 31.119078746354816 ], [ 30.129584460897163, 31.119168577883226 ], [ 30.12949462936875, 31.119168577883226 ] ] ] } },
{ "type": "Feature", "properties": { "count": 2, "encroached": 1, "area_m2": 170.86137441022689, "area_feddan": 0.040673241814171694, "patch_id": "KED-ENCR-0155", "mean_carbon_potential": 7.1062029259770503, "rank": 92, "centroid_lat": 31.119348240920189, "centroid_lon": 30.128910724436505, "relative_carbon_loss_share_pct": 0.0018475212585414738, "size_class": "Small (<500 m²)" }, "geometry": { "type": "Polygon", "coordinates": [ [ [ 30.128865808669868, 31.119258409411639 ], [ 30.128955640198278, 31.119258409411639 ], [ 30.128955640198278, 31.119438072468462 ], [ 30.128865808669868, 31.119438072468462 ], [ 30.128865808669868, 31.119258409411639 ] ] ] } },
{ "type": "Feature", "properties": { "count": 2, "encroached": 1, "area_m2": 170.8612171967977, "area_feddan": 0.040673204389798608, "patch_id": "KED-ENCR-0167", "mean_carbon_potential": 3.8750117732802889, "rank": 93, "centroid_lat": 31.119258409391772, "centroid_lon": 30.130348028891095, "relative_carbon_loss_share_pct": 0.0010074522379246249, "size_class": "Small (<500 m²)" }, "geometry": { "type": "Polygon", "coordinates": [ [ [ 30.130303113124459, 31.119168577883226 ], [ 30.130392944652868, 31.119168577883226 ], [ 30.130392944652868, 31.119348240940052 ], [ 30.130303113124459, 31.119348240940052 ], [ 30.130303113124459, 31.119168577883226 ] ] ] } },
{ "type": "Feature", "properties": { "count": 2, "encroached": 1, "area_m2": 170.86039630691076, "area_feddan": 0.040673008978442539, "patch_id": "KED-ENCR-0128", "mean_carbon_potential": 8.0347206677687257, "rank": 94, "centroid_lat": 31.1202465562043, "centroid_lon": 30.126125947055737, "relative_carbon_loss_share_pct": 0.002088911957319208, "size_class": "Small (<500 m²)" }, "geometry": { "type": "Polygon", "coordinates": [ [ [ 30.126081031289097, 31.120156724695757 ], [ 30.12617086281751, 31.120156724695757 ], [ 30.12617086281751, 31.120336387752584 ], [ 30.126081031289097, 31.120336387752584 ], [ 30.126081031289097, 31.120156724695757 ] ] ] } },
{ "type": "Feature", "properties": { "count": 2, "encroached": 1, "area_m2": 170.8581401411642, "area_feddan": 0.040672471902258409, "patch_id": "KED-ENCR-0142", "mean_carbon_potential": 50.467200152748802, "rank": 95, "centroid_lat": 31.121324534549188, "centroid_lon": 30.127697998755821, "relative_carbon_loss_share_pct": 0.013120573837897661, "size_class": "Small (<500 m²)" }, "geometry": { "type": "Polygon", "coordinates": [ [ [ 30.12769799880051, 31.121414366093525 ], [ 30.12769799880051, 31.121324534565115 ], [ 30.127608167272101, 31.121324534565115 ], [ 30.127608167272101, 31.121234703036702 ], [ 30.12769799880051, 31.121234703036702 ], [ 30.12769799880051, 31.121324534565115 ], [ 30.127787830328923, 31.121324534565115 ], [ 30.127787830328923, 31.121414366093525 ], [ 30.12769799880051, 31.121414366093525 ] ] ] } },
{ "type": "Feature", "properties": { "count": 2, "encroached": 1, "area_m2": 170.85140676982928, "area_feddan": 0.040670869035364272, "patch_id": "KED-ENCR-0152", "mean_carbon_potential": 11.42556608972551, "rank": 96, "centroid_lat": 31.125007627210142, "centroid_lon": 30.128641229851269, "relative_carbon_loss_share_pct": 0.0029703267715206149, "size_class": "Small (<500 m²)" }, "geometry": { "type": "Polygon", "coordinates": [ [ [ 30.128596314084632, 31.124917795701592 ], [ 30.128686145613042, 31.124917795701592 ], [ 30.128686145613042, 31.125097458758415 ], [ 30.128596314084632, 31.125097458758415 ], [ 30.128596314084632, 31.124917795701592 ] ] ] } },
{ "type": "Feature", "properties": { "count": 2, "encroached": 1, "area_m2": 170.84827538707171, "area_feddan": 0.040670123615350232, "patch_id": "KED-ENCR-0080", "mean_carbon_potential": 33.499707270115678, "rank": 97, "centroid_lat": 31.127612741534072, "centroid_lon": 30.121903865220375, "relative_carbon_loss_share_pct": 0.0087088248250880747, "size_class": "Small (<500 m²)" }, "geometry": { "type": "Polygon", "coordinates": [ [ [ 30.121858949453735, 31.12752291002554 ], [ 30.121948780982148, 31.12752291002554 ], [ 30.121948780982148, 31.127702573082363 ], [ 30.121858949453735, 31.127702573082363 ], [ 30.121858949453735, 31.12752291002554 ] ] ] } },
{ "type": "Feature", "properties": { "count": 2, "encroached": 1, "area_m2": 170.84762780731961, "area_feddan": 0.040669969460158974, "patch_id": "KED-ENCR-0065", "mean_carbon_potential": 66.776867281917006, "rank": 98, "centroid_lat": 31.128106814984651, "centroid_lon": 30.120870802637739, "relative_carbon_loss_share_pct": 0.017359728864184791, "size_class": "Small (<500 m²)" }, "geometry": { "type": "Polygon", "coordinates": [ [ [ 30.12078097111279, 31.128061899196009 ], [ 30.120960634169617, 31.128061899196009 ], [ 30.120960634169617, 31.128151730724422 ], [ 30.12078097111279, 31.128151730724422 ], [ 30.12078097111279, 31.128061899196009 ] ] ] } },
{ "type": "Feature", "properties": { "count": 2, "encroached": 1, "area_m2": 170.84760955251681, "area_feddan": 0.040669965114636109, "patch_id": "KED-ENCR-0098", "mean_carbon_potential": 7.4882930151181295, "rank": 99, "centroid_lat": 31.127882236123249, "centroid_lon": 30.122757264693146, "relative_carbon_loss_share_pct": 0.0019467029197323066, "size_class": "Small (<500 m²)" }, "geometry": { "type": "Polygon", "coordinates": [ [ [ 30.122757264737853, 31.127972067667599 ], [ 30.122757264737853, 31.127882236139186 ], [ 30.122667433209443, 31.127882236139186 ], [ 30.122667433209443, 31.127792404610776 ], [ 30.122757264737853, 31.127792404610776 ], [ 30.122757264737853, 31.127882236139186 ], [ 30.122847096266266, 31.127882236139186 ], [ 30.122847096266266, 31.127972067667599 ], [ 30.122757264737853, 31.127972067667599 ] ] ] } },
{ "type": "Feature", "properties": { "count": 2, "encroached": 1, "area_m2": 170.84747882115803, "area_feddan": 0.040669933994272094, "patch_id": "KED-ENCR-0068", "mean_carbon_potential": 24.041744588318736, "rank": 100, "centroid_lat": 31.128151730704545, "centroid_lon": 30.121185212993083, "relative_carbon_loss_share_pct": 0.0062500356861562292, "size_class": "Small (<500 m²)" }, "geometry": { "type": "Polygon", "coordinates": [ [ [ 30.121140297226439, 31.128061899196009 ], [ 30.121230128754849, 31.128061899196009 ], [ 30.121230128754849, 31.128241562252835 ], [ 30.121140297226439, 31.128241562252835 ], [ 30.121140297226439, 31.128061899196009 ] ] ] } },
{ "type": "Feature", "properties": { "count": 2, "encroached": 1, "area_m2": 170.84374827654656, "area_feddan": 0.04066904594486008, "patch_id": "KED-ENCR-0081", "mean_carbon_potential": 1.5612154243648315, "rank": 101, "centroid_lat": 31.130172940138131, "centroid_lon": 30.121858949450274, "relative_carbon_loss_share_pct": 0.0004058540351239544, "size_class": "Small (<500 m²)" }, "geometry": { "type": "Polygon", "coordinates": [ [ [ 30.121769117925322, 31.130128024349485 ], [ 30.121948780982148, 31.130128024349485 ], [ 30.121948780982148, 31.130217855877898 ], [ 30.121769117925322, 31.130217855877898 ], [ 30.121769117925322, 31.130128024349485 ] ] ] } },
{ "type": "Feature", "properties": { "count": 2, "encroached": 1, "area_m2": 170.84118260707896, "area_feddan": 0.040668435191873742, "patch_id": "KED-ENCR-0109", "mean_carbon_potential": 4.9233682294467407, "rank": 102, "centroid_lat": 31.131430581535916, "centroid_lon": 30.123386085433275, "relative_carbon_loss_share_pct": 0.0012798610770576274, "size_class": "Small (<500 m²)" }, "geometry": { "type": "Polygon", "coordinates": [ [ [ 30.123296253908325, 31.131385665747253 ], [ 30.123475916965148, 31.131385665747253 ], [ 30.123475916965148, 31.131475497275666 ], [ 30.123296253908325, 31.131475497275666 ], [ 30.123296253908325, 31.131385665747253 ] ] ] } },
{ "type": "Feature", "properties": { "count": 2, "encroached": 1, "area_m2": 170.83955094040547, "area_feddan": 0.040668046776566887, "patch_id": "KED-ENCR-0110", "mean_carbon_potential": 19.720168645472356, "rank": 103, "centroid_lat": 31.132328896820017, "centroid_lon": 30.123565748490108, "relative_carbon_loss_share_pct": 0.0051263350725048807, "size_class": "Small (<500 m²)" }, "geometry": { "type": "Polygon", "coordinates": [ [ [ 30.123475916965148, 31.132283981031371 ], [ 30.123655580021975, 31.132283981031371 ], [ 30.123655580021975, 31.132373812559784 ], [ 30.123475916965148, 31.132373812559784 ], [ 30.123475916965148, 31.132283981031371 ] ] ] } },
{ "type": "Feature", "properties": { "count": 2, "encroached": 1, "area_m2": 170.83747165901127, "area_feddan": 0.040667551807383608, "patch_id": "KED-ENCR-0118", "mean_carbon_potential": 8.5028384816175127, "rank": 104, "centroid_lat": 31.133451790880848, "centroid_lon": 30.123969990373855, "relative_carbon_loss_share_pct": 0.0022103192622286091, "size_class": "Small (<500 m²)" }, "geometry": { "type": "Polygon", "coordinates": [ [ [ 30.123925074607211, 31.133361959372316 ], [ 30.124014906135621, 31.133361959372316 ], [ 30.124014906135621, 31.133541622429139 ], [ 30.123925074607211, 31.133541622429139 ], [ 30.123925074607211, 31.133361959372316 ] ] ] } },
{ "type": "Feature", "properties": { "count": 2, "encroached": 1, "area_m2": 170.83727952706846, "area_feddan": 0.040667506070721372, "patch_id": "KED-ENCR-0066", "mean_carbon_potential": 57.383540539457911, "rank": 105, "centroid_lat": 31.133945864331437, "centroid_lon": 30.120870802637739, "relative_carbon_loss_share_pct": 0.014916877771783561, "size_class": "Small (<500 m²)" }, "geometry": { "type": "Polygon", "coordinates": [ [ [ 30.12078097111279, 31.133900948542788 ], [ 30.120960634169617, 31.133900948542788 ], [ 30.120960634169617, 31.133990780071198 ], [ 30.12078097111279, 31.133990780071198 ], [ 30.12078097111279, 31.133900948542788 ] ] ] } },
{ "type": "Feature", "properties": { "count": 2, "encroached": 1, "area_m2": 170.83359076469526, "area_feddan": 0.040666627967495775, "patch_id": "KED-ENCR-0174", "mean_carbon_potential": 0.9474708795401181, "rank": 106, "centroid_lat": 31.134754348087153, "centroid_lon": 30.131111596876714, "relative_carbon_loss_share_pct": 0.00024629017309778044, "size_class": "Small (<500 m²)" }, "geometry": { "type": "Polygon", "coordinates": [ [ [ 30.131021765351754, 31.134709432298497 ], [ 30.131201428408577, 31.134709432298497 ], [ 30.131201428408577, 31.134799263826906 ], [ 30.131021765351754, 31.134799263826906 ], [ 30.131021765351754, 31.134709432298497 ] ] ] } },
{ "type": "Feature", "properties": { "count": 2, "encroached": 1, "area_m2": 170.83317193010228, "area_feddan": 0.040666528264676809, "patch_id": "KED-ENCR-0106", "mean_carbon_potential": 15.546236410859462, "rank": 107, "centroid_lat": 31.135967073676383, "centroid_lon": 30.123251338146556, "relative_carbon_loss_share_pct": 0.0040411541420544358, "size_class": "Small (<500 m²)" }, "geometry": { "type": "Polygon", "coordinates": [ [ [ 30.123206422379916, 31.135877242167851 ], [ 30.123296253908325, 31.135877242167851 ], [ 30.123296253908325, 31.136056905224674 ], [ 30.123206422379916, 31.136056905224674 ], [ 30.123206422379916, 31.135877242167851 ] ] ] } },
{ "type": "Feature", "properties": { "count": 2, "encroached": 1, "area_m2": 170.8296214302336, "area_feddan": 0.040665683074590876, "patch_id": "KED-ENCR-0005", "mean_carbon_potential": 24.800469726241339, "rank": 108, "centroid_lat": 31.139290840227627, "centroid_lon": 30.112651217793957, "relative_carbon_loss_share_pct": 0.0064466045248732645, "size_class": "Small (<500 m²)" }, "geometry": { "type": "Polygon", "coordinates": [ [ [ 30.112606302027302, 31.139201008719091 ], [ 30.112696133555716, 31.139201008719091 ], [ 30.112696133555716, 31.139380671775918 ], [ 30.112606302027302, 31.139380671775918 ], [ 30.112606302027302, 31.139201008719091 ] ] ] } },
{ "type": "Feature", "properties": { "count": 2, "encroached": 1, "area_m2": 170.82911989683862, "area_feddan": 0.040665563685471355, "patch_id": "KED-ENCR-0078", "mean_carbon_potential": 16.226023228276667, "rank": 109, "centroid_lat": 31.138437440752039, "centroid_lon": 30.121769117921865, "relative_carbon_loss_share_pct": 0.0042177607448071509, "size_class": "Small (<500 m²)" }, "geometry": { "type": "Polygon", "coordinates": [ [ [ 30.121679286396912, 31.138392524963386 ], [ 30.121858949453735, 31.138392524963386 ], [ 30.121858949453735, 31.138482356491796 ], [ 30.121679286396912, 31.138482356491796 ], [ 30.121679286396912, 31.138392524963386 ] ] ] } },
{ "type": "Feature", "properties": { "count": 2, "encroached": 1, "area_m2": 170.82904066005031, "area_feddan": 0.040665544823296901, "patch_id": "KED-ENCR-0089", "mean_carbon_potential": 5.6183432915124243, "rank": 110, "centroid_lat": 31.138437440752025, "centroid_lon": 30.122128444035511, "relative_carbon_loss_share_pct": 0.0014604204900336402, "size_class": "Small (<500 m²)" }, "geometry": { "type": "Polygon", "coordinates": [ [ [ 30.122038612510558, 31.138392524963386 ], [ 30.122218275567384, 31.138392524963386 ], [ 30.122218275567384, 31.138482356491796 ], [ 30.122038612510558, 31.138482356491796 ], [ 30.122038612510558, 31.138392524963386 ] ] ] } },
{ "type": "Feature", "properties": { "count": 2, "encroached": 1, "area_m2": 170.82785983401689, "area_feddan": 0.040665263729790756, "patch_id": "KED-ENCR-0011", "mean_carbon_potential": 6.2671045714376028, "rank": 111, "centroid_lat": 31.140234071320286, "centroid_lon": 30.11305545966589, "relative_carbon_loss_share_pct": 0.0016290468895567693, "size_class": "Small (<500 m²)" }, "geometry": { "type": "Polygon", "coordinates": [ [ [ 30.112965628140952, 31.140189155531623 ], [ 30.113145291197775, 31.140189155531623 ], [ 30.113145291197775, 31.140278987060036 ], [ 30.112965628140952, 31.140278987060036 ], [ 30.112965628140952, 31.140189155531623 ] ] ] } },
{ "type": "Feature", "properties": { "count": 2, "encroached": 1, "area_m2": 170.82768045846393, "area_feddan": 0.040665221029764102, "patch_id": "KED-ENCR-0004", "mean_carbon_potential": 11.212782910343362, "rank": 112, "centroid_lat": 31.140413734377105, "centroid_lon": 30.112426638967008, "relative_carbon_loss_share_pct": 0.0029146043017198101, "size_class": "Small (<500 m²)" }, "geometry": { "type": "Polygon", "coordinates": [ [ [ 30.112336807442066, 31.140368818588449 ], [ 30.112516470498893, 31.140368818588449 ], [ 30.112516470498893, 31.140458650116859 ], [ 30.112336807442066, 31.140458650116859 ], [ 30.112336807442066, 31.140368818588449 ] ] ] } },
{ "type": "Feature", "properties": { "count": 2, "encroached": 1, "area_m2": 170.82754364258548, "area_feddan": 0.04066518846099116, "patch_id": "KED-ENCR-0049", "mean_carbon_potential": 4.5371390237850164, "rank": 113, "centroid_lat": 31.13987474520664, "centroid_lon": 30.117367373029676, "relative_carbon_loss_share_pct": 0.0011793641623930285, "size_class": "Small (<500 m²)" }, "geometry": { "type": "Polygon", "coordinates": [ [ [ 30.117277541504723, 31.139829829417977 ], [ 30.11745720456155, 31.139829829417977 ], [ 30.11745720456155, 31.13991966094639 ], [ 30.117277541504723, 31.13991966094639 ], [ 30.117277541504723, 31.139829829417977 ] ] ] } },
{ "type": "Feature", "properties": { "count": 2, "encroached": 1, "area_m2": 170.82702384674519, "area_feddan": 0.040665064724529486, "patch_id": "KED-ENCR-0014", "mean_carbon_potential": 4.7449823867068393, "rank": 114, "centroid_lat": 31.140683228962338, "centroid_lon": 30.113235122722717, "relative_carbon_loss_share_pct": 0.0012333863081945302, "size_class": "Small (<500 m²)" }, "geometry": { "type": "Polygon", "coordinates": [ [ [ 30.113145291197775, 31.140638313173685 ], [ 30.113324954254598, 31.140638313173685 ], [ 30.113324954254598, 31.140728144702095 ], [ 30.113145291197775, 31.140728144702095 ], [ 30.113145291197775, 31.140638313173685 ] ] ] } },
{ "type": "Feature", "properties": { "count": 2, "encroached": 1, "area_m2": 170.82696422340248, "area_feddan": 0.040665050531300359, "patch_id": "KED-ENCR-0017", "mean_carbon_potential": 6.1030227782373858, "rank": 115, "centroid_lat": 31.140683228962342, "centroid_lon": 30.113504617307953, "relative_carbon_loss_share_pct": 0.0015863877866228891, "size_class": "Small (<500 m²)" }, "geometry": { "type": "Polygon", "coordinates": [ [ [ 30.113414785783011, 31.140638313173685 ], [ 30.113594448839834, 31.140638313173685 ], [ 30.113594448839834, 31.140728144702095 ], [ 30.113414785783011, 31.140728144702095 ], [ 30.113414785783011, 31.140638313173685 ] ] ] } },
{ "type": "Feature", "properties": { "count": 2, "encroached": 1, "area_m2": 170.82422295740656, "area_feddan": 0.04066439797787736, "patch_id": "KED-ENCR-0158", "mean_carbon_potential": 6.5698227504670417, "rank": 116, "centroid_lat": 31.140278987040144, "centroid_lon": 30.129180219021741, "relative_carbon_loss_share_pct": 0.0017076979233965248, "size_class": "Small (<500 m²)" }, "geometry": { "type": "Polygon", "coordinates": [ [ [ 30.129135303255104, 31.140189155531623 ], [ 30.129225134783514, 31.140189155531623 ], [ 30.129225134783514, 31.140368818588449 ], [ 30.129135303255104, 31.140368818588449 ], [ 30.129135303255104, 31.140189155531623 ] ] ] } },
{ "type": "Feature", "properties": { "count": 2, "encroached": 1, "area_m2": 170.82389921781481, "area_feddan": 0.04066432091225182, "patch_id": "KED-ENCR-0126", "mean_carbon_potential": 16.270586773302362, "rank": 117, "centroid_lat": 31.14090780773903, "centroid_lon": 30.125586957885265, "relative_carbon_loss_share_pct": 0.0042292152532865356, "size_class": "Small (<500 m²)" }, "geometry": { "type": "Polygon", "coordinates": [ [ [ 30.125542042118624, 31.140817976230508 ], [ 30.125631873647038, 31.140817976230508 ], [ 30.125631873647038, 31.140997639287331 ], [ 30.125542042118624, 31.140997639287331 ], [ 30.125542042118624, 31.140817976230508 ] ] ] } },
{ "type": "Feature", "properties": { "count": 2, "encroached": 1, "area_m2": 170.82383046317534, "area_feddan": 0.040664304545333978, "patch_id": "KED-ENCR-0130", "mean_carbon_potential": 56.871004240385197, "rank": 118, "centroid_lat": 31.140862892019157, "centroid_lon": 30.12626069434247, "relative_carbon_loss_share_pct": 0.014782479891347166, "size_class": "Small (<500 m²)" }, "geometry": { "type": "Polygon", "coordinates": [ [ [ 30.12617086281751, 31.140817976230508 ], [ 30.126350525874333, 31.140817976230508 ], [ 30.126350525874333, 31.140907807758921 ], [ 30.12617086281751, 31.140907807758921 ], [ 30.12617086281751, 31.140817976230508 ] ] ] } },
{ "type": "Feature", "properties": { "count": 2, "encroached": 1, "area_m2": 170.81999517705293, "area_feddan": 0.040663391562394319, "patch_id": "KED-ENCR-0114", "mean_carbon_potential": 8.8554074576160122, "rank": 119, "centroid_lat": 31.143333259006155, "centroid_lon": 30.123790327317028, "relative_carbon_loss_share_pct": 0.0023017343439352576, "size_class": "Small (<500 m²)" }, "geometry": { "type": "Polygon", "coordinates": [ [ [ 30.123745411550384, 31.14324342749763 ], [ 30.123835243078798, 31.14324342749763 ], [ 30.123835243078798, 31.143423090554453 ], [ 30.123745411550384, 31.143423090554453 ], [ 30.123745411550384, 31.14324342749763 ] ] ] } },
{ "type": "Feature", "properties": { "count": 2, "encroached": 1, "area_m2": 170.81940260025669, "area_feddan": 0.040663250500557434, "patch_id": "KED-ENCR-0137", "mean_carbon_potential": 76.185216543845286, "rank": 120, "centroid_lat": 31.143243427477746, "centroid_lon": 30.127203925396678, "relative_carbon_loss_share_pct": 0.019802309711751929, "size_class": "Small (<500 m²)" }, "geometry": { "type": "Polygon", "coordinates": [ [ [ 30.127159009630041, 31.143153595969217 ], [ 30.127248841158451, 31.143153595969217 ], [ 30.127248841158451, 31.143333259026043 ], [ 30.127159009630041, 31.143333259026043 ], [ 30.127159009630041, 31.143153595969217 ] ] ] } },
{ "type": "Feature", "properties": { "count": 2, "encroached": 1, "area_m2": 170.81243168631843, "area_feddan": 0.040661591087075274, "patch_id": "KED-ENCR-0034", "mean_carbon_potential": 7.5713277083863355, "rank": 121, "centroid_lat": 31.14863331918637, "centroid_lon": 30.115480910891737, "relative_carbon_loss_share_pct": 0.001967883856948076, "size_class": "Small (<500 m²)" }, "geometry": { "type": "Polygon", "coordinates": [ [ [ 30.115480910936487, 31.14872315073076 ], [ 30.115480910936487, 31.148633319202347 ], [ 30.115391079408074, 31.148633319202347 ], [ 30.115391079408074, 31.148543487673937 ], [ 30.115480910936487, 31.148543487673937 ], [ 30.115480910936487, 31.148633319202347 ], [ 30.115570742464897, 31.148633319202347 ], [ 30.115570742464897, 31.14872315073076 ], [ 30.115480910936487, 31.14872315073076 ] ] ] } },
{ "type": "Feature", "properties": { "count": 1, "encroached": 1, "area_m2": 85.431397826054422, "area_feddan": 0.020336790069118347, "patch_id": "KED-ENCR-0006", "mean_carbon_potential": 51.188486372835662, "rank": 122, "centroid_lat": 31.120560966574523, "centroid_lon": 30.11274104931972, "relative_carbon_loss_share_pct": 0.0066542290171889458, "size_class": "Small (<500 m²)" }, "geometry": { "type": "Polygon", "coordinates": [ [ [ 30.112696133555716, 31.120516050809407 ], [ 30.112785965084129, 31.120516050809407 ], [ 30.112785965084129, 31.12060588233782 ], [ 30.112696133555716, 31.12060588233782 ], [ 30.112696133555716, 31.120516050809407 ] ] ] } },
{ "type": "Feature", "properties": { "count": 1, "encroached": 1, "area_m2": 85.431248652063118, "area_feddan": 0.020336754558518941, "patch_id": "KED-ENCR-0015", "mean_carbon_potential": 48.460629638880938, "rank": 123, "centroid_lat": 31.120650798102933, "centroid_lon": 30.113369870018602, "relative_carbon_loss_share_pct": 0.0062996112546786836, "size_class": "Small (<500 m²)" }, "geometry": { "type": "Polygon", "coordinates": [ [ [ 30.113324954254598, 31.12060588233782 ], [ 30.113414785783011, 31.12060588233782 ], [ 30.113414785783011, 31.12069571386623 ], [ 30.113324954254598, 31.12069571386623 ], [ 30.113324954254598, 31.12060588233782 ] ] ] } },
{ "type": "Feature", "properties": { "count": 1, "encroached": 1, "area_m2": 85.430582139956741, "area_feddan": 0.020336595896514913, "patch_id": "KED-ENCR-0010", "mean_carbon_potential": 0.81050359735145672, "rank": 124, "centroid_lat": 31.121459281858648, "centroid_lon": 30.112920712376539, "relative_carbon_loss_share_pct": 0.00010536011990194805, "size_class": "Small (<500 m²)" }, "geometry": { "type": "Polygon", "coordinates": [ [ [ 30.112875796612538, 31.121414366093525 ], [ 30.112965628140952, 31.121414366093525 ], [ 30.112965628140952, 31.121504197621938 ], [ 30.112875796612538, 31.121504197621938 ], [ 30.112875796612538, 31.121414366093525 ] ] ] } },
{ "type": "Feature", "properties": { "count": 1, "encroached": 1, "area_m2": 85.429860242193925, "area_feddan": 0.02033642405005533, "patch_id": "KED-ENCR-0131", "mean_carbon_potential": 3.8080772582669704, "rank": 125, "centroid_lat": 31.120560966574523, "centroid_lon": 30.12666493622357, "relative_carbon_loss_share_pct": 0.000495020734626613, "size_class": "Small (<500 m²)" }, "geometry": { "type": "Polygon", "coordinates": [ [ [ 30.126620020459569, 31.120516050809407 ], [ 30.126709851987979, 31.120516050809407 ], [ 30.126709851987979, 31.12060588233782 ], [ 30.126620020459569, 31.12060588233782 ], [ 30.126620020459569, 31.120516050809407 ] ] ] } },
{ "type": "Feature", "properties": { "count": 1, "encroached": 1, "area_m2": 85.42969121062869, "area_feddan": 0.020336383812396285, "patch_id": "KED-ENCR-0133", "mean_carbon_potential": 14.948266998518653, "rank": 126, "centroid_lat": 31.120740629631349, "centroid_lon": 30.126754767751979, "relative_carbon_loss_share_pct": 0.0019431558154139495, "size_class": "Small (<500 m²)" }, "geometry": { "type": "Polygon", "coordinates": [ [ [ 30.126709851987979, 31.12069571386623 ], [ 30.126799683516392, 31.12069571386623 ], [ 30.126799683516392, 31.120785545394643 ], [ 30.126709851987979, 31.120785545394643 ], [ 30.126709851987979, 31.12069571386623 ] ] ] } },
{ "type": "Feature", "properties": { "count": 1, "encroached": 1, "area_m2": 85.429344565749773, "area_feddan": 0.020336301294208471, "patch_id": "KED-ENCR-0157", "mean_carbon_potential": 1.8613542120573232, "rank": 127, "centroid_lat": 31.120830461159745, "centroid_lon": 30.129180219019105, "relative_carbon_loss_share_pct": 0.00024196026107221736, "size_class": "Small (<500 m²)" }, "geometry": { "type": "Polygon", "coordinates": [ [ [ 30.129135303255104, 31.120785545394643 ], [ 30.129225134783514, 31.120785545394643 ], [ 30.129225134783514, 31.120875376923056 ], [ 30.129135303255104, 31.120875376923056 ], [ 30.129135303255104, 31.120785545394643 ] ] ] } },
{ "type": "Feature", "properties": { "count": 1, "encroached": 1, "area_m2": 85.428958647238915, "area_feddan": 0.020336209427003454, "patch_id": "KED-ENCR-0176", "mean_carbon_potential": 49.557549741153096, "rank": 128, "centroid_lat": 31.120920292688158, "centroid_lon": 30.131964996399873, "relative_carbon_loss_share_pct": 0.0064420320580813612, "size_class": "Small (<500 m²)" }, "geometry": { "type": "Polygon", "coordinates": [ [ [ 30.131920080635872, 31.120875376923056 ], [ 30.132009912164285, 31.120875376923056 ], [ 30.132009912164285, 31.120965208451466 ], [ 30.131920080635872, 31.120965208451466 ], [ 30.131920080635872, 31.120875376923056 ] ] ] } },
{ "type": "Feature", "properties": { "count": 1, "encroached": 1, "area_m2": 85.428938885434633, "area_feddan": 0.02033620472274161, "patch_id": "KED-ENCR-0178", "mean_carbon_potential": 48.597826172001731, "rank": 129, "centroid_lat": 31.120920292688176, "centroid_lon": 30.132144659456699, "relative_carbon_loss_share_pct": 0.0063172752359198512, "size_class": "Small (<500 m²)" }, "geometry": { "type": "Polygon", "coordinates": [ [ [ 30.132099743692699, 31.120875376923056 ], [ 30.132189575221108, 31.120875376923056 ], [ 30.132189575221108, 31.120965208451466 ], [ 30.132099743692699, 31.120965208451466 ], [ 30.132099743692699, 31.120875376923056 ] ] ] } },
{ "type": "Feature", "properties": { "count": 1, "encroached": 1, "area_m2": 85.428868643388839, "area_feddan": 0.020336188001749377, "patch_id": "KED-ENCR-0175", "mean_carbon_potential": 7.2166031249429148, "rank": 130, "centroid_lat": 31.121099955745002, "centroid_lon": 30.131336175700991, "relative_carbon_loss_share_pct": 0.00093809197478397451, "size_class": "Small (<500 m²)" }, "geometry": { "type": "Polygon", "coordinates": [ [ [ 30.13129125993699, 31.121055039979879 ], [ 30.1313810914654, 31.121055039979879 ], [ 30.1313810914654, 31.121144871508289 ], [ 30.13129125993699, 31.121144871508289 ], [ 30.13129125993699, 31.121055039979879 ] ] ] } },
{ "type": "Feature", "properties": { "count": 1, "encroached": 1, "area_m2": 85.428828588687097, "area_feddan": 0.020336178466799918, "patch_id": "KED-ENCR-0172", "mean_carbon_potential": 14.137749553796198, "rank": 131, "centroid_lat": 31.121189787273405, "centroid_lon": 30.130976849587345, "relative_carbon_loss_share_pct": 0.0018377764371912283, "size_class": "Small (<500 m²)" }, "geometry": { "type": "Polygon", "coordinates": [ [ [ 30.130931933823341, 31.121144871508289 ], [ 30.131021765351754, 31.121144871508289 ], [ 30.131021765351754, 31.121234703036702 ], [ 30.130931933823341, 31.121234703036702 ], [ 30.130931933823341, 31.121144871508289 ] ] ] } },
{ "type": "Feature", "properties": { "count": 1, "encroached": 1, "area_m2": 85.427309826556439, "area_feddan": 0.020335816928215719, "patch_id": "KED-ENCR-0048", "mean_carbon_potential": 1.2746432635419191, "rank": 132, "centroid_lat": 31.124603385353051, "centroid_lon": 30.117322457268727, "relative_carbon_loss_share_pct": 0.00016568886733255117, "size_class": "Small (<500 m²)" }, "geometry": { "type": "Polygon", "coordinates": [ [ [ 30.117277541504723, 31.124558469587946 ], [ 30.117367373033137, 31.124558469587946 ], [ 30.117367373033137, 31.124648301116355 ], [ 30.117277541504723, 31.124648301116355 ], [ 30.117277541504723, 31.124558469587946 ] ] ] } },
{ "type": "Feature", "properties": { "count": 1, "encroached": 1, "area_m2": 85.424635224875431, "area_feddan": 0.020335180244112575, "patch_id": "KED-ENCR-0086", "mean_carbon_potential": 6.5165942240000847, "rank": 133, "centroid_lat": 31.127028836620191, "centroid_lon": 30.122083528274562, "relative_carbon_loss_share_pct": 0.0008470552836833073, "size_class": "Small (<500 m²)" }, "geometry": { "type": "Polygon", "coordinates": [ [ [ 30.122038612510558, 31.126983920855068 ], [ 30.122128444038971, 31.126983920855068 ], [ 30.122128444038971, 31.127073752383478 ], [ 30.122038612510558, 31.127073752383478 ], [ 30.122038612510558, 31.126983920855068 ] ] ] } },
{ "type": "Feature", "properties": { "count": 1, "encroached": 1, "area_m2": 85.423799339915874, "area_feddan": 0.020334981263206528, "patch_id": "KED-ENCR-0075", "mean_carbon_potential": 84.639641940379505, "rank": 134, "centroid_lat": 31.128016983432712, "centroid_lon": 30.121724202160916, "relative_carbon_loss_share_pct": 0.011001721438516559, "size_class": "Small (<500 m²)" }, "geometry": { "type": "Polygon", "coordinates": [ [ [ 30.121679286396912, 31.127972067667599 ], [ 30.121769117925322, 31.127972067667599 ], [ 30.121769117925322, 31.128061899196009 ], [ 30.121679286396912, 31.128061899196009 ], [ 30.121679286396912, 31.127972067667599 ] ] ] } },
{ "type": "Feature", "properties": { "count": 1, "encroached": 1, "area_m2": 85.423755051873144, "area_feddan": 0.020334970720517886, "patch_id": "KED-ENCR-0169", "mean_carbon_potential": 6.0372145563869761, "rank": 135, "centroid_lat": 31.126939005091781, "centroid_lon": 30.130797186530518, "relative_carbon_loss_share_pct": 0.00078473534216194814, "size_class": "Small (<500 m²)" }, "geometry": { "type": "Polygon", "coordinates": [ [ [ 30.130752270766518, 31.126894089326655 ], [ 30.130842102294931, 31.126894089326655 ], [ 30.130842102294931, 31.126983920855068 ], [ 30.130752270766518, 31.126983920855068 ], [ 30.130752270766518, 31.126894089326655 ] ] ] } },
{ "type": "Feature", "properties": { "count": 1, "encroached": 1, "area_m2": 85.422845599084269, "area_feddan": 0.020334754226922838, "patch_id": "KED-ENCR-0121", "mean_carbon_potential": 2.4233887438922648, "rank": 136, "centroid_lat": 31.128735635660011, "centroid_lon": 30.124598811070097, "relative_carbon_loss_share_pct": 0.00031499601860570802, "size_class": "Small (<500 m²)" }, "geometry": { "type": "Polygon", "coordinates": [ [ [ 30.124553895306093, 31.128690719894895 ], [ 30.124643726834506, 31.128690719894895 ], [ 30.124643726834506, 31.128780551423308 ], [ 30.124553895306093, 31.128780551423308 ], [ 30.124553895306093, 31.128690719894895 ] ] ] } },
{ "type": "Feature", "properties": { "count": 1, "encroached": 1, "area_m2": 85.422575659933543, "area_feddan": 0.020334689968395186, "patch_id": "KED-ENCR-0085", "mean_carbon_potential": 6.7212564735209739, "rank": 137, "centroid_lat": 31.1293644563589, "centroid_lon": 30.121993696746152, "relative_carbon_loss_share_pct": 0.00087363711009858891, "size_class": "Small (<500 m²)" }, "geometry": { "type": "Polygon", "coordinates": [ [ [ 30.121948780982148, 31.129319540593777 ], [ 30.122038612510558, 31.129319540593777 ], [ 30.122038612510558, 31.12940937212219 ], [ 30.121948780982148, 31.12940937212219 ], [ 30.121948780982148, 31.129319540593777 ] ] ] } },
{ "type": "Feature", "properties": { "count": 1, "encroached": 1, "area_m2": 85.422117283177485, "area_feddan": 0.020334580852635665, "patch_id": "KED-ENCR-0060", "mean_carbon_potential": 50.943732463017135, "rank": 138, "centroid_lat": 31.130083108586188, "centroid_lon": 30.120376729234735, "relative_carbon_loss_share_pct": 0.0066216929172954759, "size_class": "Small (<500 m²)" }, "geometry": { "type": "Polygon", "coordinates": [ [ [ 30.120331813470731, 31.130038192821072 ], [ 30.120421644999144, 31.130038192821072 ], [ 30.120421644999144, 31.130128024349485 ], [ 30.120331813470731, 31.130128024349485 ], [ 30.120331813470731, 31.130038192821072 ] ] ] } },
{ "type": "Feature", "properties": { "count": 1, "encroached": 1, "area_m2": 85.421323758523528, "area_feddan": 0.020334391955523914, "patch_id": "KED-ENCR-0125", "mean_carbon_potential": 40.975646501543942, "rank": 139, "centroid_lat": 31.130352603171442, "centroid_lon": 30.125407294825806, "relative_carbon_loss_share_pct": 0.0053259864288124417, "size_class": "Small (<500 m²)" }, "geometry": { "type": "Polygon", "coordinates": [ [ [ 30.125362379061801, 31.130307687406308 ], [ 30.125452210590211, 31.130307687406308 ], [ 30.125452210590211, 31.130397518934721 ], [ 30.125362379061801, 31.130397518934721 ], [ 30.125362379061801, 31.130307687406308 ] ] ] } },
{ "type": "Feature", "properties": { "count": 1, "encroached": 1, "area_m2": 85.420456860213221, "area_feddan": 0.020334185591945692, "patch_id": "KED-ENCR-0103", "mean_carbon_potential": 4.5579093454188015, "rank": 140, "centroid_lat": 31.131610244569199, "centroid_lon": 30.123161506615507, "relative_carbon_loss_share_pct": 0.00059242791832502006, "size_class": "Small (<500 m²)" }, "geometry": { "type": "Polygon", "coordinates": [ [ [ 30.123116590851502, 31.131565328804076 ], [ 30.123206422379916, 31.131565328804076 ], [ 30.123206422379916, 31.131655160332489 ], [ 30.123116590851502, 31.131655160332489 ], [ 30.123116590851502, 31.131565328804076 ] ] ] } },
{ "type": "Feature", "properties": { "count": 1, "encroached": 1, "area_m2": 85.418883544868422, "area_feddan": 0.020333811067067324, "patch_id": "KED-ENCR-0064", "mean_carbon_potential": 34.227618371656845, "rank": 141, "centroid_lat": 31.133676369722679, "centroid_lon": 30.120825886876791, "relative_carbon_loss_share_pct": 0.004448755270354693, "size_class": "Small (<500 m²)" }, "geometry": { "type": "Polygon", "coordinates": [ [ [ 30.12078097111279, 31.133631453957552 ], [ 30.120870802641203, 31.133631453957552 ], [ 30.120870802641203, 31.133721285485965 ], [ 30.12078097111279, 31.133721285485965 ], [ 30.12078097111279, 31.133631453957552 ] ] ] } },
{ "type": "Feature", "properties": { "count": 1, "encroached": 1, "area_m2": 85.418467514091688, "area_feddan": 0.020333712031691757, "patch_id": "KED-ENCR-0122", "mean_carbon_potential": 5.8195599954724671, "rank": 142, "centroid_lat": 31.133676369722679, "centroid_lon": 30.124598811070097, "relative_carbon_loss_share_pct": 0.0007563971242227752, "size_class": "Small (<500 m²)" }, "geometry": { "type": "Polygon", "coordinates": [ [ [ 30.124553895306093, 31.133631453957552 ], [ 30.124643726834506, 31.133631453957552 ], [ 30.124643726834506, 31.133721285485965 ], [ 30.124553895306093, 31.133721285485965 ], [ 30.124553895306093, 31.133631453957552 ] ] ] } },
{ "type": "Feature", "properties": { "count": 1, "encroached": 1, "area_m2": 85.417250918053639, "area_feddan": 0.020333422423200569, "patch_id": "KED-ENCR-0181", "mean_carbon_potential": 8.9333442333491266, "rank": 143, "centroid_lat": 31.133856032779487, "centroid_lon": 30.134210784610172, "relative_carbon_loss_share_pct": 0.0011610945934746623, "size_class": "Small (<500 m²)" }, "geometry": { "type": "Polygon", "coordinates": [ [ [ 30.134165868846171, 31.133811117014375 ], [ 30.134255700374585, 31.133811117014375 ], [ 30.134255700374585, 31.133900948542788 ], [ 30.134165868846171, 31.133900948542788 ], [ 30.134165868846171, 31.133811117014375 ] ] ] } },
{ "type": "Feature", "properties": { "count": 1, "encroached": 1, "area_m2": 85.417212051858414, "area_feddan": 0.020333413171172939, "patch_id": "KED-ENCR-0072", "mean_carbon_potential": 3.9147050578414007, "rank": 144, "centroid_lat": 31.135473000290911, "centroid_lon": 30.121544539104089, "relative_carbon_loss_share_pct": 0.00050880618621374581, "size_class": "Small (<500 m²)" }, "geometry": { "type": "Polygon", "coordinates": [ [ [ 30.121499623340085, 31.135428084525792 ], [ 30.121589454868499, 31.135428084525792 ], [ 30.121589454868499, 31.135517916054201 ], [ 30.121499623340085, 31.135517916054201 ], [ 30.121499623340085, 31.135428084525792 ] ] ] } },
{ "type": "Feature", "properties": { "count": 1, "encroached": 1, "area_m2": 85.416863872511783, "area_feddan": 0.020333330287707854, "patch_id": "KED-ENCR-0077", "mean_carbon_potential": 19.191719609799282, "rank": 145, "centroid_lat": 31.135832326404557, "centroid_lon": 30.121814033689326, "relative_carbon_loss_share_pct": 0.0024943963117337363, "size_class": "Small (<500 m²)" }, "geometry": { "type": "Polygon", "coordinates": [ [ [ 30.121769117925322, 31.135787410639438 ], [ 30.121858949453735, 31.135787410639438 ], [ 30.121858949453735, 31.135877242167851 ], [ 30.121769117925322, 31.135877242167851 ], [ 30.121769117925322, 31.135787410639438 ] ] ] } },
{ "type": "Feature", "properties": { "count": 1, "encroached": 1, "area_m2": 85.416751501375245, "area_feddan": 0.020333303537961603, "patch_id": "KED-ENCR-0007", "mean_carbon_potential": 20.611529571069671, "rank": 146, "centroid_lat": 31.137089967802329, "centroid_lon": 30.11274104931972, "relative_carbon_loss_share_pct": 0.0026789290771853129, "size_class": "Small (<500 m²)" }, "geometry": { "type": "Polygon", "coordinates": [ [ [ 30.112696133555716, 31.137045052037205 ], [ 30.112785965084129, 31.137045052037205 ], [ 30.112785965084129, 31.137134883565619 ], [ 30.112696133555716, 31.137134883565619 ], [ 30.112696133555716, 31.137045052037205 ] ] ] } },
{ "type": "Feature", "properties": { "count": 1, "encroached": 1, "area_m2": 85.416683808495307, "area_feddan": 0.020333287423793703, "patch_id": "KED-ENCR-0182", "mean_carbon_potential": 9.7863384232731043, "rank": 147, "centroid_lat": 31.134484853478394, "centroid_lon": 30.134300616138589, "relative_carbon_loss_share_pct": 0.0012719524620409398, "size_class": "Small (<500 m²)" }, "geometry": { "type": "Polygon", "coordinates": [ [ [ 30.134255700374585, 31.13443993771326 ], [ 30.134345531902994, 31.13443993771326 ], [ 30.134345531902994, 31.13452976924167 ], [ 30.134255700374585, 31.13452976924167 ], [ 30.134255700374585, 31.13443993771326 ] ] ] } },
{ "type": "Feature", "properties": { "count": 1, "encroached": 1, "area_m2": 85.416668518223489, "area_feddan": 0.020333283783972093, "patch_id": "KED-ENCR-0145", "mean_carbon_potential": 2.812947006281016, "rank": 148, "centroid_lat": 31.135293337234071, "centroid_lon": 30.127922577621341, "relative_carbon_loss_share_pct": 0.00036560499698661686, "size_class": "Small (<500 m²)" }, "geometry": { "type": "Polygon", "coordinates": [ [ [ 30.127877661857337, 31.135248421468965 ], [ 30.127967493385746, 31.135248421468965 ], [ 30.127967493385746, 31.135338252997379 ], [ 30.127877661857337, 31.135338252997379 ], [ 30.127877661857337, 31.135248421468965 ] ] ] } },
{ "type": "Feature", "properties": { "count": 1, "encroached": 1, "area_m2": 85.416568624810779, "area_feddan": 0.020333260004525483, "patch_id": "KED-ENCR-0138", "mean_carbon_potential": 6.4159509398643744, "rank": 149, "centroid_lat": 31.135473000290911, "centroid_lon": 30.127383588450861, "relative_carbon_loss_share_pct": 0.00083389447989425851, "size_class": "Small (<500 m²)" }, "geometry": { "type": "Polygon", "coordinates": [ [ [ 30.127338672686864, 31.135428084525792 ], [ 30.127428504215274, 31.135428084525792 ], [ 30.127428504215274, 31.135517916054201 ], [ 30.127338672686864, 31.135517916054201 ], [ 30.127338672686864, 31.135428084525792 ] ] ] } },
{ "type": "Feature", "properties": { "count": 1, "encroached": 1, "area_m2": 85.41627367097982, "area_feddan": 0.020333189791298344, "patch_id": "KED-ENCR-0001", "mean_carbon_potential": 39.047258487941086, "rank": 150, "centroid_lat": 31.137718788501211, "centroid_lon": 30.112022397092421, "relative_carbon_loss_share_pct": 0.0050750358248014982, "size_class": "Small (<500 m²)" }, "geometry": { "type": "Polygon", "coordinates": [ [ [ 30.11197748132842, 31.137673872736091 ], [ 30.112067312856833, 31.137673872736091 ], [ 30.112067312856833, 31.137763704264501 ], [ 30.11197748132842, 31.137763704264501 ], [ 30.11197748132842, 31.137673872736091 ] ] ] } },
{ "type": "Feature", "properties": { "count": 1, "encroached": 1, "area_m2": 85.416249697031418, "area_feddan": 0.020333184084343193, "patch_id": "KED-ENCR-0132", "mean_carbon_potential": 29.85687284515814, "rank": 151, "centroid_lat": 31.135922157932967, "centroid_lon": 30.12666493622357, "relative_carbon_loss_share_pct": 0.0038805453351812001, "size_class": "Small (<500 m²)" }, "geometry": { "type": "Polygon", "coordinates": [ [ [ 30.126620020459569, 31.135877242167851 ], [ 30.126709851987979, 31.135877242167851 ], [ 30.126709851987979, 31.135967073696264 ], [ 30.126620020459569, 31.135967073696264 ], [ 30.126620020459569, 31.135877242167851 ] ] ] } },
{ "type": "Feature", "properties": { "count": 1, "encroached": 1, "area_m2": 85.415849058057404, "area_feddan": 0.020333088712958487, "patch_id": "KED-ENCR-0092", "mean_carbon_potential": 15.41726348641733, "rank": 152, "centroid_lat": 31.136910304745502, "centroid_lon": 30.122353022859798, "relative_carbon_loss_share_pct": 0.0020037969012206888, "size_class": "Small (<500 m²)" }, "geometry": { "type": "Polygon", "coordinates": [ [ [ 30.122308107095794, 31.136865388980382 ], [ 30.122397938624207, 31.136865388980382 ], [ 30.122397938624207, 31.136955220508796 ], [ 30.122308107095794, 31.136955220508796 ], [ 30.122308107095794, 31.136865388980382 ] ] ] } },
{ "type": "Feature", "properties": { "count": 1, "encroached": 1, "area_m2": 85.415840361430085, "area_feddan": 0.020333086642742051, "patch_id": "KED-ENCR-0123", "mean_carbon_potential": 0.15268443367691253, "rank": 153, "centroid_lat": 31.136640810160269, "centroid_lon": 30.124598811070097, "relative_carbon_loss_share_pct": 1.9844544019486565e-05, "size_class": "Small (<500 m²)" }, "geometry": { "type": "Polygon", "coordinates": [ [ [ 30.124553895306093, 31.136595894395146 ], [ 30.124643726834506, 31.136595894395146 ], [ 30.124643726834506, 31.136685725923559 ], [ 30.124553895306093, 31.136685725923559 ], [ 30.124553895306093, 31.136595894395146 ] ] ] } },
{ "type": "Feature", "properties": { "count": 1, "encroached": 1, "area_m2": 85.415580483859756, "area_feddan": 0.02033302477935545, "patch_id": "KED-ENCR-0096", "mean_carbon_potential": 27.245732658824089, "rank": 154, "centroid_lat": 31.137179799330738, "centroid_lon": 30.122622517445034, "relative_carbon_loss_share_pct": 0.0035411435406689485, "size_class": "Small (<500 m²)" }, "geometry": { "type": "Polygon", "coordinates": [ [ [ 30.12257760168103, 31.137134883565619 ], [ 30.122667433209443, 31.137134883565619 ], [ 30.122667433209443, 31.137224715094028 ], [ 30.12257760168103, 31.137224715094028 ], [ 30.12257760168103, 31.137134883565619 ] ] ] } },
{ "type": "Feature", "properties": { "count": 1, "encroached": 1, "area_m2": 85.415422047993488, "area_feddan": 0.020332987063983423, "patch_id": "KED-ENCR-0120", "mean_carbon_potential": 8.9290662380846744, "rank": 155, "centroid_lat": 31.137179799330738, "centroid_lon": 30.124059821899625, "relative_carbon_loss_share_pct": 0.0011605137207875008, "size_class": "Small (<500 m²)" }, "geometry": { "type": "Polygon", "coordinates": [ [ [ 30.124014906135621, 31.137134883565619 ], [ 30.124104737664034, 31.137134883565619 ], [ 30.124104737664034, 31.137224715094028 ], [ 30.124014906135621, 31.137224715094028 ], [ 30.124014906135621, 31.137134883565619 ] ] ] } },
{ "type": "Feature", "properties": { "count": 1, "encroached": 1, "area_m2": 85.415292542467284, "area_feddan": 0.020332956235426639, "patch_id": "KED-ENCR-0113", "mean_carbon_potential": 6.0886599392775169, "rank": 156, "centroid_lat": 31.137359462387558, "centroid_lon": 30.123790327314389, "relative_carbon_loss_share_pct": 0.00079134396576479432, "size_class": "Small (<500 m²)" }, "geometry": { "type": "Polygon", "coordinates": [ [ [ 30.123745411550384, 31.137314546622441 ], [ 30.123835243078798, 31.137314546622441 ], [ 30.123835243078798, 31.137404378150855 ], [ 30.123745411550384, 31.137404378150855 ], [ 30.123745411550384, 31.137314546622441 ] ] ] } },
{ "type": "Feature", "properties": { "count": 1, "encroached": 1, "area_m2": 85.414549173008126, "area_feddan": 0.020332779277668491, "patch_id": "KED-ENCR-0150", "mean_carbon_potential": 6.888069392821099, "rank": 157, "centroid_lat": 31.137628956972787, "centroid_lon": 30.128371735263396, "relative_carbon_loss_share_pct": 0.00089523553056602609, "size_class": "Small (<500 m²)" }, "geometry": { "type": "Polygon", "coordinates": [ [ [ 30.128326819499396, 31.137584041207678 ], [ 30.128416651027806, 31.137584041207678 ], [ 30.128416651027806, 31.137673872736091 ], [ 30.128326819499396, 31.137673872736091 ], [ 30.128326819499396, 31.137584041207678 ] ] ] } },
{ "type": "Feature", "properties": { "count": 1, "encroached": 1, "area_m2": 85.414495562811609, "area_feddan": 0.020332766515857963, "patch_id": "KED-ENCR-0093", "mean_carbon_potential": 7.5689935537166244, "rank": 158, "centroid_lat": 31.138437440728509, "centroid_lon": 30.122353022859798, "relative_carbon_loss_share_pct": 0.00098373394931495031, "size_class": "Small (<500 m²)" }, "geometry": { "type": "Polygon", "coordinates": [ [ [ 30.122308107095794, 31.138392524963386 ], [ 30.122397938624207, 31.138392524963386 ], [ 30.122397938624207, 31.138482356491796 ], [ 30.122308107095794, 31.138482356491796 ], [ 30.122308107095794, 31.138392524963386 ] ] ] } },
{ "type": "Feature", "properties": { "count": 1, "encroached": 1, "area_m2": 85.413964841883356, "area_feddan": 0.020332640178698819, "patch_id": "KED-ENCR-0016", "mean_carbon_potential": 4.3665580692689803, "rank": 159, "centroid_lat": 31.140144239768329, "centroid_lon": 30.113459701547011, "relative_carbon_loss_share_pct": 0.00056751332838749088, "size_class": "Small (<500 m²)" }, "geometry": { "type": "Polygon", "coordinates": [ [ [ 30.113414785783011, 31.140099324003213 ], [ 30.113504617311424, 31.140099324003213 ], [ 30.113504617311424, 31.140189155531623 ], [ 30.113414785783011, 31.140189155531623 ], [ 30.113414785783011, 31.140099324003213 ] ] ] } },
{ "type": "Feature", "properties": { "count": 1, "encroached": 1, "area_m2": 85.413866089328366, "area_feddan": 0.020332616670831329, "patch_id": "KED-ENCR-0043", "mean_carbon_potential": 12.179274833669689, "rank": 160, "centroid_lat": 31.139874745183079, "centroid_lon": 30.116513973513019, "relative_carbon_loss_share_pct": 0.0015829155818527464, "size_class": "Small (<500 m²)" }, "geometry": { "type": "Polygon", "coordinates": [ [ [ 30.116469057749018, 31.139829829417977 ], [ 30.116558889277428, 31.139829829417977 ], [ 30.116558889277428, 31.13991966094639 ], [ 30.116469057749018, 31.13991966094639 ], [ 30.116469057749018, 31.139829829417977 ] ] ] } },
{ "type": "Feature", "properties": { "count": 1, "encroached": 1, "area_m2": 85.413776123785297, "area_feddan": 0.020332595254696165, "patch_id": "KED-ENCR-0032", "mean_carbon_potential": 21.304491224109391, "rank": 161, "centroid_lat": 31.140144239768329, "centroid_lon": 30.115166500586838, "relative_carbon_loss_share_pct": 0.0027688984822437767, "size_class": "Small (<500 m²)" }, "geometry": { "type": "Polygon", "coordinates": [ [ [ 30.115121584822838, 31.140099324003213 ], [ 30.115211416351251, 31.140099324003213 ], [ 30.115211416351251, 31.140189155531623 ], [ 30.115121584822838, 31.140189155531623 ], [ 30.115121584822838, 31.140099324003213 ] ] ] } },
{ "type": "Feature", "properties": { "count": 1, "encroached": 1, "area_m2": 85.413585013680617, "area_feddan": 0.020332549761280655, "patch_id": "KED-ENCR-0164", "mean_carbon_potential": 1.5724674285935585, "rank": 162, "centroid_lat": 31.138527272256919, "centroid_lon": 30.1298988712464, "relative_carbon_loss_share_pct": 0.00020436972132741529, "size_class": "Small (<500 m²)" }, "geometry": { "type": "Polygon", "coordinates": [ [ [ 30.1298539554824, 31.138482356491796 ], [ 30.129943787010809, 31.138482356491796 ], [ 30.129943787010809, 31.138572188020209 ], [ 30.1298539554824, 31.138572188020209 ], [ 30.1298539554824, 31.138482356491796 ] ] ] } },
{ "type": "Feature", "properties": { "count": 1, "encroached": 1, "area_m2": 85.412459328015714, "area_feddan": 0.02033228179383972, "patch_id": "KED-ENCR-0151", "mean_carbon_potential": 1.0441539340151158, "rank": 163, "centroid_lat": 31.13996457671151, "centroid_lon": 30.128551398320219, "relative_carbon_loss_share_pct": 0.00013570432829006747, "size_class": "Small (<500 m²)" }, "geometry": { "type": "Polygon", "coordinates": [ [ [ 30.128506482556219, 31.13991966094639 ], [ 30.128596314084632, 31.13991966094639 ], [ 30.128596314084632, 31.1400094924748 ], [ 30.128506482556219, 31.1400094924748 ], [ 30.128506482556219, 31.13991966094639 ] ] ] } },
{ "type": "Feature", "properties": { "count": 1, "encroached": 1, "area_m2": 85.411930560813801, "area_feddan": 0.020332155921761606, "patch_id": "KED-ENCR-0134", "mean_carbon_potential": 10.905421948703125, "rank": 164, "centroid_lat": 31.140773060467211, "centroid_lon": 30.126844599280396, "relative_carbon_loss_share_pct": 0.0014173233948430429, "size_class": "Small (<500 m²)" }, "geometry": { "type": "Polygon", "coordinates": [ [ [ 30.126799683516392, 31.140728144702095 ], [ 30.126889515044805, 31.140728144702095 ], [ 30.126889515044805, 31.140817976230508 ], [ 30.126799683516392, 31.140817976230508 ], [ 30.126799683516392, 31.140728144702095 ] ] ] } },
{ "type": "Feature", "properties": { "count": 1, "encroached": 1, "area_m2": 85.411710973314825, "area_feddan": 0.020332103649353776, "patch_id": "KED-ENCR-0127", "mean_carbon_potential": 41.829952554124944, "rank": 165, "centroid_lat": 31.141132386580875, "centroid_lon": 30.125946283996278, "relative_carbon_loss_share_pct": 0.0054364166941726867, "size_class": "Small (<500 m²)" }, "geometry": { "type": "Polygon", "coordinates": [ [ [ 30.125901368232274, 31.141087470815744 ], [ 30.125991199760684, 31.141087470815744 ], [ 30.125991199760684, 31.141177302344154 ], [ 30.125901368232274, 31.141177302344154 ], [ 30.125901368232274, 31.141087470815744 ] ] ] } },
{ "type": "Feature", "properties": { "count": 1, "encroached": 1, "area_m2": 85.41165885931008, "area_feddan": 0.020332091243709001, "patch_id": "KED-ENCR-0087", "mean_carbon_potential": 1.8591221646683671, "rank": 166, "centroid_lat": 31.141671375751322, "centroid_lon": 30.122083528274562, "relative_carbon_loss_share_pct": 0.0002416200829456532, "size_class": "Small (<500 m²)" }, "geometry": { "type": "Polygon", "coordinates": [ [ [ 30.122038612510558, 31.141626459986217 ], [ 30.122128444038971, 31.141626459986217 ], [ 30.122128444038971, 31.141716291514626 ], [ 30.122038612510558, 31.141716291514626 ], [ 30.122038612510558, 31.141626459986217 ] ] ] } },
{ "type": "Feature", "properties": { "count": 1, "encroached": 1, "area_m2": 85.411632911863606, "area_feddan": 0.020332085066966196, "patch_id": "KED-ENCR-0148", "mean_carbon_potential": 76.985742773970571, "rank": 167, "centroid_lat": 31.140952723524045, "centroid_lon": 30.128102240678167, "relative_carbon_loss_share_pct": 0.01000541882467215, "size_class": "Small (<500 m²)" }, "geometry": { "type": "Polygon", "coordinates": [ [ [ 30.12805732491416, 31.140907807758921 ], [ 30.128147156442573, 31.140907807758921 ], [ 30.128147156442573, 31.140997639287331 ], [ 30.12805732491416, 31.140997639287331 ], [ 30.12805732491416, 31.140907807758921 ] ] ] } },
{ "type": "Feature", "properties": { "count": 1, "encroached": 1, "area_m2": 85.410776795614353, "area_feddan": 0.020331881270038148, "patch_id": "KED-ENCR-0146", "mean_carbon_potential": 77.47524402174929, "rank": 168, "centroid_lat": 31.141940870336565, "centroid_lon": 30.127922577621341, "relative_carbon_loss_share_pct": 0.010068935716887021, "size_class": "Small (<500 m²)" }, "geometry": { "type": "Polygon", "coordinates": [ [ [ 30.127877661857337, 31.141895954571453 ], [ 30.127967493385746, 31.141895954571453 ], [ 30.127967493385746, 31.141985786099863 ], [ 30.127877661857337, 31.141985786099863 ], [ 30.127877661857337, 31.141895954571453 ] ] ] } },
{ "type": "Feature", "properties": { "count": 1, "encroached": 1, "area_m2": 85.410592859504803, "area_feddan": 0.02033183748437923, "patch_id": "KED-ENCR-0059", "mean_carbon_potential": 60.049328957610371, "rank": 169, "centroid_lat": 31.143108680205913, "centroid_lon": 30.120197066177909, "relative_carbon_loss_share_pct": 0.0078041900822088507, "size_class": "Small (<500 m²)" }, "geometry": { "type": "Polygon", "coordinates": [ [ [ 30.120152150413908, 31.143063764440807 ], [ 30.120241981942318, 31.143063764440807 ], [ 30.120241981942318, 31.143153595969217 ], [ 30.120152150413908, 31.143153595969217 ], [ 30.120152150413908, 31.143063764440807 ] ] ] } },
{ "type": "Feature", "properties": { "count": 1, "encroached": 1, "area_m2": 85.40999044202799, "area_feddan": 0.020331694079986095, "patch_id": "KED-ENCR-0144", "mean_carbon_potential": 97.992867619532277, "rank": 170, "centroid_lat": 31.142839185620698, "centroid_lon": 30.127832746092924, "relative_carbon_loss_share_pct": 0.012735355830176039, "size_class": "Small (<500 m²)" }, "geometry": { "type": "Polygon", "coordinates": [ [ [ 30.127787830328923, 31.142794269855571 ], [ 30.127877661857337, 31.142794269855571 ], [ 30.127877661857337, 31.142884101383984 ], [ 30.127787830328923, 31.142884101383984 ], [ 30.127787830328923, 31.142794269855571 ] ] ] } },
{ "type": "Feature", "properties": { "count": 1, "encroached": 1, "area_m2": 85.40979850648128, "area_feddan": 0.020331648390075601, "patch_id": "KED-ENCR-0115", "mean_carbon_potential": 0.13641065440582195, "rank": 171, "centroid_lat": 31.14355783784799, "centroid_lon": 30.123790327314389, "relative_carbon_loss_share_pct": 1.7728171050810543e-05, "size_class": "Small (<500 m²)" }, "geometry": { "type": "Polygon", "coordinates": [ [ [ 30.123745411550384, 31.143512922082866 ], [ 30.123835243078798, 31.143512922082866 ], [ 30.123835243078798, 31.14360275361128 ], [ 30.123745411550384, 31.14360275361128 ], [ 30.123745411550384, 31.143512922082866 ] ] ] } },
{ "type": "Feature", "properties": { "count": 1, "encroached": 1, "area_m2": 85.409701028877862, "area_feddan": 0.020331625185708031, "patch_id": "KED-ENCR-0135", "mean_carbon_potential": 15.205128183367869, "rank": 172, "centroid_lat": 31.143288343262746, "centroid_lon": 30.126844599280396, "relative_carbon_loss_share_pct": 0.0019760832232091213, "size_class": "Small (<500 m²)" }, "geometry": { "type": "Polygon", "coordinates": [ [ [ 30.126799683516392, 31.14324342749763 ], [ 30.126889515044805, 31.14324342749763 ], [ 30.126889515044805, 31.143333259026043 ], [ 30.126799683516392, 31.143333259026043 ], [ 30.126799683516392, 31.14324342749763 ] ] ] } },
{ "type": "Feature", "properties": { "count": 1, "encroached": 1, "area_m2": 85.409601632462554, "area_feddan": 0.020331601524570753, "patch_id": "KED-ENCR-0136", "mean_carbon_potential": 33.176544267110778, "rank": 173, "centroid_lat": 31.143378174791163, "centroid_lon": 30.127024262337216, "relative_carbon_loss_share_pct": 0.004311672709627885, "size_class": "Small (<500 m²)" }, "geometry": { "type": "Polygon", "coordinates": [ [ [ 30.126979346573215, 31.143333259026043 ], [ 30.127069178101628, 31.143333259026043 ], [ 30.127069178101628, 31.143423090554453 ], [ 30.126979346573215, 31.143423090554453 ], [ 30.126979346573215, 31.143333259026043 ] ] ] } },
{ "type": "Feature", "properties": { "count": 1, "encroached": 1, "area_m2": 85.407994000747948, "area_feddan": 0.020331218830742483, "patch_id": "KED-ENCR-0054", "mean_carbon_potential": 5.9177554727791817, "rank": 174, "centroid_lat": 31.146252783700351, "centroid_lon": 30.118490267138082, "relative_carbon_loss_share_pct": 0.00076906576832987995, "size_class": "Small (<500 m²)" }, "geometry": { "type": "Polygon", "coordinates": [ [ [ 30.118445351374081, 31.146207867935225 ], [ 30.118535182902491, 31.146207867935225 ], [ 30.118535182902491, 31.146297699463638 ], [ 30.118445351374081, 31.146297699463638 ], [ 30.118445351374081, 31.146207867935225 ] ] ] } },
{ "type": "Feature", "properties": { "count": 1, "encroached": 1, "area_m2": 85.407844639736723, "area_feddan": 0.020331183275623322, "patch_id": "KED-ENCR-0053", "mean_carbon_potential": 29.007065766137575, "rank": 175, "centroid_lat": 31.146432446757156, "centroid_lon": 30.118400435609672, "relative_carbon_loss_share_pct": 0.0037697235734638333, "size_class": "Small (<500 m²)" }, "geometry": { "type": "Polygon", "coordinates": [ [ [ 30.118355519845668, 31.146387530992047 ], [ 30.118445351374081, 31.146387530992047 ], [ 30.118445351374081, 31.146477362520461 ], [ 30.118355519845668, 31.146477362520461 ], [ 30.118355519845668, 31.146387530992047 ] ] ] } },
{ "type": "Feature", "properties": { "count": 1, "encroached": 1, "area_m2": 85.407286083633068, "area_feddan": 0.020331050312350909, "patch_id": "KED-ENCR-0033", "mean_carbon_potential": 20.933802835639831, "rank": 176, "centroid_lat": 31.147420593569699, "centroid_lon": 30.115525826700484, "relative_carbon_loss_share_pct": 0.002720514187009439, "size_class": "Small (<500 m²)" }, "geometry": { "type": "Polygon", "coordinates": [ [ [ 30.115480910936487, 31.147375677804579 ], [ 30.115570742464897, 31.147375677804579 ], [ 30.115570742464897, 31.147465509332992 ], [ 30.115480910936487, 31.147465509332992 ], [ 30.115480910936487, 31.147375677804579 ] ] ] } },
{ "type": "Feature", "properties": { "count": 1, "encroached": 1, "area_m2": 85.407176649529717, "area_feddan": 0.02033102426176011, "patch_id": "KED-ENCR-0039", "mean_carbon_potential": 4.9144648481849167, "rank": 177, "centroid_lat": 31.147510425098108, "centroid_lon": 30.115795321285727, "relative_carbon_loss_share_pct": 0.00063867297857579512, "size_class": "Small (<500 m²)" }, "geometry": { "type": "Polygon", "coordinates": [ [ [ 30.115750405521723, 31.147465509332992 ], [ 30.115840237050133, 31.147465509332992 ], [ 30.115840237050133, 31.147555340861405 ], [ 30.115750405521723, 31.147555340861405 ], [ 30.115750405521723, 31.147465509332992 ] ] ] } },
{ "type": "Feature", "properties": { "count": 1, "encroached": 1, "area_m2": 85.406997050180522, "area_feddan": 0.020330981508459169, "patch_id": "KED-ENCR-0024", "mean_carbon_potential": 11.262895333419094, "rank": 178, "centroid_lat": 31.147869751211754, "centroid_lon": 30.114537679887956, "relative_carbon_loss_share_pct": 0.0014636978807815474, "size_class": "Small (<500 m²)" }, "geometry": { "type": "Polygon", "coordinates": [ [ [ 30.114492764123955, 31.147824835446642 ], [ 30.114582595652365, 31.147824835446642 ], [ 30.114582595652365, 31.147914666975051 ], [ 30.114492764123955, 31.147914666975051 ], [ 30.114492764123955, 31.147824835446642 ] ] ] } },
{ "type": "Feature", "properties": { "count": 1, "encroached": 1, "area_m2": 85.406857633861193, "area_feddan": 0.020330948320655965, "patch_id": "KED-ENCR-0021", "mean_carbon_potential": 5.2725856250237637, "rank": 179, "centroid_lat": 31.148049414268581, "centroid_lon": 30.11435801683113, "relative_carbon_loss_share_pct": 0.00068521100297113063, "size_class": "Small (<500 m²)" }, "geometry": { "type": "Polygon", "coordinates": [ [ [ 30.114313101067129, 31.148004498503465 ], [ 30.114402932595542, 31.148004498503465 ], [ 30.114402932595542, 31.148094330031874 ], [ 30.114313101067129, 31.148094330031874 ], [ 30.114313101067129, 31.148004498503465 ] ] ] } },
{ "type": "Feature", "properties": { "count": 1, "encroached": 1, "area_m2": 85.405812311866171, "area_feddan": 0.020330699483641607, "patch_id": "KED-ENCR-0022", "mean_carbon_potential": 1.0616351056628919, "rank": 180, "centroid_lat": 31.149217224137935, "centroid_lon": 30.114447848359546, "relative_carbon_loss_share_pct": 0.00013796554553168256, "size_class": "Small (<500 m²)" }, "geometry": { "type": "Polygon", "coordinates": [ [ [ 30.114402932595542, 31.149172308372819 ], [ 30.114492764123955, 31.149172308372819 ], [ 30.114492764123955, 31.149262139901232 ], [ 30.114402932595542, 31.149262139901232 ], [ 30.114402932595542, 31.149172308372819 ] ] ] } },
{ "type": "Feature", "properties": { "count": 1, "encroached": 1, "area_m2": 85.405593456420419, "area_feddan": 0.020330647385497728, "patch_id": "KED-ENCR-0031", "mean_carbon_potential": 0.090911946948702235, "rank": 181, "centroid_lat": 31.149396887194751, "centroid_lon": 30.114986837530019, "relative_carbon_loss_share_pct": 1.181449647629589e-05, "size_class": "Small (<500 m²)" }, "geometry": { "type": "Polygon", "coordinates": [ [ [ 30.114941921766015, 31.149351971429642 ], [ 30.115031753294428, 31.149351971429642 ], [ 30.115031753294428, 31.149441802958055 ], [ 30.114941921766015, 31.149441802958055 ], [ 30.114941921766015, 31.149351971429642 ] ] ] } },
{ "type": "Feature", "properties": { "count": 1, "encroached": 1, "area_m2": 85.404567942152028, "area_feddan": 0.020330403263676949, "patch_id": "KED-ENCR-0029", "mean_carbon_potential": 36.391323546412288, "rank": 182, "centroid_lat": 31.150564697064109, "centroid_lon": 30.114897006001602, "relative_carbon_loss_share_pct": 0.0047291914389384244, "size_class": "Small (<500 m²)" }, "geometry": { "type": "Polygon", "coordinates": [ [ [ 30.114852090237601, 31.150519781299 ], [ 30.114941921766015, 31.150519781299 ], [ 30.114941921766015, 31.150609612827409 ], [ 30.114852090237601, 31.150609612827409 ], [ 30.114852090237601, 31.150519781299 ] ] ] } }
]
}
