road_id,tree_count,liters_per_day_total,liters_per_month_total,road_name
KED-ROAD-00005,2,30.0,900.0,طريق البردلة الرئيسى
KED-ROAD-00006,2,30.0,900.0,طريق البردلة الرئيسى
KED-ROAD-00009,9,135.0,4050.0,شارع 3
KED-ROAD-00010,9,135.0,4050.0,شارع 3
KED-ROAD-00011,6,90.0,2700.0,
KED-ROAD-00012,6,90.0,2700.0,
KED-ROAD-00013,1,15.0,450.0,
KED-ROAD-00014,1,15.0,450.0,
KED-ROAD-00015,9,135.0,4050.0,
KED-ROAD-00016,9,135.0,4050.0,
KED-ROAD-00017,10,150.0,4500.0,شارع الشهيد محمد العطار
KED-ROAD-00018,10,150.0,4500.0,شارع الشهيد محمد العطار
KED-ROAD-00019,2,30.0,900.0,
KED-ROAD-00020,2,30.0,900.0,
KED-ROAD-00021,7,105.0,3150.0,شارع الشهيد محمد العطار
KED-ROAD-00022,7,105.0,3150.0,شارع الشهيد محمد العطار
KED-ROAD-00025,17,255.0,7650.0,شارع مجدي حسنين
KED-ROAD-00026,17,255.0,7650.0,شارع مجدي حسنين
KED-ROAD-00027,2,30.0,900.0,
KED-ROAD-00028,2,30.0,900.0,
KED-ROAD-00033,5,75.0,2250.0,شارع 7
KED-ROAD-00034,5,75.0,2250.0,شارع 7
KED-ROAD-00035,23,345.0,10350.0,شارع سعيد بركات
KED-ROAD-00036,23,345.0,10350.0,شارع سعيد بركات
KED-ROAD-00039,2,30.0,900.0,
KED-ROAD-00040,2,30.0,900.0,
KED-ROAD-00041,4,60.0,1800.0,
KED-ROAD-00042,4,60.0,1800.0,
KED-ROAD-00047,5,75.0,2250.0,طريق ترعه السعرانية
KED-ROAD-00048,5,75.0,2250.0,طريق ترعه السعرانية
KED-ROAD-00049,5,75.0,2250.0,"طريق كفر الدوار, ابو المطامير"
KED-ROAD-00050,5,75.0,2250.0,"طريق كفر الدوار, ابو المطامير"
KED-ROAD-00051,30,450.0,13500.0,طريق ترعه السعرانية
KED-ROAD-00052,30,450.0,13500.0,طريق ترعه السعرانية
KED-ROAD-00053,6,90.0,2700.0,"طريق كفر الدوار, ابو المطامير"
KED-ROAD-00054,6,90.0,2700.0,"طريق كفر الدوار, ابو المطامير"
KED-ROAD-00057,4,60.0,1800.0,
KED-ROAD-00058,4,60.0,1800.0,
KED-ROAD-00063,5,75.0,2250.0,
KED-ROAD-00064,5,75.0,2250.0,
KED-ROAD-00065,2,30.0,900.0,
KED-ROAD-00066,2,30.0,900.0,
KED-ROAD-00067,5,75.0,2250.0,
KED-ROAD-00068,5,75.0,2250.0,
KED-ROAD-00071,2,30.0,900.0,
KED-ROAD-00072,2,30.0,900.0,
KED-ROAD-00073,5,75.0,2250.0,
KED-ROAD-00074,5,75.0,2250.0,
KED-ROAD-00075,2,30.0,900.0,
KED-ROAD-00076,2,30.0,900.0,
KED-ROAD-00077,2,30.0,900.0,
KED-ROAD-00078,2,30.0,900.0,
KED-ROAD-00079,2,30.0,900.0,
KED-ROAD-00080,2,30.0,900.0,
KED-ROAD-00085,2,30.0,900.0,
KED-ROAD-00086,2,30.0,900.0,
KED-ROAD-00087,3,45.0,1350.0,
KED-ROAD-00088,3,45.0,1350.0,
KED-ROAD-00089,2,30.0,900.0,
KED-ROAD-00090,2,30.0,900.0,
KED-ROAD-00091,13,195.0,5850.0,
KED-ROAD-00092,13,195.0,5850.0,
KED-ROAD-00093,3,45.0,1350.0,"طريق كفر الدوار, ابو المطامير"
KED-ROAD-00094,3,45.0,1350.0,"طريق كفر الدوار, ابو المطامير"
KED-ROAD-00095,2,30.0,900.0,"طريق كفر الدوار, ابو المطامير"
KED-ROAD-00096,2,30.0,900.0,"طريق كفر الدوار, ابو المطامير"
KED-ROAD-00097,2,30.0,900.0,"طريق كفر الدوار, ابو المطامير"
KED-ROAD-00098,2,30.0,900.0,"طريق كفر الدوار, ابو المطامير"
KED-ROAD-00099,9,135.0,4050.0,شارع محمد عبيد جنيدي
KED-ROAD-00100,9,135.0,4050.0,شارع محمد عبيد جنيدي
KED-ROAD-00101,2,30.0,900.0,
KED-ROAD-00102,2,30.0,900.0,
KED-ROAD-00103,3,45.0,1350.0,
KED-ROAD-00104,3,45.0,1350.0,
KED-ROAD-00105,2,30.0,900.0,
KED-ROAD-00106,2,30.0,900.0,
KED-ROAD-00107,2,30.0,900.0,
KED-ROAD-00108,2,30.0,900.0,
KED-ROAD-00111,6,90.0,2700.0,شارع المدينه المنورة
KED-ROAD-00112,6,90.0,2700.0,شارع المدينه المنورة
KED-ROAD-00113,18,270.0,8100.0,شارع محمد عامر
KED-ROAD-00114,18,270.0,8100.0,شارع محمد عامر
KED-ROAD-00115,23,345.0,10350.0,شارع 4
KED-ROAD-00116,23,345.0,10350.0,شارع 4
KED-ROAD-00117,4,60.0,1800.0,شارع محمد عبيد جنيدي
KED-ROAD-00118,4,60.0,1800.0,شارع محمد عبيد جنيدي
KED-ROAD-00119,2,30.0,900.0,
KED-ROAD-00120,2,30.0,900.0,
KED-ROAD-00121,2,30.0,900.0,
KED-ROAD-00122,2,30.0,900.0,
KED-ROAD-00123,2,30.0,900.0,
KED-ROAD-00124,2,30.0,900.0,
KED-ROAD-00125,2,30.0,900.0,شارع المدينه المنورة
KED-ROAD-00126,2,30.0,900.0,شارع المدينه المنورة
KED-ROAD-00127,3,45.0,1350.0,شارع المدينه المنورة
KED-ROAD-00128,3,45.0,1350.0,شارع المدينه المنورة
KED-ROAD-00129,4,60.0,1800.0,شارع محمد عبيد جنيدي
KED-ROAD-00130,4,60.0,1800.0,شارع محمد عبيد جنيدي
KED-ROAD-00131,2,30.0,900.0,
KED-ROAD-00132,2,30.0,900.0,
KED-ROAD-00133,4,60.0,1800.0,شارع على مبروك خفاجه
KED-ROAD-00134,4,60.0,1800.0,شارع على مبروك خفاجه
KED-ROAD-00135,1,15.0,450.0,
KED-ROAD-00136,1,15.0,450.0,
KED-ROAD-00137,4,60.0,1800.0,شارع سامى شميسة
KED-ROAD-00138,4,60.0,1800.0,شارع سامى شميسة
KED-ROAD-00139,3,45.0,1350.0,شارع سامى شميسة
KED-ROAD-00140,3,45.0,1350.0,شارع سامى شميسة
KED-ROAD-00141,2,30.0,900.0,
KED-ROAD-00142,2,30.0,900.0,
KED-ROAD-00143,3,45.0,1350.0,شارع على مبروك خفاجه
KED-ROAD-00144,3,45.0,1350.0,شارع على مبروك خفاجه
KED-ROAD-00145,1,15.0,450.0,
KED-ROAD-00146,1,15.0,450.0,
KED-ROAD-00147,2,30.0,900.0,
KED-ROAD-00148,2,30.0,900.0,
KED-ROAD-00149,28,420.0,12600.0,
KED-ROAD-00150,23,345.0,10350.0,
KED-ROAD-00151,2,30.0,900.0,
KED-ROAD-00152,2,30.0,900.0,
KED-ROAD-00153,2,30.0,900.0,شارع دشودي
KED-ROAD-00154,2,30.0,900.0,شارع دشودي
KED-ROAD-00155,19,285.0,8550.0,
KED-ROAD-00158,1,15.0,450.0,شارع المصرف
KED-ROAD-00159,1,15.0,450.0,شارع المصرف
KED-ROAD-00160,2,30.0,900.0,شارع 108
KED-ROAD-00161,13,195.0,5850.0,شارع 100
KED-ROAD-00162,13,195.0,5850.0,شارع 100
KED-ROAD-00163,1,15.0,450.0,شارع المصرف
KED-ROAD-00164,1,15.0,450.0,شارع المصرف
KED-ROAD-00167,2,30.0,900.0,شارع المصرف
KED-ROAD-00168,2,30.0,900.0,شارع المصرف
KED-ROAD-00169,1,15.0,450.0,عطفه المأمون
KED-ROAD-00170,1,15.0,450.0,عطفه المأمون
KED-ROAD-00171,2,30.0,900.0,شارع خليفه
KED-ROAD-00172,2,30.0,900.0,شارع خليفه
KED-ROAD-00173,2,30.0,900.0,شارع 107
KED-ROAD-00174,2,30.0,900.0,شارع 107
KED-ROAD-00177,1,15.0,450.0,شارع محمد متولي الشعراوى
KED-ROAD-00178,1,15.0,450.0,شارع محمد متولي الشعراوى
KED-ROAD-00179,2,30.0,900.0,شارع محمد متولي الشعراوى
KED-ROAD-00180,2,30.0,900.0,شارع محمد متولي الشعراوى
KED-ROAD-00181,5,75.0,2250.0,شارع خليفه
KED-ROAD-00182,5,75.0,2250.0,شارع خليفه
KED-ROAD-00183,5,75.0,2250.0,شارع 107
KED-ROAD-00184,5,75.0,2250.0,شارع 107
KED-ROAD-00185,5,75.0,2250.0,عطفه المأمون
KED-ROAD-00186,5,75.0,2250.0,عطفه المأمون
KED-ROAD-00187,1,15.0,450.0,شارع الوقار
KED-ROAD-00188,1,15.0,450.0,شارع الوقار
KED-ROAD-00189,2,30.0,900.0,شارع الوقار
KED-ROAD-00190,2,30.0,900.0,شارع الوقار
KED-ROAD-00192,3,45.0,1350.0,شارع المصرف
KED-ROAD-00193,3,45.0,1350.0,شارع المصرف
KED-ROAD-00198,6,90.0,2700.0,شارع 103
KED-ROAD-00199,6,90.0,2700.0,شارع 103
KED-ROAD-00200,3,45.0,1350.0,شارع 102
KED-ROAD-00201,3,45.0,1350.0,شارع على مبروك خفاجه
KED-ROAD-00202,3,45.0,1350.0,شارع على مبروك خفاجه
KED-ROAD-00203,4,60.0,1800.0,شارع على مبروك خفاجه
KED-ROAD-00204,4,60.0,1800.0,شارع على مبروك خفاجه
KED-ROAD-00205,6,90.0,2700.0,شارع جلال القلاوى
KED-ROAD-00206,6,90.0,2700.0,شارع جلال القلاوى
KED-ROAD-00207,2,30.0,900.0,
KED-ROAD-00208,2,30.0,900.0,
KED-ROAD-00209,2,30.0,900.0,شارع سامى شميسة
KED-ROAD-00210,2,30.0,900.0,شارع سامى شميسة
KED-ROAD-00211,2,30.0,900.0,"طريق كفر الدوار, ابو المطامير"
KED-ROAD-00212,2,30.0,900.0,"طريق كفر الدوار, ابو المطامير"
KED-ROAD-00213,5,75.0,2250.0,"طريق كفر الدوار, ابو المطامير"
KED-ROAD-00214,5,75.0,2250.0,"طريق كفر الدوار, ابو المطامير"
KED-ROAD-00215,4,60.0,1800.0,شارع دشودي
KED-ROAD-00216,4,60.0,1800.0,شارع دشودي
KED-ROAD-00219,4,60.0,1800.0,"طريق كفر الدوار, ابو المطامير"
KED-ROAD-00220,4,60.0,1800.0,"طريق كفر الدوار, ابو المطامير"
KED-ROAD-00221,11,165.0,4950.0,"طريق كفر الدوار, ابو المطامير"
KED-ROAD-00222,11,165.0,4950.0,"طريق كفر الدوار, ابو المطامير"
KED-ROAD-00223,6,90.0,2700.0,"طريق كفر الدوار, ابو المطامير"
KED-ROAD-00224,6,90.0,2700.0,"طريق كفر الدوار, ابو المطامير"
KED-ROAD-00225,17,255.0,7650.0,
KED-ROAD-00226,17,255.0,7650.0,
KED-ROAD-00227,10,150.0,4500.0,شارع السلام
KED-ROAD-00228,10,150.0,4500.0,شارع السلام
KED-ROAD-00229,10,150.0,4500.0,شارع محمد سعد ابو مضاوي
KED-ROAD-00230,10,150.0,4500.0,شارع محمد سعد ابو مضاوي
KED-ROAD-00231,2,30.0,900.0,
KED-ROAD-00232,2,30.0,900.0,
KED-ROAD-00233,5,75.0,2250.0,شارع دشودي
KED-ROAD-00234,5,75.0,2250.0,شارع دشودي
KED-ROAD-00235,4,60.0,1800.0,شارع دشودي
KED-ROAD-00236,4,60.0,1800.0,شارع دشودي
KED-ROAD-00237,4,60.0,1800.0,شارع الجيش
KED-ROAD-00239,2,30.0,900.0,شارع المصرف
KED-ROAD-00240,2,30.0,900.0,شارع المصرف
KED-ROAD-00241,6,90.0,2700.0,"طريق كفر الدوار, ابو المطامير"
KED-ROAD-00242,6,90.0,2700.0,"طريق كفر الدوار, ابو المطامير"
KED-ROAD-00243,4,60.0,1800.0,"طريق كفر الدوار, ابو المطامير"
KED-ROAD-00244,4,60.0,1800.0,"طريق كفر الدوار, ابو المطامير"
KED-ROAD-00245,6,90.0,2700.0,
KED-ROAD-00246,4,60.0,1800.0,شارع الجيش
KED-ROAD-00247,4,60.0,1800.0,
KED-ROAD-00249,2,30.0,900.0,شارع الجيش
KED-ROAD-00250,1,15.0,450.0,شارع الجيش
KED-ROAD-00251,4,60.0,1800.0,شارع محمد سعد ابو مضاوي
KED-ROAD-00252,4,60.0,1800.0,شارع محمد سعد ابو مضاوي
KED-ROAD-00253,17,255.0,7650.0,
KED-ROAD-00254,14,210.0,6300.0,
KED-ROAD-00255,1,15.0,450.0,
KED-ROAD-00256,19,285.0,8550.0,
KED-ROAD-00257,19,285.0,8550.0,
KED-ROAD-00258,6,90.0,2700.0,شارع الجيش
KED-ROAD-00259,15,225.0,6750.0,شارع الجيش
KED-ROAD-00261,1,15.0,450.0,شارع المصرف
KED-ROAD-00262,1,15.0,450.0,شارع المصرف
KED-ROAD-00265,2,30.0,900.0,شارع 110
KED-ROAD-00266,2,30.0,900.0,شارع 110
KED-ROAD-00267,2,30.0,900.0,شارع 109
KED-ROAD-00268,2,30.0,900.0,شارع 109
KED-ROAD-00269,1,15.0,450.0,شارع محمد متولي الشعراوى
KED-ROAD-00270,1,15.0,450.0,شارع محمد متولي الشعراوى
KED-ROAD-00273,2,30.0,900.0,
KED-ROAD-00274,1,15.0,450.0,شارع الجيش
KED-ROAD-00277,4,60.0,1800.0,شارع الجيش
KED-ROAD-00278,4,60.0,1800.0,شارع 111
KED-ROAD-00279,4,60.0,1800.0,شارع 111
KED-ROAD-00280,3,45.0,1350.0,شارع الوقار
KED-ROAD-00281,2,30.0,900.0,شارع 108
KED-ROAD-00282,1,15.0,450.0,شارع محمد متولي الشعراوى
KED-ROAD-00283,1,15.0,450.0,شارع محمد متولي الشعراوى
KED-ROAD-00286,4,60.0,1800.0,شارع 110
KED-ROAD-00287,4,60.0,1800.0,شارع 110
KED-ROAD-00288,4,60.0,1800.0,شارع 109
KED-ROAD-00289,4,60.0,1800.0,شارع 109
KED-ROAD-00290,5,75.0,2250.0,شارع 108
KED-ROAD-00291,5,75.0,2250.0,شارع 108
KED-ROAD-00292,1,15.0,450.0,شارع الوقار
KED-ROAD-00293,1,15.0,450.0,شارع الوقار
KED-ROAD-00300,2,30.0,900.0,شارع 41
KED-ROAD-00301,13,195.0,5850.0,
KED-ROAD-00302,13,195.0,5850.0,
KED-ROAD-00305,3,45.0,1350.0,
KED-ROAD-00306,3,45.0,1350.0,
KED-ROAD-00307,9,135.0,4050.0,شارع زاوية عبود
KED-ROAD-00308,9,135.0,4050.0,شارع زاوية عبود
KED-ROAD-00309,11,165.0,4950.0,
KED-ROAD-00310,11,165.0,4950.0,
KED-ROAD-00312,8,120.0,3600.0,شارع الجيش
KED-ROAD-00313,4,60.0,1800.0,شارع الجمهوريه
KED-ROAD-00314,4,60.0,1800.0,شارع الجمهوريه
KED-ROAD-00315,9,135.0,4050.0,شارع الجيش
KED-ROAD-00318,1,15.0,450.0,شارع السيد حسنين
KED-ROAD-00319,1,15.0,450.0,شارع السيد حسنين
KED-ROAD-00320,5,75.0,2250.0,عطفه الجمهوريه
KED-ROAD-00321,5,75.0,2250.0,عطفه الجمهوريه
KED-ROAD-00326,5,75.0,2250.0,
KED-ROAD-00327,5,75.0,2250.0,
KED-ROAD-00328,1,15.0,450.0,عطفه والي
KED-ROAD-00329,1,15.0,450.0,عطفه والي
KED-ROAD-00331,4,60.0,1800.0,شارع الجيش
KED-ROAD-00332,8,120.0,3600.0,شارع الجيش
KED-ROAD-00333,2,30.0,900.0,شارع الجيش
KED-ROAD-00334,3,45.0,1350.0,عطفه السيدة عائشة
KED-ROAD-00335,3,45.0,1350.0,عطفه السيدة عائشة
KED-ROAD-00344,1,15.0,450.0,حارة الشيخ سليم البشري
KED-ROAD-00345,1,15.0,450.0,حارة الشيخ سليم البشري
KED-ROAD-00346,1,15.0,450.0,عطفه والي
KED-ROAD-00347,1,15.0,450.0,عطفه والي
KED-ROAD-00350,2,30.0,900.0,عطفه والي
KED-ROAD-00351,7,105.0,3150.0,شارع صقر
KED-ROAD-00352,7,105.0,3150.0,شارع صقر
KED-ROAD-00353,6,90.0,2700.0,شارع مصطفى كامل
KED-ROAD-00354,6,90.0,2700.0,شارع مصطفى كامل
KED-ROAD-00355,6,90.0,2700.0,شارع الجيش
KED-ROAD-00361,2,30.0,900.0,عطفه والي
KED-ROAD-00362,7,105.0,3150.0,عطفه السيدة عائشة
KED-ROAD-00363,7,105.0,3150.0,عطفه السيدة عائشة
KED-ROAD-00364,14,210.0,6300.0,حارة الرفاعى
KED-ROAD-00365,14,210.0,6300.0,حارة الرفاعى
KED-ROAD-00366,12,180.0,5400.0,حارة الشيخ سليم البشري
KED-ROAD-00367,12,180.0,5400.0,حارة الشيخ سليم البشري
KED-ROAD-00368,7,105.0,3150.0,شارع صقر
KED-ROAD-00369,7,105.0,3150.0,شارع صقر
KED-ROAD-00370,2,30.0,900.0,
KED-ROAD-00372,1,15.0,450.0,شارع التراث
KED-ROAD-00373,1,15.0,450.0,شارع التراث
KED-ROAD-00374,2,30.0,900.0,عطفه والي
KED-ROAD-00375,2,30.0,900.0,عطفه والي
KED-ROAD-00376,1,15.0,450.0,شارع الخير
KED-ROAD-00377,1,15.0,450.0,شارع الخير
KED-ROAD-00378,2,30.0,900.0,
KED-ROAD-00379,2,30.0,900.0,
KED-ROAD-00381,2,30.0,900.0,
KED-ROAD-00382,4,60.0,1800.0,عطفه السيدة عائشة
KED-ROAD-00383,4,60.0,1800.0,عطفه السيدة عائشة
KED-ROAD-00384,9,135.0,4050.0,شارع الانوار
KED-ROAD-00385,9,135.0,4050.0,شارع الانوار
KED-ROAD-00387,2,30.0,900.0,شارع صقر
KED-ROAD-00388,2,30.0,900.0,شارع صقر
KED-ROAD-00389,1,15.0,450.0,حارة نهضة مصر
KED-ROAD-00390,1,15.0,450.0,حارة نهضة مصر
KED-ROAD-00392,9,135.0,4050.0,شارع مصطفى كامل
KED-ROAD-00393,9,135.0,4050.0,شارع مصطفى كامل
KED-ROAD-00394,2,30.0,900.0,عطفه والي
KED-ROAD-00395,2,30.0,900.0,عطفه والي
KED-ROAD-00396,2,30.0,900.0,شارع الخير
KED-ROAD-00397,2,30.0,900.0,شارع الخير
KED-ROAD-00398,9,135.0,4050.0,شارع الجيش
KED-ROAD-00402,2,30.0,900.0,شارع الجيش
KED-ROAD-00406,2,30.0,900.0,شارع المعز
KED-ROAD-00407,2,30.0,900.0,شارع المعز
KED-ROAD-00408,2,30.0,900.0,شارع داير البندر
KED-ROAD-00409,2,30.0,900.0,شارع داير البندر
KED-ROAD-00410,2,30.0,900.0,حارة النجوم
KED-ROAD-00411,3,45.0,1350.0,شارع الوقار
KED-ROAD-00412,1,15.0,450.0,شارع الوقار
KED-ROAD-00413,1,15.0,450.0,شارع الوقار
KED-ROAD-00416,2,30.0,900.0,حارة الياقوت
KED-ROAD-00417,2,30.0,900.0,حارة الياقوت
KED-ROAD-00420,2,30.0,900.0,شارع 38
KED-ROAD-00421,2,30.0,900.0,حارة النجوم
KED-ROAD-00422,2,30.0,900.0,شارع 36
KED-ROAD-00423,2,30.0,900.0,شارع 36
KED-ROAD-00424,3,45.0,1350.0,شارع عبد الله نديم
KED-ROAD-00425,3,45.0,1350.0,شارع عبد الله نديم
KED-ROAD-00430,1,15.0,450.0,شارع داير البندر
KED-ROAD-00431,2,30.0,900.0,شارع 41
KED-ROAD-00436,2,30.0,900.0,حارة النجوم
KED-ROAD-00437,2,30.0,900.0,حارة النجوم
KED-ROAD-00440,2,30.0,900.0,
KED-ROAD-00441,2,30.0,900.0,شارع 38
KED-ROAD-00442,1,15.0,450.0,حارة النجوم
KED-ROAD-00443,1,15.0,450.0,حارة النجوم
KED-ROAD-00446,2,30.0,900.0,شارع فلسطين
KED-ROAD-00447,2,30.0,900.0,شارع فلسطين
KED-ROAD-00451,1,15.0,450.0,شارع داير البندر
KED-ROAD-00454,2,30.0,900.0,شارع المعز
KED-ROAD-00455,2,30.0,900.0,شارع المعز
KED-ROAD-00460,3,45.0,1350.0,شارع 23
KED-ROAD-00461,3,45.0,1350.0,شارع 23
KED-ROAD-00472,2,30.0,900.0,شارع 37
KED-ROAD-00473,2,30.0,900.0,شارع 37
KED-ROAD-00474,1,15.0,450.0,شارع داير البندر
KED-ROAD-00475,1,15.0,450.0,شارع داير البندر
KED-ROAD-00480,1,15.0,450.0,شارع داير البندر
KED-ROAD-00481,2,30.0,900.0,
KED-ROAD-00482,2,30.0,900.0,حارة النجوم
KED-ROAD-00483,2,30.0,900.0,حارة النجوم
KED-ROAD-00486,2,30.0,900.0,شارع 41
KED-ROAD-00487,2,30.0,900.0,شارع 41
KED-ROAD-00488,1,15.0,450.0,حارة النجوم
KED-ROAD-00489,1,15.0,450.0,حارة النجوم
KED-ROAD-00496,3,45.0,1350.0,شارع 44
KED-ROAD-00497,3,45.0,1350.0,شارع 44
KED-ROAD-00498,4,60.0,1800.0,شارع عثمان بن عفان
KED-ROAD-00499,4,60.0,1800.0,شارع عثمان بن عفان
KED-ROAD-00500,8,120.0,3600.0,شارع ابو بكر الصديق
KED-ROAD-00501,1,15.0,450.0,شارع داير البندر
KED-ROAD-00502,1,15.0,450.0,شارع عبد الله نديم
KED-ROAD-00503,1,15.0,450.0,شارع عبد الله نديم
KED-ROAD-00504,3,45.0,1350.0,شارع فلسطين
KED-ROAD-00505,3,45.0,1350.0,شارع فلسطين
KED-ROAD-00508,1,15.0,450.0,شارع عبد الله نديم
KED-ROAD-00509,1,15.0,450.0,شارع عبد الله نديم
KED-ROAD-00510,4,60.0,1800.0,شارع 40
KED-ROAD-00511,8,120.0,3600.0,شارع ابو بكر الصديق
KED-ROAD-00512,4,60.0,1800.0,شارع 70
KED-ROAD-00513,4,60.0,1800.0,شارع 70
KED-ROAD-00516,3,45.0,1350.0,شارع الجمهوريه
KED-ROAD-00517,3,45.0,1350.0,شارع الجمهوريه
KED-ROAD-00520,5,75.0,2250.0,شارع ابو بكر الصديق
KED-ROAD-00522,2,30.0,900.0,شارع الجنة
KED-ROAD-00523,2,30.0,900.0,شارع الجنة
KED-ROAD-00526,2,30.0,900.0,عطفه المأمون
KED-ROAD-00527,2,30.0,900.0,عطفه المأمون
KED-ROAD-00528,2,30.0,900.0,شارع داير البندر
KED-ROAD-00529,2,30.0,900.0,شارع داير البندر
KED-ROAD-00530,4,60.0,1800.0,شارع الجنة
KED-ROAD-00531,4,60.0,1800.0,شارع 40
KED-ROAD-00534,4,60.0,1800.0,شارع 41
KED-ROAD-00535,4,60.0,1800.0,شارع 41
KED-ROAD-00536,7,105.0,3150.0,حارة شاكر
KED-ROAD-00537,7,105.0,3150.0,حارة شاكر
KED-ROAD-00538,1,15.0,450.0,شارع عثمان بن عفان
KED-ROAD-00539,1,15.0,450.0,شارع عثمان بن عفان
KED-ROAD-00541,4,60.0,1800.0,شارع الجنة
KED-ROAD-00546,7,105.0,3150.0,عطفه المأمون
KED-ROAD-00547,7,105.0,3150.0,عطفه المأمون
KED-ROAD-00548,7,105.0,3150.0,شارع الحسين
KED-ROAD-00549,7,105.0,3150.0,شارع الحسين
KED-ROAD-00550,1,15.0,450.0,شارع عثمان بن عفان
KED-ROAD-00561,5,75.0,2250.0,شارع ابو بكر الصديق
KED-ROAD-00562,5,75.0,2250.0,شارع 50
KED-ROAD-00563,5,75.0,2250.0,شارع 50
KED-ROAD-00564,8,120.0,3600.0,حارة النصر
KED-ROAD-00565,8,120.0,3600.0,حارة النصر
KED-ROAD-00566,8,120.0,3600.0,شارع الجمهوريه
KED-ROAD-00567,8,120.0,3600.0,شارع الجمهوريه
KED-ROAD-00571,2,30.0,900.0,شارع عثمان بن عفان
KED-ROAD-00572,2,30.0,900.0,شارع عثمان بن عفان
KED-ROAD-00573,9,135.0,4050.0,شارع ابو بكر الصديق
KED-ROAD-00574,9,135.0,4050.0,شارع ابو بكر الصديق
KED-ROAD-00575,9,135.0,4050.0,شارع عمر شاهين
KED-ROAD-00576,9,135.0,4050.0,شارع عمر شاهين
KED-ROAD-00577,10,150.0,4500.0,شارع الوحدة العربية
KED-ROAD-00578,10,150.0,4500.0,شارع الوحدة العربية
KED-ROAD-00579,1,15.0,450.0,
KED-ROAD-00580,1,15.0,450.0,
KED-ROAD-00581,1,15.0,450.0,زقاق الشهيد احمد المنسى
KED-ROAD-00582,1,15.0,450.0,زقاق الشهيد احمد المنسى
KED-ROAD-00591,1,15.0,450.0,شارع عثمان بن عفان
KED-ROAD-00603,2,30.0,900.0,شارع محمد متولي الشعراوى
KED-ROAD-00604,2,30.0,900.0,شارع محمد متولي الشعراوى
KED-ROAD-00607,5,75.0,2250.0,شارع 105
KED-ROAD-00608,5,75.0,2250.0,شارع 105
KED-ROAD-00609,4,60.0,1800.0,شارع مسجد الشهداء
KED-ROAD-00610,4,60.0,1800.0,شارع مسجد الشهداء
KED-ROAD-00611,1,15.0,450.0,شارع الوقار
KED-ROAD-00612,1,15.0,450.0,شارع الوقار
KED-ROAD-00613,6,90.0,2700.0,شارع الجنة
KED-ROAD-00614,6,90.0,2700.0,شارع الجنة
KED-ROAD-00615,6,90.0,2700.0,عطفه المأمون
KED-ROAD-00616,6,90.0,2700.0,عطفه المأمون
KED-ROAD-00617,2,30.0,900.0,
KED-ROAD-00618,2,30.0,900.0,
KED-ROAD-00619,1,15.0,450.0,
KED-ROAD-00620,1,15.0,450.0,
KED-ROAD-00627,6,90.0,2700.0,شارع الوقار
KED-ROAD-00628,6,90.0,2700.0,شارع الوقار
KED-ROAD-00629,13,195.0,5850.0,عطفه الشهداء
KED-ROAD-00630,13,195.0,5850.0,عطفه الشهداء
KED-ROAD-00631,3,45.0,1350.0,شارع 102
KED-ROAD-00632,3,45.0,1350.0,شارع المقابر
KED-ROAD-00633,3,45.0,1350.0,شارع المقابر
KED-ROAD-00634,1,15.0,450.0,
KED-ROAD-00635,1,15.0,450.0,
KED-ROAD-00636,2,30.0,900.0,شارع 35
KED-ROAD-00637,2,30.0,900.0,شارع 35
KED-ROAD-00638,2,30.0,900.0,شارع إسماعيل شحاتة
KED-ROAD-00639,2,30.0,900.0,شارع إسماعيل شحاتة
KED-ROAD-00640,1,15.0,450.0,شارع إسماعيل شحاتة
KED-ROAD-00643,4,60.0,1800.0,شارع الحسين
KED-ROAD-00644,4,60.0,1800.0,شارع الحسين
KED-ROAD-00645,5,75.0,2250.0,شارع الوقار
KED-ROAD-00646,5,75.0,2250.0,شارع الوقار
KED-ROAD-00649,1,15.0,450.0,شارع داير البندر
KED-ROAD-00650,1,15.0,450.0,شارع داير البندر
KED-ROAD-00651,2,30.0,900.0,عطفه الشهداء
KED-ROAD-00652,2,30.0,900.0,عطفه الشهداء
KED-ROAD-00653,6,90.0,2700.0,شارع الوقار
KED-ROAD-00654,6,90.0,2700.0,شارع الوقار
KED-ROAD-00655,3,45.0,1350.0,شارع 2
KED-ROAD-00656,3,45.0,1350.0,شارع 2
KED-ROAD-00657,2,30.0,900.0,عطفه الشهداء
KED-ROAD-00658,2,30.0,900.0,عطفه الشهداء
KED-ROAD-00661,8,120.0,3600.0,
KED-ROAD-00662,8,120.0,3600.0,
KED-ROAD-00665,2,30.0,900.0,شارع 2
KED-ROAD-00666,2,30.0,900.0,شارع 2
KED-ROAD-00671,1,15.0,450.0,حارة ذكى مبارك
KED-ROAD-00672,1,15.0,450.0,حارة ذكى مبارك
KED-ROAD-00673,3,45.0,1350.0,حارة ذكى مبارك
KED-ROAD-00674,3,45.0,1350.0,حارة ذكى مبارك
KED-ROAD-00675,2,30.0,900.0,حارة ضياء الدين
KED-ROAD-00676,2,30.0,900.0,حارة ضياء الدين
KED-ROAD-00677,2,30.0,900.0,شارع إسماعيل شحاتة
KED-ROAD-00678,2,30.0,900.0,شارع إسماعيل شحاتة
KED-ROAD-00679,3,45.0,1350.0,شارع ابو بكر الصديق
KED-ROAD-00680,3,45.0,1350.0,شارع ابو بكر الصديق
KED-ROAD-00681,2,30.0,900.0,شارع إسماعيل شحاتة
KED-ROAD-00682,2,30.0,900.0,شارع إسماعيل شحاتة
KED-ROAD-00685,4,60.0,1800.0,شارع السد العالى
KED-ROAD-00686,4,60.0,1800.0,شارع السد العالى
KED-ROAD-00687,2,30.0,900.0,
KED-ROAD-00688,2,30.0,900.0,
KED-ROAD-00691,2,30.0,900.0,شارع ابو بكر الصديق
KED-ROAD-00692,3,45.0,1350.0,شارع الوحدة العربية
KED-ROAD-00693,3,45.0,1350.0,شارع الوحدة العربية
KED-ROAD-00698,7,105.0,3150.0,شارع الوحدة العربية
KED-ROAD-00699,7,105.0,3150.0,شارع الوحدة العربية
KED-ROAD-00700,9,135.0,4050.0,شارع عمر مكرم
KED-ROAD-00703,1,15.0,450.0,حارة نهضة مصر
KED-ROAD-00704,1,15.0,450.0,حارة نهضة مصر
KED-ROAD-00711,11,165.0,4950.0,شارع امين غانم
KED-ROAD-00712,11,165.0,4950.0,شارع امين غانم
KED-ROAD-00713,2,30.0,900.0,شارع التراث
KED-ROAD-00714,2,30.0,900.0,شارع التراث
KED-ROAD-00715,2,30.0,900.0,شارع محمد الصاوى
KED-ROAD-00716,2,30.0,900.0,شارع محمد الصاوى
KED-ROAD-00717,5,75.0,2250.0,شارع الخير
KED-ROAD-00718,5,75.0,2250.0,شارع الخير
KED-ROAD-00719,1,15.0,450.0,شارع التراث
KED-ROAD-00720,1,15.0,450.0,شارع التراث
KED-ROAD-00729,2,30.0,900.0,شارع خفاجه
KED-ROAD-00730,2,30.0,900.0,شارع خفاجه
KED-ROAD-00731,41,615.0,18450.0,شارع الجيش
KED-ROAD-00732,1,15.0,450.0,
KED-ROAD-00733,1,15.0,450.0,
KED-ROAD-00734,2,30.0,900.0,
KED-ROAD-00735,2,30.0,900.0,
KED-ROAD-00736,11,165.0,4950.0,شارع امين غانم
KED-ROAD-00737,11,165.0,4950.0,شارع امين غانم
KED-ROAD-00738,15,225.0,6750.0,شارع الجيش
KED-ROAD-00739,8,120.0,3600.0,عطفه والي
KED-ROAD-00740,8,120.0,3600.0,عطفه والي
KED-ROAD-00741,1,15.0,450.0,
KED-ROAD-00742,1,15.0,450.0,
KED-ROAD-00751,11,165.0,4950.0,عطفه والي
KED-ROAD-00752,11,165.0,4950.0,عطفه والي
KED-ROAD-00753,6,90.0,2700.0,شارع محمد الصاوى
KED-ROAD-00754,6,90.0,2700.0,شارع محمد الصاوى
KED-ROAD-00755,2,30.0,900.0,شارع خفاجه
KED-ROAD-00756,2,30.0,900.0,شارع خفاجه
KED-ROAD-00757,2,30.0,900.0,شارع التراث
KED-ROAD-00758,2,30.0,900.0,شارع التراث
KED-ROAD-00759,6,90.0,2700.0,عطفه الشاذلى
KED-ROAD-00760,6,90.0,2700.0,عطفه الشاذلى
KED-ROAD-00761,3,45.0,1350.0,شارع الخير
KED-ROAD-00762,3,45.0,1350.0,شارع الخير
KED-ROAD-00763,2,30.0,900.0,عطفه جلال الدسوقي
KED-ROAD-00764,2,30.0,900.0,عطفه جلال الدسوقي
KED-ROAD-00765,2,30.0,900.0,شارع مصطفى كامل
KED-ROAD-00766,2,30.0,900.0,شارع مصطفى كامل
KED-ROAD-00769,2,30.0,900.0,شارع الانوار
KED-ROAD-00770,2,30.0,900.0,شارع الانوار
KED-ROAD-00771,2,30.0,900.0,شارع ابو عجوز
KED-ROAD-00772,2,30.0,900.0,شارع ابو عجوز
KED-ROAD-00773,2,30.0,900.0,شارع خفاجه
KED-ROAD-00774,2,30.0,900.0,شارع خفاجه
KED-ROAD-00775,2,30.0,900.0,شارع التراث
KED-ROAD-00776,2,30.0,900.0,شارع التراث
KED-ROAD-00781,2,30.0,900.0,عطفه جلال الدسوقي
KED-ROAD-00782,2,30.0,900.0,عطفه جلال الدسوقي
KED-ROAD-00783,2,30.0,900.0,شارع الخير
KED-ROAD-00784,2,30.0,900.0,شارع الخير
KED-ROAD-00785,2,30.0,900.0,شارع الجواهر
KED-ROAD-00786,2,30.0,900.0,شارع الجواهر
KED-ROAD-00787,2,30.0,900.0,شارع مصطفى كامل
KED-ROAD-00788,2,30.0,900.0,شارع مصطفى كامل
KED-ROAD-00791,2,30.0,900.0,شارع السبكى
KED-ROAD-00792,2,30.0,900.0,شارع السبكى
KED-ROAD-00793,1,15.0,450.0,شارع الشاذلى
KED-ROAD-00794,1,15.0,450.0,شارع الشاذلى
KED-ROAD-00795,2,30.0,900.0,شارع خفاجه
KED-ROAD-00796,2,30.0,900.0,شارع خفاجه
KED-ROAD-00797,2,30.0,900.0,شارع الجميل
KED-ROAD-00798,2,30.0,900.0,شارع الجميل
KED-ROAD-00799,2,30.0,900.0,
KED-ROAD-00800,2,30.0,900.0,
KED-ROAD-00804,5,75.0,2250.0,شارع ابو بكر الصديق
KED-ROAD-00805,5,75.0,2250.0,شارع ابو بكر الصديق
KED-ROAD-00808,5,75.0,2250.0,شارع عمر شاهين
KED-ROAD-00809,5,75.0,2250.0,شارع عمر شاهين
KED-ROAD-00810,2,30.0,900.0,شارع ابو بكر الصديق
KED-ROAD-00811,13,195.0,5850.0,شارع عمر مكرم
KED-ROAD-00812,13,195.0,5850.0,شارع عمر مكرم
KED-ROAD-00815,9,135.0,4050.0,شارع الاعراب
KED-ROAD-00816,9,135.0,4050.0,شارع الاعراب
KED-ROAD-00824,7,105.0,3150.0,
KED-ROAD-00825,7,105.0,3150.0,
KED-ROAD-00826,4,60.0,1800.0,شارع الجمهوريه
KED-ROAD-00827,4,60.0,1800.0,شارع الجمهوريه
KED-ROAD-00828,2,30.0,900.0,
KED-ROAD-00829,2,30.0,900.0,
KED-ROAD-00830,3,45.0,1350.0,
KED-ROAD-00831,3,45.0,1350.0,
KED-ROAD-00832,6,90.0,2700.0,شارع العرفان
KED-ROAD-00833,6,90.0,2700.0,شارع صقر
KED-ROAD-00834,1,15.0,450.0,شارع الجمهوريه
KED-ROAD-00835,1,15.0,450.0,شارع الجمهوريه
KED-ROAD-00836,6,90.0,2700.0,شارع الاعراب
KED-ROAD-00837,6,90.0,2700.0,شارع الاعراب
KED-ROAD-00841,3,45.0,1350.0,شارع عمر مكرم
KED-ROAD-00842,3,45.0,1350.0,شارع عمر مكرم
KED-ROAD-00845,6,90.0,2700.0,شارع الساعه
KED-ROAD-00846,6,90.0,2700.0,شارع الساعه
KED-ROAD-00849,6,90.0,2700.0,شارع سعد زغلول
KED-ROAD-00850,6,90.0,2700.0,شارع سعد زغلول
KED-ROAD-00851,6,90.0,2700.0,شارع نبيل منصور
KED-ROAD-00852,6,90.0,2700.0,شارع نبيل منصور
KED-ROAD-00853,6,90.0,2700.0,شارع محمد عبده
KED-ROAD-00854,6,90.0,2700.0,شارع محمد عبده
KED-ROAD-00859,9,135.0,4050.0,شارع 1
KED-ROAD-00860,9,135.0,4050.0,شارع 1
KED-ROAD-00870,6,90.0,2700.0,شارع المدينه
KED-ROAD-00871,6,90.0,2700.0,شارع المدينه
KED-ROAD-00872,2,30.0,900.0,شارع مصطفى كامل
KED-ROAD-00873,2,30.0,900.0,شارع مصطفى كامل
KED-ROAD-00874,5,75.0,2250.0,شارع زين العابدين
KED-ROAD-00875,5,75.0,2250.0,شارع زين العابدين
KED-ROAD-00878,2,30.0,900.0,شارع المدينه
KED-ROAD-00879,2,30.0,900.0,شارع المدينه
KED-ROAD-00885,2,30.0,900.0,شارع نبيل منصور
KED-ROAD-00886,2,30.0,900.0,شارع نبيل منصور
KED-ROAD-00889,3,45.0,1350.0,شارع محمد عبده
KED-ROAD-00890,3,45.0,1350.0,شارع محمد عبده
KED-ROAD-00891,9,135.0,4050.0,شارع عمر مكرم
KED-ROAD-00892,10,150.0,4500.0,شارع غزه
KED-ROAD-00893,10,150.0,4500.0,شارع غزه
KED-ROAD-00894,1,15.0,450.0,
KED-ROAD-00895,1,15.0,450.0,
KED-ROAD-00896,2,30.0,900.0,شارع إسماعيل شحاتة
KED-ROAD-00897,2,30.0,900.0,شارع إسماعيل شحاتة
KED-ROAD-00898,2,30.0,900.0,
KED-ROAD-00899,2,30.0,900.0,
KED-ROAD-00900,5,75.0,2250.0,
KED-ROAD-00901,2,30.0,900.0,شارع التراث
KED-ROAD-00902,2,30.0,900.0,شارع التراث
KED-ROAD-00903,2,30.0,900.0,شارع الجواهر
KED-ROAD-00904,2,30.0,900.0,شارع الجواهر
KED-ROAD-00905,2,30.0,900.0,شارع الخير
KED-ROAD-00906,2,30.0,900.0,شارع الخير
KED-ROAD-00907,2,30.0,900.0,شارع العرفان
KED-ROAD-00908,2,30.0,900.0,شارع العرفان
KED-ROAD-00909,2,30.0,900.0,شارع الاعراب
KED-ROAD-00910,2,30.0,900.0,شارع الاعراب
KED-ROAD-00911,2,30.0,900.0,عطفه جلال الدسوقي
KED-ROAD-00912,2,30.0,900.0,عطفه جلال الدسوقي
KED-ROAD-00913,8,120.0,3600.0,شارع ابو عجوز
KED-ROAD-00914,8,120.0,3600.0,شارع ابو عجوز
KED-ROAD-00915,3,45.0,1350.0,شارع السبكى
KED-ROAD-00916,3,45.0,1350.0,شارع السبكى
KED-ROAD-00917,1,15.0,450.0,شارع خفاجه
KED-ROAD-00918,1,15.0,450.0,شارع خفاجه
KED-ROAD-00919,2,30.0,900.0,
KED-ROAD-00920,2,30.0,900.0,
KED-ROAD-00923,2,30.0,900.0,شارع التراث
KED-ROAD-00924,2,30.0,900.0,شارع التراث
KED-ROAD-00925,2,30.0,900.0,شارع الجواهر
KED-ROAD-00926,2,30.0,900.0,شارع الجواهر
KED-ROAD-00927,2,30.0,900.0,شارع العرفان
KED-ROAD-00928,2,30.0,900.0,شارع العرفان
KED-ROAD-00929,2,30.0,900.0,شارع الاعراب
KED-ROAD-00930,2,30.0,900.0,شارع الاعراب
KED-ROAD-00931,2,30.0,900.0,عطفه جلال الدسوقي
KED-ROAD-00932,2,30.0,900.0,عطفه جلال الدسوقي
KED-ROAD-00933,2,30.0,900.0,شارع الجميل
KED-ROAD-00934,2,30.0,900.0,شارع الجميل
KED-ROAD-00935,5,75.0,2250.0,شارع الشاذلى
KED-ROAD-00936,5,75.0,2250.0,شارع الشاذلى
KED-ROAD-00937,3,45.0,1350.0,شارع جلال الدسوقي
KED-ROAD-00938,3,45.0,1350.0,شارع جلال الدسوقي
KED-ROAD-00939,3,45.0,1350.0,شارع خفاجه
KED-ROAD-00940,3,45.0,1350.0,شارع خفاجه
KED-ROAD-00941,2,30.0,900.0,شارع الخير
KED-ROAD-00942,2,30.0,900.0,شارع الخير
KED-ROAD-00945,2,30.0,900.0,شارع الجواهر
KED-ROAD-00946,2,30.0,900.0,شارع الجواهر
KED-ROAD-00947,2,30.0,900.0,شارع العرفان
KED-ROAD-00948,2,30.0,900.0,شارع العرفان
KED-ROAD-00949,2,30.0,900.0,شارع الجميل
KED-ROAD-00950,2,30.0,900.0,شارع الجميل
KED-ROAD-00951,3,45.0,1350.0,شارع جلال الدسوقي
KED-ROAD-00952,3,45.0,1350.0,شارع جلال الدسوقي
KED-ROAD-00953,1,15.0,450.0,شارع جلال الدسوقي
KED-ROAD-00954,1,15.0,450.0,شارع جلال الدسوقي
KED-ROAD-00955,4,60.0,1800.0,شارع القاهر
KED-ROAD-00956,4,60.0,1800.0,شارع القاهر
KED-ROAD-00961,2,30.0,900.0,
KED-ROAD-00962,2,30.0,900.0,
KED-ROAD-00963,4,60.0,1800.0,عطفه جلال الدسوقي
KED-ROAD-00964,4,60.0,1800.0,عطفه جلال الدسوقي
KED-ROAD-00965,3,45.0,1350.0,شارع جلال الدسوقي
KED-ROAD-00966,3,45.0,1350.0,شارع جلال الدسوقي
KED-ROAD-00967,3,45.0,1350.0,شارع جلال الدسوقي
KED-ROAD-00968,3,45.0,1350.0,شارع جلال الدسوقي
KED-ROAD-00969,2,30.0,900.0,شارع الجواهر
KED-ROAD-00970,2,30.0,900.0,شارع الجواهر
KED-ROAD-00971,2,30.0,900.0,شارع التراث
KED-ROAD-00972,2,30.0,900.0,شارع التراث
KED-ROAD-00973,2,30.0,900.0,شارع الاعراب
KED-ROAD-00974,2,30.0,900.0,شارع الاعراب
KED-ROAD-00979,4,60.0,1800.0,شارع العرفان
KED-ROAD-00980,4,60.0,1800.0,شارع العرفان
KED-ROAD-00981,5,75.0,2250.0,شارع القلعه
KED-ROAD-00982,5,75.0,2250.0,شارع القلعه
KED-ROAD-00987,6,90.0,2700.0,شارع القلعه
KED-ROAD-00988,6,90.0,2700.0,شارع القلعه
KED-ROAD-00989,7,105.0,3150.0,شارع النصر
KED-ROAD-00990,7,105.0,3150.0,شارع النصر
KED-ROAD-00991,3,45.0,1350.0,شارع جلال الدسوقي
KED-ROAD-00992,3,45.0,1350.0,شارع جلال الدسوقي
KED-ROAD-00993,24,360.0,10800.0,شارع القاهر
KED-ROAD-00994,24,360.0,10800.0,شارع القاهر
KED-ROAD-00995,3,45.0,1350.0,شارع جلال الدسوقي
KED-ROAD-00996,3,45.0,1350.0,شارع جلال الدسوقي
KED-ROAD-00997,15,225.0,6750.0,شارع القلعه
KED-ROAD-00998,15,225.0,6750.0,شارع القلعه
KED-ROAD-00999,3,45.0,1350.0,شارع القاهر
KED-ROAD-01000,3,45.0,1350.0,شارع القاهر
KED-ROAD-01005,26,390.0,11700.0,شارع 3
KED-ROAD-01006,26,390.0,11700.0,شارع 3
KED-ROAD-01007,35,525.0,15750.0,شارع سعيد حمادة
KED-ROAD-01008,35,525.0,15750.0,شارع سعيد حمادة
KED-ROAD-01009,16,240.0,7200.0,
KED-ROAD-01010,16,240.0,7200.0,
KED-ROAD-01011,79,1185.0,35550.0,شارع الوزان
KED-ROAD-01012,79,1185.0,35550.0,شارع الوزان
KED-ROAD-01013,3,45.0,1350.0,شارع مدخل كفر الدوار
KED-ROAD-01014,14,210.0,6300.0,"طريق القاهرة, الاسكندرية الزراعى"
KED-ROAD-01015,111,1665.0,49950.0,"طريق القاهرة, الاسكندرية الزراعى"
KED-ROAD-01016,9,135.0,4050.0,شارع مدخل كفر الدوار
KED-ROAD-01017,8,120.0,3600.0,
KED-ROAD-01018,22,330.0,9900.0,شارع مدخل كفر الدوار
KED-ROAD-01019,24,360.0,10800.0,
KED-ROAD-01020,24,360.0,10800.0,
KED-ROAD-01021,1,15.0,450.0,شارع سعيد حمادة
KED-ROAD-01022,1,15.0,450.0,شارع سعيد حمادة
KED-ROAD-01023,90,1350.0,40500.0,
KED-ROAD-01024,90,1350.0,40500.0,
KED-ROAD-01025,14,210.0,6300.0,
KED-ROAD-01026,6,90.0,2700.0,
KED-ROAD-01027,6,90.0,2700.0,
KED-ROAD-01028,14,210.0,6300.0,
KED-ROAD-01029,14,210.0,6300.0,
KED-ROAD-01030,12,180.0,5400.0,شارع مدخل كفر الدوار
KED-ROAD-01031,15,225.0,6750.0,شارع دشودي
KED-ROAD-01032,15,225.0,6750.0,شارع دشودي
KED-ROAD-01035,3,45.0,1350.0,شارع دشودي
KED-ROAD-01036,3,45.0,1350.0,شارع دشودي
KED-ROAD-01037,45,675.0,20250.0,
KED-ROAD-01038,45,675.0,20250.0,
KED-ROAD-01039,9,135.0,4050.0,شارع المستشفى الشامله
KED-ROAD-01040,15,225.0,6750.0,شارع القنطره
KED-ROAD-01041,26,390.0,11700.0,
KED-ROAD-01042,26,390.0,11700.0,
KED-ROAD-01043,10,150.0,4500.0,شارع مدخل كفر الدوار
KED-ROAD-01049,10,150.0,4500.0,شارع مدخل كفر الدوار
KED-ROAD-01050,19,285.0,8550.0,
KED-ROAD-01051,19,285.0,8550.0,
KED-ROAD-01052,6,90.0,2700.0,
KED-ROAD-01053,6,90.0,2700.0,
KED-ROAD-01054,20,300.0,9000.0,شارع مدخل كفر الدوار
KED-ROAD-01055,7,105.0,3150.0,
KED-ROAD-01056,7,105.0,3150.0,
KED-ROAD-01057,4,60.0,1800.0,
KED-ROAD-01058,4,60.0,1800.0,
KED-ROAD-01061,2,30.0,900.0,شارع مدخل كفر الدوار
KED-ROAD-01062,2,30.0,900.0,
KED-ROAD-01063,2,30.0,900.0,
KED-ROAD-01064,25,375.0,11250.0,شارع مدخل كفر الدوار
KED-ROAD-01065,8,120.0,3600.0,
KED-ROAD-01066,8,120.0,3600.0,
KED-ROAD-01069,5,75.0,2250.0,
KED-ROAD-01070,5,75.0,2250.0,
KED-ROAD-01071,11,165.0,4950.0,
KED-ROAD-01072,11,165.0,4950.0,
KED-ROAD-01073,21,315.0,9450.0,
KED-ROAD-01074,21,315.0,9450.0,
KED-ROAD-01075,10,150.0,4500.0,
KED-ROAD-01076,10,150.0,4500.0,
KED-ROAD-01077,13,195.0,5850.0,
KED-ROAD-01078,13,195.0,5850.0,
KED-ROAD-01079,10,150.0,4500.0,
KED-ROAD-01080,10,150.0,4500.0,
KED-ROAD-01081,12,180.0,5400.0,
KED-ROAD-01082,12,180.0,5400.0,
KED-ROAD-01083,5,75.0,2250.0,شارع القنطره
KED-ROAD-01084,5,75.0,2250.0,شارع القنطره
KED-ROAD-01085,5,75.0,2250.0,
KED-ROAD-01086,5,75.0,2250.0,
KED-ROAD-01087,5,75.0,2250.0,شارع القنطره
KED-ROAD-01088,5,75.0,2250.0,شارع القنطره
KED-ROAD-01089,5,75.0,2250.0,
KED-ROAD-01090,5,75.0,2250.0,
KED-ROAD-01093,2,30.0,900.0,شارع مدخل كفر الدوار
KED-ROAD-01094,4,60.0,1800.0,شارع مدخل كفر الدوار
KED-ROAD-01095,10,150.0,4500.0,شارع مدخل كفر الدوار
KED-ROAD-01096,13,195.0,5850.0,
KED-ROAD-01097,13,195.0,5850.0,
KED-ROAD-01098,6,90.0,2700.0,
KED-ROAD-01099,6,90.0,2700.0,
KED-ROAD-01100,11,165.0,4950.0,
KED-ROAD-01101,99,1485.0,44550.0,
KED-ROAD-01102,99,1485.0,44550.0,
KED-ROAD-01103,14,210.0,6300.0,"طريق القاهرة, الاسكندرية الزراعى"
KED-ROAD-01106,4,60.0,1800.0,شارع بكر الدكراوي
KED-ROAD-01107,4,60.0,1800.0,شارع بكر الدكراوي
KED-ROAD-01108,3,45.0,1350.0,شارع المنايفة
KED-ROAD-01109,3,45.0,1350.0,شارع المنايفة
KED-ROAD-01110,3,45.0,1350.0,شارع بكر الدكراوي
KED-ROAD-01111,18,270.0,8100.0,
KED-ROAD-01112,18,270.0,8100.0,
KED-ROAD-01113,36,540.0,16200.0,شارع المستشفى الشامله
KED-ROAD-01114,2,30.0,900.0,
KED-ROAD-01115,2,30.0,900.0,
KED-ROAD-01116,19,285.0,8550.0,شارع المستشفى الشامله
KED-ROAD-01117,2,30.0,900.0,شارع بكر الدكراوي
KED-ROAD-01118,2,30.0,900.0,شارع بكر الدكراوي
KED-ROAD-01119,2,30.0,900.0,شارع بكر الدكراوي
KED-ROAD-01120,2,30.0,900.0,شارع بكر الدكراوي
KED-ROAD-01121,3,45.0,1350.0,
KED-ROAD-01122,3,45.0,1350.0,
KED-ROAD-01123,4,60.0,1800.0,شارع بكر الدكراوي
KED-ROAD-01124,4,60.0,1800.0,شارع بكر الدكراوي
KED-ROAD-01127,1,15.0,450.0,شارع الصافي
KED-ROAD-01128,1,15.0,450.0,شارع الصافي
KED-ROAD-01129,4,60.0,1800.0,شارع الخليفه
KED-ROAD-01130,4,60.0,1800.0,شارع الخليفه
KED-ROAD-01131,1,15.0,450.0,شارع 9
KED-ROAD-01132,1,15.0,450.0,شارع 9
KED-ROAD-01133,3,45.0,1350.0,شارع بدران
KED-ROAD-01134,3,45.0,1350.0,شارع بدران
KED-ROAD-01135,1,15.0,450.0,
KED-ROAD-01136,1,15.0,450.0,
KED-ROAD-01139,4,60.0,1800.0,شارع بدران
KED-ROAD-01140,4,60.0,1800.0,شارع بدران
KED-ROAD-01141,2,30.0,900.0,شارع بكر الدكراوي
KED-ROAD-01142,2,30.0,900.0,شارع بكر الدكراوي
KED-ROAD-01143,3,45.0,1350.0,شارع احمد بكر
KED-ROAD-01144,3,45.0,1350.0,شارع احمد بكر
KED-ROAD-01145,4,60.0,1800.0,شارع بكر الدكراوي
KED-ROAD-01146,4,60.0,1800.0,شارع بكر الدكراوي
KED-ROAD-01147,2,30.0,900.0,
KED-ROAD-01148,2,30.0,900.0,
KED-ROAD-01149,4,60.0,1800.0,شارع داوود
KED-ROAD-01150,4,60.0,1800.0,شارع داوود
KED-ROAD-01153,1,15.0,450.0,شارع 9
KED-ROAD-01154,1,15.0,450.0,شارع 9
KED-ROAD-01155,3,45.0,1350.0,شارع الماظ
KED-ROAD-01156,3,45.0,1350.0,شارع الماظ
KED-ROAD-01157,2,30.0,900.0,
KED-ROAD-01158,2,30.0,900.0,
KED-ROAD-01159,3,45.0,1350.0,شارع بدران
KED-ROAD-01160,3,45.0,1350.0,شارع بدران
KED-ROAD-01161,2,30.0,900.0,شارع بكر الدكراوي
KED-ROAD-01162,2,30.0,900.0,شارع بكر الدكراوي
KED-ROAD-01163,3,45.0,1350.0,شارع لبيب
KED-ROAD-01164,3,45.0,1350.0,شارع لبيب
KED-ROAD-01167,2,30.0,900.0,
KED-ROAD-01168,2,30.0,900.0,
KED-ROAD-01169,3,45.0,1350.0,شارع اللبان
KED-ROAD-01170,3,45.0,1350.0,شارع اللبان
KED-ROAD-01173,2,30.0,900.0,شارع ابو هرجه
KED-ROAD-01174,2,30.0,900.0,شارع ابو هرجه
KED-ROAD-01175,2,30.0,900.0,
KED-ROAD-01176,2,30.0,900.0,
KED-ROAD-01179,4,60.0,1800.0,
KED-ROAD-01180,4,60.0,1800.0,
KED-ROAD-01181,3,45.0,1350.0,شارع بكر الدكراوي
KED-ROAD-01184,2,30.0,900.0,شارع الروايح
KED-ROAD-01185,2,30.0,900.0,شارع الروايح
KED-ROAD-01187,1,15.0,450.0,شارع بكر الدكراوي
KED-ROAD-01188,1,15.0,450.0,شارع بكر الدكراوي
KED-ROAD-01194,2,30.0,900.0,شارع احمد بكر
KED-ROAD-01195,2,30.0,900.0,شارع احمد بكر
KED-ROAD-01196,5,75.0,2250.0,شارع داوود
KED-ROAD-01197,5,75.0,2250.0,شارع داوود
KED-ROAD-01198,1,15.0,450.0,شارع اللبان
KED-ROAD-01199,1,15.0,450.0,شارع اللبان
KED-ROAD-01200,4,60.0,1800.0,
KED-ROAD-01201,74,1110.0,33300.0,
KED-ROAD-01202,74,1110.0,33300.0,
KED-ROAD-01203,12,180.0,5400.0,
KED-ROAD-01204,12,180.0,5400.0,
KED-ROAD-01205,11,165.0,4950.0,
KED-ROAD-01206,11,165.0,4950.0,
KED-ROAD-01207,12,180.0,5400.0,طريق سيدى عبد القادر زلط
KED-ROAD-01208,12,180.0,5400.0,طريق سيدى عبد القادر زلط
KED-ROAD-01209,5,75.0,2250.0,شارع بكر الدكراوي
KED-ROAD-01210,5,75.0,2250.0,شارع بكر الدكراوي
KED-ROAD-01211,71,1065.0,31950.0,طريق سيدى عبد القادر زلط
KED-ROAD-01212,71,1065.0,31950.0,طريق سيدى عبد القادر زلط
KED-ROAD-01213,1,15.0,450.0,شارع بكر الدكراوي
KED-ROAD-01214,2,30.0,900.0,شارع بكر الدكراوي
KED-ROAD-01215,2,30.0,900.0,شارع بكر الدكراوي
KED-ROAD-01218,3,45.0,1350.0,شارع بكر الدكراوي
KED-ROAD-01219,3,45.0,1350.0,شارع بكر الدكراوي
KED-ROAD-01220,5,75.0,2250.0,شارع صقر
KED-ROAD-01222,1,15.0,450.0,شارع بكر الدكراوي
KED-ROAD-01223,11,165.0,4950.0,شارع سليمان
KED-ROAD-01224,11,165.0,4950.0,شارع سليمان
KED-ROAD-01225,11,165.0,4950.0,شارع الشعراوى
KED-ROAD-01226,11,165.0,4950.0,شارع الشعراوى
KED-ROAD-01227,11,165.0,4950.0,شارع الحناوي
KED-ROAD-01228,11,165.0,4950.0,شارع الحناوي
KED-ROAD-01229,11,165.0,4950.0,شارع غازي
KED-ROAD-01230,11,165.0,4950.0,شارع غازي
KED-ROAD-01231,11,165.0,4950.0,شارع السيد القعيد
KED-ROAD-01232,11,165.0,4950.0,شارع السيد القعيد
KED-ROAD-01233,11,165.0,4950.0,شارع عبد الرازق
KED-ROAD-01234,11,165.0,4950.0,شارع عبد الرازق
KED-ROAD-01237,1,15.0,450.0,شارع السقا
KED-ROAD-01238,1,15.0,450.0,شارع السقا
KED-ROAD-01241,5,75.0,2250.0,شارع صقر
KED-ROAD-01242,9,135.0,4050.0,شارع مسجد الهدي الاسلامى
KED-ROAD-01243,9,135.0,4050.0,شارع مسجد الهدي الاسلامى
KED-ROAD-01244,3,45.0,1350.0,شارع مسجد ابى بكر الصديق
KED-ROAD-01245,3,45.0,1350.0,شارع مسجد ابى بكر الصديق
KED-ROAD-01251,5,75.0,2250.0,شارع الزربة
KED-ROAD-01252,5,75.0,2250.0,شارع الزربة
KED-ROAD-01253,5,75.0,2250.0,شارع شتا
KED-ROAD-01254,5,75.0,2250.0,شارع شتا
KED-ROAD-01255,1,15.0,450.0,شارع مسجد ابى بكر الصديق
KED-ROAD-01256,1,15.0,450.0,شارع مسجد ابى بكر الصديق
KED-ROAD-01257,14,210.0,6300.0,شارع بكر الدكراوي
KED-ROAD-01258,14,210.0,6300.0,شارع بكر الدكراوي
KED-ROAD-01259,2,30.0,900.0,شارع مسجد ابى بكر الصديق
KED-ROAD-01260,2,30.0,900.0,شارع مسجد ابى بكر الصديق
KED-ROAD-01261,4,60.0,1800.0,شارع سليمان
KED-ROAD-01262,4,60.0,1800.0,شارع سليمان
KED-ROAD-01265,4,60.0,1800.0,شارع الشعراوى
KED-ROAD-01266,4,60.0,1800.0,شارع الشعراوى
KED-ROAD-01267,2,30.0,900.0,شارع السقا
KED-ROAD-01268,2,30.0,900.0,شارع السقا
KED-ROAD-01269,4,60.0,1800.0,شارع الحناوي
KED-ROAD-01270,4,60.0,1800.0,شارع الحناوي
KED-ROAD-01274,3,45.0,1350.0,
KED-ROAD-01275,3,45.0,1350.0,
KED-ROAD-01276,2,30.0,900.0,شارع مسجد الهدي الاسلامى
KED-ROAD-01277,2,30.0,900.0,شارع مسجد الهدي الاسلامى
KED-ROAD-01278,2,30.0,900.0,شارع صقر
KED-ROAD-01279,2,30.0,900.0,شارع صقر
KED-ROAD-01281,3,45.0,1350.0,شارع براني
KED-ROAD-01282,3,45.0,1350.0,شارع براني
KED-ROAD-01285,1,15.0,450.0,
KED-ROAD-01286,1,15.0,450.0,
KED-ROAD-01287,5,75.0,2250.0,
KED-ROAD-01288,5,75.0,2250.0,
KED-ROAD-01291,4,60.0,1800.0,شارع غازي
KED-ROAD-01292,4,60.0,1800.0,شارع غازي
KED-ROAD-01295,4,60.0,1800.0,شارع السيد القعيد
KED-ROAD-01296,4,60.0,1800.0,شارع السيد القعيد
KED-ROAD-01299,4,60.0,1800.0,شارع عبد الرازق
KED-ROAD-01300,4,60.0,1800.0,شارع عبد الرازق
KED-ROAD-01301,13,195.0,5850.0,شارع القنطره
KED-ROAD-01302,13,195.0,5850.0,شارع القنطره
KED-ROAD-01303,4,60.0,1800.0,شارع القنطره
KED-ROAD-01304,4,60.0,1800.0,شارع القنطره
KED-ROAD-01305,4,60.0,1800.0,
KED-ROAD-01306,4,60.0,1800.0,
KED-ROAD-01307,10,150.0,4500.0,
KED-ROAD-01308,10,150.0,4500.0,
KED-ROAD-01311,15,225.0,6750.0,شارع القنطره
KED-ROAD-01312,15,225.0,6750.0,
KED-ROAD-01313,15,225.0,6750.0,
KED-ROAD-01314,5,75.0,2250.0,شارع المستشفى الشامله
KED-ROAD-01315,8,120.0,3600.0,شارع المستشفى الشامله
KED-ROAD-01316,2,30.0,900.0,
KED-ROAD-01317,2,30.0,900.0,
KED-ROAD-01318,1,15.0,450.0,شارع المستشفى الشامله
KED-ROAD-01319,14,210.0,6300.0,شارع المستشفى الشامله
KED-ROAD-01320,3,45.0,1350.0,شارع 28
KED-ROAD-01321,3,45.0,1350.0,شارع 28
KED-ROAD-01322,7,105.0,3150.0,
KED-ROAD-01323,7,105.0,3150.0,
KED-ROAD-01324,8,120.0,3600.0,شارع المستشفى الشامله
KED-ROAD-01325,3,45.0,1350.0,
KED-ROAD-01326,3,45.0,1350.0,
KED-ROAD-01327,5,75.0,2250.0,شارع 28
KED-ROAD-01328,5,75.0,2250.0,شارع 28
KED-ROAD-01329,4,60.0,1800.0,
KED-ROAD-01330,4,60.0,1800.0,
KED-ROAD-01331,11,165.0,4950.0,شارع خلف المستشفى
KED-ROAD-01332,11,165.0,4950.0,شارع خلف المستشفى
KED-ROAD-01333,4,60.0,1800.0,
KED-ROAD-01334,4,60.0,1800.0,
KED-ROAD-01337,2,30.0,900.0,
KED-ROAD-01338,2,30.0,900.0,
KED-ROAD-01339,5,75.0,2250.0,شارع المستشفى الشامله
KED-ROAD-01340,6,90.0,2700.0,
KED-ROAD-01341,5,75.0,2250.0,
KED-ROAD-01342,5,75.0,2250.0,
KED-ROAD-01345,3,45.0,1350.0,
KED-ROAD-01346,3,45.0,1350.0,
KED-ROAD-01347,6,90.0,2700.0,
KED-ROAD-01348,6,90.0,2700.0,
KED-ROAD-01349,4,60.0,1800.0,
KED-ROAD-01350,4,60.0,1800.0,
KED-ROAD-01351,6,90.0,2700.0,
KED-ROAD-01352,12,180.0,5400.0,شارع المستشفى الشامله
KED-ROAD-01353,1,15.0,450.0,شارع مسجد الكوثر
KED-ROAD-01354,1,15.0,450.0,شارع مسجد الكوثر
KED-ROAD-01356,44,660.0,19800.0,شارع المستشفى الشامله
KED-ROAD-01357,8,120.0,3600.0,شارع مسجد الكوثر
KED-ROAD-01358,8,120.0,3600.0,شارع مسجد الكوثر
KED-ROAD-01359,4,60.0,1800.0,شارع المستشفى الشامله
KED-ROAD-01360,7,105.0,3150.0,
KED-ROAD-01361,11,165.0,4950.0,
KED-ROAD-01362,28,420.0,12600.0,شارع المستشفى الشامله
KED-ROAD-01365,11,165.0,4950.0,شارع محطة الصرف الصحى
KED-ROAD-01366,11,165.0,4950.0,شارع محطة الصرف الصحى
KED-ROAD-01367,7,105.0,3150.0,
KED-ROAD-01368,7,105.0,3150.0,
KED-ROAD-01369,4,60.0,1800.0,شارع محطة الصرف الصحى
KED-ROAD-01370,4,60.0,1800.0,شارع محطة الصرف الصحى
KED-ROAD-01377,14,210.0,6300.0,شارع سعيد عبد المعطى
KED-ROAD-01378,14,210.0,6300.0,شارع سعيد عبد المعطى
KED-ROAD-01379,3,45.0,1350.0,شارع بكر الدكراوي
KED-ROAD-01380,3,45.0,1350.0,شارع بكر الدكراوي
KED-ROAD-01381,7,105.0,3150.0,
KED-ROAD-01382,5,75.0,2250.0,
KED-ROAD-01383,5,75.0,2250.0,
KED-ROAD-01384,13,195.0,5850.0,
KED-ROAD-01385,13,195.0,5850.0,
KED-ROAD-01386,41,615.0,18450.0,شارع بكر الدكراوي
KED-ROAD-01387,41,615.0,18450.0,شارع بكر الدكراوي
KED-ROAD-01388,1,15.0,450.0,
KED-ROAD-01389,1,15.0,450.0,
KED-ROAD-01390,5,75.0,2250.0,
KED-ROAD-01391,2,30.0,900.0,شارع الصافي
KED-ROAD-01392,2,30.0,900.0,شارع الصافي
KED-ROAD-01393,4,60.0,1800.0,شارع الماظ
KED-ROAD-01394,4,60.0,1800.0,شارع الماظ
KED-ROAD-01395,2,30.0,900.0,شارع 9
KED-ROAD-01396,2,30.0,900.0,شارع 9
KED-ROAD-01397,3,45.0,1350.0,شارع علاء الدين
KED-ROAD-01398,3,45.0,1350.0,شارع علاء الدين
KED-ROAD-01399,1,15.0,450.0,
KED-ROAD-01400,1,15.0,450.0,
KED-ROAD-01401,4,60.0,1800.0,شارع الماظ
KED-ROAD-01402,4,60.0,1800.0,شارع الماظ
KED-ROAD-01403,2,30.0,900.0,شارع الصافي
KED-ROAD-01404,2,30.0,900.0,شارع الصافي
KED-ROAD-01405,3,45.0,1350.0,شارع علاء الدين
KED-ROAD-01406,3,45.0,1350.0,شارع علاء الدين
KED-ROAD-01407,1,15.0,450.0,شارع 9
KED-ROAD-01408,1,15.0,450.0,شارع 9
KED-ROAD-01409,3,45.0,1350.0,شارع تميم
KED-ROAD-01410,3,45.0,1350.0,شارع تميم
KED-ROAD-01413,3,45.0,1350.0,شارع حمزه
KED-ROAD-01414,3,45.0,1350.0,شارع حمزه
KED-ROAD-01415,1,15.0,450.0,شارع العيسوي
KED-ROAD-01416,1,15.0,450.0,شارع العيسوي
KED-ROAD-01417,1,15.0,450.0,شارع بكر الدكراوي
KED-ROAD-01418,3,45.0,1350.0,شارع العيسوي
KED-ROAD-01419,3,45.0,1350.0,شارع العيسوي
KED-ROAD-01420,1,15.0,450.0,شارع الروايح
KED-ROAD-01421,4,60.0,1800.0,
KED-ROAD-01424,2,30.0,900.0,شارع لبيب
KED-ROAD-01425,2,30.0,900.0,شارع لبيب
KED-ROAD-01428,6,90.0,2700.0,شارع ابو هرجه
KED-ROAD-01429,6,90.0,2700.0,شارع ابو هرجه
KED-ROAD-01433,1,15.0,450.0,شارع الصافي
KED-ROAD-01434,1,15.0,450.0,شارع الصافي
KED-ROAD-01435,3,45.0,1350.0,شارع تميم
KED-ROAD-01436,3,45.0,1350.0,شارع تميم
KED-ROAD-01437,4,60.0,1800.0,شارع علاء الدين
KED-ROAD-01438,4,60.0,1800.0,شارع علاء الدين
KED-ROAD-01439,1,15.0,450.0,شارع احمد بكر
KED-ROAD-01440,1,15.0,450.0,شارع احمد بكر
KED-ROAD-01441,1,15.0,450.0,شارع بكر الدكراوي
KED-ROAD-01442,2,30.0,900.0,شارع بكر الدكراوي
KED-ROAD-01443,2,30.0,900.0,شارع بكر الدكراوي
KED-ROAD-01444,1,15.0,450.0,شارع بكر الدكراوي
KED-ROAD-01445,1,15.0,450.0,شارع بكر الدكراوي
KED-ROAD-01452,6,90.0,2700.0,شارع المنايفة
KED-ROAD-01453,6,90.0,2700.0,شارع المنايفة
KED-ROAD-01454,1,15.0,450.0,شارع السقا
KED-ROAD-01455,1,15.0,450.0,شارع السقا
KED-ROAD-01456,2,30.0,900.0,شارع اللبان
KED-ROAD-01457,2,30.0,900.0,شارع اللبان
KED-ROAD-01460,4,60.0,1800.0,شارع شتا
KED-ROAD-01461,1,15.0,450.0,شارع 9
KED-ROAD-01462,1,15.0,450.0,شارع 9
KED-ROAD-01467,3,45.0,1350.0,شارع ابو ورده
KED-ROAD-01468,3,45.0,1350.0,شارع ابو ورده
KED-ROAD-01471,1,15.0,450.0,شارع الروايح
KED-ROAD-01472,5,75.0,2250.0,شارع الماسوره
KED-ROAD-01473,5,75.0,2250.0,شارع الماسوره
KED-ROAD-01476,3,45.0,1350.0,
KED-ROAD-01477,3,45.0,1350.0,
KED-ROAD-01478,11,165.0,4950.0,شارع نصار
KED-ROAD-01479,11,165.0,4950.0,شارع نصار
KED-ROAD-01481,4,60.0,1800.0,شارع شتا
KED-ROAD-01484,4,60.0,1800.0,شارع محروس
KED-ROAD-01485,4,60.0,1800.0,شارع محروس
KED-ROAD-01486,2,30.0,900.0,شارع السقا
KED-ROAD-01487,2,30.0,900.0,شارع السقا
KED-ROAD-01490,4,60.0,1800.0,شارع لبيب
KED-ROAD-01492,11,165.0,4950.0,شارع الوزير
KED-ROAD-01493,11,165.0,4950.0,شارع الوزير
KED-ROAD-01494,11,165.0,4950.0,شارع ادم
KED-ROAD-01495,11,165.0,4950.0,شارع ادم
KED-ROAD-01496,11,165.0,4950.0,شارع محمود الجندى
KED-ROAD-01497,11,165.0,4950.0,شارع محمود الجندى
KED-ROAD-01500,3,45.0,1350.0,شارع حمزه
KED-ROAD-01501,5,75.0,2250.0,
KED-ROAD-01502,9,135.0,4050.0,
KED-ROAD-01503,9,135.0,4050.0,
KED-ROAD-01504,5,75.0,2250.0,
KED-ROAD-01505,5,75.0,2250.0,
KED-ROAD-01506,3,45.0,1350.0,شارع مسلم
KED-ROAD-01507,3,45.0,1350.0,شارع مسلم
KED-ROAD-01508,2,30.0,900.0,
KED-ROAD-01509,2,30.0,900.0,
KED-ROAD-01511,9,135.0,4050.0,
KED-ROAD-01512,9,135.0,4050.0,
KED-ROAD-01513,13,195.0,5850.0,
KED-ROAD-01514,13,195.0,5850.0,
KED-ROAD-01515,5,75.0,2250.0,
KED-ROAD-01516,5,75.0,2250.0,
KED-ROAD-01517,3,45.0,1350.0,شارع احمد عرابى
KED-ROAD-01518,3,45.0,1350.0,شارع احمد عرابى
KED-ROAD-01522,2,30.0,900.0,شارع 9
KED-ROAD-01523,2,30.0,900.0,شارع 9
KED-ROAD-01524,10,150.0,4500.0,شارع الحاج حسن سليمان
KED-ROAD-01525,10,150.0,4500.0,شارع الحاج حسن سليمان
KED-ROAD-01526,2,30.0,900.0,شارع الترعه القديمة
KED-ROAD-01527,2,30.0,900.0,شارع الترعه القديمة
KED-ROAD-01528,2,30.0,900.0,شارع الشاويش
KED-ROAD-01529,2,30.0,900.0,شارع الشاويش
KED-ROAD-01530,1,15.0,450.0,شارع مسجد الهيتي
KED-ROAD-01531,1,15.0,450.0,شارع مسجد الهيتي
KED-ROAD-01532,1,15.0,450.0,شارع عبد المنعم
KED-ROAD-01533,1,15.0,450.0,شارع عبد المنعم
KED-ROAD-01534,2,30.0,900.0,شارع مسجد الهيتي
KED-ROAD-01535,2,30.0,900.0,شارع مسجد الهيتي
KED-ROAD-01536,4,60.0,1800.0,شارع الاومباشي شفيق
KED-ROAD-01537,4,60.0,1800.0,شارع الاومباشي شفيق
KED-ROAD-01542,1,15.0,450.0,شارع الحاج حسن سليمان
KED-ROAD-01543,1,15.0,450.0,شارع الحاج حسن سليمان
KED-ROAD-01544,4,60.0,1800.0,شارع طه نجم
KED-ROAD-01549,2,30.0,900.0,شارع الشاويش
KED-ROAD-01550,2,30.0,900.0,شارع الشاويش
KED-ROAD-01551,4,60.0,1800.0,شارع راغب الكحيلي
KED-ROAD-01552,4,60.0,1800.0,شارع راغب الكحيلي
KED-ROAD-01553,1,15.0,450.0,شارع عبد المنعم
KED-ROAD-01554,1,15.0,450.0,شارع عبد المنعم
KED-ROAD-01555,2,30.0,900.0,شارع الحاج حسن سليمان
KED-ROAD-01556,2,30.0,900.0,شارع الحاج حسن سليمان
KED-ROAD-01559,1,15.0,450.0,
KED-ROAD-01560,1,15.0,450.0,
KED-ROAD-01561,16,240.0,7200.0,شارع بورسعيد
KED-ROAD-01562,16,240.0,7200.0,شارع بورسعيد
KED-ROAD-01565,2,30.0,900.0,شارع راغب الكحيلي
KED-ROAD-01566,2,30.0,900.0,شارع راغب الكحيلي
KED-ROAD-01569,2,30.0,900.0,شارع الشاويش
KED-ROAD-01570,2,30.0,900.0,شارع الشاويش
KED-ROAD-01571,3,45.0,1350.0,شارع 1
KED-ROAD-01572,3,45.0,1350.0,شارع 1
KED-ROAD-01575,4,60.0,1800.0,شارع راغب الكحيلي
KED-ROAD-01576,4,60.0,1800.0,شارع راغب الكحيلي
KED-ROAD-01577,2,30.0,900.0,شارع عبد المنعم
KED-ROAD-01578,2,30.0,900.0,شارع عبد المنعم
KED-ROAD-01579,5,75.0,2250.0,شارع الحاج حسن سليمان
KED-ROAD-01580,5,75.0,2250.0,شارع الحاج حسن سليمان
KED-ROAD-01581,7,105.0,3150.0,
KED-ROAD-01582,7,105.0,3150.0,
KED-ROAD-01583,2,30.0,900.0,
KED-ROAD-01584,2,30.0,900.0,
KED-ROAD-01595,2,30.0,900.0,شارع محمد عيسي
KED-ROAD-01596,2,30.0,900.0,شارع محمد عيسي
KED-ROAD-01597,4,60.0,1800.0,شارع حسونة
KED-ROAD-01598,4,60.0,1800.0,شارع حسونة
KED-ROAD-01599,6,90.0,2700.0,شارع الشاويش
KED-ROAD-01600,6,90.0,2700.0,شارع الشاويش
KED-ROAD-01601,5,75.0,2250.0,شارع تميم
KED-ROAD-01602,5,75.0,2250.0,شارع تميم
KED-ROAD-01609,3,45.0,1350.0,شارع مسلم
KED-ROAD-01610,3,45.0,1350.0,شارع مسلم
KED-ROAD-01611,4,60.0,1800.0,شارع لبيب
KED-ROAD-01614,4,60.0,1800.0,شارع فتحي سعيد
KED-ROAD-01615,4,60.0,1800.0,شارع فتحي سعيد
KED-ROAD-01616,1,15.0,450.0,شارع ابراهيم شهاب
KED-ROAD-01617,1,15.0,450.0,شارع ابراهيم شهاب
KED-ROAD-01618,4,60.0,1800.0,شارع اللبان
KED-ROAD-01619,4,60.0,1800.0,شارع اللبان
KED-ROAD-01620,1,15.0,450.0,شارع ابراهيم شهاب
KED-ROAD-01621,3,45.0,1350.0,شارع حمزه
KED-ROAD-01622,1,15.0,450.0,شارع السقا
KED-ROAD-01623,1,15.0,450.0,شارع السقا
KED-ROAD-01631,5,75.0,2250.0,شارع ابو ورده
KED-ROAD-01632,5,75.0,2250.0,شارع ابو ورده
KED-ROAD-01635,4,60.0,1800.0,شارع شتا
KED-ROAD-01636,4,60.0,1800.0,شارع شتا
KED-ROAD-01637,4,60.0,1800.0,شارع مسلم
KED-ROAD-01638,4,60.0,1800.0,شارع مسلم
KED-ROAD-01639,2,30.0,900.0,شارع الصافي
KED-ROAD-01640,2,30.0,900.0,شارع الصافي
KED-ROAD-01641,1,15.0,450.0,شارع ابراهيم شهاب
KED-ROAD-01642,4,60.0,1800.0,شارع ابو هرجه
KED-ROAD-01643,4,60.0,1800.0,شارع ابو هرجه
KED-ROAD-01646,4,60.0,1800.0,شارع المنايفة
KED-ROAD-01647,4,60.0,1800.0,شارع المنايفة
KED-ROAD-01650,4,60.0,1800.0,شارع محروس
KED-ROAD-01656,4,60.0,1800.0,شارع سلطان
KED-ROAD-01657,4,60.0,1800.0,شارع سلطان
KED-ROAD-01663,3,45.0,1350.0,شارع الترعه القديمة
KED-ROAD-01664,3,45.0,1350.0,شارع الترعه القديمة
KED-ROAD-01667,2,30.0,900.0,شارع الاحمر
KED-ROAD-01668,2,30.0,900.0,شارع الاحمر
KED-ROAD-01671,4,60.0,1800.0,شارع محروس
KED-ROAD-01672,2,30.0,900.0,شارع ابراهيم شهاب
KED-ROAD-01673,2,30.0,900.0,شارع ابراهيم شهاب
KED-ROAD-01674,4,60.0,1800.0,شارع لبيب
KED-ROAD-01675,4,60.0,1800.0,شارع لبيب
KED-ROAD-01678,4,60.0,1800.0,شارع فتحي سعيد
KED-ROAD-01679,4,60.0,1800.0,شارع فتحي سعيد
KED-ROAD-01680,1,15.0,450.0,شارع ابراهيم شهاب
KED-ROAD-01682,4,60.0,1800.0,شارع الجامع
KED-ROAD-01683,4,60.0,1800.0,شارع الجامع
KED-ROAD-01690,4,60.0,1800.0,شارع نصار
KED-ROAD-01691,1,15.0,450.0,شارع ابراهيم شهاب
KED-ROAD-01692,4,60.0,1800.0,شارع اللبان
KED-ROAD-01693,4,60.0,1800.0,شارع اللبان
KED-ROAD-01696,1,15.0,450.0,شارع الاحمر
KED-ROAD-01697,1,15.0,450.0,شارع الاحمر
KED-ROAD-01698,4,60.0,1800.0,شارع ابو هرجه
KED-ROAD-01699,4,60.0,1800.0,شارع ابو هرجه
KED-ROAD-01701,4,60.0,1800.0,شارع نصار
KED-ROAD-01702,1,15.0,450.0,شارع السقا
KED-ROAD-01703,1,15.0,450.0,شارع السقا
KED-ROAD-01704,1,15.0,450.0,شارع ابراهيم شهاب
KED-ROAD-01705,1,15.0,450.0,شارع ابراهيم شهاب
KED-ROAD-01706,4,60.0,1800.0,شارع الوزير
KED-ROAD-01707,4,60.0,1800.0,شارع الوزير
KED-ROAD-01710,4,60.0,1800.0,شارع ادم
KED-ROAD-01713,1,15.0,450.0,شارع الاحمر
KED-ROAD-01714,1,15.0,450.0,شارع الاحمر
KED-ROAD-01715,4,60.0,1800.0,شارع طه نجم
KED-ROAD-01718,3,45.0,1350.0,شارع الترعه القديمة
KED-ROAD-01719,3,45.0,1350.0,شارع الترعه القديمة
KED-ROAD-01720,2,30.0,900.0,شارع احمد بكر
KED-ROAD-01722,4,60.0,1800.0,شارع المنايفة
KED-ROAD-01723,4,60.0,1800.0,شارع المنايفة
KED-ROAD-01728,1,15.0,450.0,شارع لبيب
KED-ROAD-01729,1,15.0,450.0,شارع لبيب
KED-ROAD-01730,4,60.0,1800.0,شارع سلطان
KED-ROAD-01731,4,60.0,1800.0,شارع ادم
KED-ROAD-01732,2,30.0,900.0,شارع ابراهيم شهاب
KED-ROAD-01733,2,30.0,900.0,شارع ابراهيم شهاب
KED-ROAD-01734,4,60.0,1800.0,شارع محمود الجندى
KED-ROAD-01735,4,60.0,1800.0,شارع محمود الجندى
KED-ROAD-01738,4,60.0,1800.0,شارع الجامع
KED-ROAD-01739,4,60.0,1800.0,شارع الجامع
KED-ROAD-01741,4,60.0,1800.0,شارع سلطان
KED-ROAD-01746,2,30.0,900.0,شارع المحكمه
KED-ROAD-01747,2,30.0,900.0,شارع المحكمه
KED-ROAD-01750,1,15.0,450.0,شارع الاحمر
KED-ROAD-01751,2,30.0,900.0,شارع احمد بكر
KED-ROAD-01752,1,15.0,450.0,شارع محمد عيسي
KED-ROAD-01753,1,15.0,450.0,شارع محمد عيسي
KED-ROAD-01754,5,75.0,2250.0,شارع محروس
KED-ROAD-01755,5,75.0,2250.0,شارع محروس
KED-ROAD-01758,8,120.0,3600.0,شارع شتا
KED-ROAD-01759,8,120.0,3600.0,شارع شتا
KED-ROAD-01762,1,15.0,450.0,شارع ابراهيم شهاب
KED-ROAD-01763,1,15.0,450.0,شارع ابراهيم شهاب
KED-ROAD-01764,4,60.0,1800.0,شارع نصار
KED-ROAD-01765,4,60.0,1800.0,شارع نصار
KED-ROAD-01766,1,15.0,450.0,شارع ابراهيم شهاب
KED-ROAD-01767,1,15.0,450.0,شارع ابراهيم شهاب
KED-ROAD-01770,3,45.0,1350.0,شارع الوزير
KED-ROAD-01772,2,30.0,900.0,شارع احمد بكر
KED-ROAD-01773,2,30.0,900.0,شارع احمد بكر
KED-ROAD-01774,3,45.0,1350.0,شارع 11
KED-ROAD-01775,3,45.0,1350.0,شارع 11
KED-ROAD-01776,1,15.0,450.0,شارع محمد عيسي
KED-ROAD-01777,1,15.0,450.0,شارع محمد عيسي
KED-ROAD-01778,1,15.0,450.0,
KED-ROAD-01779,1,15.0,450.0,
KED-ROAD-01780,2,30.0,900.0,شارع محمد رفاعى
KED-ROAD-01781,1,15.0,450.0,شارع الاحمر
KED-ROAD-01782,2,30.0,900.0,
KED-ROAD-01783,2,30.0,900.0,
KED-ROAD-01786,1,15.0,450.0,شارع لبيب
KED-ROAD-01787,1,15.0,450.0,شارع لبيب
KED-ROAD-01788,3,45.0,1350.0,شارع عراقى
KED-ROAD-01789,3,45.0,1350.0,شارع عراقى
KED-ROAD-01791,3,45.0,1350.0,شارع الوزير
KED-ROAD-01794,3,45.0,1350.0,شارع ادم
KED-ROAD-01795,3,45.0,1350.0,شارع ادم
KED-ROAD-01796,1,15.0,450.0,شارع الاحمر
KED-ROAD-01797,1,15.0,450.0,شارع الاحمر
KED-ROAD-01798,3,45.0,1350.0,شارع محمود الجندى
KED-ROAD-01799,3,45.0,1350.0,شارع محمود الجندى
KED-ROAD-01802,2,30.0,900.0,
KED-ROAD-01803,2,30.0,900.0,
KED-ROAD-01806,2,30.0,900.0,
KED-ROAD-01807,2,30.0,900.0,
KED-ROAD-01808,4,60.0,1800.0,شارع السجينى
KED-ROAD-01809,4,60.0,1800.0,شارع السجينى
KED-ROAD-01810,1,15.0,450.0,شارع لبيب
KED-ROAD-01814,3,45.0,1350.0,شارع سليمان
KED-ROAD-01815,3,45.0,1350.0,شارع سليمان
KED-ROAD-01818,4,60.0,1800.0,شارع القصاص
KED-ROAD-01819,4,60.0,1800.0,شارع القصاص
KED-ROAD-01820,1,15.0,450.0,شارع الاحمر
KED-ROAD-01821,2,30.0,900.0,شارع محمد رفاعى
KED-ROAD-01822,1,15.0,450.0,شارع محروس
KED-ROAD-01823,1,15.0,450.0,شارع محروس
KED-ROAD-01824,2,30.0,900.0,شارع احمد بكر
KED-ROAD-01825,4,60.0,1800.0,شارع 12
KED-ROAD-01826,4,60.0,1800.0,شارع 12
KED-ROAD-01827,1,15.0,450.0,شارع محمد رفاعى
KED-ROAD-01828,1,15.0,450.0,شارع محمد رفاعى
KED-ROAD-01829,3,45.0,1350.0,شارع احمد بكر
KED-ROAD-01830,1,15.0,450.0,شارع محمد رفاعى
KED-ROAD-01831,1,15.0,450.0,شارع لبيب
KED-ROAD-01832,9,135.0,4050.0,شارع المنايفة
KED-ROAD-01833,9,135.0,4050.0,شارع المنايفة
KED-ROAD-01834,1,15.0,450.0,شارع المحكمه
KED-ROAD-01835,1,15.0,450.0,شارع المحكمه
KED-ROAD-01836,3,45.0,1350.0,شارع عراقى
KED-ROAD-01837,3,45.0,1350.0,شارع عراقى
KED-ROAD-01838,1,15.0,450.0,
KED-ROAD-01839,1,15.0,450.0,
KED-ROAD-01840,2,30.0,900.0,شارع محمد رفاعى
KED-ROAD-01845,3,45.0,1350.0,شارع الشعراوى
KED-ROAD-01846,3,45.0,1350.0,شارع الشعراوى
KED-ROAD-01847,2,30.0,900.0,شارع ابراهيم شهاب
KED-ROAD-01848,2,30.0,900.0,شارع ابراهيم شهاب
KED-ROAD-01849,3,45.0,1350.0,شارع الحناوي
KED-ROAD-01850,3,45.0,1350.0,شارع الحناوي
KED-ROAD-01851,1,15.0,450.0,شارع الاحمر
KED-ROAD-01852,4,60.0,1800.0,شارع الشيخ
KED-ROAD-01853,4,60.0,1800.0,شارع الشيخ
KED-ROAD-01854,1,15.0,450.0,شارع الاحمر
KED-ROAD-01855,1,15.0,450.0,شارع الاحمر
KED-ROAD-01858,4,60.0,1800.0,شارع ادم
KED-ROAD-01859,4,60.0,1800.0,شارع ادم
KED-ROAD-01860,1,15.0,450.0,
KED-ROAD-01861,1,15.0,450.0,شارع محمد رفاعى
KED-ROAD-01862,4,60.0,1800.0,شارع راغب الكحيلي
KED-ROAD-01863,4,60.0,1800.0,شارع راغب الكحيلي
KED-ROAD-01864,3,45.0,1350.0,شارع شتا
KED-ROAD-01865,3,45.0,1350.0,شارع شتا
KED-ROAD-01867,3,45.0,1350.0,شارع محروس
KED-ROAD-01868,3,45.0,1350.0,شارع محروس
KED-ROAD-01869,2,30.0,900.0,شارع البسطاويسي
KED-ROAD-01870,2,30.0,900.0,شارع البسطاويسي
KED-ROAD-01871,2,30.0,900.0,شارع محمد رفاعى
KED-ROAD-01872,1,15.0,450.0,شارع محمد رفاعى
KED-ROAD-01873,1,15.0,450.0,شارع محمد رفاعى
KED-ROAD-01876,3,45.0,1350.0,شارع السجينى
KED-ROAD-01877,3,45.0,1350.0,شارع السجينى
KED-ROAD-01881,1,15.0,450.0,
KED-ROAD-01882,4,60.0,1800.0,شارع محمود الجندى
KED-ROAD-01883,4,60.0,1800.0,شارع محمود الجندى
KED-ROAD-01884,4,60.0,1800.0,
KED-ROAD-01885,4,60.0,1800.0,
KED-ROAD-01886,4,60.0,1800.0,شارع سليمان
KED-ROAD-01887,4,60.0,1800.0,شارع سليمان
KED-ROAD-01888,3,45.0,1350.0,شارع القصاص
KED-ROAD-01889,3,45.0,1350.0,شارع القصاص
KED-ROAD-01890,4,60.0,1800.0,شارع الشعراوى
KED-ROAD-01891,3,45.0,1350.0,شارع لبيب
KED-ROAD-01892,3,45.0,1350.0,شارع لبيب
KED-ROAD-01893,2,30.0,900.0,شارع البسطاويسي
KED-ROAD-01894,2,30.0,900.0,شارع البسطاويسي
KED-ROAD-01895,3,45.0,1350.0,شارع احمد بكر
KED-ROAD-01896,3,45.0,1350.0,شارع احمد بكر
KED-ROAD-01897,1,15.0,450.0,شارع البسطاويسي
KED-ROAD-01898,1,15.0,450.0,شارع البسطاويسي
KED-ROAD-01899,3,45.0,1350.0,شارع شتا
KED-ROAD-01900,3,45.0,1350.0,شارع شتا
KED-ROAD-01906,3,45.0,1350.0,
KED-ROAD-01907,3,45.0,1350.0,
KED-ROAD-01908,1,15.0,450.0,شارع مسجد الهدي الاسلامى
KED-ROAD-01909,1,15.0,450.0,شارع مسجد الهدي الاسلامى
KED-ROAD-01910,1,15.0,450.0,شارع صقر
KED-ROAD-01911,2,30.0,900.0,
KED-ROAD-01912,2,30.0,900.0,
KED-ROAD-01917,1,15.0,450.0,شارع ابو عسل
KED-ROAD-01918,1,15.0,450.0,شارع ابو عسل
KED-ROAD-01919,1,15.0,450.0,شارع مسجد النور
KED-ROAD-01920,1,15.0,450.0,شارع مسجد النور
KED-ROAD-01921,1,15.0,450.0,شارع صقر
KED-ROAD-01924,1,15.0,450.0,شارع الزربة
KED-ROAD-01925,1,15.0,450.0,شارع الزربة
KED-ROAD-01926,3,45.0,1350.0,شارع فوزي شعيب
KED-ROAD-01927,3,45.0,1350.0,شارع فوزي شعيب
KED-ROAD-01928,1,15.0,450.0,شارع مسجد الهدي الاسلامى
KED-ROAD-01929,1,15.0,450.0,شارع مسجد الهدي الاسلامى
KED-ROAD-01930,1,15.0,450.0,شارع صقر
KED-ROAD-01931,3,45.0,1350.0,شارع غازي
KED-ROAD-01932,3,45.0,1350.0,شارع غازي
KED-ROAD-01933,3,45.0,1350.0,شارع السيد القعيد
KED-ROAD-01934,3,45.0,1350.0,شارع السيد القعيد
KED-ROAD-01937,3,45.0,1350.0,شارع عبد الرازق
KED-ROAD-01938,3,45.0,1350.0,شارع عبد الرازق
KED-ROAD-01943,1,15.0,450.0,شارع براني
KED-ROAD-01944,1,15.0,450.0,شارع براني
KED-ROAD-01945,4,60.0,1800.0,شارع ابو عسل
KED-ROAD-01946,4,60.0,1800.0,شارع ابو عسل
KED-ROAD-01947,4,60.0,1800.0,
KED-ROAD-01948,4,60.0,1800.0,
KED-ROAD-01951,1,15.0,450.0,شارع شتا
KED-ROAD-01952,1,15.0,450.0,شارع شتا
KED-ROAD-01953,4,60.0,1800.0,شارع ابو عسل
KED-ROAD-01954,4,60.0,1800.0,شارع ابو عسل
KED-ROAD-01955,3,45.0,1350.0,شارع فوزي شعيب
KED-ROAD-01956,3,45.0,1350.0,شارع فوزي شعيب
KED-ROAD-01957,1,15.0,450.0,شارع مسجد النور
KED-ROAD-01958,1,15.0,450.0,شارع مسجد النور
KED-ROAD-01961,1,15.0,450.0,شارع صقر
KED-ROAD-01962,1,15.0,450.0,شارع فوزي شعيب
KED-ROAD-01963,1,15.0,450.0,شارع فوزي شعيب
KED-ROAD-01966,1,15.0,450.0,شارع الزربة
KED-ROAD-01967,1,15.0,450.0,شارع الزربة
KED-ROAD-01968,1,15.0,450.0,شارع براني
KED-ROAD-01969,1,15.0,450.0,شارع براني
KED-ROAD-01970,3,45.0,1350.0,شارع حميده
KED-ROAD-01973,2,30.0,900.0,شارع الاحمر
KED-ROAD-01974,2,30.0,900.0,شارع الاحمر
KED-ROAD-01975,1,15.0,450.0,شارع مسجد الهدي الاسلامى
KED-ROAD-01976,1,15.0,450.0,شارع مسجد الهدي الاسلامى
KED-ROAD-01977,4,60.0,1800.0,شارع الحناوي
KED-ROAD-01978,4,60.0,1800.0,شارع الحناوي
KED-ROAD-01979,2,30.0,900.0,شارع الاحمر
KED-ROAD-01980,2,30.0,900.0,شارع الاحمر
KED-ROAD-01981,4,60.0,1800.0,شارع فوزي شعيب
KED-ROAD-01982,4,60.0,1800.0,شارع فوزي شعيب
KED-ROAD-01983,1,15.0,450.0,
KED-ROAD-01984,1,15.0,450.0,
KED-ROAD-01985,1,15.0,450.0,شارع شتا
KED-ROAD-01986,1,15.0,450.0,شارع شتا
KED-ROAD-01987,4,60.0,1800.0,شارع فوزي شعيب
KED-ROAD-01988,4,60.0,1800.0,شارع فوزي شعيب
KED-ROAD-01989,3,45.0,1350.0,شارع حميده
KED-ROAD-01990,3,45.0,1350.0,شارع حميده
KED-ROAD-01991,3,45.0,1350.0,شارع حميده
KED-ROAD-01992,1,15.0,450.0,شارع صقر
KED-ROAD-01993,1,15.0,450.0,شارع صقر
KED-ROAD-01994,1,15.0,450.0,شارع حميده
KED-ROAD-01995,1,15.0,450.0,شارع حميده
KED-ROAD-01996,1,15.0,450.0,شارع الزربة
KED-ROAD-01997,1,15.0,450.0,شارع الزربة
KED-ROAD-01998,3,45.0,1350.0,شارع الاحمر
KED-ROAD-01999,3,45.0,1350.0,شارع الاحمر
KED-ROAD-02000,1,15.0,450.0,شارع براني
KED-ROAD-02001,11,165.0,4950.0,طريق البردلة الرئيسى
KED-ROAD-02002,11,165.0,4950.0,طريق البردلة الرئيسى
KED-ROAD-02003,5,75.0,2250.0,شارع حامد النداف
KED-ROAD-02004,5,75.0,2250.0,شارع حامد النداف
KED-ROAD-02005,6,90.0,2700.0,
KED-ROAD-02006,6,90.0,2700.0,
KED-ROAD-02007,2,30.0,900.0,
KED-ROAD-02008,2,30.0,900.0,
KED-ROAD-02011,2,30.0,900.0,طريق البردلة الرئيسى
KED-ROAD-02012,2,30.0,900.0,طريق البردلة الرئيسى
KED-ROAD-02013,12,180.0,5400.0,شارع سمير لبيب
KED-ROAD-02014,12,180.0,5400.0,شارع سمير لبيب
KED-ROAD-02015,3,45.0,1350.0,شارع حامد النداف
KED-ROAD-02016,3,45.0,1350.0,شارع حامد النداف
KED-ROAD-02017,15,225.0,6750.0,شارع عبد الغنى رياض
KED-ROAD-02018,15,225.0,6750.0,شارع عبد الغنى رياض
KED-ROAD-02019,8,120.0,3600.0,طريق ترعه السعرانية
KED-ROAD-02020,8,120.0,3600.0,طريق ترعه السعرانية
KED-ROAD-02021,4,60.0,1800.0,طريق البردلة الرئيسى
KED-ROAD-02022,4,60.0,1800.0,طريق البردلة الرئيسى
KED-ROAD-02023,10,150.0,4500.0,شارع 5
KED-ROAD-02024,10,150.0,4500.0,شارع 5
KED-ROAD-02029,4,60.0,1800.0,
KED-ROAD-02030,4,60.0,1800.0,
KED-ROAD-02031,6,90.0,2700.0,شارع سعيد بركات
KED-ROAD-02032,6,90.0,2700.0,شارع سعيد بركات
KED-ROAD-02037,2,30.0,900.0,شارع حامد النداف
KED-ROAD-02038,2,30.0,900.0,شارع حامد النداف
KED-ROAD-02039,24,360.0,10800.0,
KED-ROAD-02040,24,360.0,10800.0,
KED-ROAD-02041,24,360.0,10800.0,شارع ابراهيم سعيد
KED-ROAD-02042,24,360.0,10800.0,شارع ابراهيم سعيد
KED-ROAD-02043,12,180.0,5400.0,شارع عبد الغنى رياض
KED-ROAD-02044,12,180.0,5400.0,شارع عبد الغنى رياض
KED-ROAD-02045,3,45.0,1350.0,
KED-ROAD-02046,3,45.0,1350.0,
KED-ROAD-02047,5,75.0,2250.0,"طريق كفر الدوار, ابو المطامير"
KED-ROAD-02048,5,75.0,2250.0,"طريق كفر الدوار, ابو المطامير"
KED-ROAD-02049,2,30.0,900.0,شارع سعد رخا
KED-ROAD-02050,2,30.0,900.0,شارع سعد رخا
KED-ROAD-02051,10,150.0,4500.0,طريق ترعه السعرانية
KED-ROAD-02052,10,150.0,4500.0,طريق ترعه السعرانية
KED-ROAD-02053,1,15.0,450.0,"طريق كفر الدوار, ابو المطامير"
KED-ROAD-02054,1,15.0,450.0,"طريق كفر الدوار, ابو المطامير"
KED-ROAD-02057,6,90.0,2700.0,شارع سعد مرعي
KED-ROAD-02058,6,90.0,2700.0,شارع سعد مرعي
KED-ROAD-02059,5,75.0,2250.0,
KED-ROAD-02060,5,75.0,2250.0,
KED-ROAD-02061,1,15.0,450.0,"طريق كفر الدوار, ابو المطامير"
KED-ROAD-02062,1,15.0,450.0,"طريق كفر الدوار, ابو المطامير"
KED-ROAD-02063,5,75.0,2250.0,شارع الصعايدة
KED-ROAD-02064,5,75.0,2250.0,شارع الصعايدة
KED-ROAD-02065,3,45.0,1350.0,شارع 104
KED-ROAD-02066,3,45.0,1350.0,شارع 104
KED-ROAD-02067,7,105.0,3150.0,
KED-ROAD-02068,7,105.0,3150.0,
KED-ROAD-02071,3,45.0,1350.0,
KED-ROAD-02072,3,45.0,1350.0,
KED-ROAD-02073,4,60.0,1800.0,
KED-ROAD-02074,4,60.0,1800.0,
KED-ROAD-02077,1,15.0,450.0,شارع سعد رخا
KED-ROAD-02078,1,15.0,450.0,شارع سعد رخا
KED-ROAD-02081,1,15.0,450.0,"طريق كفر الدوار, ابو المطامير"
KED-ROAD-02082,1,15.0,450.0,"طريق كفر الدوار, ابو المطامير"
KED-ROAD-02083,8,120.0,3600.0,شارع 3
KED-ROAD-02084,8,120.0,3600.0,شارع 3
KED-ROAD-02085,8,120.0,3600.0,شارع حسنين عروس
KED-ROAD-02086,8,120.0,3600.0,شارع حسنين عروس
KED-ROAD-02087,2,30.0,900.0,
KED-ROAD-02088,2,30.0,900.0,
KED-ROAD-02089,2,30.0,900.0,
KED-ROAD-02090,2,30.0,900.0,
KED-ROAD-02091,1,15.0,450.0,"طريق كفر الدوار, ابو المطامير"
KED-ROAD-02092,1,15.0,450.0,"طريق كفر الدوار, ابو المطامير"
KED-ROAD-02093,2,30.0,900.0,"طريق كفر الدوار, ابو المطامير"
KED-ROAD-02094,2,30.0,900.0,"طريق كفر الدوار, ابو المطامير"
KED-ROAD-02095,2,30.0,900.0,"طريق كفر الدوار, ابو المطامير"
KED-ROAD-02096,2,30.0,900.0,"طريق كفر الدوار, ابو المطامير"
KED-ROAD-02097,8,120.0,3600.0,شارع الحاج رضوان علاء الدين
KED-ROAD-02098,8,120.0,3600.0,شارع الحاج رضوان علاء الدين
KED-ROAD-02099,6,90.0,2700.0,شارع اسماعيل محمد
KED-ROAD-02100,6,90.0,2700.0,شارع اسماعيل محمد
KED-ROAD-02101,21,315.0,9450.0,شارع صلاح ابو جبل
KED-ROAD-02102,21,315.0,9450.0,شارع صلاح ابو جبل
KED-ROAD-02103,3,45.0,1350.0,شارع حامد النداف
KED-ROAD-02104,3,45.0,1350.0,شارع حامد النداف
KED-ROAD-02107,1,15.0,450.0,طريق ترعه السعرانية
KED-ROAD-02108,1,15.0,450.0,طريق ترعه السعرانية
KED-ROAD-02109,11,165.0,4950.0,"طريق كفر الدوار, ابو المطامير"
KED-ROAD-02110,11,165.0,4950.0,"طريق كفر الدوار, ابو المطامير"
KED-ROAD-02111,11,165.0,4950.0,طريق البردلة الرئيسى
KED-ROAD-02112,11,165.0,4950.0,طريق البردلة الرئيسى
KED-ROAD-02115,2,30.0,900.0,"طريق كفر الدوار, ابو المطامير"
KED-ROAD-02116,2,30.0,900.0,"طريق كفر الدوار, ابو المطامير"
KED-ROAD-02117,6,90.0,2700.0,
KED-ROAD-02118,6,90.0,2700.0,
KED-ROAD-02119,4,60.0,1800.0,
KED-ROAD-02120,4,60.0,1800.0,
KED-ROAD-02121,3,45.0,1350.0,
KED-ROAD-02122,3,45.0,1350.0,
KED-ROAD-02123,3,45.0,1350.0,شارع 105
KED-ROAD-02124,3,45.0,1350.0,شارع 105
KED-ROAD-02133,4,60.0,1800.0,شارع 106
KED-ROAD-02134,4,60.0,1800.0,شارع 106
KED-ROAD-02139,7,105.0,3150.0,
KED-ROAD-02140,7,105.0,3150.0,
KED-ROAD-02141,6,90.0,2700.0,شارع 105
KED-ROAD-02142,6,90.0,2700.0,شارع 105
KED-ROAD-02143,4,60.0,1800.0,شارع 106
KED-ROAD-02144,4,60.0,1800.0,شارع 106
KED-ROAD-02145,7,105.0,3150.0,
KED-ROAD-02146,7,105.0,3150.0,
KED-ROAD-02149,2,30.0,900.0,
KED-ROAD-02150,2,30.0,900.0,
KED-ROAD-02151,6,90.0,2700.0,شارع سعد رخا
KED-ROAD-02152,6,90.0,2700.0,شارع سعد رخا
KED-ROAD-02153,8,120.0,3600.0,
KED-ROAD-02154,8,120.0,3600.0,
KED-ROAD-02155,15,225.0,6750.0,شارع نجم
KED-ROAD-02156,15,225.0,6750.0,شارع نجم
KED-ROAD-02157,8,120.0,3600.0,
KED-ROAD-02158,8,120.0,3600.0,
KED-ROAD-02159,1,15.0,450.0,
KED-ROAD-02160,1,15.0,450.0,
KED-ROAD-02163,5,75.0,2250.0,شارع 106
KED-ROAD-02164,5,75.0,2250.0,شارع 106
KED-ROAD-02165,8,120.0,3600.0,شارع 25 يناير
KED-ROAD-02166,8,120.0,3600.0,شارع 25 يناير
KED-ROAD-02167,8,120.0,3600.0,شارع 25 يناير
KED-ROAD-02168,2,30.0,900.0,
KED-ROAD-02169,2,30.0,900.0,
KED-ROAD-02170,5,75.0,2250.0,شارع 25 يناير
KED-ROAD-02171,9,135.0,4050.0,شارع زعتر
KED-ROAD-02172,9,135.0,4050.0,شارع زعتر
KED-ROAD-02173,8,120.0,3600.0,شارع 25 يناير
KED-ROAD-02174,2,30.0,900.0,
KED-ROAD-02175,2,30.0,900.0,
KED-ROAD-02176,7,105.0,3150.0,شارع زعتر
KED-ROAD-02177,7,105.0,3150.0,شارع زعتر
KED-ROAD-02178,2,30.0,900.0,شارع 2
KED-ROAD-02179,2,30.0,900.0,شارع 2
KED-ROAD-02180,4,60.0,1800.0,شارع زعتر
KED-ROAD-02181,4,60.0,1800.0,شارع زعتر
KED-ROAD-02190,2,30.0,900.0,شارع الخطيب
KED-ROAD-02191,5,75.0,2250.0,شارع 25 يناير
KED-ROAD-02192,5,75.0,2250.0,شارع 1
KED-ROAD-02193,5,75.0,2250.0,شارع 1
KED-ROAD-02198,1,15.0,450.0,شارع ابو العزايم
KED-ROAD-02199,1,15.0,450.0,شارع ابو العزايم
KED-ROAD-02200,1,15.0,450.0,شارع الخطيب
KED-ROAD-02201,6,90.0,2700.0,طريق البردلة الرئيسى
KED-ROAD-02202,6,90.0,2700.0,طريق البردلة الرئيسى
KED-ROAD-02203,32,480.0,14400.0,طريق ترعه السعرانية
KED-ROAD-02204,32,480.0,14400.0,طريق ترعه السعرانية
KED-ROAD-02205,16,240.0,7200.0,"طريق كفر الدوار, ابو المطامير"
KED-ROAD-02206,16,240.0,7200.0,"طريق كفر الدوار, ابو المطامير"
KED-ROAD-02207,3,45.0,1350.0,شارع فرج فراج
KED-ROAD-02208,3,45.0,1350.0,شارع فرج فراج
KED-ROAD-02209,4,60.0,1800.0,شارع الوزان
KED-ROAD-02210,4,60.0,1800.0,شارع الوزان
KED-ROAD-02211,7,105.0,3150.0,طريق البردلة الرئيسى
KED-ROAD-02212,7,105.0,3150.0,طريق البردلة الرئيسى
KED-ROAD-02213,15,225.0,6750.0,شارع فرج فراج
KED-ROAD-02214,15,225.0,6750.0,شارع فرج فراج
KED-ROAD-02215,16,240.0,7200.0,شارع 7
KED-ROAD-02216,16,240.0,7200.0,شارع 7
KED-ROAD-02221,3,45.0,1350.0,شارع سعيد حمادة
KED-ROAD-02222,3,45.0,1350.0,شارع سعيد حمادة
KED-ROAD-02227,19,285.0,8550.0,شارع 6
KED-ROAD-02228,19,285.0,8550.0,شارع 6
KED-ROAD-02229,23,345.0,10350.0,شارع 1
KED-ROAD-02230,23,345.0,10350.0,شارع 1
KED-ROAD-02231,24,360.0,10800.0,شارع 2
KED-ROAD-02232,24,360.0,10800.0,شارع 2
KED-ROAD-02233,4,60.0,1800.0,شارع الوزان
KED-ROAD-02234,4,60.0,1800.0,شارع الوزان
KED-ROAD-02235,126,1890.0,56700.0,شارع دشودي
KED-ROAD-02236,126,1890.0,56700.0,شارع دشودي
KED-ROAD-02239,20,300.0,9000.0,
KED-ROAD-02240,20,300.0,9000.0,
KED-ROAD-02241,5,75.0,2250.0,شارع الوزان
KED-ROAD-02242,5,75.0,2250.0,شارع الوزان
KED-ROAD-02243,38,570.0,17100.0,
KED-ROAD-02244,38,570.0,17100.0,
KED-ROAD-02245,31,465.0,13950.0,
KED-ROAD-02246,2,30.0,900.0,شارع الحاج مسعود خليل
KED-ROAD-02247,2,30.0,900.0,شارع الحاج مسعود خليل
KED-ROAD-02248,1,15.0,450.0,شارع الجرجاوى
KED-ROAD-02249,1,15.0,450.0,شارع الجرجاوى
KED-ROAD-02250,1,15.0,450.0,شارع الخطيب
KED-ROAD-02253,159,2385.0,71550.0,
KED-ROAD-02254,159,2385.0,71550.0,
KED-ROAD-02255,31,465.0,13950.0,
KED-ROAD-02256,31,465.0,13950.0,
KED-ROAD-02257,15,225.0,6750.0,
KED-ROAD-02258,15,225.0,6750.0,
KED-ROAD-02259,16,240.0,7200.0,شارع الحاج مسعود خليل
KED-ROAD-02260,16,240.0,7200.0,شارع الحاج مسعود خليل
KED-ROAD-02261,4,60.0,1800.0,
KED-ROAD-02262,4,60.0,1800.0,
KED-ROAD-02263,2,30.0,900.0,شارع 7
KED-ROAD-02264,2,30.0,900.0,شارع 7
KED-ROAD-02265,1,15.0,450.0,شارع 8
KED-ROAD-02266,1,15.0,450.0,شارع 8
KED-ROAD-02267,5,75.0,2250.0,شارع 8
KED-ROAD-02268,5,75.0,2250.0,شارع 8
KED-ROAD-02269,2,30.0,900.0,شارع ابو المكارم
KED-ROAD-02270,2,30.0,900.0,شارع ابو المكارم
KED-ROAD-02271,15,225.0,6750.0,
KED-ROAD-02272,15,225.0,6750.0,
KED-ROAD-02273,5,75.0,2250.0,
KED-ROAD-02274,5,75.0,2250.0,
KED-ROAD-02275,7,105.0,3150.0,شارع الحاج مسعود خليل
KED-ROAD-02276,7,105.0,3150.0,شارع الحاج مسعود خليل
KED-ROAD-02277,13,195.0,5850.0,شارع مدخل كفر الدوار
KED-ROAD-02278,3,45.0,1350.0,شارع مدخل كفر الدوار
KED-ROAD-02279,1,15.0,450.0,شارع مدخل كفر الدوار
KED-ROAD-02280,34,510.0,15300.0,شارع مدخل كفر الدوار
KED-ROAD-02281,4,60.0,1800.0,شارع 7
KED-ROAD-02282,4,60.0,1800.0,شارع 7
KED-ROAD-02291,5,75.0,2250.0,شارع 12
KED-ROAD-02292,5,75.0,2250.0,شارع 12
KED-ROAD-02293,5,75.0,2250.0,شارع الخلفاء الراشدين
KED-ROAD-02294,5,75.0,2250.0,شارع الخلفاء الراشدين
KED-ROAD-02299,2,30.0,900.0,شارع ابو المكارم
KED-ROAD-02300,2,30.0,900.0,شارع ابو المكارم
KED-ROAD-02305,14,210.0,6300.0,شارع اسماعيل محمد
KED-ROAD-02306,14,210.0,6300.0,شارع اسماعيل محمد
KED-ROAD-02307,5,75.0,2250.0,
KED-ROAD-02308,5,75.0,2250.0,
KED-ROAD-02309,2,30.0,900.0,
KED-ROAD-02310,2,30.0,900.0,
KED-ROAD-02315,2,30.0,900.0,
KED-ROAD-02316,2,30.0,900.0,
KED-ROAD-02317,2,30.0,900.0,
KED-ROAD-02318,2,30.0,900.0,
KED-ROAD-02319,2,30.0,900.0,
KED-ROAD-02320,2,30.0,900.0,
KED-ROAD-02321,2,30.0,900.0,
KED-ROAD-02322,2,30.0,900.0,
KED-ROAD-02323,2,30.0,900.0,
KED-ROAD-02324,2,30.0,900.0,
KED-ROAD-02325,2,30.0,900.0,
KED-ROAD-02326,2,30.0,900.0,
KED-ROAD-02327,2,30.0,900.0,
KED-ROAD-02328,2,30.0,900.0,
KED-ROAD-02329,2,30.0,900.0,
KED-ROAD-02330,2,30.0,900.0,
KED-ROAD-02335,3,45.0,1350.0,شارع 4
KED-ROAD-02336,3,45.0,1350.0,شارع 4
KED-ROAD-02337,12,180.0,5400.0,
KED-ROAD-02338,12,180.0,5400.0,
KED-ROAD-02339,17,255.0,7650.0,شارع نجم
KED-ROAD-02341,4,60.0,1800.0,شارع المدينه المنورة
KED-ROAD-02342,4,60.0,1800.0,شارع المدينه المنورة
KED-ROAD-02343,11,165.0,4950.0,شارع نجم
KED-ROAD-02344,1,15.0,450.0,شارع المصرف
KED-ROAD-02345,1,15.0,450.0,شارع المصرف
KED-ROAD-02346,4,60.0,1800.0,شارع 104
KED-ROAD-02347,4,60.0,1800.0,شارع 104
KED-ROAD-02348,2,30.0,900.0,شارع المقابر
KED-ROAD-02349,2,30.0,900.0,شارع المقابر
KED-ROAD-02350,6,90.0,2700.0,شارع المقابر
KED-ROAD-02351,9,135.0,4050.0,
KED-ROAD-02352,2,30.0,900.0,شارع نجم
KED-ROAD-02353,2,30.0,900.0,شارع نجم
KED-ROAD-02358,5,75.0,2250.0,شارع نجم
KED-ROAD-02359,5,75.0,2250.0,شارع نجم
KED-ROAD-02360,5,75.0,2250.0,شارع المصرف
KED-ROAD-02361,3,45.0,1350.0,
KED-ROAD-02362,3,45.0,1350.0,
KED-ROAD-02365,3,45.0,1350.0,
KED-ROAD-02366,3,45.0,1350.0,
KED-ROAD-02367,6,90.0,2700.0,شارع سعد خليل
KED-ROAD-02368,6,90.0,2700.0,شارع سعد خليل
KED-ROAD-02369,1,15.0,450.0,
KED-ROAD-02370,1,15.0,450.0,
KED-ROAD-02371,5,75.0,2250.0,شارع المصرف
KED-ROAD-02376,3,45.0,1350.0,شارع نجم
KED-ROAD-02377,3,45.0,1350.0,شارع نجم
KED-ROAD-02378,3,45.0,1350.0,
KED-ROAD-02379,3,45.0,1350.0,
KED-ROAD-02380,3,45.0,1350.0,شارع نجم
KED-ROAD-02381,3,45.0,1350.0,
KED-ROAD-02382,3,45.0,1350.0,
KED-ROAD-02383,7,105.0,3150.0,شارع سعد خليل
KED-ROAD-02384,7,105.0,3150.0,شارع سعد خليل
KED-ROAD-02385,3,45.0,1350.0,شارع 2
KED-ROAD-02386,3,45.0,1350.0,شارع 2
KED-ROAD-02387,1,15.0,450.0,شارع 2
KED-ROAD-02388,1,15.0,450.0,شارع 2
KED-ROAD-02389,3,45.0,1350.0,شارع سعد خليل
KED-ROAD-02390,3,45.0,1350.0,شارع سعد خليل
KED-ROAD-02391,6,90.0,2700.0,شارع المقابر
KED-ROAD-02392,2,30.0,900.0,
KED-ROAD-02393,2,30.0,900.0,
KED-ROAD-02394,2,30.0,900.0,
KED-ROAD-02395,2,30.0,900.0,
KED-ROAD-02396,3,45.0,1350.0,شارع 33
KED-ROAD-02397,3,45.0,1350.0,شارع 33
KED-ROAD-02400,2,30.0,900.0,شارع 34
KED-ROAD-02401,3,45.0,1350.0,شارع نجم
KED-ROAD-02402,3,45.0,1350.0,شارع 32
KED-ROAD-02403,3,45.0,1350.0,شارع 32
KED-ROAD-02411,3,45.0,1350.0,شارع الحاج مسعود خليل
KED-ROAD-02412,3,45.0,1350.0,شارع الحاج مسعود خليل
KED-ROAD-02417,2,30.0,900.0,شارع الخطيب
KED-ROAD-02418,2,30.0,900.0,شارع الخطيب
KED-ROAD-02419,7,105.0,3150.0,حارة خضير
KED-ROAD-02420,7,105.0,3150.0,حارة خضير
KED-ROAD-02421,2,30.0,900.0,شارع 34
KED-ROAD-02422,1,15.0,450.0,شارع إسماعيل شحاتة
KED-ROAD-02423,1,15.0,450.0,شارع إسماعيل شحاتة
KED-ROAD-02424,5,75.0,2250.0,شارع ابو الحسن
KED-ROAD-02425,5,75.0,2250.0,شارع ابو الحسن
KED-ROAD-02426,5,75.0,2250.0,شارع سلطان
KED-ROAD-02427,5,75.0,2250.0,شارع سلطان
KED-ROAD-02430,10,150.0,4500.0,شارع المهدى
KED-ROAD-02432,7,105.0,3150.0,شارع نجم
KED-ROAD-02433,7,105.0,3150.0,شارع نجم
KED-ROAD-02434,7,105.0,3150.0,شارع العمرجي
KED-ROAD-02435,7,105.0,3150.0,شارع العمرجي
KED-ROAD-02438,1,15.0,450.0,شارع نجم
KED-ROAD-02439,1,15.0,450.0,شارع نجم
KED-ROAD-02440,5,75.0,2250.0,شارع العمرجي
KED-ROAD-02441,10,150.0,4500.0,شارع المهدى
KED-ROAD-02442,2,30.0,900.0,شارع نجم
KED-ROAD-02443,2,30.0,900.0,شارع نجم
KED-ROAD-02446,7,105.0,3150.0,حارة عواد
KED-ROAD-02447,7,105.0,3150.0,حارة عواد
KED-ROAD-02448,1,15.0,450.0,شارع نجم
KED-ROAD-02449,1,15.0,450.0,شارع نجم
KED-ROAD-02450,5,75.0,2250.0,شارع السد العالى
KED-ROAD-02451,1,15.0,450.0,شارع إسماعيل شحاتة
KED-ROAD-02454,13,195.0,5850.0,شارع على بن ابى طالب
KED-ROAD-02455,13,195.0,5850.0,شارع على بن ابى طالب
KED-ROAD-02456,2,30.0,900.0,
KED-ROAD-02457,2,30.0,900.0,
KED-ROAD-02460,5,75.0,2250.0,شارع ابو بكر الصديق
KED-ROAD-02461,5,75.0,2250.0,شارع العمرجي
KED-ROAD-02462,1,15.0,450.0,شارع على بن ابى طالب
KED-ROAD-02463,1,15.0,450.0,شارع على بن ابى طالب
KED-ROAD-02466,1,15.0,450.0,حارة عواد
KED-ROAD-02467,1,15.0,450.0,حارة عواد
KED-ROAD-02468,2,30.0,900.0,حارة عواد
KED-ROAD-02469,2,30.0,900.0,حارة عواد
KED-ROAD-02471,5,75.0,2250.0,شارع السد العالى
KED-ROAD-02472,1,15.0,450.0,شارع السد العالى
KED-ROAD-02473,1,15.0,450.0,شارع السد العالى
KED-ROAD-02474,2,30.0,900.0,شارع نجم
KED-ROAD-02475,2,30.0,900.0,شارع نجم
KED-ROAD-02478,1,15.0,450.0,شارع محمد خضر
KED-ROAD-02479,1,15.0,450.0,شارع محمد خضر
KED-ROAD-02480,2,30.0,900.0,شارع نجم
KED-ROAD-02482,2,30.0,900.0,شارع السد العالى
KED-ROAD-02483,2,30.0,900.0,شارع السد العالى
KED-ROAD-02484,3,45.0,1350.0,شارع العمرجي
KED-ROAD-02485,3,45.0,1350.0,شارع العمرجي
KED-ROAD-02486,2,30.0,900.0,
KED-ROAD-02487,2,30.0,900.0,
KED-ROAD-02488,6,90.0,2700.0,شارع محمد خضر
KED-ROAD-02489,6,90.0,2700.0,شارع محمد خضر
KED-ROAD-02490,6,90.0,2700.0,شارع محمد ذكى
KED-ROAD-02491,2,30.0,900.0,شارع نجم
KED-ROAD-02492,2,30.0,900.0,شارع محمد بسيوني
KED-ROAD-02493,2,30.0,900.0,شارع محمد بسيوني
KED-ROAD-02494,2,30.0,900.0,شارع محمد ذكى
KED-ROAD-02495,2,30.0,900.0,شارع محمد ذكى
KED-ROAD-02496,4,60.0,1800.0,شارع محمد بسيوني
KED-ROAD-02497,4,60.0,1800.0,شارع محمد بسيوني
KED-ROAD-02498,4,60.0,1800.0,شارع محمد بسيوني
KED-ROAD-02499,4,60.0,1800.0,شارع محمد بسيوني
KED-ROAD-02500,6,90.0,2700.0,شارع احمد جبريل
KED-ROAD-02501,2,30.0,900.0,شارع الخطيب
KED-ROAD-02502,1,15.0,450.0,شارع الخطيب
KED-ROAD-02503,1,15.0,450.0,شارع الخطيب
KED-ROAD-02504,7,105.0,3150.0,شارع خليل
KED-ROAD-02505,7,105.0,3150.0,شارع خليل
KED-ROAD-02506,7,105.0,3150.0,شارع ابو العزايم
KED-ROAD-02507,7,105.0,3150.0,شارع ابو العزايم
KED-ROAD-02508,2,30.0,900.0,شارع سلطان
KED-ROAD-02509,2,30.0,900.0,شارع سلطان
KED-ROAD-02510,4,60.0,1800.0,شارع ابو العزايم
KED-ROAD-02511,1,15.0,450.0,شارع الخطيب
KED-ROAD-02512,6,90.0,2700.0,شارع محمد كساب
KED-ROAD-02513,6,90.0,2700.0,شارع محمد كساب
KED-ROAD-02514,1,15.0,450.0,شارع سلطان
KED-ROAD-02515,1,15.0,450.0,شارع سلطان
KED-ROAD-02516,1,15.0,450.0,شارع سلطان
KED-ROAD-02517,1,15.0,450.0,شارع سلطان
KED-ROAD-02518,7,105.0,3150.0,شارع محمد كساب
KED-ROAD-02519,7,105.0,3150.0,شارع محمد كساب
KED-ROAD-02520,9,135.0,4050.0,شارع الجرجاوى
KED-ROAD-02521,1,15.0,450.0,شارع سلطان
KED-ROAD-02522,1,15.0,450.0,شارع سلطان
KED-ROAD-02523,2,30.0,900.0,شارع سلطان
KED-ROAD-02524,2,30.0,900.0,شارع سلطان
KED-ROAD-02525,3,45.0,1350.0,حارة خضير
KED-ROAD-02526,3,45.0,1350.0,حارة خضير
KED-ROAD-02527,4,60.0,1800.0,شارع خليل
KED-ROAD-02528,4,60.0,1800.0,شارع خليل
KED-ROAD-02529,12,180.0,5400.0,شارع على بن ابى طالب
KED-ROAD-02530,12,180.0,5400.0,شارع على بن ابى طالب
KED-ROAD-02531,1,15.0,450.0,شارع الخطيب
KED-ROAD-02532,6,90.0,2700.0,شارع الجرجاوى
KED-ROAD-02533,6,90.0,2700.0,شارع الجرجاوى
KED-ROAD-02538,2,30.0,900.0,حارة عواد
KED-ROAD-02539,2,30.0,900.0,حارة عواد
KED-ROAD-02541,9,135.0,4050.0,شارع الجرجاوى
KED-ROAD-02542,1,15.0,450.0,حارة عواد
KED-ROAD-02543,1,15.0,450.0,حارة عواد
KED-ROAD-02544,1,15.0,450.0,حارة عواد
KED-ROAD-02545,1,15.0,450.0,حارة عواد
KED-ROAD-02548,1,15.0,450.0,شارع السد العالى
KED-ROAD-02549,1,15.0,450.0,شارع السد العالى
KED-ROAD-02551,4,60.0,1800.0,شارع ابو العزايم
KED-ROAD-02560,3,45.0,1350.0,
KED-ROAD-02561,7,105.0,3150.0,حارة عواد
KED-ROAD-02562,7,105.0,3150.0,حارة عواد
KED-ROAD-02565,2,30.0,900.0,شارع السد العالى
KED-ROAD-02566,2,30.0,900.0,شارع السد العالى
KED-ROAD-02567,1,15.0,450.0,شارع السد العالى
KED-ROAD-02568,1,15.0,450.0,شارع السد العالى
KED-ROAD-02569,3,45.0,1350.0,
KED-ROAD-02570,3,45.0,1350.0,
KED-ROAD-02572,3,45.0,1350.0,شارع الجرجاوى
KED-ROAD-02573,3,45.0,1350.0,شارع الجرجاوى
KED-ROAD-02574,3,45.0,1350.0,
KED-ROAD-02575,3,45.0,1350.0,
KED-ROAD-02584,3,45.0,1350.0,شارع 10
KED-ROAD-02585,3,45.0,1350.0,شارع 10
KED-ROAD-02588,1,15.0,450.0,شارع محمد خضر
KED-ROAD-02589,1,15.0,450.0,شارع محمد خضر
KED-ROAD-02590,6,90.0,2700.0,شارع الشهيد احمد مبروك
KED-ROAD-02591,3,45.0,1350.0,
KED-ROAD-02592,3,45.0,1350.0,شارع محمد كساب
KED-ROAD-02593,3,45.0,1350.0,شارع محمد كساب
KED-ROAD-02596,1,15.0,450.0,شارع محمد خضر
KED-ROAD-02597,1,15.0,450.0,شارع محمد خضر
KED-ROAD-02598,8,120.0,3600.0,شارع محمد ذكى
KED-ROAD-02599,8,120.0,3600.0,شارع محمد ذكى
KED-ROAD-02600,4,60.0,1800.0,شارع احمد يونس
KED-ROAD-02605,3,45.0,1350.0,شارع غريب
KED-ROAD-02606,3,45.0,1350.0,شارع غريب
KED-ROAD-02607,4,60.0,1800.0,شارع غريب
KED-ROAD-02608,4,60.0,1800.0,شارع غريب
KED-ROAD-02609,8,120.0,3600.0,شارع الشافعى
KED-ROAD-02610,8,120.0,3600.0,شارع الشافعى
KED-ROAD-02612,4,60.0,1800.0,شارع احمد يونس
KED-ROAD-02613,4,60.0,1800.0,شارع احمد يونس
KED-ROAD-02614,4,60.0,1800.0,شارع مسجد الرحمن
KED-ROAD-02615,4,60.0,1800.0,شارع مسجد الرحمن
KED-ROAD-02616,4,60.0,1800.0,شارع مسجد الرحمن
KED-ROAD-02617,4,60.0,1800.0,شارع مسجد الرحمن
KED-ROAD-02618,2,30.0,900.0,شارع مسجد الرحمن
KED-ROAD-02619,2,30.0,900.0,شارع مسجد الرحمن
KED-ROAD-02620,9,135.0,4050.0,شارع حسن يونس
KED-ROAD-02621,6,90.0,2700.0,شارع الشهيد احمد مبروك
KED-ROAD-02622,4,60.0,1800.0,شارع حمدى الترزى
KED-ROAD-02623,4,60.0,1800.0,شارع حمدى الترزى
KED-ROAD-02624,6,90.0,2700.0,شارع الحاج يوسف صديق
KED-ROAD-02625,6,90.0,2700.0,شارع الحاج يوسف صديق
KED-ROAD-02626,4,60.0,1800.0,شارع حمدى الترزى
KED-ROAD-02627,4,60.0,1800.0,شارع حمدى الترزى
KED-ROAD-02628,2,30.0,900.0,شارع حسن يونس
KED-ROAD-02629,2,30.0,900.0,شارع حسن يونس
KED-ROAD-02630,20,300.0,9000.0,شارع الجلاء
KED-ROAD-02631,4,60.0,1800.0,شارع احمد يونس
KED-ROAD-02634,3,45.0,1350.0,شارع احمد يونس
KED-ROAD-02635,3,45.0,1350.0,شارع احمد يونس
KED-ROAD-02636,4,60.0,1800.0,شارع احمد يونس
KED-ROAD-02637,4,60.0,1800.0,شارع احمد يونس
KED-ROAD-02638,5,75.0,2250.0,شارع النقيب
KED-ROAD-02639,5,75.0,2250.0,شارع النقيب
KED-ROAD-02640,2,30.0,900.0,شارع 26 يوليو
KED-ROAD-02641,9,135.0,4050.0,شارع حسن يونس
KED-ROAD-02642,5,75.0,2250.0,شارع رياض صقر
KED-ROAD-02643,5,75.0,2250.0,شارع رياض صقر
KED-ROAD-02646,2,30.0,900.0,شارع 26 يوليو
KED-ROAD-02647,2,30.0,900.0,شارع 26 يوليو
KED-ROAD-02648,5,75.0,2250.0,شارع ناشد
KED-ROAD-02649,5,75.0,2250.0,شارع ناشد
KED-ROAD-02650,5,75.0,2250.0,شارع الاتحاد
KED-ROAD-02651,20,300.0,9000.0,شارع الجلاء
KED-ROAD-02652,4,60.0,1800.0,شارع الاتحاد
KED-ROAD-02653,4,60.0,1800.0,شارع الاتحاد
KED-ROAD-02654,3,45.0,1350.0,شارع 26 يوليو
KED-ROAD-02655,3,45.0,1350.0,شارع 26 يوليو
KED-ROAD-02656,11,165.0,4950.0,شارع المهلج
KED-ROAD-02657,11,165.0,4950.0,شارع المهلج
KED-ROAD-02658,11,165.0,4950.0,شارع المهلج
KED-ROAD-02659,11,165.0,4950.0,شارع المهلج
KED-ROAD-02661,2,30.0,900.0,شارع 26 يوليو
KED-ROAD-02662,9,135.0,4050.0,شارع الكفاح
KED-ROAD-02663,9,135.0,4050.0,شارع الكفاح
KED-ROAD-02664,11,165.0,4950.0,حارة النور
KED-ROAD-02665,11,165.0,4950.0,حارة النور
KED-ROAD-02670,4,60.0,1800.0,حارة النور
KED-ROAD-02671,5,75.0,2250.0,شارع الاتحاد
KED-ROAD-02672,2,30.0,900.0,شارع الكفاح
KED-ROAD-02673,2,30.0,900.0,شارع الكفاح
KED-ROAD-02674,6,90.0,2700.0,شارع الاتحاد
KED-ROAD-02675,6,90.0,2700.0,شارع الاتحاد
KED-ROAD-02678,3,45.0,1350.0,شارع حفنى ضيف
KED-ROAD-02679,3,45.0,1350.0,شارع جمال الدين الافغانى
KED-ROAD-02680,2,30.0,900.0,شارع غزوه بدر
KED-ROAD-02682,1,15.0,450.0,شارع الفتوح
KED-ROAD-02683,1,15.0,450.0,شارع الفتوح
KED-ROAD-02684,5,75.0,2250.0,شارع المهلج
KED-ROAD-02685,5,75.0,2250.0,شارع المهلج
KED-ROAD-02686,5,75.0,2250.0,شارع المهلج
KED-ROAD-02687,5,75.0,2250.0,شارع المهلج
KED-ROAD-02688,3,45.0,1350.0,شارع الإمام الشافعى
KED-ROAD-02689,3,45.0,1350.0,شارع الإمام الشافعى
KED-ROAD-02690,1,15.0,450.0,شارع غزوه بدر
KED-ROAD-02691,2,30.0,900.0,شارع غزوه بدر
KED-ROAD-02692,1,15.0,450.0,شارع جمال الدين الافغانى
KED-ROAD-02693,1,15.0,450.0,شارع جمال الدين الافغانى
KED-ROAD-02694,3,45.0,1350.0,شارع 7
KED-ROAD-02695,3,45.0,1350.0,شارع 7
KED-ROAD-02698,4,60.0,1800.0,شارع ابو حنيفه
KED-ROAD-02699,4,60.0,1800.0,شارع ابو حنيفه
KED-ROAD-02701,6,90.0,2700.0,شارع احمد جبريل
KED-ROAD-02702,4,60.0,1800.0,شارع محمد بسيوني
KED-ROAD-02703,4,60.0,1800.0,شارع محمد بسيوني
KED-ROAD-02704,6,90.0,2700.0,شارع الجلاء
KED-ROAD-02705,6,90.0,2700.0,شارع الجلاء
KED-ROAD-02706,15,225.0,6750.0,شارع 26 يوليو
KED-ROAD-02707,15,225.0,6750.0,شارع 26 يوليو
KED-ROAD-02708,8,120.0,3600.0,شارع عيسي
KED-ROAD-02709,8,120.0,3600.0,شارع عيسي
KED-ROAD-02711,6,90.0,2700.0,شارع محمد ذكى
KED-ROAD-02712,6,90.0,2700.0,شارع الشافعى
KED-ROAD-02713,6,90.0,2700.0,شارع الشافعى
KED-ROAD-02714,4,60.0,1800.0,شارع غريب
KED-ROAD-02715,4,60.0,1800.0,شارع غريب
KED-ROAD-02716,4,60.0,1800.0,شارع غريب
KED-ROAD-02717,4,60.0,1800.0,شارع غريب
KED-ROAD-02718,10,150.0,4500.0,شارع الكفاح
KED-ROAD-02719,10,150.0,4500.0,شارع الكفاح
KED-ROAD-02720,3,45.0,1350.0,
KED-ROAD-02721,8,120.0,3600.0,شارع احمد جبريل
KED-ROAD-02722,8,120.0,3600.0,شارع احمد جبريل
KED-ROAD-02723,8,120.0,3600.0,شارع الجلاء
KED-ROAD-02724,8,120.0,3600.0,شارع الجلاء
KED-ROAD-02725,2,30.0,900.0,شارع 26 يوليو
KED-ROAD-02726,2,30.0,900.0,شارع 26 يوليو
KED-ROAD-02727,5,75.0,2250.0,شارع 21
KED-ROAD-02728,5,75.0,2250.0,شارع 21
KED-ROAD-02729,21,315.0,9450.0,شارع بورسعيد
KED-ROAD-02730,3,45.0,1350.0,
KED-ROAD-02732,4,60.0,1800.0,
KED-ROAD-02733,4,60.0,1800.0,
KED-ROAD-02734,2,30.0,900.0,شارع حافظ ابراهيم
KED-ROAD-02735,2,30.0,900.0,شارع حافظ ابراهيم
KED-ROAD-02736,4,60.0,1800.0,شارع دسوقي
KED-ROAD-02737,4,60.0,1800.0,شارع دسوقي
KED-ROAD-02741,3,45.0,1350.0,
KED-ROAD-02742,30,450.0,13500.0,شارع احمد عرابى
KED-ROAD-02743,30,450.0,13500.0,شارع احمد عرابى
KED-ROAD-02746,2,30.0,900.0,شارع الشهيد احمد عبد العزيز
KED-ROAD-02747,2,30.0,900.0,شارع الشهيد احمد عبد العزيز
KED-ROAD-02750,3,45.0,1350.0,شارع 5
KED-ROAD-02751,3,45.0,1350.0,
KED-ROAD-02754,3,45.0,1350.0,شارع 5
KED-ROAD-02755,3,45.0,1350.0,شارع 5
KED-ROAD-02756,2,30.0,900.0,شارع الترعه
KED-ROAD-02757,2,30.0,900.0,شارع الترعه
KED-ROAD-02758,4,60.0,1800.0,شارع صلاح عبد العزيز
KED-ROAD-02759,4,60.0,1800.0,شارع صلاح عبد العزيز
KED-ROAD-02760,2,30.0,900.0,شارع الترعه
KED-ROAD-02766,2,30.0,900.0,شارع حافظ ابراهيم
KED-ROAD-02767,2,30.0,900.0,شارع حافظ ابراهيم
KED-ROAD-02768,3,45.0,1350.0,شارع صلاح عبد العزيز
KED-ROAD-02769,3,45.0,1350.0,شارع صلاح عبد العزيز
KED-ROAD-02770,2,30.0,900.0,امتداد شارع الخليج الاعظم
KED-ROAD-02771,3,45.0,1350.0,شارع 5
KED-ROAD-02772,2,30.0,900.0,شارع ابو العلاء المعري
KED-ROAD-02773,2,30.0,900.0,شارع ابو العلاء المعري
KED-ROAD-02774,2,30.0,900.0,شارع صلاح عبد العزيز
KED-ROAD-02775,2,30.0,900.0,شارع صلاح عبد العزيز
KED-ROAD-02776,2,30.0,900.0,شارع ابو العلاء المعري
KED-ROAD-02777,2,30.0,900.0,شارع ابو العلاء المعري
KED-ROAD-02778,2,30.0,900.0,شارع حافظ ابراهيم
KED-ROAD-02779,2,30.0,900.0,شارع حافظ ابراهيم
KED-ROAD-02780,1,15.0,450.0,شارع عمر بن عبد العزيز
KED-ROAD-02781,1,15.0,450.0,شارع الشهيد احمد عبد العزيز
KED-ROAD-02788,4,60.0,1800.0,شارع حسين سلام
KED-ROAD-02789,4,60.0,1800.0,شارع حسين سلام
KED-ROAD-02790,7,105.0,3150.0,شارع سلام
KED-ROAD-02791,2,30.0,900.0,شارع الترعه
KED-ROAD-02792,5,75.0,2250.0,شارع عمر بن عبد العزيز
KED-ROAD-02793,5,75.0,2250.0,شارع عمر بن عبد العزيز
KED-ROAD-02794,1,15.0,450.0,شارع عمرو بن العاص
KED-ROAD-02795,1,15.0,450.0,شارع عمرو بن العاص
KED-ROAD-02796,1,15.0,450.0,شارع عمرو بن العاص
KED-ROAD-02797,1,15.0,450.0,شارع عمرو بن العاص
KED-ROAD-02798,1,15.0,450.0,حارة رفاعه الطهطاوى
KED-ROAD-02799,1,15.0,450.0,حارة رفاعه الطهطاوى
KED-ROAD-02800,2,30.0,900.0,شارع رفاعه الطهطاوى
KED-ROAD-02803,5,75.0,2250.0,شارع على محمد بدر
KED-ROAD-02804,5,75.0,2250.0,شارع على محمد بدر
KED-ROAD-02805,5,75.0,2250.0,شارع 6
KED-ROAD-02806,5,75.0,2250.0,شارع 6
KED-ROAD-02807,6,90.0,2700.0,شارع 13
KED-ROAD-02808,6,90.0,2700.0,شارع 13
KED-ROAD-02810,3,45.0,1350.0,شارع مدخل كفر الدوار
KED-ROAD-02817,3,45.0,1350.0,شارع حمدى الترزى
KED-ROAD-02818,3,45.0,1350.0,شارع حمدى الترزى
KED-ROAD-02819,3,45.0,1350.0,شارع عبد الرزاق عبد الحميد
KED-ROAD-02820,3,45.0,1350.0,شارع عبد الرزاق عبد الحميد
KED-ROAD-02821,2,30.0,900.0,شارع الشهيد احمد مبروك
KED-ROAD-02822,2,30.0,900.0,شارع الشهيد احمد مبروك
KED-ROAD-02823,4,60.0,1800.0,شارع عبد الرزاق عبد الحميد
KED-ROAD-02824,4,60.0,1800.0,شارع عبد الرزاق عبد الحميد
KED-ROAD-02825,2,30.0,900.0,شارع الحاج يوسف صديق
KED-ROAD-02826,2,30.0,900.0,شارع الحاج يوسف صديق
KED-ROAD-02827,4,60.0,1800.0,شارع عبد الرزاق عبد الحميد
KED-ROAD-02828,4,60.0,1800.0,شارع عبد الرزاق عبد الحميد
KED-ROAD-02829,4,60.0,1800.0,شارع حسن يونس
KED-ROAD-02830,4,60.0,1800.0,شارع حسن يونس
KED-ROAD-02831,4,60.0,1800.0,شارع محمد خضر
KED-ROAD-02832,4,60.0,1800.0,شارع محمد خضر
KED-ROAD-02833,13,195.0,5850.0,شارع مدخل كفر الدوار
KED-ROAD-02834,75,1125.0,33750.0,شارع مدخل كفر الدوار
KED-ROAD-02835,76,1140.0,34200.0,شارع مدخل كفر الدوار
KED-ROAD-02836,3,45.0,1350.0,شارع المستشفى الشامله
KED-ROAD-02837,3,45.0,1350.0,شارع المستشفى الشامله
KED-ROAD-02838,31,465.0,13950.0,شارع بورسعيد
KED-ROAD-02839,31,465.0,13950.0,شارع بورسعيد
KED-ROAD-02840,3,45.0,1350.0,شارع احمد عرابى
KED-ROAD-02841,4,60.0,1800.0,شارع مدخل كفر الدوار
KED-ROAD-02842,2,30.0,900.0,شارع المستشفى الشامله
KED-ROAD-02843,2,30.0,900.0,شارع المستشفى الشامله
KED-ROAD-02844,6,90.0,2700.0,شارع المهلج
KED-ROAD-02845,6,90.0,2700.0,شارع المهلج
KED-ROAD-02848,2,30.0,900.0,شارع 26 يوليو
KED-ROAD-02849,2,30.0,900.0,شارع 26 يوليو
KED-ROAD-02850,6,90.0,2700.0,شارع السلامه
KED-ROAD-02851,24,360.0,10800.0,شارع بكر الدكراوي
KED-ROAD-02852,24,360.0,10800.0,شارع بكر الدكراوي
KED-ROAD-02853,31,465.0,13950.0,شارع المضرب
KED-ROAD-02854,31,465.0,13950.0,شارع المضرب
KED-ROAD-02855,8,120.0,3600.0,شارع محطة الصرف الصحى
KED-ROAD-02856,8,120.0,3600.0,شارع محطة الصرف الصحى
KED-ROAD-02857,3,45.0,1350.0,شارع محطة الصرف الصحى
KED-ROAD-02858,3,45.0,1350.0,شارع محطة الصرف الصحى
KED-ROAD-02859,1,15.0,450.0,شارع احمد عرابى
KED-ROAD-02860,1,15.0,450.0,شارع احمد عرابى
KED-ROAD-02861,6,90.0,2700.0,شارع السلامه
KED-ROAD-02862,2,30.0,900.0,
KED-ROAD-02863,2,30.0,900.0,
KED-ROAD-02864,4,60.0,1800.0,شارع السلامه
KED-ROAD-02865,4,60.0,1800.0,شارع السلامه
KED-ROAD-02868,27,405.0,12150.0,شارع مدخل كفر الدوار
KED-ROAD-02869,28,420.0,12600.0,شارع مدخل كفر الدوار
KED-ROAD-02870,13,195.0,5850.0,شارع احمد عرابى
KED-ROAD-02871,3,45.0,1350.0,شارع احمد عرابى
KED-ROAD-02872,5,75.0,2250.0,شارع مدخل كفر الدوار
KED-ROAD-02873,9,135.0,4050.0,شارع مبره محمد على
KED-ROAD-02874,9,135.0,4050.0,شارع مبره محمد على
KED-ROAD-02875,4,60.0,1800.0,
KED-ROAD-02876,4,60.0,1800.0,
KED-ROAD-02877,1,15.0,450.0,شارع الاداره الصحيه
KED-ROAD-02878,1,15.0,450.0,شارع الاداره الصحيه
KED-ROAD-02881,13,195.0,5850.0,شارع احمد عرابى
KED-ROAD-02882,7,105.0,3150.0,شارع الاداره الصحيه
KED-ROAD-02883,7,105.0,3150.0,شارع الاداره الصحيه
KED-ROAD-02884,8,120.0,3600.0,شارع على بركه
KED-ROAD-02885,8,120.0,3600.0,شارع على بركه
KED-ROAD-02886,4,60.0,1800.0,شارع مبره محمد على
KED-ROAD-02887,4,60.0,1800.0,شارع مبره محمد على
KED-ROAD-02888,2,30.0,900.0,شارع طاهر
KED-ROAD-02889,2,30.0,900.0,شارع طاهر
KED-ROAD-02890,3,45.0,1350.0,شارع طاهر
KED-ROAD-02893,4,60.0,1800.0,
KED-ROAD-02894,4,60.0,1800.0,
KED-ROAD-02897,5,75.0,2250.0,
KED-ROAD-02898,5,75.0,2250.0,
KED-ROAD-02901,4,60.0,1800.0,حارة النور
KED-ROAD-02906,1,15.0,450.0,شارع الترعه
KED-ROAD-02907,1,15.0,450.0,شارع الترعه
KED-ROAD-02908,1,15.0,450.0,شارع رفاعه الطهطاوى
KED-ROAD-02909,1,15.0,450.0,شارع رفاعه الطهطاوى
KED-ROAD-02910,6,90.0,2700.0,شارع الترعه
KED-ROAD-02911,1,15.0,450.0,شارع غزوه بدر
KED-ROAD-02912,3,45.0,1350.0,شارع الإمام الشافعى
KED-ROAD-02913,3,45.0,1350.0,شارع الإمام الشافعى
KED-ROAD-02914,1,15.0,450.0,شارع ابو حنيفه
KED-ROAD-02915,1,15.0,450.0,شارع ابو حنيفه
KED-ROAD-02916,8,120.0,3600.0,شارع الإمام الشافعى
KED-ROAD-02917,8,120.0,3600.0,شارع الإمام الشافعى
KED-ROAD-02918,10,150.0,4500.0,
KED-ROAD-02919,10,150.0,4500.0,
KED-ROAD-02924,4,60.0,1800.0,شارع الإمام مالك
KED-ROAD-02925,4,60.0,1800.0,شارع الإمام مالك
KED-ROAD-02926,1,15.0,450.0,شارع جمال الدين الافغانى
KED-ROAD-02927,1,15.0,450.0,شارع جمال الدين الافغانى
KED-ROAD-02928,3,45.0,1350.0,شارع 6
KED-ROAD-02929,3,45.0,1350.0,شارع 6
KED-ROAD-02930,2,30.0,900.0,شارع جمال الدين الافغانى
KED-ROAD-02931,6,90.0,2700.0,شارع الترعه
KED-ROAD-02936,5,75.0,2250.0,شارع ابو الحمد
KED-ROAD-02937,5,75.0,2250.0,شارع ابو الحمد
KED-ROAD-02938,4,60.0,1800.0,شارع مسجد التوحيد
KED-ROAD-02939,4,60.0,1800.0,شارع مسجد التوحيد
KED-ROAD-02940,5,75.0,2250.0,
KED-ROAD-02941,2,30.0,900.0,شارع جمال الدين الافغانى
KED-ROAD-02942,2,30.0,900.0,شارع الاداره الصحيه
KED-ROAD-02943,2,30.0,900.0,شارع الاداره الصحيه
KED-ROAD-02946,3,45.0,1350.0,شارع المستقبل
KED-ROAD-02947,3,45.0,1350.0,شارع المستقبل
KED-ROAD-02948,4,60.0,1800.0,شارع المستقبل
KED-ROAD-02949,4,60.0,1800.0,شارع المستقبل
KED-ROAD-02950,4,60.0,1800.0,شارع المستقبل
KED-ROAD-02951,6,90.0,2700.0,شارع ماجد
KED-ROAD-02952,4,60.0,1800.0,شارع مسجد التوحيد
KED-ROAD-02953,4,60.0,1800.0,شارع مسجد التوحيد
KED-ROAD-02954,4,60.0,1800.0,شارع ماجد
KED-ROAD-02955,4,60.0,1800.0,شارع ماجد
KED-ROAD-02956,2,30.0,900.0,
KED-ROAD-02957,2,30.0,900.0,
KED-ROAD-02960,2,30.0,900.0,شارع ماجد
KED-ROAD-02964,3,45.0,1350.0,شارع على بركه
KED-ROAD-02965,3,45.0,1350.0,شارع على بركه
KED-ROAD-02971,5,75.0,2250.0,
KED-ROAD-02972,4,60.0,1800.0,
KED-ROAD-02973,4,60.0,1800.0,
KED-ROAD-02974,4,60.0,1800.0,شارع على بركه
KED-ROAD-02975,4,60.0,1800.0,شارع على بركه
KED-ROAD-02978,10,150.0,4500.0,شارع حمدى عبد الرؤوف
KED-ROAD-02979,10,150.0,4500.0,شارع حمدى عبد الرؤوف
KED-ROAD-02981,4,60.0,1800.0,شارع المستقبل
KED-ROAD-02982,10,150.0,4500.0,شارع المستقبل
KED-ROAD-02983,10,150.0,4500.0,شارع المستقبل
KED-ROAD-02984,3,45.0,1350.0,شارع شحاته
KED-ROAD-02985,3,45.0,1350.0,شارع شحاته
KED-ROAD-02986,1,15.0,450.0,شارع المستقبل
KED-ROAD-02987,1,15.0,450.0,شارع المستقبل
KED-ROAD-02988,2,30.0,900.0,شارع المستقبل
KED-ROAD-02989,2,30.0,900.0,شارع المستقبل
KED-ROAD-02990,3,45.0,1350.0,شارع غطاس تادرس
KED-ROAD-03000,2,30.0,900.0,شارع مينا يونس
KED-ROAD-03001,1,15.0,450.0,شارع الجيش
KED-ROAD-03002,1,15.0,450.0,شارع الجيش
KED-ROAD-03005,2,30.0,900.0,
KED-ROAD-03006,2,30.0,900.0,
KED-ROAD-03009,2,30.0,900.0,شارع جوده
KED-ROAD-03010,2,30.0,900.0,شارع جوده
KED-ROAD-03013,3,45.0,1350.0,شارع الجميل
KED-ROAD-03014,3,45.0,1350.0,شارع الجميل
KED-ROAD-03017,2,30.0,900.0,شارع جلال الدسوقي
KED-ROAD-03018,2,30.0,900.0,شارع جلال الدسوقي
KED-ROAD-03019,5,75.0,2250.0,شارع جلال الدسوقي
KED-ROAD-03020,5,75.0,2250.0,شارع جلال الدسوقي
KED-ROAD-03029,13,195.0,5850.0,شارع ابو هريره
KED-ROAD-03030,13,195.0,5850.0,شارع ابو هريره
KED-ROAD-03031,12,180.0,5400.0,شارع الخليفه
KED-ROAD-03032,12,180.0,5400.0,شارع الخليفه
KED-ROAD-03033,5,75.0,2250.0,شارع النصر
KED-ROAD-03034,5,75.0,2250.0,شارع النصر
KED-ROAD-03035,3,45.0,1350.0,شارع الاتوبيس
KED-ROAD-03036,3,45.0,1350.0,شارع الاتوبيس
KED-ROAD-03037,4,60.0,1800.0,
KED-ROAD-03038,4,60.0,1800.0,
KED-ROAD-03039,3,45.0,1350.0,شارع الجيش
KED-ROAD-03040,3,45.0,1350.0,شارع الجيش
KED-ROAD-03041,4,60.0,1800.0,شارع جوده
KED-ROAD-03042,4,60.0,1800.0,شارع جوده
KED-ROAD-03043,7,105.0,3150.0,شارع ابو هريره
KED-ROAD-03044,7,105.0,3150.0,شارع ابو هريره
KED-ROAD-03047,7,105.0,3150.0,شارع ابو هريره
KED-ROAD-03048,7,105.0,3150.0,شارع ابو هريره
KED-ROAD-03049,6,90.0,2700.0,شارع النصر
KED-ROAD-03050,6,90.0,2700.0,شارع النصر
KED-ROAD-03051,15,225.0,6750.0,شارع القاهر
KED-ROAD-03052,15,225.0,6750.0,شارع القاهر
KED-ROAD-03055,2,30.0,900.0,شارع القاهر
KED-ROAD-03056,2,30.0,900.0,شارع القاهر
KED-ROAD-03063,6,90.0,2700.0,شارع امير البحر
KED-ROAD-03064,6,90.0,2700.0,شارع امير البحر
KED-ROAD-03065,5,75.0,2250.0,شارع الغنيمى
KED-ROAD-03066,5,75.0,2250.0,شارع الغنيمى
KED-ROAD-03067,3,45.0,1350.0,حارة أرابيسك
KED-ROAD-03068,3,45.0,1350.0,حارة أرابيسك
KED-ROAD-03069,5,75.0,2250.0,
KED-ROAD-03070,5,75.0,2250.0,
KED-ROAD-03071,5,75.0,2250.0,شارع ابو هريره
KED-ROAD-03072,5,75.0,2250.0,شارع ابو هريره
KED-ROAD-03073,5,75.0,2250.0,شارع ابو هريره
KED-ROAD-03074,5,75.0,2250.0,شارع ابو هريره
KED-ROAD-03075,3,45.0,1350.0,شارع الاتوبيس
KED-ROAD-03076,3,45.0,1350.0,شارع الاتوبيس
KED-ROAD-03077,4,60.0,1800.0,شارع الكرنك
KED-ROAD-03078,4,60.0,1800.0,شارع الكرنك
KED-ROAD-03079,9,135.0,4050.0,شارع جوده
KED-ROAD-03080,9,135.0,4050.0,شارع جوده
KED-ROAD-03081,3,45.0,1350.0,شارع الجيش
KED-ROAD-03082,3,45.0,1350.0,شارع الجيش
KED-ROAD-03083,4,60.0,1800.0,شارع الشهيد حامد هنداوي
KED-ROAD-03084,4,60.0,1800.0,شارع الشهيد حامد هنداوي
KED-ROAD-03085,3,45.0,1350.0,شارع محمود الصباغ
KED-ROAD-03086,3,45.0,1350.0,شارع محمود الصباغ
KED-ROAD-03087,3,45.0,1350.0,شارع 26 يوليو
KED-ROAD-03088,3,45.0,1350.0,شارع 26 يوليو
KED-ROAD-03089,8,120.0,3600.0,شارع النصر
KED-ROAD-03090,8,120.0,3600.0,شارع النصر
KED-ROAD-03095,5,75.0,2250.0,حارة المنتصر
KED-ROAD-03096,5,75.0,2250.0,حارة المنتصر
KED-ROAD-03097,6,90.0,2700.0,حارة محمد فريد
KED-ROAD-03098,6,90.0,2700.0,حارة محمد فريد
KED-ROAD-03099,6,90.0,2700.0,حارة الشهيد على الروبى
KED-ROAD-03100,6,90.0,2700.0,حارة الشهيد على الروبى
KED-ROAD-03105,2,30.0,900.0,شارع غزه
KED-ROAD-03106,2,30.0,900.0,شارع غزه
KED-ROAD-03107,1,15.0,450.0,
KED-ROAD-03108,1,15.0,450.0,
KED-ROAD-03109,3,45.0,1350.0,شارع دنشواى
KED-ROAD-03110,3,45.0,1350.0,شارع دنشواى
KED-ROAD-03112,1,15.0,450.0,شارع زين العابدين
KED-ROAD-03113,1,15.0,450.0,شارع زين العابدين
KED-ROAD-03118,1,15.0,450.0,شارع مصطفى كامل
KED-ROAD-03119,1,15.0,450.0,شارع مصطفى كامل
KED-ROAD-03120,1,15.0,450.0,
KED-ROAD-03121,1,15.0,450.0,
KED-ROAD-03124,5,75.0,2250.0,
KED-ROAD-03125,5,75.0,2250.0,
KED-ROAD-03126,4,60.0,1800.0,شارع مصطفى كامل
KED-ROAD-03127,4,60.0,1800.0,شارع مصطفى كامل
KED-ROAD-03131,2,30.0,900.0,شارع المدينه
KED-ROAD-03132,2,30.0,900.0,شارع المدينه
KED-ROAD-03133,2,30.0,900.0,شارع التراث
KED-ROAD-03134,2,30.0,900.0,شارع التراث
KED-ROAD-03135,2,30.0,900.0,شارع الجميل
KED-ROAD-03136,2,30.0,900.0,شارع الجميل
KED-ROAD-03137,3,45.0,1350.0,شارع الاعراب
KED-ROAD-03138,3,45.0,1350.0,شارع الاعراب
KED-ROAD-03143,5,75.0,2250.0,شارع غزه
KED-ROAD-03144,5,75.0,2250.0,شارع غزه
KED-ROAD-03149,4,60.0,1800.0,شارع الجمهوريه
KED-ROAD-03150,4,60.0,1800.0,شارع الجمهوريه
KED-ROAD-03152,8,120.0,3600.0,شارع ابو العباس
KED-ROAD-03153,8,120.0,3600.0,شارع ابو العباس
KED-ROAD-03156,7,105.0,3150.0,شارع الانصاف
KED-ROAD-03157,7,105.0,3150.0,شارع الانصاف
KED-ROAD-03158,2,30.0,900.0,شارع جلال الدسوقي
KED-ROAD-03159,2,30.0,900.0,شارع جلال الدسوقي
KED-ROAD-03161,5,75.0,2250.0,
KED-ROAD-03166,4,60.0,1800.0,
KED-ROAD-03167,4,60.0,1800.0,
KED-ROAD-03170,12,180.0,5400.0,حارة ام السعد
KED-ROAD-03171,6,90.0,2700.0,شارع إسماعيل شحاتة
KED-ROAD-03172,6,90.0,2700.0,شارع إسماعيل شحاتة
KED-ROAD-03175,9,135.0,4050.0,
KED-ROAD-03176,9,135.0,4050.0,
KED-ROAD-03177,4,60.0,1800.0,
KED-ROAD-03178,4,60.0,1800.0,
KED-ROAD-03182,9,135.0,4050.0,شارع جلال الدسوقي
KED-ROAD-03183,9,135.0,4050.0,شارع جلال الدسوقي
KED-ROAD-03184,10,150.0,4500.0,شارع القاهر
KED-ROAD-03185,10,150.0,4500.0,شارع القاهر
KED-ROAD-03186,4,60.0,1800.0,شارع لواء الاسلام
KED-ROAD-03187,4,60.0,1800.0,شارع لواء الاسلام
KED-ROAD-03190,4,60.0,1800.0,
KED-ROAD-03191,12,180.0,5400.0,حارة ام السعد
KED-ROAD-03192,13,195.0,5850.0,شارع الجلاء
KED-ROAD-03193,13,195.0,5850.0,شارع الجلاء
KED-ROAD-03194,2,30.0,900.0,شارع 26 يوليو
KED-ROAD-03195,2,30.0,900.0,شارع 26 يوليو
KED-ROAD-03196,1,15.0,450.0,شارع 26 يوليو
KED-ROAD-03197,1,15.0,450.0,شارع 26 يوليو
KED-ROAD-03198,2,30.0,900.0,شارع 26 يوليو
KED-ROAD-03199,2,30.0,900.0,شارع 26 يوليو
KED-ROAD-03200,6,90.0,2700.0,
KED-ROAD-03201,3,45.0,1350.0,شارع 26 يوليو
KED-ROAD-03202,3,45.0,1350.0,شارع 26 يوليو
KED-ROAD-03203,2,30.0,900.0,شارع 26 يوليو
KED-ROAD-03204,2,30.0,900.0,شارع 26 يوليو
KED-ROAD-03207,6,90.0,2700.0,شارع 26 يوليو
KED-ROAD-03208,6,90.0,2700.0,شارع 26 يوليو
KED-ROAD-03211,6,90.0,2700.0,حارة الجهاد
KED-ROAD-03212,6,90.0,2700.0,حارة الجهاد
KED-ROAD-03213,6,90.0,2700.0,حارة الحكمه
KED-ROAD-03214,6,90.0,2700.0,حارة الحكمه
KED-ROAD-03215,1,15.0,450.0,شارع 26 يوليو
KED-ROAD-03216,1,15.0,450.0,شارع 26 يوليو
KED-ROAD-03223,1,15.0,450.0,شارع 26 يوليو
KED-ROAD-03224,1,15.0,450.0,شارع 26 يوليو
KED-ROAD-03225,1,15.0,450.0,شارع الامه
KED-ROAD-03226,1,15.0,450.0,شارع الامه
KED-ROAD-03227,5,75.0,2250.0,حارة أبناء الصعيد
KED-ROAD-03228,5,75.0,2250.0,حارة أبناء الصعيد
KED-ROAD-03229,1,15.0,450.0,حارة السلامه
KED-ROAD-03230,1,15.0,450.0,حارة السلامه
KED-ROAD-03231,1,15.0,450.0,شارع 26 يوليو
KED-ROAD-03232,1,15.0,450.0,شارع 26 يوليو
KED-ROAD-03233,7,105.0,3150.0,شارع 26 يوليو
KED-ROAD-03234,7,105.0,3150.0,شارع 26 يوليو
KED-ROAD-03235,11,165.0,4950.0,شارع 26 يوليو
KED-ROAD-03236,11,165.0,4950.0,شارع 26 يوليو
KED-ROAD-03237,6,90.0,2700.0,شارع 26 يوليو
KED-ROAD-03238,6,90.0,2700.0,شارع 26 يوليو
KED-ROAD-03239,3,45.0,1350.0,شارع الاتوبيس
KED-ROAD-03240,3,45.0,1350.0,شارع الاتوبيس
KED-ROAD-03241,6,90.0,2700.0,شارع 26 يوليو
KED-ROAD-03242,6,90.0,2700.0,شارع 26 يوليو
KED-ROAD-03243,3,45.0,1350.0,
KED-ROAD-03244,3,45.0,1350.0,
KED-ROAD-03245,3,45.0,1350.0,شارع الكرنك
KED-ROAD-03246,3,45.0,1350.0,شارع الكرنك
KED-ROAD-03247,1,15.0,450.0,شارع الشهيد حامد هنداوي
KED-ROAD-03248,1,15.0,450.0,شارع الشهيد حامد هنداوي
KED-ROAD-03249,3,45.0,1350.0,شارع الجيش
KED-ROAD-03250,3,45.0,1350.0,شارع الجيش
KED-ROAD-03251,8,120.0,3600.0,شارع امير البحر
KED-ROAD-03252,8,120.0,3600.0,شارع امير البحر
KED-ROAD-03253,1,15.0,450.0,شارع الامه
KED-ROAD-03254,1,15.0,450.0,شارع الامه
KED-ROAD-03255,7,105.0,3150.0,شارع النصر
KED-ROAD-03256,7,105.0,3150.0,شارع النصر
KED-ROAD-03259,1,15.0,450.0,شارع الامه
KED-ROAD-03260,1,15.0,450.0,شارع الامه
KED-ROAD-03261,1,15.0,450.0,شارع محمود الصباغ
KED-ROAD-03262,1,15.0,450.0,شارع محمود الصباغ
KED-ROAD-03263,2,30.0,900.0,شارع الترعه
KED-ROAD-03264,2,30.0,900.0,شارع الترعه
KED-ROAD-03265,6,90.0,2700.0,شارع وهدان
KED-ROAD-03266,6,90.0,2700.0,شارع وهدان
KED-ROAD-03267,2,30.0,900.0,شارع القوى
KED-ROAD-03268,2,30.0,900.0,شارع القوى
KED-ROAD-03273,3,45.0,1350.0,شارع الرزق
KED-ROAD-03274,3,45.0,1350.0,شارع الرزق
KED-ROAD-03277,4,60.0,1800.0,شارع 26 يوليو
KED-ROAD-03278,4,60.0,1800.0,شارع 26 يوليو
KED-ROAD-03279,3,45.0,1350.0,
KED-ROAD-03280,3,45.0,1350.0,
KED-ROAD-03281,1,15.0,450.0,شارع القوى
KED-ROAD-03282,1,15.0,450.0,شارع القوى
KED-ROAD-03287,7,105.0,3150.0,شارع القوى
KED-ROAD-03288,7,105.0,3150.0,شارع القوى
KED-ROAD-03289,6,90.0,2700.0,شارع وهدان
KED-ROAD-03290,6,90.0,2700.0,شارع وهدان
KED-ROAD-03291,8,120.0,3600.0,شارع الفالوجه
KED-ROAD-03292,8,120.0,3600.0,شارع الفالوجه
KED-ROAD-03299,1,15.0,450.0,شارع الرزق
KED-ROAD-03300,10,150.0,4500.0,حارة الهدي
KED-ROAD-03301,6,90.0,2700.0,شارع عمر شاهين
KED-ROAD-03302,6,90.0,2700.0,شارع عمر شاهين
KED-ROAD-03311,12,180.0,5400.0,شارع ابو بكر الصديق
KED-ROAD-03312,12,180.0,5400.0,شارع ابو بكر الصديق
KED-ROAD-03313,4,60.0,1800.0,شارع عزيز المصري
KED-ROAD-03314,4,60.0,1800.0,شارع عزيز المصري
KED-ROAD-03315,3,45.0,1350.0,شارع عزيز المصري
KED-ROAD-03316,3,45.0,1350.0,شارع عزيز المصري
KED-ROAD-03317,3,45.0,1350.0,شارع القنال
KED-ROAD-03318,3,45.0,1350.0,شارع القنال
KED-ROAD-03319,5,75.0,2250.0,شارع عزيز المصري
KED-ROAD-03320,5,75.0,2250.0,شارع عزيز المصري
KED-ROAD-03321,2,30.0,900.0,شارع إسماعيل شحاتة
KED-ROAD-03322,2,30.0,900.0,شارع إسماعيل شحاتة
KED-ROAD-03323,7,105.0,3150.0,شارع القنال
KED-ROAD-03324,7,105.0,3150.0,شارع القنال
KED-ROAD-03327,1,15.0,450.0,شارع الشعب
KED-ROAD-03328,1,15.0,450.0,شارع الشعب
KED-ROAD-03329,5,75.0,2250.0,شارع ام صابر
KED-ROAD-03330,5,75.0,2250.0,شارع ام صابر
KED-ROAD-03331,5,75.0,2250.0,شارع ابو بكر الصديق
KED-ROAD-03332,5,75.0,2250.0,شارع عزيز المصري
KED-ROAD-03333,5,75.0,2250.0,شارع عزيز المصري
KED-ROAD-03334,5,75.0,2250.0,شارع محمد ذكى
KED-ROAD-03335,5,75.0,2250.0,شارع محمد ذكى
KED-ROAD-03336,9,135.0,4050.0,شارع الشافعى
KED-ROAD-03337,9,135.0,4050.0,شارع الشافعى
KED-ROAD-03338,10,150.0,4500.0,شارع الجلاء
KED-ROAD-03339,10,150.0,4500.0,شارع الجلاء
KED-ROAD-03340,7,105.0,3150.0,شارع عمر بن الخطاب
KED-ROAD-03341,2,30.0,900.0,شارع ام صابر
KED-ROAD-03342,2,30.0,900.0,شارع ام صابر
KED-ROAD-03343,6,90.0,2700.0,شارع الجلاء
KED-ROAD-03344,6,90.0,2700.0,شارع الجلاء
KED-ROAD-03345,6,90.0,2700.0,شارع الاقصر
KED-ROAD-03346,6,90.0,2700.0,شارع الاقصر
KED-ROAD-03347,4,60.0,1800.0,شارع الشهيد حسنى كامل
KED-ROAD-03348,4,60.0,1800.0,شارع الشهيد حسنى كامل
KED-ROAD-03351,6,90.0,2700.0,شارع الشهيد احمد كامل
KED-ROAD-03352,6,90.0,2700.0,شارع الشهيد احمد كامل
KED-ROAD-03353,6,90.0,2700.0,شارع الكنيسه
KED-ROAD-03354,6,90.0,2700.0,شارع الكنيسه
KED-ROAD-03355,2,30.0,900.0,شارع 26 يوليو
KED-ROAD-03356,2,30.0,900.0,شارع 26 يوليو
KED-ROAD-03357,2,30.0,900.0,شارع 26 يوليو
KED-ROAD-03358,2,30.0,900.0,شارع 26 يوليو
KED-ROAD-03359,6,90.0,2700.0,شارع الكنيسه
KED-ROAD-03360,6,90.0,2700.0,شارع الكنيسه
KED-ROAD-03361,1,15.0,450.0,شارع 26 يوليو
KED-ROAD-03362,1,15.0,450.0,شارع 26 يوليو
KED-ROAD-03363,6,90.0,2700.0,شارع الاقصر
KED-ROAD-03364,6,90.0,2700.0,شارع الاقصر
KED-ROAD-03365,6,90.0,2700.0,شارع الشهيد احمد كامل
KED-ROAD-03366,6,90.0,2700.0,شارع الشهيد احمد كامل
KED-ROAD-03369,1,15.0,450.0,
KED-ROAD-03370,1,15.0,450.0,
KED-ROAD-03371,7,105.0,3150.0,شارع عمر بن الخطاب
KED-ROAD-03372,7,105.0,3150.0,شارع الشركات
KED-ROAD-03373,7,105.0,3150.0,شارع الشركات
KED-ROAD-03374,2,30.0,900.0,شارع 26 يوليو
KED-ROAD-03375,2,30.0,900.0,شارع 26 يوليو
KED-ROAD-03376,1,15.0,450.0,
KED-ROAD-03377,1,15.0,450.0,
KED-ROAD-03378,2,30.0,900.0,
KED-ROAD-03379,2,30.0,900.0,
KED-ROAD-03380,3,45.0,1350.0,
KED-ROAD-03381,1,15.0,450.0,
KED-ROAD-03382,1,15.0,450.0,
KED-ROAD-03383,9,135.0,4050.0,شارع الشهيد احمد كامل
KED-ROAD-03384,9,135.0,4050.0,شارع الشهيد احمد كامل
KED-ROAD-03385,9,135.0,4050.0,شارع الكنيسه
KED-ROAD-03386,9,135.0,4050.0,شارع الكنيسه
KED-ROAD-03387,1,15.0,450.0,شارع بورسعيد
KED-ROAD-03388,1,15.0,450.0,شارع بورسعيد
KED-ROAD-03389,13,195.0,5850.0,شارع احمد عرابى
KED-ROAD-03390,13,195.0,5850.0,شارع احمد عرابى
KED-ROAD-03391,13,195.0,5850.0,شارع بورسعيد
KED-ROAD-03392,13,195.0,5850.0,شارع بورسعيد
KED-ROAD-03397,2,30.0,900.0,شارع التأمين الصحى
KED-ROAD-03398,2,30.0,900.0,شارع التأمين الصحى
KED-ROAD-03401,3,45.0,1350.0,شارع مصطفى كحيل
KED-ROAD-03402,3,45.0,1350.0,شارع مصطفى كحيل
KED-ROAD-03403,4,60.0,1800.0,
KED-ROAD-03404,4,60.0,1800.0,
KED-ROAD-03405,1,15.0,450.0,شارع الرزق
KED-ROAD-03408,1,15.0,450.0,شارع مصطفى كحيل
KED-ROAD-03409,1,15.0,450.0,شارع مصطفى كحيل
KED-ROAD-03410,7,105.0,3150.0,شارع التحرير
KED-ROAD-03411,2,30.0,900.0,شارع محمود الصباغ
KED-ROAD-03412,2,30.0,900.0,شارع محمود الصباغ
KED-ROAD-03413,2,30.0,900.0,شارع الترعه
KED-ROAD-03414,2,30.0,900.0,شارع الترعه
KED-ROAD-03415,6,90.0,2700.0,شارع الشهيد حامد هنداوي
KED-ROAD-03416,6,90.0,2700.0,شارع الشهيد حامد هنداوي
KED-ROAD-03417,6,90.0,2700.0,شارع بلنة
KED-ROAD-03418,6,90.0,2700.0,شارع بلنة
KED-ROAD-03419,6,90.0,2700.0,شارع الكرنك
KED-ROAD-03420,6,90.0,2700.0,شارع الكرنك
KED-ROAD-03421,5,75.0,2250.0,شارع الاتوبيس
KED-ROAD-03422,5,75.0,2250.0,شارع الاتوبيس
KED-ROAD-03423,5,75.0,2250.0,شارع مدين
KED-ROAD-03424,5,75.0,2250.0,شارع مدين
KED-ROAD-03425,6,90.0,2700.0,شارع الجيش
KED-ROAD-03426,6,90.0,2700.0,شارع الجيش
KED-ROAD-03429,1,15.0,450.0,شارع الترعه
KED-ROAD-03430,1,15.0,450.0,شارع الترعه
KED-ROAD-03431,10,150.0,4500.0,حارة الهدي
KED-ROAD-03434,3,45.0,1350.0,شارع التحرير
KED-ROAD-03435,3,45.0,1350.0,شارع التحرير
KED-ROAD-03436,6,90.0,2700.0,شارع الأدباء
KED-ROAD-03437,6,90.0,2700.0,شارع الأدباء
KED-ROAD-03438,3,45.0,1350.0,شارع الامه
KED-ROAD-03439,3,45.0,1350.0,شارع الامه
KED-ROAD-03441,3,45.0,1350.0,شارع ابو الدرداء
KED-ROAD-03442,3,45.0,1350.0,شارع ابو الدرداء
KED-ROAD-03447,4,60.0,1800.0,شارع ابو الدرداء
KED-ROAD-03448,4,60.0,1800.0,شارع ابو الدرداء
KED-ROAD-03449,1,15.0,450.0,شارع النهضة
KED-ROAD-03450,1,15.0,450.0,شارع النهضة
KED-ROAD-03452,6,90.0,2700.0,
KED-ROAD-03453,6,90.0,2700.0,
KED-ROAD-03454,2,30.0,900.0,شارع الأدباء
KED-ROAD-03455,2,30.0,900.0,شارع الأدباء
KED-ROAD-03458,6,90.0,2700.0,شارع الرزق
KED-ROAD-03459,6,90.0,2700.0,شارع الرزق
KED-ROAD-03460,3,45.0,1350.0,شارع الشعراء
KED-ROAD-03461,3,45.0,1350.0,شارع الشعراء
KED-ROAD-03464,2,30.0,900.0,شارع الامه
KED-ROAD-03465,2,30.0,900.0,شارع الامه
KED-ROAD-03466,2,30.0,900.0,
KED-ROAD-03467,2,30.0,900.0,
KED-ROAD-03471,2,30.0,900.0,شارع النهضة
KED-ROAD-03472,2,30.0,900.0,شارع النهضة
KED-ROAD-03473,2,30.0,900.0,شارع النهضة
KED-ROAD-03474,2,30.0,900.0,شارع النهضة
KED-ROAD-03475,7,105.0,3150.0,شارع النهضة
KED-ROAD-03476,7,105.0,3150.0,شارع النهضة
KED-ROAD-03477,2,30.0,900.0,شارع الاتوبيس
KED-ROAD-03478,2,30.0,900.0,شارع الاتوبيس
KED-ROAD-03479,5,75.0,2250.0,
KED-ROAD-03480,5,75.0,2250.0,
KED-ROAD-03481,7,105.0,3150.0,شارع التحرير
KED-ROAD-03482,2,30.0,900.0,شارع السيدة عائشة
KED-ROAD-03483,2,30.0,900.0,شارع السيدة عائشة
KED-ROAD-03484,4,60.0,1800.0,شارع التحرير
KED-ROAD-03485,4,60.0,1800.0,شارع التحرير
KED-ROAD-03486,3,45.0,1350.0,شارع مصطفى كحيل
KED-ROAD-03487,3,45.0,1350.0,شارع مصطفى كحيل
KED-ROAD-03488,4,60.0,1800.0,شارع رسلان
KED-ROAD-03489,4,60.0,1800.0,شارع رسلان
KED-ROAD-03490,6,90.0,2700.0,شارع السيدة عائشة
KED-ROAD-03494,3,45.0,1350.0,
KED-ROAD-03495,3,45.0,1350.0,
KED-ROAD-03498,3,45.0,1350.0,
KED-ROAD-03499,3,45.0,1350.0,
KED-ROAD-03501,4,60.0,1800.0,
KED-ROAD-03502,1,15.0,450.0,شارع السيدة عائشة
KED-ROAD-03503,1,15.0,450.0,شارع السيدة عائشة
KED-ROAD-03504,1,15.0,450.0,شارع لواء الاسلام
KED-ROAD-03505,1,15.0,450.0,شارع لواء الاسلام
KED-ROAD-03506,4,60.0,1800.0,شارع 26 يوليو
KED-ROAD-03507,4,60.0,1800.0,شارع 26 يوليو
KED-ROAD-03508,2,30.0,900.0,شارع السيدة عائشة
KED-ROAD-03509,2,30.0,900.0,شارع السيدة عائشة
KED-ROAD-03510,1,15.0,450.0,شارع 26 يوليو
KED-ROAD-03513,1,15.0,450.0,
KED-ROAD-03514,1,15.0,450.0,
KED-ROAD-03515,2,30.0,900.0,شارع لواء الاسلام
KED-ROAD-03516,2,30.0,900.0,شارع لواء الاسلام
KED-ROAD-03519,1,15.0,450.0,شارع 26 يوليو
KED-ROAD-03520,1,15.0,450.0,شارع 26 يوليو
KED-ROAD-03521,1,15.0,450.0,شارع 26 يوليو
KED-ROAD-03522,2,30.0,900.0,شارع لواء الاسلام
KED-ROAD-03523,2,30.0,900.0,شارع لواء الاسلام
KED-ROAD-03524,4,60.0,1800.0,
KED-ROAD-03525,4,60.0,1800.0,
KED-ROAD-03526,6,90.0,2700.0,شارع ابن سينا
KED-ROAD-03527,6,90.0,2700.0,شارع ابن سينا
KED-ROAD-03528,2,30.0,900.0,شارع لواء الاسلام
KED-ROAD-03529,2,30.0,900.0,شارع لواء الاسلام
KED-ROAD-03530,4,60.0,1800.0,شارع التحرير
KED-ROAD-03531,1,15.0,450.0,شارع 26 يوليو
KED-ROAD-03532,1,15.0,450.0,شارع 26 يوليو
KED-ROAD-03533,6,90.0,2700.0,
KED-ROAD-03534,6,90.0,2700.0,
KED-ROAD-03535,6,90.0,2700.0,شارع لواء الاسلام
KED-ROAD-03536,6,90.0,2700.0,شارع لواء الاسلام
KED-ROAD-03537,6,90.0,2700.0,شارع المجاهدين
KED-ROAD-03538,6,90.0,2700.0,شارع المجاهدين
KED-ROAD-03539,1,15.0,450.0,شارع التحرير
KED-ROAD-03540,1,15.0,450.0,شارع التحرير
KED-ROAD-03541,6,90.0,2700.0,
KED-ROAD-03542,6,90.0,2700.0,
KED-ROAD-03543,6,90.0,2700.0,
KED-ROAD-03544,6,90.0,2700.0,شارع الشهيد حسنى كامل
KED-ROAD-03545,6,90.0,2700.0,شارع الشهيد حسنى كامل
KED-ROAD-03548,1,15.0,450.0,
KED-ROAD-03549,1,15.0,450.0,
KED-ROAD-03550,2,30.0,900.0,
KED-ROAD-03551,4,60.0,1800.0,شارع التحرير
KED-ROAD-03552,2,30.0,900.0,شارع التحرير
KED-ROAD-03553,2,30.0,900.0,شارع التحرير
KED-ROAD-03556,6,90.0,2700.0,
KED-ROAD-03557,6,90.0,2700.0,
KED-ROAD-03558,11,165.0,4950.0,شارع لواء الاسلام
KED-ROAD-03559,11,165.0,4950.0,شارع لواء الاسلام
KED-ROAD-03560,11,165.0,4950.0,شارع ابن سينا
KED-ROAD-03561,2,30.0,900.0,شارع التحرير
KED-ROAD-03562,2,30.0,900.0,شارع التحرير
KED-ROAD-03563,2,30.0,900.0,شارع التحرير
KED-ROAD-03564,2,30.0,900.0,شارع التحرير
KED-ROAD-03567,6,90.0,2700.0,شارع لواء الاسلام
KED-ROAD-03568,6,90.0,2700.0,شارع لواء الاسلام
KED-ROAD-03569,6,90.0,2700.0,شارع المجاهدين
KED-ROAD-03570,6,90.0,2700.0,شارع المجاهدين
KED-ROAD-03571,2,30.0,900.0,
KED-ROAD-03574,5,75.0,2250.0,
KED-ROAD-03575,5,75.0,2250.0,
KED-ROAD-03578,5,75.0,2250.0,
KED-ROAD-03579,5,75.0,2250.0,
KED-ROAD-03580,3,45.0,1350.0,شارع الشهيد حسنى كامل
KED-ROAD-03583,2,30.0,900.0,
KED-ROAD-03584,2,30.0,900.0,
KED-ROAD-03587,2,30.0,900.0,
KED-ROAD-03588,2,30.0,900.0,
KED-ROAD-03589,1,15.0,450.0,
KED-ROAD-03590,1,15.0,450.0,
KED-ROAD-03591,11,165.0,4950.0,شارع ابن سينا
KED-ROAD-03592,2,30.0,900.0,
KED-ROAD-03593,2,30.0,900.0,
KED-ROAD-03594,2,30.0,900.0,
KED-ROAD-03595,2,30.0,900.0,
KED-ROAD-03596,1,15.0,450.0,شارع بورسعيد
KED-ROAD-03597,1,15.0,450.0,شارع بورسعيد
KED-ROAD-03600,13,195.0,5850.0,شارع احمد عرابى
KED-ROAD-03601,1,15.0,450.0,
KED-ROAD-03602,1,15.0,450.0,
KED-ROAD-03603,6,90.0,2700.0,شارع بلنة
KED-ROAD-03604,6,90.0,2700.0,شارع بلنة
KED-ROAD-03605,6,90.0,2700.0,شارع الكرنك
KED-ROAD-03606,6,90.0,2700.0,شارع الكرنك
KED-ROAD-03607,10,150.0,4500.0,شارع الشهيد حامد هنداوي
KED-ROAD-03608,10,150.0,4500.0,شارع الشهيد حامد هنداوي
KED-ROAD-03609,6,90.0,2700.0,شارع الجيش
KED-ROAD-03610,6,90.0,2700.0,شارع الجيش
KED-ROAD-03611,10,150.0,4500.0,شارع محمود الصباغ
KED-ROAD-03612,10,150.0,4500.0,شارع محمود الصباغ
KED-ROAD-03613,10,150.0,4500.0,شارع الترعه
KED-ROAD-03614,10,150.0,4500.0,شارع الترعه
KED-ROAD-03615,2,30.0,900.0,شارع الاتوبيس
KED-ROAD-03616,2,30.0,900.0,شارع الاتوبيس
KED-ROAD-03617,2,30.0,900.0,
KED-ROAD-03618,2,30.0,900.0,
KED-ROAD-03619,2,30.0,900.0,شارع خلف السنترال
KED-ROAD-03620,2,30.0,900.0,شارع خلف السنترال
KED-ROAD-03622,2,30.0,900.0,شارع الامه
KED-ROAD-03623,2,30.0,900.0,شارع الامه
KED-ROAD-03626,5,75.0,2250.0,
KED-ROAD-03627,5,75.0,2250.0,
KED-ROAD-03628,2,30.0,900.0,شارع الامه
KED-ROAD-03629,2,30.0,900.0,شارع الامه
KED-ROAD-03630,2,30.0,900.0,
KED-ROAD-03631,2,30.0,900.0,
KED-ROAD-03634,5,75.0,2250.0,
KED-ROAD-03635,5,75.0,2250.0,
KED-ROAD-03638,3,45.0,1350.0,شارع خلف السنترال
KED-ROAD-03639,3,45.0,1350.0,شارع خلف السنترال
KED-ROAD-03640,1,15.0,450.0,شارع خلف السنترال
KED-ROAD-03641,6,90.0,2700.0,شارع السيدة عائشة
KED-ROAD-03642,2,30.0,900.0,شارع مصطفى كحيل
KED-ROAD-03643,2,30.0,900.0,شارع مصطفى كحيل
KED-ROAD-03644,7,105.0,3150.0,
KED-ROAD-03645,7,105.0,3150.0,
KED-ROAD-03646,4,60.0,1800.0,
KED-ROAD-03647,4,60.0,1800.0,
KED-ROAD-03648,3,45.0,1350.0,شارع السيدة عائشة
KED-ROAD-03649,3,45.0,1350.0,شارع السيدة عائشة
KED-ROAD-03650,11,165.0,4950.0,شارع بورسعيد
KED-ROAD-03651,2,30.0,900.0,شارع خلف السنترال
KED-ROAD-03652,2,30.0,900.0,شارع خلف السنترال
KED-ROAD-03653,2,30.0,900.0,شارع خلف السنترال
KED-ROAD-03654,2,30.0,900.0,شارع خلف السنترال
KED-ROAD-03655,3,45.0,1350.0,شارع خلف السنترال
KED-ROAD-03656,3,45.0,1350.0,شارع خلف السنترال
KED-ROAD-03657,6,90.0,2700.0,شارع خلف السنترال
KED-ROAD-03658,6,90.0,2700.0,شارع خلف السنترال
KED-ROAD-03659,4,60.0,1800.0,شارع خلف السنترال
KED-ROAD-03660,4,60.0,1800.0,شارع خلف السنترال
KED-ROAD-03661,1,15.0,450.0,شارع خلف السنترال
KED-ROAD-03662,4,60.0,1800.0,شارع الامه
KED-ROAD-03663,4,60.0,1800.0,شارع الامه
KED-ROAD-03664,3,45.0,1350.0,شارع الرزق
KED-ROAD-03665,3,45.0,1350.0,شارع الرزق
KED-ROAD-03666,6,90.0,2700.0,شارع بورسعيد
KED-ROAD-03667,6,90.0,2700.0,شارع بورسعيد
KED-ROAD-03668,5,75.0,2250.0,شارع بورسعيد
KED-ROAD-03669,5,75.0,2250.0,شارع بورسعيد
KED-ROAD-03670,6,90.0,2700.0,شارع خلف السنترال
KED-ROAD-03671,6,90.0,2700.0,شارع خلف السنترال
KED-ROAD-03672,4,60.0,1800.0,شارع الاتوبيس
KED-ROAD-03673,4,60.0,1800.0,شارع الاتوبيس
KED-ROAD-03674,3,45.0,1350.0,شارع خلف السنترال
KED-ROAD-03675,3,45.0,1350.0,شارع خلف السنترال
KED-ROAD-03676,4,60.0,1800.0,شارع بلنة
KED-ROAD-03677,4,60.0,1800.0,شارع بلنة
KED-ROAD-03678,4,60.0,1800.0,شارع الكرنك
KED-ROAD-03679,4,60.0,1800.0,شارع الكرنك
KED-ROAD-03680,4,60.0,1800.0,شارع الجيش
KED-ROAD-03681,4,60.0,1800.0,شارع الجيش
KED-ROAD-03682,5,75.0,2250.0,
KED-ROAD-03683,5,75.0,2250.0,
KED-ROAD-03684,5,75.0,2250.0,شارع الشهيد حامد هنداوي
KED-ROAD-03685,5,75.0,2250.0,شارع الشهيد حامد هنداوي
KED-ROAD-03686,2,30.0,900.0,شارع بورسعيد
KED-ROAD-03687,2,30.0,900.0,شارع بورسعيد
KED-ROAD-03688,2,30.0,900.0,شارع بورسعيد
KED-ROAD-03689,2,30.0,900.0,شارع بورسعيد
KED-ROAD-03690,6,90.0,2700.0,شارع محمود الصباغ
KED-ROAD-03691,6,90.0,2700.0,شارع محمود الصباغ
KED-ROAD-03692,6,90.0,2700.0,شارع بورسعيد
KED-ROAD-03693,6,90.0,2700.0,شارع بورسعيد
KED-ROAD-03694,6,90.0,2700.0,شارع الترعه
KED-ROAD-03695,6,90.0,2700.0,شارع الترعه
KED-ROAD-03696,5,75.0,2250.0,شارع بورسعيد
KED-ROAD-03697,5,75.0,2250.0,شارع بورسعيد
KED-ROAD-03698,1,15.0,450.0,شارع بورسعيد
KED-ROAD-03699,1,15.0,450.0,شارع بورسعيد
KED-ROAD-03702,5,75.0,2250.0,شارع بورسعيد
KED-ROAD-03703,5,75.0,2250.0,شارع بورسعيد
KED-ROAD-03704,2,30.0,900.0,"طريق دمنهور, كفر الدوار"
KED-ROAD-03705,2,30.0,900.0,"طريق دمنهور, كفر الدوار"
KED-ROAD-03706,4,60.0,1800.0,
KED-ROAD-03707,4,60.0,1800.0,
KED-ROAD-03708,7,105.0,3150.0,
KED-ROAD-03709,11,165.0,4950.0,شارع بورسعيد
KED-ROAD-03710,3,45.0,1350.0,شارع بورسعيد
KED-ROAD-03711,3,45.0,1350.0,شارع بورسعيد
KED-ROAD-03712,1,15.0,450.0,شارع عمر افندى
KED-ROAD-03713,1,15.0,450.0,شارع عمر افندى
KED-ROAD-03714,2,30.0,900.0,شارع عمر افندى
KED-ROAD-03715,2,30.0,900.0,شارع عمر افندى
KED-ROAD-03716,6,90.0,2700.0,شارع عمر افندى
KED-ROAD-03717,6,90.0,2700.0,شارع عمر افندى
KED-ROAD-03718,9,135.0,4050.0,شارع بورسعيد
KED-ROAD-03719,9,135.0,4050.0,شارع بورسعيد
KED-ROAD-03720,9,135.0,4050.0,شارع احمد عرابى
KED-ROAD-03721,9,135.0,4050.0,شارع احمد عرابى
KED-ROAD-03722,2,30.0,900.0,شارع صبحى
KED-ROAD-03723,2,30.0,900.0,شارع صبحى
KED-ROAD-03724,3,45.0,1350.0,شارع التأمين الصحى
KED-ROAD-03725,3,45.0,1350.0,شارع التأمين الصحى
KED-ROAD-03726,2,30.0,900.0,شارع صبحى
KED-ROAD-03727,2,30.0,900.0,شارع صبحى
KED-ROAD-03728,3,45.0,1350.0,شارع الشهيد حسنى كامل
KED-ROAD-03729,5,75.0,2250.0,شارع بورسعيد
KED-ROAD-03730,5,75.0,2250.0,شارع بورسعيد
KED-ROAD-03731,3,45.0,1350.0,شارع بورسعيد
KED-ROAD-03732,3,45.0,1350.0,شارع بورسعيد
KED-ROAD-03733,2,30.0,900.0,شارع بيبرس
KED-ROAD-03734,2,30.0,900.0,شارع بيبرس
KED-ROAD-03735,5,75.0,2250.0,شارع التأمين الصحى
KED-ROAD-03736,5,75.0,2250.0,شارع التأمين الصحى
KED-ROAD-03737,2,30.0,900.0,شارع بيبرس
KED-ROAD-03738,13,195.0,5850.0,شارع احمد عرابى
KED-ROAD-03739,15,225.0,6750.0,شارع التأمين الصحى
KED-ROAD-03740,15,225.0,6750.0,شارع التأمين الصحى
KED-ROAD-03741,8,120.0,3600.0,شارع عاطف
KED-ROAD-03742,8,120.0,3600.0,شارع عاطف
KED-ROAD-03743,4,60.0,1800.0,شارع عاطف
KED-ROAD-03744,4,60.0,1800.0,شارع عاطف
KED-ROAD-03745,4,60.0,1800.0,حارة خضير
KED-ROAD-03746,4,60.0,1800.0,حارة خضير
KED-ROAD-03747,3,45.0,1350.0,شارع عدلى
KED-ROAD-03748,2,30.0,900.0,
KED-ROAD-03749,2,30.0,900.0,
KED-ROAD-03750,3,45.0,1350.0,شارع عاطف سالم
KED-ROAD-03751,3,45.0,1350.0,شارع عاطف سالم
KED-ROAD-03752,4,60.0,1800.0,شارع صبحى
KED-ROAD-03753,4,60.0,1800.0,شارع صبحى
KED-ROAD-03756,4,60.0,1800.0,شارع عدلى
KED-ROAD-03757,4,60.0,1800.0,شارع عدلى
KED-ROAD-03758,2,30.0,900.0,شارع بيبرس
KED-ROAD-03759,5,75.0,2250.0,شارع عاطف سالم
KED-ROAD-03760,5,75.0,2250.0,شارع عاطف سالم
KED-ROAD-03761,4,60.0,1800.0,شارع بيبرس
KED-ROAD-03762,4,60.0,1800.0,شارع بيبرس
KED-ROAD-03763,4,60.0,1800.0,شارع بيبرس
KED-ROAD-03764,4,60.0,1800.0,شارع بيبرس
KED-ROAD-03767,4,60.0,1800.0,شارع سلام
KED-ROAD-03768,3,45.0,1350.0,شارع عدلى
KED-ROAD-03769,4,60.0,1800.0,شارع عدلى
KED-ROAD-03770,4,60.0,1800.0,شارع عدلى
KED-ROAD-03771,6,90.0,2700.0,شارع عمر افندى
KED-ROAD-03772,6,90.0,2700.0,شارع عمر افندى
KED-ROAD-03773,4,60.0,1800.0,حارة خضير
KED-ROAD-03774,4,60.0,1800.0,حارة خضير
KED-ROAD-03775,4,60.0,1800.0,شارع صبحى
KED-ROAD-03776,4,60.0,1800.0,شارع صبحى
KED-ROAD-03780,3,45.0,1350.0,شارع عدلى
KED-ROAD-03781,3,45.0,1350.0,شارع عدلى
KED-ROAD-03784,11,165.0,4950.0,شارع سلام
KED-ROAD-03785,11,165.0,4950.0,شارع سلام
KED-ROAD-03786,7,105.0,3150.0,شارع الاداره الصحيه
KED-ROAD-03787,7,105.0,3150.0,شارع الاداره الصحيه
KED-ROAD-03789,4,60.0,1800.0,شارع سلام
KED-ROAD-03790,4,60.0,1800.0,شارع سلام
KED-ROAD-03791,2,30.0,900.0,شارع صبحى
KED-ROAD-03792,2,30.0,900.0,شارع صبحى
KED-ROAD-03793,7,105.0,3150.0,
KED-ROAD-03794,7,105.0,3150.0,
KED-ROAD-03795,3,45.0,1350.0,الطريق الدولي
KED-ROAD-03797,4,60.0,1800.0,شارع سلام
KED-ROAD-03800,2,30.0,900.0,شارع بيبرس
KED-ROAD-03801,2,30.0,900.0,شارع بيبرس
KED-ROAD-03802,3,45.0,1350.0,شارع الاداره الصحيه
KED-ROAD-03803,3,45.0,1350.0,شارع الاداره الصحيه
KED-ROAD-03804,7,105.0,3150.0,
KED-ROAD-03805,7,105.0,3150.0,
KED-ROAD-03806,7,105.0,3150.0,
KED-ROAD-03807,1,15.0,450.0,شارع الاداره الصحيه
KED-ROAD-03808,1,15.0,450.0,شارع الاداره الصحيه
KED-ROAD-03809,1,15.0,450.0,
KED-ROAD-03810,1,15.0,450.0,
KED-ROAD-03813,11,165.0,4950.0,
KED-ROAD-03814,11,165.0,4950.0,
KED-ROAD-03815,21,315.0,9450.0,الطريق الدولي
KED-ROAD-03816,2,30.0,900.0,شارع يوسف
KED-ROAD-03817,2,30.0,900.0,شارع يوسف
KED-ROAD-03820,1,15.0,450.0,امتداد شارع الخليج الاعظم
KED-ROAD-03821,1,15.0,450.0,امتداد شارع الخليج الاعظم
KED-ROAD-03822,4,60.0,1800.0,شارع الميزانية
KED-ROAD-03823,4,60.0,1800.0,شارع الميزانية
KED-ROAD-03826,3,45.0,1350.0,
KED-ROAD-03827,2,30.0,900.0,
KED-ROAD-03828,2,30.0,900.0,
KED-ROAD-03829,2,30.0,900.0,شارع دسوقي
KED-ROAD-03830,2,30.0,900.0,شارع دسوقي
KED-ROAD-03831,4,60.0,1800.0,
KED-ROAD-03832,4,60.0,1800.0,
KED-ROAD-03833,5,75.0,2250.0,امتداد شارع الخليج الاعظم
KED-ROAD-03834,5,75.0,2250.0,امتداد شارع الخليج الاعظم
KED-ROAD-03835,1,15.0,450.0,شارع الشهيد احمد عبد العزيز
KED-ROAD-03836,10,150.0,4500.0,شارع التأمين الصحى
KED-ROAD-03837,10,150.0,4500.0,شارع التأمين الصحى
KED-ROAD-03838,10,150.0,4500.0,شارع عاطف سالم
KED-ROAD-03839,10,150.0,4500.0,شارع عاطف سالم
KED-ROAD-03840,4,60.0,1800.0,شارع يوسف
KED-ROAD-03841,4,60.0,1800.0,شارع يوسف
KED-ROAD-03842,10,150.0,4500.0,شارع عدلى
KED-ROAD-03843,10,150.0,4500.0,شارع عدلى
KED-ROAD-03844,4,60.0,1800.0,شارع يوسف
KED-ROAD-03845,4,60.0,1800.0,شارع يوسف
KED-ROAD-03846,4,60.0,1800.0,شارع حسين
KED-ROAD-03847,4,60.0,1800.0,شارع حسين
KED-ROAD-03848,4,60.0,1800.0,شارع عدلى
KED-ROAD-03849,4,60.0,1800.0,شارع عدلى
KED-ROAD-03850,3,45.0,1350.0,شارع عدلى
KED-ROAD-03851,3,45.0,1350.0,شارع عدلى
KED-ROAD-03852,4,60.0,1800.0,شارع حسين
KED-ROAD-03853,4,60.0,1800.0,شارع حسين
KED-ROAD-03854,3,45.0,1350.0,شارع سلام
KED-ROAD-03855,3,45.0,1350.0,شارع سلام
KED-ROAD-03858,1,15.0,450.0,شارع سلام
KED-ROAD-03859,1,15.0,450.0,شارع سلام
KED-ROAD-03860,4,60.0,1800.0,شارع سلام
KED-ROAD-03861,4,60.0,1800.0,شارع سلام
KED-ROAD-03862,2,30.0,900.0,شارع يوسف
KED-ROAD-03863,2,30.0,900.0,شارع يوسف
KED-ROAD-03864,5,75.0,2250.0,شارع الاداره الصحيه
KED-ROAD-03865,5,75.0,2250.0,شارع الاداره الصحيه
KED-ROAD-03866,8,120.0,3600.0,شارع الاداره الصحيه
KED-ROAD-03867,8,120.0,3600.0,شارع الاداره الصحيه
KED-ROAD-03868,4,60.0,1800.0,
KED-ROAD-03869,4,60.0,1800.0,
KED-ROAD-03870,9,135.0,4050.0,
KED-ROAD-03871,9,135.0,4050.0,
KED-ROAD-03872,3,45.0,1350.0,
KED-ROAD-03873,3,45.0,1350.0,
KED-ROAD-03874,2,30.0,900.0,
KED-ROAD-03875,2,30.0,900.0,
KED-ROAD-03878,5,75.0,2250.0,
KED-ROAD-03879,5,75.0,2250.0,
KED-ROAD-03880,9,135.0,4050.0,
KED-ROAD-03881,9,135.0,4050.0,
KED-ROAD-03882,8,120.0,3600.0,
KED-ROAD-03883,8,120.0,3600.0,
KED-ROAD-03884,3,45.0,1350.0,
KED-ROAD-03885,3,45.0,1350.0,
KED-ROAD-03886,7,105.0,3150.0,
KED-ROAD-03887,6,90.0,2700.0,
KED-ROAD-03888,6,90.0,2700.0,
KED-ROAD-03889,4,60.0,1800.0,
KED-ROAD-03890,4,60.0,1800.0,
KED-ROAD-03891,9,135.0,4050.0,
KED-ROAD-03892,9,135.0,4050.0,
KED-ROAD-03893,10,150.0,4500.0,
KED-ROAD-03894,10,150.0,4500.0,
KED-ROAD-03895,2,30.0,900.0,الطريق الدولي
KED-ROAD-03896,9,135.0,4050.0,
KED-ROAD-03897,9,135.0,4050.0,
KED-ROAD-03898,2,30.0,900.0,
KED-ROAD-03899,2,30.0,900.0,
KED-ROAD-03900,3,45.0,1350.0,
KED-ROAD-03901,3,45.0,1350.0,
KED-ROAD-03902,5,75.0,2250.0,
KED-ROAD-03903,5,75.0,2250.0,
KED-ROAD-03904,3,45.0,1350.0,
KED-ROAD-03905,3,45.0,1350.0,
KED-ROAD-03906,4,60.0,1800.0,
KED-ROAD-03907,4,60.0,1800.0,
KED-ROAD-03908,8,120.0,3600.0,
KED-ROAD-03909,8,120.0,3600.0,
KED-ROAD-03910,7,105.0,3150.0,
KED-ROAD-03911,7,105.0,3150.0,
KED-ROAD-03912,5,75.0,2250.0,شارع شحاته
KED-ROAD-03913,5,75.0,2250.0,شارع شحاته
KED-ROAD-03914,9,135.0,4050.0,الطريق الدولي
KED-ROAD-03915,6,90.0,2700.0,الطريق الدولي
KED-ROAD-03917,3,45.0,1350.0,شارع المحكمه
KED-ROAD-03918,3,45.0,1350.0,شارع المحكمه
KED-ROAD-03919,2,30.0,900.0,شارع محمد رفاعى
KED-ROAD-03920,2,30.0,900.0,شارع محمد رفاعى
KED-ROAD-03921,3,45.0,1350.0,شارع عراقى
KED-ROAD-03922,3,45.0,1350.0,شارع عراقى
KED-ROAD-03923,1,15.0,450.0,شارع البسطاويسي
KED-ROAD-03924,1,15.0,450.0,شارع البسطاويسي
KED-ROAD-03925,1,15.0,450.0,شارع محمد رفاعى
KED-ROAD-03926,4,60.0,1800.0,شارع الشعراوى
KED-ROAD-03927,1,15.0,450.0,
KED-ROAD-03928,1,15.0,450.0,
KED-ROAD-03929,3,45.0,1350.0,شارع الشيخ
KED-ROAD-03930,3,45.0,1350.0,شارع الشيخ
KED-ROAD-03931,1,15.0,450.0,
KED-ROAD-03932,1,15.0,450.0,
KED-ROAD-03933,1,15.0,450.0,
KED-ROAD-03934,1,15.0,450.0,
KED-ROAD-03935,4,60.0,1800.0,شارع ادم
KED-ROAD-03936,1,15.0,450.0,شارع محمد رفاعى
KED-ROAD-03937,3,45.0,1350.0,شارع سعيد جاد
KED-ROAD-03938,3,45.0,1350.0,شارع سعيد جاد
KED-ROAD-03939,3,45.0,1350.0,شارع المنايفة
KED-ROAD-03940,3,45.0,1350.0,شارع المنايفة
KED-ROAD-03941,2,30.0,900.0,شارع البسطاويسي
KED-ROAD-03942,2,30.0,900.0,شارع البسطاويسي
KED-ROAD-03943,1,15.0,450.0,شارع السجينى
KED-ROAD-03944,1,15.0,450.0,شارع السجينى
KED-ROAD-03946,3,45.0,1350.0,شارع محروس
KED-ROAD-03947,3,45.0,1350.0,شارع محروس
KED-ROAD-03951,2,30.0,900.0,شارع السيد البحيري
KED-ROAD-03952,2,30.0,900.0,شارع السيد البحيري
KED-ROAD-03955,3,45.0,1350.0,شارع لبيب
KED-ROAD-03956,4,60.0,1800.0,شارع ادم
KED-ROAD-03957,1,15.0,450.0,شارع محمد رفاعى
KED-ROAD-03958,1,15.0,450.0,شارع محمد رفاعى
KED-ROAD-03959,4,60.0,1800.0,شارع محمود الجندى
KED-ROAD-03960,4,60.0,1800.0,شارع محمود الجندى
KED-ROAD-03961,3,45.0,1350.0,شارع محمد رفاعى
KED-ROAD-03962,3,45.0,1350.0,شارع محمد رفاعى
KED-ROAD-03963,4,60.0,1800.0,شارع سليمان
KED-ROAD-03964,4,60.0,1800.0,شارع سليمان
KED-ROAD-03965,1,15.0,450.0,شارع الشيخ
KED-ROAD-03967,3,45.0,1350.0,شارع المحكمه
KED-ROAD-03968,3,45.0,1350.0,شارع المحكمه
KED-ROAD-03973,4,60.0,1800.0,
KED-ROAD-03974,4,60.0,1800.0,
KED-ROAD-03975,2,30.0,900.0,شارع البسطاويسي
KED-ROAD-03976,3,45.0,1350.0,شارع لبيب
KED-ROAD-03979,2,30.0,900.0,شارع السيد البحيري
KED-ROAD-03980,2,30.0,900.0,شارع السيد البحيري
KED-ROAD-03981,1,15.0,450.0,شارع السيد البحيري
KED-ROAD-03982,1,15.0,450.0,شارع السيد البحيري
KED-ROAD-03983,3,45.0,1350.0,شارع احمد بكر
KED-ROAD-03984,1,15.0,450.0,شارع السيد البحيري
KED-ROAD-03985,1,15.0,450.0,شارع السيد البحيري
KED-ROAD-03986,1,15.0,450.0,شارع الشيخ
KED-ROAD-03989,4,60.0,1800.0,شارع الشعراوى
KED-ROAD-03990,4,60.0,1800.0,شارع الشعراوى
KED-ROAD-03995,1,15.0,450.0,شارع محمد رفاعى
KED-ROAD-03996,2,30.0,900.0,شارع البسطاويسي
KED-ROAD-03997,3,45.0,1350.0,شارع عراقى
KED-ROAD-03998,3,45.0,1350.0,شارع عراقى
KED-ROAD-03999,3,45.0,1350.0,شارع سعيد جاد
KED-ROAD-04000,3,45.0,1350.0,شارع سعيد جاد
KED-ROAD-04001,2,30.0,900.0,شارع البسطاويسي
KED-ROAD-04002,2,30.0,900.0,شارع البسطاويسي
KED-ROAD-04003,3,45.0,1350.0,شارع المنايفة
KED-ROAD-04004,3,45.0,1350.0,شارع المنايفة
KED-ROAD-04005,2,30.0,900.0,شارع السيد البحيري
KED-ROAD-04006,3,45.0,1350.0,شارع احمد بكر
KED-ROAD-04007,5,75.0,2250.0,شارع شتا
KED-ROAD-04008,5,75.0,2250.0,شارع شتا
KED-ROAD-04009,5,75.0,2250.0,شارع محروس
KED-ROAD-04010,5,75.0,2250.0,شارع محروس
KED-ROAD-04013,5,75.0,2250.0,شارع لبيب
KED-ROAD-04014,5,75.0,2250.0,شارع لبيب
KED-ROAD-04015,1,15.0,450.0,شارع بورسعيد
KED-ROAD-04016,1,15.0,450.0,شارع مسجد النور
KED-ROAD-04017,1,15.0,450.0,شارع مسجد النور
KED-ROAD-04018,4,60.0,1800.0,شارع حميده
KED-ROAD-04019,4,60.0,1800.0,شارع حميده
KED-ROAD-04020,1,15.0,450.0,
KED-ROAD-04021,1,15.0,450.0,
KED-ROAD-04022,1,15.0,450.0,شارع شتا
KED-ROAD-04023,1,15.0,450.0,شارع شتا
KED-ROAD-04024,4,60.0,1800.0,شارع حميده
KED-ROAD-04025,4,60.0,1800.0,شارع حميده
KED-ROAD-04026,1,15.0,450.0,شارع براني
KED-ROAD-04035,1,15.0,450.0,شارع الزربة
KED-ROAD-04042,3,45.0,1350.0,شارع عبد الرازق
KED-ROAD-04043,3,45.0,1350.0,شارع عبد الرازق
KED-ROAD-04044,10,150.0,4500.0,شارع غازي
KED-ROAD-04045,10,150.0,4500.0,شارع غازي
KED-ROAD-04048,10,150.0,4500.0,شارع السيد القعيد
KED-ROAD-04049,10,150.0,4500.0,شارع السيد القعيد
KED-ROAD-04052,4,60.0,1800.0,شارع الحناوي
KED-ROAD-04053,4,60.0,1800.0,شارع الحناوي
KED-ROAD-04056,2,30.0,900.0,شارع الاحمر
KED-ROAD-04057,2,30.0,900.0,شارع الاحمر
KED-ROAD-04060,1,15.0,450.0,شارع مسجد النور
KED-ROAD-04061,1,15.0,450.0,شارع مسجد النور
KED-ROAD-04062,4,60.0,1800.0,شارع الاحمر
KED-ROAD-04063,4,60.0,1800.0,شارع الاحمر
KED-ROAD-04066,1,15.0,450.0,شارع الزربة
KED-ROAD-04067,3,45.0,1350.0,شارع بسيوني
KED-ROAD-04068,3,45.0,1350.0,شارع بسيوني
KED-ROAD-04069,1,15.0,450.0,شارع مهران
KED-ROAD-04070,1,15.0,450.0,شارع مهران
KED-ROAD-04076,2,30.0,900.0,شارع احمد مزروع
KED-ROAD-04077,2,30.0,900.0,شارع احمد مزروع
KED-ROAD-04080,1,15.0,450.0,شارع عبد الرازق
KED-ROAD-04081,1,15.0,450.0,شارع عبد الرازق
KED-ROAD-04084,1,15.0,450.0,شارع رياض
KED-ROAD-04085,1,15.0,450.0,شارع رياض
KED-ROAD-04086,1,15.0,450.0,شارع حواش
KED-ROAD-04087,1,15.0,450.0,شارع حواش
KED-ROAD-04088,2,30.0,900.0,
KED-ROAD-04089,2,30.0,900.0,
KED-ROAD-04092,4,60.0,1800.0,شارع بسيوني
KED-ROAD-04093,4,60.0,1800.0,شارع بسيوني
KED-ROAD-04097,3,45.0,1350.0,شارع بسيوني
KED-ROAD-04098,3,45.0,1350.0,شارع بسيوني
KED-ROAD-04099,3,45.0,1350.0,شارع احمد مزروع
KED-ROAD-04100,3,45.0,1350.0,شارع احمد مزروع
KED-ROAD-04106,1,15.0,450.0,شارع صقر
KED-ROAD-04107,1,15.0,450.0,شارع صقر
KED-ROAD-04110,2,30.0,900.0,شارع على منسى
KED-ROAD-04111,2,30.0,900.0,شارع على منسى
KED-ROAD-04116,1,15.0,450.0,شارع محمد رفاعى
KED-ROAD-04117,1,15.0,450.0,شارع 10
KED-ROAD-04118,1,15.0,450.0,شارع 10
KED-ROAD-04123,5,75.0,2250.0,شارع الوزير
KED-ROAD-04124,5,75.0,2250.0,شارع الوزير
KED-ROAD-04125,2,30.0,900.0,شارع الشيخ
KED-ROAD-04126,2,30.0,900.0,شارع الشيخ
KED-ROAD-04133,1,15.0,450.0,شارع البنا
KED-ROAD-04134,1,15.0,450.0,شارع البنا
KED-ROAD-04136,2,30.0,900.0,شارع السيد البحيري
KED-ROAD-04137,1,15.0,450.0,شارع السيد البحيري
KED-ROAD-04138,1,15.0,450.0,شارع السيد البحيري
KED-ROAD-04139,3,45.0,1350.0,شارع السجينى
KED-ROAD-04140,3,45.0,1350.0,شارع السجينى
KED-ROAD-04141,2,30.0,900.0,شارع 4
KED-ROAD-04142,2,30.0,900.0,شارع 4
KED-ROAD-04147,3,45.0,1350.0,شارع 4
KED-ROAD-04148,3,45.0,1350.0,شارع 4
KED-ROAD-04149,1,15.0,450.0,شارع 10
KED-ROAD-04150,1,15.0,450.0,شارع 10
KED-ROAD-04151,2,30.0,900.0,شارع الفقى
KED-ROAD-04152,2,30.0,900.0,شارع الفقى
KED-ROAD-04155,1,15.0,450.0,شارع 4
KED-ROAD-04157,2,30.0,900.0,شارع السيد البحيري
KED-ROAD-04158,2,30.0,900.0,شارع السيد البحيري
KED-ROAD-04159,4,60.0,1800.0,شارع عراقى
KED-ROAD-04160,4,60.0,1800.0,شارع عراقى
KED-ROAD-04161,2,30.0,900.0,شارع الشيخ
KED-ROAD-04162,2,30.0,900.0,شارع الشيخ
KED-ROAD-04163,4,60.0,1800.0,شارع السيد البحيري
KED-ROAD-04164,4,60.0,1800.0,شارع السيد البحيري
KED-ROAD-04165,4,60.0,1800.0,شارع المنايفة
KED-ROAD-04166,1,15.0,450.0,شارع 4
KED-ROAD-04167,5,75.0,2250.0,شارع الحناوي
KED-ROAD-04168,5,75.0,2250.0,شارع الحناوي
KED-ROAD-04169,1,15.0,450.0,شارع البنا
KED-ROAD-04170,1,15.0,450.0,شارع البنا
KED-ROAD-04173,2,30.0,900.0,شارع الوزير
KED-ROAD-04174,2,30.0,900.0,شارع الوزير
KED-ROAD-04175,1,15.0,450.0,شارع 4
KED-ROAD-04176,4,60.0,1800.0,شارع المنايفة
KED-ROAD-04177,3,45.0,1350.0,شارع السجينى
KED-ROAD-04178,3,45.0,1350.0,شارع السجينى
KED-ROAD-04179,3,45.0,1350.0,شارع بورسعيد
KED-ROAD-04180,3,45.0,1350.0,شارع الشيخ
KED-ROAD-04181,3,45.0,1350.0,شارع الشيخ
KED-ROAD-04182,2,30.0,900.0,شارع بورسعيد
KED-ROAD-04183,3,45.0,1350.0,شارع بورسعيد
KED-ROAD-04184,3,45.0,1350.0,شارع بورسعيد
KED-ROAD-04185,1,15.0,450.0,شارع 4
KED-ROAD-04186,3,45.0,1350.0,شارع السيد البحيري
KED-ROAD-04187,3,45.0,1350.0,شارع السيد البحيري
KED-ROAD-04188,2,30.0,900.0,شارع 4
KED-ROAD-04189,2,30.0,900.0,شارع 4
KED-ROAD-04190,3,45.0,1350.0,شارع الفقى
KED-ROAD-04191,3,45.0,1350.0,شارع الفقى
KED-ROAD-04192,1,15.0,450.0,شارع 4
KED-ROAD-04193,1,15.0,450.0,شارع 4
KED-ROAD-04194,3,45.0,1350.0,شارع البنا
KED-ROAD-04195,3,45.0,1350.0,شارع البنا
KED-ROAD-04196,6,90.0,2700.0,شارع السيد البحيري
KED-ROAD-04197,6,90.0,2700.0,شارع السيد البحيري
KED-ROAD-04198,3,45.0,1350.0,شارع الوزير
KED-ROAD-04199,3,45.0,1350.0,شارع الوزير
KED-ROAD-04200,3,45.0,1350.0,شارع الحناوي
KED-ROAD-04201,3,45.0,1350.0,شارع الحناوي
KED-ROAD-04204,2,30.0,900.0,شارع السيد البحيري
KED-ROAD-04205,1,15.0,450.0,شارع 4
KED-ROAD-04206,1,15.0,450.0,شارع 4
KED-ROAD-04207,1,15.0,450.0,شارع 4
KED-ROAD-04208,1,15.0,450.0,شارع 4
KED-ROAD-04209,3,45.0,1350.0,شارع غازي
KED-ROAD-04210,3,45.0,1350.0,شارع غازي
KED-ROAD-04211,2,30.0,900.0,شارع 4
KED-ROAD-04212,2,30.0,900.0,شارع 4
KED-ROAD-04213,3,45.0,1350.0,شارع السيد القعيد
KED-ROAD-04214,3,45.0,1350.0,شارع السيد القعيد
KED-ROAD-04215,1,15.0,450.0,شارع عبد الرازق
KED-ROAD-04216,1,15.0,450.0,شارع عبد الرازق
KED-ROAD-04223,1,15.0,450.0,شارع رياض
KED-ROAD-04224,1,15.0,450.0,شارع رياض
KED-ROAD-04228,3,45.0,1350.0,شارع احمد مزروع
KED-ROAD-04229,3,45.0,1350.0,شارع احمد مزروع
KED-ROAD-04230,3,45.0,1350.0,شارع على منسى
KED-ROAD-04231,3,45.0,1350.0,شارع على منسى
KED-ROAD-04232,2,30.0,900.0,شارع مهران
KED-ROAD-04233,2,30.0,900.0,شارع مهران
KED-ROAD-04237,3,45.0,1350.0,
KED-ROAD-04238,3,45.0,1350.0,
KED-ROAD-04243,25,375.0,11250.0,شارع الجوهري
KED-ROAD-04244,25,375.0,11250.0,شارع الجوهري
KED-ROAD-04245,3,45.0,1350.0,شارع احمد مزروع
KED-ROAD-04246,3,45.0,1350.0,شارع احمد مزروع
KED-ROAD-04247,2,30.0,900.0,
KED-ROAD-04248,2,30.0,900.0,
KED-ROAD-04251,4,60.0,1800.0,شارع احمد مزروع
KED-ROAD-04252,4,60.0,1800.0,شارع احمد مزروع
KED-ROAD-04257,1,15.0,450.0,شارع صقر
KED-ROAD-04258,1,15.0,450.0,شارع صقر
KED-ROAD-04259,2,30.0,900.0,شارع محمد رفاعى
KED-ROAD-04260,2,30.0,900.0,شارع محمد رفاعى
KED-ROAD-04261,4,60.0,1800.0,شارع غازي
KED-ROAD-04262,4,60.0,1800.0,شارع غازي
KED-ROAD-04272,3,45.0,1350.0,شارع على منسى
KED-ROAD-04273,3,45.0,1350.0,شارع على منسى
KED-ROAD-04275,4,60.0,1800.0,شارع السيد القعيد
KED-ROAD-04276,4,60.0,1800.0,شارع السيد القعيد
KED-ROAD-04281,4,60.0,1800.0,شارع عبد الرازق
KED-ROAD-04282,4,60.0,1800.0,شارع عبد الرازق
KED-ROAD-04283,4,60.0,1800.0,شارع رياض
KED-ROAD-04284,4,60.0,1800.0,شارع رياض
KED-ROAD-04285,16,240.0,7200.0,شارع مسجد التقوى
KED-ROAD-04286,16,240.0,7200.0,شارع مسجد التقوى
KED-ROAD-04289,3,45.0,1350.0,شارع 16
KED-ROAD-04290,3,45.0,1350.0,شارع 16
KED-ROAD-04293,42,630.0,18900.0,شارع حمودة
KED-ROAD-04294,42,630.0,18900.0,شارع حمودة
KED-ROAD-04304,3,45.0,1350.0,شارع محمد رفاعى
KED-ROAD-04307,3,45.0,1350.0,شارع على منسى
KED-ROAD-04308,3,45.0,1350.0,شارع على منسى
KED-ROAD-04311,4,60.0,1800.0,شارع 12
KED-ROAD-04312,4,60.0,1800.0,شارع 12
KED-ROAD-04315,1,15.0,450.0,شارع بورسعيد
KED-ROAD-04316,4,60.0,1800.0,شارع المحكمه
KED-ROAD-04317,4,60.0,1800.0,شارع المحكمه
KED-ROAD-04318,2,30.0,900.0,شارع بورسعيد
KED-ROAD-04319,2,30.0,900.0,شارع بورسعيد
KED-ROAD-04320,1,15.0,450.0,شارع بورسعيد
KED-ROAD-04321,1,15.0,450.0,شارع بورسعيد
KED-ROAD-04322,1,15.0,450.0,شارع بورسعيد
KED-ROAD-04323,92,1380.0,41400.0,شارع احمد عرابى
KED-ROAD-04324,2,30.0,900.0,شارع السيد البحيري
KED-ROAD-04325,1,15.0,450.0,شارع السيد البحيري
KED-ROAD-04326,1,15.0,450.0,شارع السيد البحيري
KED-ROAD-04327,2,30.0,900.0,شارع البنا
KED-ROAD-04328,2,30.0,900.0,شارع البنا
KED-ROAD-04329,7,105.0,3150.0,شارع بورسعيد
KED-ROAD-04330,2,30.0,900.0,شارع الحناوي
KED-ROAD-04331,2,30.0,900.0,شارع الحناوي
KED-ROAD-04332,2,30.0,900.0,شارع بورسعيد
KED-ROAD-04333,3,45.0,1350.0,شارع محمد رفاعى
KED-ROAD-04336,5,75.0,2250.0,شارع الزربة
KED-ROAD-04337,5,75.0,2250.0,شارع الزربة
KED-ROAD-04338,1,15.0,450.0,شارع حواش
KED-ROAD-04339,1,15.0,450.0,شارع حواش
KED-ROAD-04343,1,15.0,450.0,
KED-ROAD-04344,1,15.0,450.0,
KED-ROAD-04345,4,60.0,1800.0,شارع فوزي ابو نعيم
KED-ROAD-04346,4,60.0,1800.0,شارع فوزي ابو نعيم
KED-ROAD-04349,4,60.0,1800.0,شارع 11
KED-ROAD-04350,4,60.0,1800.0,شارع 11
KED-ROAD-04353,9,135.0,4050.0,شارع صقر
KED-ROAD-04354,9,135.0,4050.0,شارع صقر
KED-ROAD-04355,3,45.0,1350.0,شارع عبد الرازق
KED-ROAD-04356,3,45.0,1350.0,شارع عبد الرازق
KED-ROAD-04357,10,150.0,4500.0,شارع 17
KED-ROAD-04358,10,150.0,4500.0,شارع 17
KED-ROAD-04359,1,15.0,450.0,شارع السيد البحيري
KED-ROAD-04360,1,15.0,450.0,شارع السيد البحيري
KED-ROAD-04361,3,45.0,1350.0,شارع رياض
KED-ROAD-04362,3,45.0,1350.0,شارع رياض
KED-ROAD-04363,4,60.0,1800.0,شارع 10
KED-ROAD-04364,4,60.0,1800.0,شارع 10
KED-ROAD-04365,1,15.0,450.0,
KED-ROAD-04366,1,15.0,450.0,
KED-ROAD-04369,4,60.0,1800.0,شارع 10
KED-ROAD-04370,4,60.0,1800.0,شارع 10
KED-ROAD-04382,4,60.0,1800.0,شارع 18
KED-ROAD-04383,1,15.0,450.0,شارع السيد البحيري
KED-ROAD-04384,1,15.0,450.0,شارع السيد البحيري
KED-ROAD-04385,2,30.0,900.0,شارع السيد البحيري
KED-ROAD-04386,2,30.0,900.0,شارع السيد البحيري
KED-ROAD-04387,1,15.0,450.0,شارع السيد البحيري
KED-ROAD-04388,1,15.0,450.0,شارع السيد البحيري
KED-ROAD-04393,4,60.0,1800.0,شارع 18
KED-ROAD-04394,3,45.0,1350.0,شارع الزربة
KED-ROAD-04395,3,45.0,1350.0,شارع الزربة
KED-ROAD-04396,4,60.0,1800.0,شارع 19
KED-ROAD-04397,4,60.0,1800.0,شارع 19
KED-ROAD-04398,1,15.0,450.0,شارع حواش
KED-ROAD-04399,1,15.0,450.0,شارع حواش
KED-ROAD-04403,3,45.0,1350.0,
KED-ROAD-04404,3,45.0,1350.0,
KED-ROAD-04405,4,60.0,1800.0,شارع 9
KED-ROAD-04406,4,60.0,1800.0,شارع 9
KED-ROAD-04407,1,15.0,450.0,
KED-ROAD-04408,1,15.0,450.0,
KED-ROAD-04411,3,45.0,1350.0,شارع مسجد التقوى
KED-ROAD-04412,3,45.0,1350.0,شارع مسجد التقوى
KED-ROAD-04413,4,60.0,1800.0,شارع 9
KED-ROAD-04414,4,60.0,1800.0,شارع 9
KED-ROAD-04417,2,30.0,900.0,شارع الجوهري
KED-ROAD-04418,2,30.0,900.0,شارع الجوهري
KED-ROAD-04419,3,45.0,1350.0,حارة 4
KED-ROAD-04420,3,45.0,1350.0,حارة 4
KED-ROAD-04421,3,45.0,1350.0,شارع مسجد النور
KED-ROAD-04422,3,45.0,1350.0,شارع مسجد النور
KED-ROAD-04426,2,30.0,900.0,شارع صافي دراز
KED-ROAD-04427,2,30.0,900.0,شارع صافي دراز
KED-ROAD-04430,2,30.0,900.0,شارع صافي دراز
KED-ROAD-04431,2,30.0,900.0,شارع صافي دراز
KED-ROAD-04432,2,30.0,900.0,
KED-ROAD-04438,6,90.0,2700.0,
KED-ROAD-04439,6,90.0,2700.0,
KED-ROAD-04440,2,30.0,900.0,شارع اللواء محمود ابراهيم الكومى
KED-ROAD-04441,2,30.0,900.0,شارع اللواء محمود ابراهيم الكومى
KED-ROAD-04442,5,75.0,2250.0,
KED-ROAD-04443,4,60.0,1800.0,شارع احمد عرابى
KED-ROAD-04444,3,45.0,1350.0,شارع عبد اللطيف هيكل
KED-ROAD-04445,3,45.0,1350.0,شارع عبد اللطيف هيكل
KED-ROAD-04446,3,45.0,1350.0,شارع بورسعيد
KED-ROAD-04447,3,45.0,1350.0,شارع بورسعيد
KED-ROAD-04448,2,30.0,900.0,شارع احمد عرابى
KED-ROAD-04451,5,75.0,2250.0,شارع عبد المنعم
KED-ROAD-04452,5,75.0,2250.0,شارع عبد المنعم
KED-ROAD-04455,2,30.0,900.0,شارع بورسعيد
KED-ROAD-04456,2,30.0,900.0,شارع بورسعيد
KED-ROAD-04457,7,105.0,3150.0,شارع محمد عيسي
KED-ROAD-04458,7,105.0,3150.0,شارع محمد عيسي
KED-ROAD-04459,3,45.0,1350.0,شارع عبد اللطيف هيكل
KED-ROAD-04460,3,45.0,1350.0,شارع عبد اللطيف هيكل
KED-ROAD-04461,1,15.0,450.0,شارع بورسعيد
KED-ROAD-04462,1,15.0,450.0,شارع بورسعيد
KED-ROAD-04463,5,75.0,2250.0,
KED-ROAD-04466,5,75.0,2250.0,
KED-ROAD-04467,5,75.0,2250.0,
KED-ROAD-04470,4,60.0,1800.0,
KED-ROAD-04471,4,60.0,1800.0,
KED-ROAD-04476,5,75.0,2250.0,
KED-ROAD-04477,5,75.0,2250.0,
KED-ROAD-04480,6,90.0,2700.0,شارع الاداره الصحيه
KED-ROAD-04481,6,90.0,2700.0,شارع الاداره الصحيه
KED-ROAD-04482,14,210.0,6300.0,شارع اللواء محمود ابراهيم الكومى
KED-ROAD-04483,14,210.0,6300.0,شارع صلاح سالم
KED-ROAD-04484,14,210.0,6300.0,شارع صلاح سالم
KED-ROAD-04485,1,15.0,450.0,شارع مؤسسه الكهرباء
KED-ROAD-04486,1,15.0,450.0,شارع مؤسسه الكهرباء
KED-ROAD-04487,3,45.0,1350.0,شارع صلاح سالم
KED-ROAD-04488,3,45.0,1350.0,شارع صلاح سالم
KED-ROAD-04489,13,195.0,5850.0,شارع كامل قنبر
KED-ROAD-04490,13,195.0,5850.0,شارع كامل قنبر
KED-ROAD-04491,8,120.0,3600.0,شارع صلاح سالم
KED-ROAD-04492,8,120.0,3600.0,شارع صلاح سالم
KED-ROAD-04493,14,210.0,6300.0,شارع اللواء محمود ابراهيم الكومى
KED-ROAD-04494,6,90.0,2700.0,شارع مؤسسه الكهرباء
KED-ROAD-04495,6,90.0,2700.0,شارع مؤسسه الكهرباء
KED-ROAD-04496,2,30.0,900.0,شارع 15
KED-ROAD-04497,2,30.0,900.0,شارع 15
KED-ROAD-04498,13,195.0,5850.0,شارع اللواء محمود ابراهيم الكومى
KED-ROAD-04499,13,195.0,5850.0,شارع اللواء محمود ابراهيم الكومى
KED-ROAD-04500,6,90.0,2700.0,شارع ناتجاس
KED-ROAD-04501,6,90.0,2700.0,شارع ناتجاس
KED-ROAD-04502,5,75.0,2250.0,شارع اللواء محمود ابراهيم الكومى
KED-ROAD-04503,5,75.0,2250.0,شارع اللواء محمود ابراهيم الكومى
KED-ROAD-04504,6,90.0,2700.0,شارع المصري
KED-ROAD-04505,6,90.0,2700.0,شارع المصري
KED-ROAD-04506,6,90.0,2700.0,شارع اللواء محمود ابراهيم الكومى
KED-ROAD-04507,6,90.0,2700.0,شارع اللواء محمود ابراهيم الكومى
KED-ROAD-04508,6,90.0,2700.0,شارع مسجد ابو الحمد
KED-ROAD-04509,6,90.0,2700.0,شارع مسجد ابو الحمد
KED-ROAD-04510,2,30.0,900.0,شارع اللواء محمود ابراهيم الكومى
KED-ROAD-04511,2,30.0,900.0,شارع اللواء محمود ابراهيم الكومى
KED-ROAD-04512,2,30.0,900.0,شارع 5
KED-ROAD-04517,2,30.0,900.0,شارع صلاح سالم
KED-ROAD-04518,2,30.0,900.0,شارع صلاح سالم
KED-ROAD-04519,3,45.0,1350.0,
KED-ROAD-04520,3,45.0,1350.0,
KED-ROAD-04523,2,30.0,900.0,شارع 5
KED-ROAD-04530,1,15.0,450.0,
KED-ROAD-04531,1,15.0,450.0,
KED-ROAD-04533,2,30.0,900.0,شارع مسجد التقوى
KED-ROAD-04534,2,30.0,900.0,شارع مسجد التقوى
KED-ROAD-04535,6,90.0,2700.0,
KED-ROAD-04536,6,90.0,2700.0,
KED-ROAD-04537,2,30.0,900.0,شارع الجوهري
KED-ROAD-04538,2,30.0,900.0,شارع الجوهري
KED-ROAD-04539,3,45.0,1350.0,
KED-ROAD-04540,3,45.0,1350.0,
KED-ROAD-04541,2,30.0,900.0,شارع صافي دراز
KED-ROAD-04542,2,30.0,900.0,شارع صافي دراز
KED-ROAD-04543,2,30.0,900.0,
KED-ROAD-04544,1,15.0,450.0,شارع صافي دراز
KED-ROAD-04545,1,15.0,450.0,شارع صافي دراز
KED-ROAD-04546,2,30.0,900.0,
KED-ROAD-04547,2,30.0,900.0,
KED-ROAD-04552,32,480.0,14400.0,شارع مساكن الغزل
KED-ROAD-04553,4,60.0,1800.0,شارع بورسعيد
KED-ROAD-04554,2,30.0,900.0,شارع مسجد التقوى
KED-ROAD-04555,2,30.0,900.0,شارع مسجد التقوى
KED-ROAD-04556,2,30.0,900.0,شارع بورسعيد
KED-ROAD-04557,2,30.0,900.0,شارع الجوهري
KED-ROAD-04558,2,30.0,900.0,شارع الجوهري
KED-ROAD-04559,4,60.0,1800.0,شارع بورسعيد
KED-ROAD-04560,2,30.0,900.0,شارع بورسعيد
KED-ROAD-04562,1,15.0,450.0,
KED-ROAD-04563,22,330.0,9900.0,شارع بورسعيد
KED-ROAD-04566,5,75.0,2250.0,
KED-ROAD-04567,5,75.0,2250.0,
KED-ROAD-04568,18,270.0,8100.0,
KED-ROAD-04569,18,270.0,8100.0,
KED-ROAD-04570,9,135.0,4050.0,
KED-ROAD-04571,9,135.0,4050.0,
KED-ROAD-04572,3,45.0,1350.0,
KED-ROAD-04573,32,480.0,14400.0,شارع مساكن الغزل
KED-ROAD-04574,13,195.0,5850.0,
KED-ROAD-04575,13,195.0,5850.0,
KED-ROAD-04576,3,45.0,1350.0,
KED-ROAD-04577,3,45.0,1350.0,
KED-ROAD-04580,5,75.0,2250.0,
KED-ROAD-04581,5,75.0,2250.0,
KED-ROAD-04582,7,105.0,3150.0,
KED-ROAD-04583,7,105.0,3150.0,
KED-ROAD-04584,7,105.0,3150.0,
KED-ROAD-04585,7,105.0,3150.0,
KED-ROAD-04586,5,75.0,2250.0,
KED-ROAD-04587,5,75.0,2250.0,
KED-ROAD-04588,5,75.0,2250.0,
KED-ROAD-04589,5,75.0,2250.0,
KED-ROAD-04590,6,90.0,2700.0,
KED-ROAD-04591,6,90.0,2700.0,
KED-ROAD-04593,1,15.0,450.0,
KED-ROAD-04594,17,255.0,7650.0,
KED-ROAD-04595,17,255.0,7650.0,
KED-ROAD-04596,22,330.0,9900.0,شارع مساكن الغزل
KED-ROAD-04597,22,330.0,9900.0,شارع مساكن الغزل
KED-ROAD-04598,3,45.0,1350.0,
KED-ROAD-04599,3,45.0,1350.0,
KED-ROAD-04600,1,15.0,450.0,شارع خلف المساكن
KED-ROAD-04601,1,15.0,450.0,شارع خلف المساكن
KED-ROAD-04602,5,75.0,2250.0,شارع مساكن الغزل
KED-ROAD-04603,3,45.0,1350.0,
KED-ROAD-04604,10,150.0,4500.0,
KED-ROAD-04605,10,150.0,4500.0,
KED-ROAD-04606,6,90.0,2700.0,
KED-ROAD-04607,6,90.0,2700.0,
KED-ROAD-04608,22,330.0,9900.0,
KED-ROAD-04609,22,330.0,9900.0,
KED-ROAD-04610,3,45.0,1350.0,
KED-ROAD-04611,3,45.0,1350.0,
KED-ROAD-04612,6,90.0,2700.0,شارع خلف المساكن
KED-ROAD-04614,3,45.0,1350.0,
KED-ROAD-04615,3,45.0,1350.0,
KED-ROAD-04616,3,45.0,1350.0,
KED-ROAD-04617,3,45.0,1350.0,
KED-ROAD-04618,6,90.0,2700.0,شارع خلف المساكن
KED-ROAD-04619,6,90.0,2700.0,شارع خلف المساكن
KED-ROAD-04622,16,240.0,7200.0,شارع السواقين
KED-ROAD-04623,5,75.0,2250.0,شارع مساكن الغزل
KED-ROAD-04624,5,75.0,2250.0,
KED-ROAD-04625,5,75.0,2250.0,
KED-ROAD-04626,1,15.0,450.0,شارع السواقين
KED-ROAD-04627,1,15.0,450.0,شارع السواقين
KED-ROAD-04628,5,75.0,2250.0,شارع مساكن الغزل
KED-ROAD-04629,5,75.0,2250.0,شارع مساكن الغزل
KED-ROAD-04630,5,75.0,2250.0,
KED-ROAD-04631,5,75.0,2250.0,
KED-ROAD-04632,1,15.0,450.0,شارع مساكن غزل كفر الدوار الجديدة
KED-ROAD-04639,2,30.0,900.0,شارع صلاح سالم
KED-ROAD-04640,2,30.0,900.0,شارع صلاح سالم
KED-ROAD-04644,3,45.0,1350.0,
KED-ROAD-04645,3,45.0,1350.0,
KED-ROAD-04650,2,30.0,900.0,
KED-ROAD-04651,2,30.0,900.0,
KED-ROAD-04653,1,15.0,450.0,شارع بورسعيد
KED-ROAD-04654,1,15.0,450.0,شارع بورسعيد
KED-ROAD-04655,4,60.0,1800.0,شارع بورسعيد
KED-ROAD-04656,4,60.0,1800.0,شارع بورسعيد
KED-ROAD-04657,123,1845.0,55350.0,
KED-ROAD-04658,123,1845.0,55350.0,
KED-ROAD-04659,65,975.0,29250.0,شارع الشهيد عيسي شاهين
KED-ROAD-04660,65,975.0,29250.0,شارع الشهيد عيسي شاهين
KED-ROAD-04661,5,75.0,2250.0,
KED-ROAD-04662,2,30.0,900.0,
KED-ROAD-04664,6,90.0,2700.0,شارع 6
KED-ROAD-04665,6,90.0,2700.0,شارع 6
KED-ROAD-04666,2,30.0,900.0,
KED-ROAD-04667,2,30.0,900.0,
KED-ROAD-04668,5,75.0,2250.0,شارع اللواء محمود ابراهيم الكومى
KED-ROAD-04669,5,75.0,2250.0,شارع اللواء محمود ابراهيم الكومى
KED-ROAD-04670,6,90.0,2700.0,شارع المطافى
KED-ROAD-04671,6,90.0,2700.0,شارع المطافى
KED-ROAD-04672,3,45.0,1350.0,شارع صلاح سالم
KED-ROAD-04673,3,45.0,1350.0,شارع صلاح سالم
KED-ROAD-04678,16,240.0,7200.0,شارع اللواء محمود ابراهيم الكومى
KED-ROAD-04679,16,240.0,7200.0,شارع اللواء محمود ابراهيم الكومى
KED-ROAD-04680,9,135.0,4050.0,شارع صلاح سالم
KED-ROAD-04681,9,135.0,4050.0,شارع صلاح سالم
KED-ROAD-04682,1,15.0,450.0,شارع 58
KED-ROAD-04685,3,45.0,1350.0,شارع مبره محمد على
KED-ROAD-04686,3,45.0,1350.0,شارع مبره محمد على
KED-ROAD-04687,2,30.0,900.0,شارع مبره محمد على
KED-ROAD-04688,2,30.0,900.0,شارع مبره محمد على
KED-ROAD-04689,2,30.0,900.0,شارع مبره محمد على
KED-ROAD-04690,2,30.0,900.0,شارع مبره محمد على
KED-ROAD-04693,4,60.0,1800.0,شارع 58
KED-ROAD-04694,4,60.0,1800.0,شارع 58
KED-ROAD-04699,1,15.0,450.0,
KED-ROAD-04700,1,15.0,450.0,
KED-ROAD-04703,1,15.0,450.0,شارع 58
KED-ROAD-04704,3,45.0,1350.0,شارع اللواء محمود ابراهيم الكومى
KED-ROAD-04705,3,45.0,1350.0,شارع اللواء محمود ابراهيم الكومى
KED-ROAD-04706,2,30.0,900.0,شارع بالي
KED-ROAD-04707,2,30.0,900.0,شارع بالي
KED-ROAD-04708,26,390.0,11700.0,شارع اللواء محمود ابراهيم الكومى
KED-ROAD-04709,26,390.0,11700.0,شارع اللواء محمود ابراهيم الكومى
KED-ROAD-04710,6,90.0,2700.0,شارع مسجد السلام
KED-ROAD-04711,6,90.0,2700.0,شارع مسجد السلام
KED-ROAD-04712,2,30.0,900.0,شارع مساكن الإسكان الصناعى
KED-ROAD-04713,3,45.0,1350.0,شارع محفوظ
KED-ROAD-04714,3,45.0,1350.0,شارع محفوظ
KED-ROAD-04715,3,45.0,1350.0,شارع خلف مسجد محفوظ
KED-ROAD-04716,3,45.0,1350.0,شارع خلف مسجد محفوظ
KED-ROAD-04719,6,90.0,2700.0,
KED-ROAD-04720,6,90.0,2700.0,
KED-ROAD-04721,5,75.0,2250.0,
KED-ROAD-04722,5,75.0,2250.0,
KED-ROAD-04725,5,75.0,2250.0,شارع 51
KED-ROAD-04726,5,75.0,2250.0,شارع 51
KED-ROAD-04731,4,60.0,1800.0,
KED-ROAD-04732,4,60.0,1800.0,
KED-ROAD-04733,6,90.0,2700.0,شارع خلف المساكن
KED-ROAD-04734,5,75.0,2250.0,
KED-ROAD-04735,5,75.0,2250.0,
KED-ROAD-04736,3,45.0,1350.0,شارع السواقين
KED-ROAD-04737,3,45.0,1350.0,شارع السواقين
KED-ROAD-04738,5,75.0,2250.0,
KED-ROAD-04739,5,75.0,2250.0,
KED-ROAD-04740,5,75.0,2250.0,
KED-ROAD-04741,5,75.0,2250.0,
KED-ROAD-04742,5,75.0,2250.0,شارع مساكن غزل كفر الدوار الجديدة
KED-ROAD-04743,16,240.0,7200.0,شارع السواقين
KED-ROAD-04744,6,90.0,2700.0,شارع مساكن غزل كفر الدوار الجديدة
KED-ROAD-04745,6,90.0,2700.0,شارع مساكن غزل كفر الدوار الجديدة
KED-ROAD-04748,3,45.0,1350.0,
KED-ROAD-04749,3,45.0,1350.0,
KED-ROAD-04750,3,45.0,1350.0,
KED-ROAD-04751,3,45.0,1350.0,
KED-ROAD-04752,5,75.0,2250.0,
KED-ROAD-04753,1,15.0,450.0,شارع مساكن غزل كفر الدوار الجديدة
KED-ROAD-04754,3,45.0,1350.0,شارع الشهيد طلعت ابراهيم عبد الحميد
KED-ROAD-04755,3,45.0,1350.0,شارع الشهيد طلعت ابراهيم عبد الحميد
KED-ROAD-04756,15,225.0,6750.0,شارع مساكن الغزل
KED-ROAD-04757,15,225.0,6750.0,شارع مساكن الغزل
KED-ROAD-04758,5,75.0,2250.0,شارع الشهيد طلعت ابراهيم عبد الحميد
KED-ROAD-04759,5,75.0,2250.0,شارع الشهيد طلعت ابراهيم عبد الحميد
KED-ROAD-04760,3,45.0,1350.0,شارع الشهيد طلعت ابراهيم عبد الحميد
KED-ROAD-04761,3,45.0,1350.0,شارع الشهيد طلعت ابراهيم عبد الحميد
KED-ROAD-04762,1,15.0,450.0,
KED-ROAD-04763,5,75.0,2250.0,
KED-ROAD-04766,5,75.0,2250.0,
KED-ROAD-04767,5,75.0,2250.0,
KED-ROAD-04768,5,75.0,2250.0,
KED-ROAD-04769,5,75.0,2250.0,
KED-ROAD-04770,6,90.0,2700.0,
KED-ROAD-04771,6,90.0,2700.0,
KED-ROAD-04773,5,75.0,2250.0,شارع مساكن غزل كفر الدوار الجديدة
KED-ROAD-04774,3,45.0,1350.0,شارع مساكن غزل كفر الدوار الجديدة
KED-ROAD-04775,3,45.0,1350.0,شارع مساكن غزل كفر الدوار الجديدة
KED-ROAD-04776,3,45.0,1350.0,
KED-ROAD-04777,3,45.0,1350.0,
KED-ROAD-04778,6,90.0,2700.0,
KED-ROAD-04779,6,90.0,2700.0,
KED-ROAD-04780,15,225.0,6750.0,
KED-ROAD-04781,15,225.0,6750.0,
KED-ROAD-04782,5,75.0,2250.0,
KED-ROAD-04783,5,75.0,2250.0,
KED-ROAD-04784,5,75.0,2250.0,
KED-ROAD-04785,5,75.0,2250.0,
KED-ROAD-04786,2,30.0,900.0,
KED-ROAD-04787,2,30.0,900.0,
KED-ROAD-04788,5,75.0,2250.0,
KED-ROAD-04789,5,75.0,2250.0,
KED-ROAD-04790,3,45.0,1350.0,
KED-ROAD-04791,3,45.0,1350.0,
KED-ROAD-04792,5,75.0,2250.0,
KED-ROAD-04794,3,45.0,1350.0,
KED-ROAD-04795,3,45.0,1350.0,
KED-ROAD-04796,2,30.0,900.0,
KED-ROAD-04797,2,30.0,900.0,
KED-ROAD-04798,6,90.0,2700.0,
KED-ROAD-04799,6,90.0,2700.0,
KED-ROAD-04802,16,240.0,7200.0,
KED-ROAD-04803,1,15.0,450.0,
KED-ROAD-04804,5,75.0,2250.0,شارع مساكن الغزل
KED-ROAD-04805,5,75.0,2250.0,شارع مساكن الغزل
KED-ROAD-04806,5,75.0,2250.0,شارع الشهيد طلعت ابراهيم عبد الحميد
KED-ROAD-04807,5,75.0,2250.0,شارع الشهيد طلعت ابراهيم عبد الحميد
KED-ROAD-04808,1,15.0,450.0,
KED-ROAD-04809,1,15.0,450.0,
KED-ROAD-04812,1,15.0,450.0,
KED-ROAD-04813,5,75.0,2250.0,
KED-ROAD-04814,5,75.0,2250.0,
KED-ROAD-04815,5,75.0,2250.0,
KED-ROAD-04816,3,45.0,1350.0,
KED-ROAD-04817,3,45.0,1350.0,
KED-ROAD-04820,3,45.0,1350.0,
KED-ROAD-04821,3,45.0,1350.0,
KED-ROAD-04822,9,135.0,4050.0,
KED-ROAD-04823,1,15.0,450.0,
KED-ROAD-04824,9,135.0,4050.0,شارع مساكن الغزل
KED-ROAD-04825,9,135.0,4050.0,شارع مساكن الغزل
KED-ROAD-04826,9,135.0,4050.0,
KED-ROAD-04827,9,135.0,4050.0,
KED-ROAD-04828,1,15.0,450.0,
KED-ROAD-04829,1,15.0,450.0,
KED-ROAD-04830,3,45.0,1350.0,
KED-ROAD-04831,3,45.0,1350.0,
KED-ROAD-04832,3,45.0,1350.0,شارع الاداره الصحيه
KED-ROAD-04833,3,45.0,1350.0,شارع الاداره الصحيه
KED-ROAD-04844,11,165.0,4950.0,شارع مبره محمد على
KED-ROAD-04845,11,165.0,4950.0,شارع مبره محمد على
KED-ROAD-04846,4,60.0,1800.0,شارع مبره محمد على
KED-ROAD-04847,4,60.0,1800.0,شارع مبره محمد على
KED-ROAD-04848,6,90.0,2700.0,شارع مؤسسه الكهرباء
KED-ROAD-04849,6,90.0,2700.0,شارع مؤسسه الكهرباء
KED-ROAD-04850,2,30.0,900.0,شارع مبره محمد على
KED-ROAD-04851,2,30.0,900.0,شارع مبره محمد على
KED-ROAD-04852,3,45.0,1350.0,شارع طاهر
KED-ROAD-04855,4,60.0,1800.0,شارع شحاته
KED-ROAD-04856,4,60.0,1800.0,شارع شحاته
KED-ROAD-04857,2,30.0,900.0,شارع 1
KED-ROAD-04858,2,30.0,900.0,شارع 1
KED-ROAD-04859,4,60.0,1800.0,شارع الباشا
KED-ROAD-04860,4,60.0,1800.0,شارع الباشا
KED-ROAD-04861,2,30.0,900.0,شارع 1
KED-ROAD-04862,2,30.0,900.0,شارع مبره محمد على
KED-ROAD-04863,2,30.0,900.0,شارع مبره محمد على
KED-ROAD-04864,5,75.0,2250.0,شارع مبره محمد على
KED-ROAD-04865,5,75.0,2250.0,شارع مبره محمد على
KED-ROAD-04866,5,75.0,2250.0,شارع ناتجاس
KED-ROAD-04867,5,75.0,2250.0,شارع ناتجاس
KED-ROAD-04868,6,90.0,2700.0,شارع مبره محمد على
KED-ROAD-04869,6,90.0,2700.0,شارع مبره محمد على
KED-ROAD-04870,6,90.0,2700.0,شارع مبره محمد على
KED-ROAD-04871,6,90.0,2700.0,شارع مبره محمد على
KED-ROAD-04872,1,15.0,450.0,شارع ناتجاس
KED-ROAD-04873,1,15.0,450.0,شارع ناتجاس
KED-ROAD-04874,5,75.0,2250.0,شارع صلاح سالم
KED-ROAD-04875,5,75.0,2250.0,شارع صلاح سالم
KED-ROAD-04876,9,135.0,4050.0,شارع المصري
KED-ROAD-04877,9,135.0,4050.0,شارع المصري
KED-ROAD-04878,6,90.0,2700.0,شارع صلاح سالم
KED-ROAD-04879,6,90.0,2700.0,شارع صلاح سالم
KED-ROAD-04880,2,30.0,900.0,
KED-ROAD-04881,2,30.0,900.0,
KED-ROAD-04882,2,30.0,900.0,شارع 1
KED-ROAD-04883,4,60.0,1800.0,شارع غطاس تادرس
KED-ROAD-04884,4,60.0,1800.0,شارع غطاس تادرس
KED-ROAD-04885,14,210.0,6300.0,
KED-ROAD-04886,14,210.0,6300.0,
KED-ROAD-04887,9,135.0,4050.0,شارع 3
KED-ROAD-04888,9,135.0,4050.0,شارع 3
KED-ROAD-04889,12,180.0,5400.0,شارع 4
KED-ROAD-04890,12,180.0,5400.0,شارع 4
KED-ROAD-04891,1,15.0,450.0,شارع 2
KED-ROAD-04892,2,30.0,900.0,شارع مينا يونس
KED-ROAD-04893,2,30.0,900.0,شارع شحاته
KED-ROAD-04894,2,30.0,900.0,شارع شحاته
KED-ROAD-04895,4,60.0,1800.0,شارع شحاته
KED-ROAD-04896,4,60.0,1800.0,شارع شحاته
KED-ROAD-04897,8,120.0,3600.0,شارع الباشا
KED-ROAD-04898,8,120.0,3600.0,شارع الباشا
KED-ROAD-04899,8,120.0,3600.0,شارع غطاس تادرس
KED-ROAD-04900,8,120.0,3600.0,شارع غطاس تادرس
KED-ROAD-04901,12,180.0,5400.0,شارع جمعه جامع
KED-ROAD-04902,3,45.0,1350.0,شارع مسجد ابو الحمد
KED-ROAD-04903,3,45.0,1350.0,شارع مسجد ابو الحمد
KED-ROAD-04904,1,15.0,450.0,شارع 4
KED-ROAD-04905,1,15.0,450.0,شارع 4
KED-ROAD-04906,3,45.0,1350.0,شارع مبره محمد على
KED-ROAD-04907,3,45.0,1350.0,شارع مبره محمد على
KED-ROAD-04908,4,60.0,1800.0,شارع 8
KED-ROAD-04909,4,60.0,1800.0,شارع 8
KED-ROAD-04910,4,60.0,1800.0,شارع مبره محمد على
KED-ROAD-04911,4,60.0,1800.0,شارع مبره محمد على
KED-ROAD-04912,15,225.0,6750.0,شارع 10
KED-ROAD-04913,15,225.0,6750.0,شارع 10
KED-ROAD-04916,2,30.0,900.0,شارع صلاح سالم
KED-ROAD-04917,2,30.0,900.0,شارع صلاح سالم
KED-ROAD-04918,2,30.0,900.0,شارع المطافى
KED-ROAD-04919,2,30.0,900.0,شارع المطافى
KED-ROAD-04920,2,30.0,900.0,شارع المطافى
KED-ROAD-04921,2,30.0,900.0,شارع المطافى
KED-ROAD-04922,1,15.0,450.0,شارع 2
KED-ROAD-04923,1,15.0,450.0,شارع 2
KED-ROAD-04924,4,60.0,1800.0,شارع مبره محمد على
KED-ROAD-04925,4,60.0,1800.0,شارع مبره محمد على
KED-ROAD-04926,3,45.0,1350.0,شارع جمعه جامع
KED-ROAD-04927,3,45.0,1350.0,شارع جمعه جامع
KED-ROAD-04928,3,45.0,1350.0,شارع مبره محمد على
KED-ROAD-04929,3,45.0,1350.0,شارع مبره محمد على
KED-ROAD-04930,6,90.0,2700.0,شارع حامد عبد المحسن
KED-ROAD-04931,6,90.0,2700.0,شارع حامد عبد المحسن
KED-ROAD-04932,2,30.0,900.0,امتداد شارع الخليج الاعظم
KED-ROAD-04933,3,45.0,1350.0,شارع عمر بن عبد العزيز
KED-ROAD-04934,3,45.0,1350.0,شارع عمر بن عبد العزيز
KED-ROAD-04939,2,30.0,900.0,شارع عمرو بن العاص
KED-ROAD-04940,2,30.0,900.0,شارع عمرو بن العاص
KED-ROAD-04941,2,30.0,900.0,امتداد شارع الخليج الاعظم
KED-ROAD-04942,1,15.0,450.0,شارع عمر بن عبد العزيز
KED-ROAD-04949,1,15.0,450.0,شارع ابو العلاء المعري
KED-ROAD-04950,1,15.0,450.0,شارع ابو العلاء المعري
KED-ROAD-04951,1,15.0,450.0,شارع حافظ ابراهيم
KED-ROAD-04952,1,15.0,450.0,شارع حافظ ابراهيم
KED-ROAD-04955,1,15.0,450.0,شارع حافظ ابراهيم
KED-ROAD-04956,1,15.0,450.0,شارع حافظ ابراهيم
KED-ROAD-04957,2,30.0,900.0,شارع الاداره الصحيه
KED-ROAD-04958,2,30.0,900.0,شارع الاداره الصحيه
KED-ROAD-04961,9,135.0,4050.0,امتداد شارع الخليج الاعظم
KED-ROAD-04962,2,30.0,900.0,شارع رفاعه الطهطاوى
KED-ROAD-04963,2,30.0,900.0,شارع ابو العلاء المعري
KED-ROAD-04964,2,30.0,900.0,شارع ابو العلاء المعري
KED-ROAD-04965,4,60.0,1800.0,حارة رفاعه الطهطاوى
KED-ROAD-04966,4,60.0,1800.0,حارة رفاعه الطهطاوى
KED-ROAD-04969,2,30.0,900.0,شارع الاداره الصحيه
KED-ROAD-04970,2,30.0,900.0,شارع الاداره الصحيه
KED-ROAD-04971,6,90.0,2700.0,شارع ماجد
KED-ROAD-04972,7,105.0,3150.0,شارع سلام
KED-ROAD-04973,2,30.0,900.0,شارع حسين سلام
KED-ROAD-04974,2,30.0,900.0,شارع حسين سلام
KED-ROAD-04975,11,165.0,4950.0,شارع الاداره الصحيه
KED-ROAD-04976,11,165.0,4950.0,شارع الاداره الصحيه
KED-ROAD-04977,3,45.0,1350.0,
KED-ROAD-04978,3,45.0,1350.0,
KED-ROAD-04979,4,60.0,1800.0,
KED-ROAD-04980,4,60.0,1800.0,
KED-ROAD-04981,13,195.0,5850.0,
KED-ROAD-04982,9,135.0,4050.0,امتداد شارع الخليج الاعظم
KED-ROAD-04983,4,60.0,1800.0,شارع مسجد التوحيد
KED-ROAD-04984,4,60.0,1800.0,شارع مسجد التوحيد
KED-ROAD-04985,7,105.0,3150.0,امتداد شارع الخليج الاعظم
KED-ROAD-04986,7,105.0,3150.0,امتداد شارع الخليج الاعظم
KED-ROAD-04987,4,60.0,1800.0,
KED-ROAD-04988,4,60.0,1800.0,
KED-ROAD-04989,2,30.0,900.0,امتداد شارع الخليج الاعظم
KED-ROAD-04990,2,30.0,900.0,امتداد شارع الخليج الاعظم
KED-ROAD-04991,4,60.0,1800.0,شارع على بركه
KED-ROAD-04992,2,30.0,900.0,امتداد شارع الخليج الاعظم
KED-ROAD-04993,4,60.0,1800.0,
KED-ROAD-04994,4,60.0,1800.0,
KED-ROAD-04995,12,180.0,5400.0,
KED-ROAD-04996,12,180.0,5400.0,
KED-ROAD-04997,4,60.0,1800.0,
KED-ROAD-04998,4,60.0,1800.0,
KED-ROAD-04999,12,180.0,5400.0,
KED-ROAD-05000,12,180.0,5400.0,
KED-ROAD-05001,3,45.0,1350.0,شارع شحاته
KED-ROAD-05002,4,60.0,1800.0,شارع على بركه
KED-ROAD-05003,11,165.0,4950.0,امتداد شارع الخليج الاعظم
KED-ROAD-05004,11,165.0,4950.0,امتداد شارع الخليج الاعظم
KED-ROAD-05005,3,45.0,1350.0,شارع شحاته
KED-ROAD-05006,3,45.0,1350.0,شارع شحاته
KED-ROAD-05009,11,165.0,4950.0,
KED-ROAD-05010,11,165.0,4950.0,
KED-ROAD-05011,11,165.0,4950.0,
KED-ROAD-05012,13,195.0,5850.0,
KED-ROAD-05013,4,60.0,1800.0,
KED-ROAD-05014,4,60.0,1800.0,
KED-ROAD-05015,19,285.0,8550.0,
KED-ROAD-05016,19,285.0,8550.0,
KED-ROAD-05017,12,180.0,5400.0,الطريق الدولي
KED-ROAD-05018,1,15.0,450.0,شارع مساكن المجلس
KED-ROAD-05019,1,15.0,450.0,شارع مساكن المجلس
KED-ROAD-05022,3,45.0,1350.0,شارع شحاته
KED-ROAD-05023,15,225.0,6750.0,الطريق الدولي
KED-ROAD-05024,2,30.0,900.0,شارع مساكن المجلس
KED-ROAD-05025,2,30.0,900.0,شارع مساكن المجلس
KED-ROAD-05026,2,30.0,900.0,شارع مساكن المجلس
KED-ROAD-05029,3,45.0,1350.0,شارع مساكن المجلس
KED-ROAD-05030,3,45.0,1350.0,شارع مساكن المجلس
KED-ROAD-05031,3,45.0,1350.0,
KED-ROAD-05032,2,30.0,900.0,شارع ماجد
KED-ROAD-05033,3,45.0,1350.0,شارع على بركه
KED-ROAD-05034,3,45.0,1350.0,شارع على بركه
KED-ROAD-05035,10,150.0,4500.0,شارع ماجد
KED-ROAD-05036,10,150.0,4500.0,شارع ماجد
KED-ROAD-05037,3,45.0,1350.0,شارع شحاته
KED-ROAD-05038,3,45.0,1350.0,شارع شحاته
KED-ROAD-05041,5,75.0,2250.0,
KED-ROAD-05043,5,75.0,2250.0,
KED-ROAD-05044,5,75.0,2250.0,
KED-ROAD-05045,18,270.0,8100.0,
KED-ROAD-05046,18,270.0,8100.0,
KED-ROAD-05047,11,165.0,4950.0,شارع رجب سعد
KED-ROAD-05048,11,165.0,4950.0,شارع رجب سعد
KED-ROAD-05049,3,45.0,1350.0,شارع العدوى
KED-ROAD-05050,3,45.0,1350.0,شارع العدوى
KED-ROAD-05051,3,45.0,1350.0,شارع حسن مرزوق
KED-ROAD-05052,5,75.0,2250.0,
KED-ROAD-05053,5,75.0,2250.0,شارع غطاس تادرس
KED-ROAD-05054,5,75.0,2250.0,شارع غطاس تادرس
KED-ROAD-05057,4,60.0,1800.0,شارع كشك
KED-ROAD-05058,4,60.0,1800.0,شارع كشك
KED-ROAD-05059,5,75.0,2250.0,شارع حسن مرزوق
KED-ROAD-05060,5,75.0,2250.0,شارع حسن مرزوق
KED-ROAD-05061,1,15.0,450.0,الطريق الدولي
KED-ROAD-05062,3,45.0,1350.0,شارع غطاس تادرس
KED-ROAD-05063,6,90.0,2700.0,شارع المستقبل
KED-ROAD-05064,6,90.0,2700.0,شارع المستقبل
KED-ROAD-05065,3,45.0,1350.0,شارع جمعه جامع
KED-ROAD-05066,3,45.0,1350.0,شارع جمعه جامع
KED-ROAD-05067,6,90.0,2700.0,شارع الجزايرلي
KED-ROAD-05068,6,90.0,2700.0,شارع الجزايرلي
KED-ROAD-05069,2,30.0,900.0,شارع حسن مرزوق
KED-ROAD-05070,2,30.0,900.0,شارع حسن مرزوق
KED-ROAD-05071,8,120.0,3600.0,شارع رجب سعد
KED-ROAD-05072,3,45.0,1350.0,شارع حسن مرزوق
KED-ROAD-05073,3,45.0,1350.0,شارع العدوى
KED-ROAD-05074,3,45.0,1350.0,شارع العدوى
KED-ROAD-05075,6,90.0,2700.0,شارع يونس عبد العظيم
KED-ROAD-05076,6,90.0,2700.0,شارع يونس عبد العظيم
KED-ROAD-05077,7,105.0,3150.0,شارع عبد العزيز الزمراني
KED-ROAD-05078,7,105.0,3150.0,شارع عبد العزيز الزمراني
KED-ROAD-05079,8,120.0,3600.0,شارع خلف المدارس
KED-ROAD-05080,8,120.0,3600.0,شارع خلف المدارس
KED-ROAD-05081,1,15.0,450.0,الطريق الدولي
KED-ROAD-05082,8,120.0,3600.0,شارع رجب سعد
KED-ROAD-05083,3,45.0,1350.0,شارع العدوى
KED-ROAD-05084,3,45.0,1350.0,شارع العدوى
KED-ROAD-05085,3,45.0,1350.0,شارع عبد العزيز الزمراني
KED-ROAD-05086,3,45.0,1350.0,شارع عبد العزيز الزمراني
KED-ROAD-05087,2,30.0,900.0,شارع العدوى
KED-ROAD-05088,2,30.0,900.0,شارع العدوى
KED-ROAD-05089,5,75.0,2250.0,الطريق الدولي
KED-ROAD-05093,2,30.0,900.0,الطريق الدولي
KED-ROAD-05095,2,30.0,900.0,شارع مدرسه طلعت حرب
KED-ROAD-05096,2,30.0,900.0,شارع مدرسه طلعت حرب
KED-ROAD-05097,2,30.0,900.0,شارع عمرو بن العاص
KED-ROAD-05098,2,30.0,900.0,شارع عمرو بن العاص
KED-ROAD-05099,2,30.0,900.0,
KED-ROAD-05100,2,30.0,900.0,
KED-ROAD-05101,2,30.0,900.0,
KED-ROAD-05102,4,60.0,1800.0,الطريق الدولي
KED-ROAD-05103,3,45.0,1350.0,الطريق الدولي
KED-ROAD-05106,5,75.0,2250.0,الطريق الدولي
KED-ROAD-05107,7,105.0,3150.0,شارع مدرسه طلعت حرب
KED-ROAD-05108,7,105.0,3150.0,شارع مدرسه طلعت حرب
KED-ROAD-05109,2,30.0,900.0,شارع عمرو بن العاص
KED-ROAD-05110,2,30.0,900.0,شارع عمرو بن العاص
KED-ROAD-05111,2,30.0,900.0,
KED-ROAD-05112,4,60.0,1800.0,الطريق الدولي
KED-ROAD-05113,4,60.0,1800.0,الطريق الدولي
KED-ROAD-05116,8,120.0,3600.0,
KED-ROAD-05117,8,120.0,3600.0,
KED-ROAD-05118,2,30.0,900.0,شارع عمرو بن العاص
KED-ROAD-05119,2,30.0,900.0,شارع عمرو بن العاص
KED-ROAD-05120,3,45.0,1350.0,شارع مساكن التمليك
KED-ROAD-05121,3,45.0,1350.0,شارع مساكن التمليك
KED-ROAD-05122,1,15.0,450.0,الطريق الدولي
KED-ROAD-05123,6,90.0,2700.0,الطريق الدولي
KED-ROAD-05124,1,15.0,450.0,الطريق الدولي
KED-ROAD-05126,7,105.0,3150.0,الطريق الدولي
KED-ROAD-05129,2,30.0,900.0,شارع مساكن التمليك
KED-ROAD-05130,2,30.0,900.0,شارع مساكن التمليك
KED-ROAD-05131,2,30.0,900.0,شارع محمد انور السادات
KED-ROAD-05132,11,165.0,4950.0,
KED-ROAD-05133,7,105.0,3150.0,الطريق الدولي
KED-ROAD-05135,3,45.0,1350.0,الطريق الدولي
KED-ROAD-05136,21,315.0,9450.0,
KED-ROAD-05137,21,315.0,9450.0,
KED-ROAD-05138,1,15.0,450.0,شارع مدرسه طلعت حرب
KED-ROAD-05139,1,15.0,450.0,شارع مدرسه طلعت حرب
KED-ROAD-05140,1,15.0,450.0,شارع مدرسه طلعت حرب
KED-ROAD-05141,1,15.0,450.0,شارع مدرسه طلعت حرب
KED-ROAD-05142,3,45.0,1350.0,
KED-ROAD-05145,1,15.0,450.0,شارع بلال بن رباح
KED-ROAD-05146,2,30.0,900.0,
KED-ROAD-05147,2,30.0,900.0,
KED-ROAD-05148,2,30.0,900.0,
KED-ROAD-05149,2,30.0,900.0,
KED-ROAD-05150,2,30.0,900.0,
KED-ROAD-05151,2,30.0,900.0,
KED-ROAD-05152,2,30.0,900.0,
KED-ROAD-05153,2,30.0,900.0,
KED-ROAD-05154,2,30.0,900.0,
KED-ROAD-05155,2,30.0,900.0,
KED-ROAD-05156,2,30.0,900.0,
KED-ROAD-05157,2,30.0,900.0,
KED-ROAD-05158,2,30.0,900.0,
KED-ROAD-05159,2,30.0,900.0,
KED-ROAD-05160,2,30.0,900.0,
KED-ROAD-05161,2,30.0,900.0,
KED-ROAD-05162,2,30.0,900.0,
KED-ROAD-05163,2,30.0,900.0,
KED-ROAD-05164,2,30.0,900.0,
KED-ROAD-05165,2,30.0,900.0,
KED-ROAD-05166,2,30.0,900.0,
KED-ROAD-05167,2,30.0,900.0,
KED-ROAD-05168,2,30.0,900.0,
KED-ROAD-05169,1,15.0,450.0,
KED-ROAD-05170,1,15.0,450.0,
KED-ROAD-05171,2,30.0,900.0,
KED-ROAD-05172,2,30.0,900.0,
KED-ROAD-05173,2,30.0,900.0,
KED-ROAD-05174,2,30.0,900.0,
KED-ROAD-05175,2,30.0,900.0,
KED-ROAD-05176,2,30.0,900.0,
KED-ROAD-05177,2,30.0,900.0,
KED-ROAD-05178,2,30.0,900.0,
KED-ROAD-05179,2,30.0,900.0,
KED-ROAD-05180,2,30.0,900.0,
KED-ROAD-05181,2,30.0,900.0,
KED-ROAD-05182,2,30.0,900.0,
KED-ROAD-05183,2,30.0,900.0,
KED-ROAD-05184,2,30.0,900.0,
KED-ROAD-05185,2,30.0,900.0,
KED-ROAD-05186,2,30.0,900.0,
KED-ROAD-05187,2,30.0,900.0,
KED-ROAD-05188,2,30.0,900.0,
KED-ROAD-05189,2,30.0,900.0,
KED-ROAD-05190,2,30.0,900.0,
KED-ROAD-05191,2,30.0,900.0,
KED-ROAD-05192,2,30.0,900.0,
KED-ROAD-05193,2,30.0,900.0,
KED-ROAD-05194,2,30.0,900.0,
KED-ROAD-05195,2,30.0,900.0,
KED-ROAD-05196,2,30.0,900.0,
KED-ROAD-05197,2,30.0,900.0,
KED-ROAD-05198,2,30.0,900.0,
KED-ROAD-05199,2,30.0,900.0,
KED-ROAD-05200,2,30.0,900.0,
KED-ROAD-05201,2,30.0,900.0,
KED-ROAD-05202,2,30.0,900.0,
KED-ROAD-05203,2,30.0,900.0,
KED-ROAD-05204,2,30.0,900.0,
KED-ROAD-05205,2,30.0,900.0,
KED-ROAD-05206,1,15.0,450.0,
KED-ROAD-05207,1,15.0,450.0,
KED-ROAD-05208,2,30.0,900.0,
KED-ROAD-05209,2,30.0,900.0,
KED-ROAD-05210,2,30.0,900.0,
KED-ROAD-05211,2,30.0,900.0,
KED-ROAD-05212,2,30.0,900.0,
KED-ROAD-05213,2,30.0,900.0,
KED-ROAD-05214,2,30.0,900.0,
KED-ROAD-05215,2,30.0,900.0,
KED-ROAD-05216,2,30.0,900.0,
KED-ROAD-05219,2,30.0,900.0,شارع مساكن التمليك
KED-ROAD-05220,2,30.0,900.0,شارع مساكن التمليك
KED-ROAD-05221,5,75.0,2250.0,
KED-ROAD-05222,2,30.0,900.0,
KED-ROAD-05223,2,30.0,900.0,
KED-ROAD-05224,2,30.0,900.0,
KED-ROAD-05225,2,30.0,900.0,
KED-ROAD-05226,1,15.0,450.0,شارع مساكن التمليك
KED-ROAD-05227,1,15.0,450.0,شارع مساكن التمليك
KED-ROAD-05230,1,15.0,450.0,شارع مساكن التمليك
KED-ROAD-05231,1,15.0,450.0,شارع مساكن التمليك
KED-ROAD-05232,1,15.0,450.0,شارع 2
KED-ROAD-05233,6,90.0,2700.0,شارع 4
KED-ROAD-05234,6,90.0,2700.0,شارع 4
KED-ROAD-05235,2,30.0,900.0,شارع حامد عبد المحسن
KED-ROAD-05236,2,30.0,900.0,شارع حامد عبد المحسن
KED-ROAD-05237,4,60.0,1800.0,شارع عبد القادر عباده
KED-ROAD-05238,4,60.0,1800.0,شارع عبد القادر عباده
KED-ROAD-05239,9,135.0,4050.0,شارع 56
KED-ROAD-05240,9,135.0,4050.0,شارع 56
KED-ROAD-05241,8,120.0,3600.0,شارع 200
KED-ROAD-05242,3,45.0,1350.0,شارع مبره محمد على
KED-ROAD-05243,3,45.0,1350.0,شارع مبره محمد على
KED-ROAD-05244,5,75.0,2250.0,شارع 9
KED-ROAD-05245,5,75.0,2250.0,شارع 9
KED-ROAD-05246,3,45.0,1350.0,شارع عبد القادر عباده
KED-ROAD-05247,3,45.0,1350.0,شارع عبد القادر عباده
KED-ROAD-05248,4,60.0,1800.0,شارع عبد العزيز الزمراني
KED-ROAD-05249,4,60.0,1800.0,شارع عبد العزيز الزمراني
KED-ROAD-05250,3,45.0,1350.0,شارع عبد العزيز الزمراني
KED-ROAD-05251,3,45.0,1350.0,شارع عبد العزيز الزمراني
KED-ROAD-05252,12,180.0,5400.0,شارع جمعه جامع
KED-ROAD-05253,3,45.0,1350.0,شارع 200
KED-ROAD-05254,3,45.0,1350.0,شارع 200
KED-ROAD-05255,3,45.0,1350.0,شارع حامد عبد المحسن
KED-ROAD-05256,3,45.0,1350.0,شارع حامد عبد المحسن
KED-ROAD-05259,2,30.0,900.0,شارع حسن مرزوق
KED-ROAD-05260,2,30.0,900.0,شارع حسن مرزوق
KED-ROAD-05261,8,120.0,3600.0,شارع الجزايرلي
KED-ROAD-05262,8,120.0,3600.0,شارع 200
KED-ROAD-05263,2,30.0,900.0,شارع عبد العزيز الزمراني
KED-ROAD-05264,2,30.0,900.0,شارع عبد العزيز الزمراني
KED-ROAD-05267,2,30.0,900.0,شارع 57
KED-ROAD-05268,2,30.0,900.0,شارع 57
KED-ROAD-05269,4,60.0,1800.0,شارع خلف المدارس
KED-ROAD-05270,4,60.0,1800.0,شارع خلف المدارس
KED-ROAD-05271,5,75.0,2250.0,شارع 57
KED-ROAD-05272,9,135.0,4050.0,شارع خلف المدارس
KED-ROAD-05273,9,135.0,4050.0,شارع خلف المدارس
KED-ROAD-05274,2,30.0,900.0,شارع مدبولى
KED-ROAD-05275,2,30.0,900.0,شارع مدبولى
KED-ROAD-05276,2,30.0,900.0,شارع 58
KED-ROAD-05277,2,30.0,900.0,شارع 58
KED-ROAD-05278,2,30.0,900.0,شارع مدبولى
KED-ROAD-05279,2,30.0,900.0,شارع مدبولى
KED-ROAD-05282,4,60.0,1800.0,
KED-ROAD-05283,4,60.0,1800.0,
KED-ROAD-05284,4,60.0,1800.0,شارع بالي
KED-ROAD-05285,4,60.0,1800.0,شارع بالي
KED-ROAD-05288,2,30.0,900.0,شارع 57
KED-ROAD-05289,2,30.0,900.0,شارع 57
KED-ROAD-05292,8,120.0,3600.0,شارع الجزايرلي
KED-ROAD-05295,2,30.0,900.0,شارع عبد العزيز الزمراني
KED-ROAD-05296,2,30.0,900.0,شارع عبد العزيز الزمراني
KED-ROAD-05297,10,150.0,4500.0,شارع خلف المدارس
KED-ROAD-05298,10,150.0,4500.0,شارع خلف المدارس
KED-ROAD-05299,7,105.0,3150.0,شارع مسجد السلام
KED-ROAD-05300,7,105.0,3150.0,شارع مسجد السلام
KED-ROAD-05301,2,30.0,900.0,الطريق الدولي
KED-ROAD-05302,2,30.0,900.0,شارع بالي
KED-ROAD-05303,2,30.0,900.0,شارع بالي
KED-ROAD-05304,4,60.0,1800.0,شارع مدبولى
KED-ROAD-05305,4,60.0,1800.0,شارع مدبولى
KED-ROAD-05308,10,150.0,4500.0,شارع مدبولى
KED-ROAD-05309,10,150.0,4500.0,شارع مدبولى
KED-ROAD-05310,3,45.0,1350.0,شارع مسجد السلام
KED-ROAD-05311,3,45.0,1350.0,شارع مسجد السلام
KED-ROAD-05312,5,75.0,2250.0,شارع 57
KED-ROAD-05313,23,345.0,10350.0,شارع صيدلية الشحات الكبري
KED-ROAD-05314,23,345.0,10350.0,شارع صيدلية الشحات الكبري
KED-ROAD-05321,1,15.0,450.0,شارع صيدلية الشحات الكبري
KED-ROAD-05326,2,30.0,900.0,شارع 57
KED-ROAD-05327,2,30.0,900.0,شارع 57
KED-ROAD-05328,5,75.0,2250.0,شارع مسجد السلام
KED-ROAD-05329,5,75.0,2250.0,شارع مسجد السلام
KED-ROAD-05330,3,45.0,1350.0,شارع مسجد السلام
KED-ROAD-05331,3,45.0,1350.0,شارع مسجد السلام
KED-ROAD-05332,6,90.0,2700.0,شارع احمد كامل
KED-ROAD-05333,6,90.0,2700.0,شارع احمد كامل
KED-ROAD-05334,5,75.0,2250.0,
KED-ROAD-05335,5,75.0,2250.0,
KED-ROAD-05342,1,15.0,450.0,شارع صيدلية الشحات الكبري
KED-ROAD-05343,5,75.0,2250.0,
KED-ROAD-05344,5,75.0,2250.0,
KED-ROAD-05345,1,15.0,450.0,شارع صيدلية الشحات الكبري
KED-ROAD-05346,1,15.0,450.0,شارع صيدلية الشحات الكبري
KED-ROAD-05347,6,90.0,2700.0,شارع 2
KED-ROAD-05348,6,90.0,2700.0,شارع 2
KED-ROAD-05351,1,15.0,450.0,شارع صيدلية الشحات الكبري
KED-ROAD-05356,6,90.0,2700.0,شارع 52
KED-ROAD-05357,6,90.0,2700.0,شارع 52
KED-ROAD-05358,5,75.0,2250.0,شارع 53
KED-ROAD-05359,5,75.0,2250.0,شارع 53
KED-ROAD-05360,1,15.0,450.0,
KED-ROAD-05361,1,15.0,450.0,
KED-ROAD-05362,1,15.0,450.0,شارع صيدلية الشحات الكبري
KED-ROAD-05363,6,90.0,2700.0,شارع 3
KED-ROAD-05364,6,90.0,2700.0,شارع 3
KED-ROAD-05367,6,90.0,2700.0,شارع 4
KED-ROAD-05368,6,90.0,2700.0,شارع 4
KED-ROAD-05369,6,90.0,2700.0,شارع 5
KED-ROAD-05370,6,90.0,2700.0,شارع 5
KED-ROAD-05371,6,90.0,2700.0,شارع 6
KED-ROAD-05376,6,90.0,2700.0,شارع 53
KED-ROAD-05377,6,90.0,2700.0,شارع 53
KED-ROAD-05378,1,15.0,450.0,شارع صيدلية الشحات الكبري
KED-ROAD-05379,1,15.0,450.0,شارع صيدلية الشحات الكبري
KED-ROAD-05382,6,90.0,2700.0,شارع 6
KED-ROAD-05384,6,90.0,2700.0,شارع 7
KED-ROAD-05385,6,90.0,2700.0,شارع 7
KED-ROAD-05387,5,75.0,2250.0,شارع مساكن التمليك
KED-ROAD-05388,5,75.0,2250.0,شارع مساكن التمليك
KED-ROAD-05394,2,30.0,900.0,
KED-ROAD-05395,2,30.0,900.0,
KED-ROAD-05396,2,30.0,900.0,
KED-ROAD-05397,2,30.0,900.0,
KED-ROAD-05398,5,75.0,2250.0,
KED-ROAD-05399,5,75.0,2250.0,
KED-ROAD-05404,3,45.0,1350.0,
KED-ROAD-05405,3,45.0,1350.0,
KED-ROAD-05406,2,30.0,900.0,
KED-ROAD-05407,2,30.0,900.0,
KED-ROAD-05408,2,30.0,900.0,
KED-ROAD-05409,2,30.0,900.0,
KED-ROAD-05410,2,30.0,900.0,
KED-ROAD-05411,2,30.0,900.0,
KED-ROAD-05412,2,30.0,900.0,شارع محمد انور السادات
KED-ROAD-05415,2,30.0,900.0,
KED-ROAD-05416,2,30.0,900.0,
KED-ROAD-05417,1,15.0,450.0,شارع محمد انور السادات
KED-ROAD-05418,1,15.0,450.0,شارع محمد انور السادات
KED-ROAD-05419,2,30.0,900.0,
KED-ROAD-05420,2,30.0,900.0,
KED-ROAD-05421,1,15.0,450.0,
KED-ROAD-05422,1,15.0,450.0,
KED-ROAD-05423,1,15.0,450.0,
KED-ROAD-05424,2,30.0,900.0,
KED-ROAD-05425,2,30.0,900.0,
KED-ROAD-05426,2,30.0,900.0,
KED-ROAD-05427,2,30.0,900.0,
KED-ROAD-05428,2,30.0,900.0,
KED-ROAD-05431,1,15.0,450.0,
KED-ROAD-05432,2,30.0,900.0,
KED-ROAD-05437,2,30.0,900.0,
KED-ROAD-05438,2,30.0,900.0,
KED-ROAD-05439,2,30.0,900.0,شارع عمرو بن العاص
KED-ROAD-05440,2,30.0,900.0,شارع عمرو بن العاص
KED-ROAD-05441,2,30.0,900.0,
KED-ROAD-05442,2,30.0,900.0,
KED-ROAD-05443,2,30.0,900.0,
KED-ROAD-05444,2,30.0,900.0,
KED-ROAD-05445,2,30.0,900.0,
KED-ROAD-05446,2,30.0,900.0,
KED-ROAD-05447,2,30.0,900.0,شارع مساكن التمليك
KED-ROAD-05448,2,30.0,900.0,شارع مساكن التمليك
KED-ROAD-05454,2,30.0,900.0,
KED-ROAD-05455,2,30.0,900.0,
KED-ROAD-05460,2,30.0,900.0,
KED-ROAD-05461,2,30.0,900.0,
KED-ROAD-05463,2,30.0,900.0,
KED-ROAD-05464,2,30.0,900.0,
KED-ROAD-05465,1,15.0,450.0,
KED-ROAD-05466,1,15.0,450.0,
KED-ROAD-05469,2,30.0,900.0,
KED-ROAD-05470,2,30.0,900.0,
KED-ROAD-05471,1,15.0,450.0,
KED-ROAD-05472,1,15.0,450.0,
KED-ROAD-05473,2,30.0,900.0,
KED-ROAD-05474,2,30.0,900.0,
KED-ROAD-05475,2,30.0,900.0,
KED-ROAD-05476,2,30.0,900.0,
KED-ROAD-05477,1,15.0,450.0,
KED-ROAD-05478,1,15.0,450.0,
KED-ROAD-05479,2,30.0,900.0,
KED-ROAD-05480,2,30.0,900.0,
KED-ROAD-05481,2,30.0,900.0,
KED-ROAD-05486,2,30.0,900.0,
KED-ROAD-05487,2,30.0,900.0,
KED-ROAD-05492,1,15.0,450.0,
KED-ROAD-05493,1,15.0,450.0,شارع مسجد الهدي
KED-ROAD-05494,1,15.0,450.0,شارع مسجد الهدي
KED-ROAD-05495,1,15.0,450.0,
KED-ROAD-05496,1,15.0,450.0,
KED-ROAD-05497,1,15.0,450.0,
KED-ROAD-05498,1,15.0,450.0,
KED-ROAD-05499,1,15.0,450.0,شارع مسجد الهدي
KED-ROAD-05500,1,15.0,450.0,شارع مسجد الهدي
KED-ROAD-05501,1,15.0,450.0,
KED-ROAD-05502,2,30.0,900.0,
KED-ROAD-05503,1,15.0,450.0,
KED-ROAD-05504,1,15.0,450.0,
KED-ROAD-05505,2,30.0,900.0,
KED-ROAD-05506,2,30.0,900.0,
KED-ROAD-05507,2,30.0,900.0,
KED-ROAD-05508,2,30.0,900.0,
KED-ROAD-05509,1,15.0,450.0,
KED-ROAD-05510,1,15.0,450.0,
KED-ROAD-05511,2,30.0,900.0,
KED-ROAD-05512,2,30.0,900.0,
KED-ROAD-05513,2,30.0,900.0,
KED-ROAD-05516,1,15.0,450.0,
KED-ROAD-05517,1,15.0,450.0,
KED-ROAD-05520,2,30.0,900.0,
KED-ROAD-05521,2,30.0,900.0,
KED-ROAD-05522,1,15.0,450.0,
KED-ROAD-05523,1,15.0,450.0,شارع مسجد الهدي
KED-ROAD-05524,1,15.0,450.0,شارع مسجد الهدي
KED-ROAD-05525,2,30.0,900.0,
KED-ROAD-05526,2,30.0,900.0,
KED-ROAD-05527,1,15.0,450.0,
KED-ROAD-05528,1,15.0,450.0,
KED-ROAD-05529,1,15.0,450.0,شارع مسجد الهدي
KED-ROAD-05530,1,15.0,450.0,شارع مسجد الهدي
KED-ROAD-05531,1,15.0,450.0,شارع على بن ابى طالب
KED-ROAD-05532,2,30.0,900.0,
KED-ROAD-05533,2,30.0,900.0,
KED-ROAD-05534,1,15.0,450.0,
KED-ROAD-05535,1,15.0,450.0,
KED-ROAD-05536,2,30.0,900.0,
KED-ROAD-05537,2,30.0,900.0,
KED-ROAD-05538,2,30.0,900.0,
KED-ROAD-05539,2,30.0,900.0,
KED-ROAD-05540,1,15.0,450.0,شارع مساكن التمليك
KED-ROAD-05541,1,15.0,450.0,شارع مساكن التمليك
KED-ROAD-05542,2,30.0,900.0,
KED-ROAD-05543,2,30.0,900.0,
KED-ROAD-05546,2,30.0,900.0,
KED-ROAD-05547,2,30.0,900.0,
KED-ROAD-05548,2,30.0,900.0,
KED-ROAD-05549,2,30.0,900.0,
KED-ROAD-05550,2,30.0,900.0,
KED-ROAD-05551,2,30.0,900.0,
KED-ROAD-05552,5,75.0,2250.0,
KED-ROAD-05553,4,60.0,1800.0,
KED-ROAD-05554,4,60.0,1800.0,
KED-ROAD-05555,3,45.0,1350.0,
KED-ROAD-05556,3,45.0,1350.0,
KED-ROAD-05557,1,15.0,450.0,
KED-ROAD-05558,1,15.0,450.0,
KED-ROAD-05559,1,15.0,450.0,
KED-ROAD-05560,1,15.0,450.0,
KED-ROAD-05561,1,15.0,450.0,
KED-ROAD-05562,1,15.0,450.0,شارع مساكن التمليك
KED-ROAD-05563,1,15.0,450.0,شارع مساكن التمليك
KED-ROAD-05564,2,30.0,900.0,
KED-ROAD-05565,2,30.0,900.0,
KED-ROAD-05568,2,30.0,900.0,
KED-ROAD-05569,2,30.0,900.0,
KED-ROAD-05570,2,30.0,900.0,
KED-ROAD-05571,2,30.0,900.0,
KED-ROAD-05572,1,15.0,450.0,
KED-ROAD-05573,1,15.0,450.0,
KED-ROAD-05574,1,15.0,450.0,
KED-ROAD-05575,1,15.0,450.0,
KED-ROAD-05576,2,30.0,900.0,
KED-ROAD-05577,2,30.0,900.0,
KED-ROAD-05578,2,30.0,900.0,
KED-ROAD-05579,2,30.0,900.0,
KED-ROAD-05580,1,15.0,450.0,
KED-ROAD-05581,1,15.0,450.0,
KED-ROAD-05582,2,30.0,900.0,شارع عمارات التمليك
KED-ROAD-05583,2,30.0,900.0,شارع عمارات التمليك
KED-ROAD-05584,2,30.0,900.0,
KED-ROAD-05585,2,30.0,900.0,
KED-ROAD-05586,2,30.0,900.0,
KED-ROAD-05587,2,30.0,900.0,
KED-ROAD-05588,1,15.0,450.0,شارع عمارات التمليك
KED-ROAD-05589,1,15.0,450.0,شارع عمارات التمليك
KED-ROAD-05590,1,15.0,450.0,
KED-ROAD-05591,1,15.0,450.0,
KED-ROAD-05592,1,15.0,450.0,
KED-ROAD-05593,1,15.0,450.0,
KED-ROAD-05594,1,15.0,450.0,
KED-ROAD-05595,2,30.0,900.0,
KED-ROAD-05596,2,30.0,900.0,
KED-ROAD-05597,1,15.0,450.0,
KED-ROAD-05598,1,15.0,450.0,
KED-ROAD-05599,2,30.0,900.0,
KED-ROAD-05600,2,30.0,900.0,
KED-ROAD-05601,1,15.0,450.0,
KED-ROAD-05602,2,30.0,900.0,
KED-ROAD-05603,2,30.0,900.0,
KED-ROAD-05604,1,15.0,450.0,شارع عمارات التمليك
KED-ROAD-05605,2,30.0,900.0,
KED-ROAD-05606,2,30.0,900.0,
KED-ROAD-05607,1,15.0,450.0,
KED-ROAD-05608,1,15.0,450.0,
KED-ROAD-05609,2,30.0,900.0,
KED-ROAD-05610,2,30.0,900.0,
KED-ROAD-05611,2,30.0,900.0,
KED-ROAD-05612,1,15.0,450.0,شارع عمارات التمليك
KED-ROAD-05613,2,30.0,900.0,
KED-ROAD-05614,2,30.0,900.0,
KED-ROAD-05615,1,15.0,450.0,
KED-ROAD-05616,1,15.0,450.0,
KED-ROAD-05617,1,15.0,450.0,شارع عمارات التمليك
KED-ROAD-05618,1,15.0,450.0,شارع عمارات التمليك
KED-ROAD-05619,2,30.0,900.0,
KED-ROAD-05620,2,30.0,900.0,
KED-ROAD-05621,2,30.0,900.0,
KED-ROAD-05622,1,15.0,450.0,
KED-ROAD-05623,1,15.0,450.0,
KED-ROAD-05624,1,15.0,450.0,
KED-ROAD-05625,2,30.0,900.0,
KED-ROAD-05626,2,30.0,900.0,
KED-ROAD-05627,1,15.0,450.0,
KED-ROAD-05628,1,15.0,450.0,
KED-ROAD-05629,1,15.0,450.0,
KED-ROAD-05630,1,15.0,450.0,
KED-ROAD-05631,1,15.0,450.0,شارع عمارات التمليك
KED-ROAD-05632,1,15.0,450.0,
KED-ROAD-05633,2,30.0,900.0,
KED-ROAD-05634,2,30.0,900.0,
KED-ROAD-05635,2,30.0,900.0,
KED-ROAD-05636,2,30.0,900.0,
KED-ROAD-05639,1,15.0,450.0,شارع مساكن الرحمن
KED-ROAD-05640,1,15.0,450.0,شارع مساكن الرحمن
KED-ROAD-05641,2,30.0,900.0,
KED-ROAD-05642,2,30.0,900.0,
KED-ROAD-05643,2,30.0,900.0,
KED-ROAD-05644,2,30.0,900.0,شارع محمد انور السادات
KED-ROAD-05645,2,30.0,900.0,شارع محمد انور السادات
KED-ROAD-05646,2,30.0,900.0,شارع مساكن الرحمن
KED-ROAD-05647,2,30.0,900.0,شارع مساكن الرحمن
KED-ROAD-05648,2,30.0,900.0,
KED-ROAD-05649,2,30.0,900.0,
KED-ROAD-05650,2,30.0,900.0,شارع محمد انور السادات
KED-ROAD-05651,2,30.0,900.0,شارع محمد انور السادات
KED-ROAD-05652,2,30.0,900.0,
KED-ROAD-05653,2,30.0,900.0,
KED-ROAD-05654,2,30.0,900.0,
KED-ROAD-05657,1,15.0,450.0,
KED-ROAD-05658,1,15.0,450.0,
KED-ROAD-05659,2,30.0,900.0,
KED-ROAD-05660,2,30.0,900.0,
KED-ROAD-05661,2,30.0,900.0,
KED-ROAD-05662,2,30.0,900.0,
KED-ROAD-05665,1,15.0,450.0,
KED-ROAD-05666,1,15.0,450.0,
KED-ROAD-05667,1,15.0,450.0,
KED-ROAD-05668,1,15.0,450.0,
KED-ROAD-05669,1,15.0,450.0,
KED-ROAD-05670,1,15.0,450.0,
KED-ROAD-05672,2,30.0,900.0,
KED-ROAD-05673,2,30.0,900.0,
KED-ROAD-05674,2,30.0,900.0,
KED-ROAD-05675,2,30.0,900.0,
KED-ROAD-05676,2,30.0,900.0,شارع محمد انور السادات
KED-ROAD-05677,2,30.0,900.0,شارع محمد انور السادات
KED-ROAD-05678,2,30.0,900.0,
KED-ROAD-05679,2,30.0,900.0,
KED-ROAD-05680,1,15.0,450.0,
KED-ROAD-05681,1,15.0,450.0,
KED-ROAD-05682,2,30.0,900.0,شارع محمد انور السادات
KED-ROAD-05683,2,30.0,900.0,شارع محمد انور السادات
KED-ROAD-05686,1,15.0,450.0,شارع محمد انور السادات
KED-ROAD-05687,1,15.0,450.0,شارع محمد انور السادات
KED-ROAD-05688,3,45.0,1350.0,
KED-ROAD-05689,3,45.0,1350.0,
KED-ROAD-05690,3,45.0,1350.0,
KED-ROAD-05691,3,45.0,1350.0,
KED-ROAD-05699,3,45.0,1350.0,
KED-ROAD-05700,3,45.0,1350.0,
KED-ROAD-05701,3,45.0,1350.0,
KED-ROAD-05702,1,15.0,450.0,شارع مساكن 144
KED-ROAD-05703,3,45.0,1350.0,
KED-ROAD-05704,3,45.0,1350.0,
KED-ROAD-05705,3,45.0,1350.0,
KED-ROAD-05706,3,45.0,1350.0,
KED-ROAD-05707,3,45.0,1350.0,
KED-ROAD-05708,3,45.0,1350.0,
KED-ROAD-05709,3,45.0,1350.0,
KED-ROAD-05710,3,45.0,1350.0,
KED-ROAD-05711,3,45.0,1350.0,
KED-ROAD-05720,3,45.0,1350.0,
KED-ROAD-05721,3,45.0,1350.0,
KED-ROAD-05722,1,15.0,450.0,
KED-ROAD-05723,2,30.0,900.0,
KED-ROAD-05724,2,30.0,900.0,
KED-ROAD-05725,2,30.0,900.0,
KED-ROAD-05726,2,30.0,900.0,
KED-ROAD-05727,1,15.0,450.0,
KED-ROAD-05728,1,15.0,450.0,
KED-ROAD-05729,2,30.0,900.0,
KED-ROAD-05730,2,30.0,900.0,
KED-ROAD-05732,2,30.0,900.0,
KED-ROAD-05733,2,30.0,900.0,
KED-ROAD-05734,2,30.0,900.0,
KED-ROAD-05735,2,30.0,900.0,شارع الترعه
KED-ROAD-05736,2,30.0,900.0,شارع الترعه
KED-ROAD-05737,2,30.0,900.0,
KED-ROAD-05738,2,30.0,900.0,
KED-ROAD-05739,1,15.0,450.0,شارع الترعه
KED-ROAD-05740,1,15.0,450.0,شارع الترعه
KED-ROAD-05741,2,30.0,900.0,
KED-ROAD-05742,1,15.0,450.0,شارع عمارات التمليك
KED-ROAD-05743,1,15.0,450.0,شارع عمارات التمليك
KED-ROAD-05744,1,15.0,450.0,
KED-ROAD-05745,1,15.0,450.0,
KED-ROAD-05746,2,30.0,900.0,
KED-ROAD-05747,2,30.0,900.0,
KED-ROAD-05748,2,30.0,900.0,
KED-ROAD-05749,2,30.0,900.0,
KED-ROAD-05750,3,45.0,1350.0,الطريق الدولي
KED-ROAD-05751,5,75.0,2250.0,
KED-ROAD-05752,5,75.0,2250.0,
KED-ROAD-05753,4,60.0,1800.0,الطريق الدولي
KED-ROAD-05755,2,30.0,900.0,
KED-ROAD-05756,2,30.0,900.0,
KED-ROAD-05759,7,105.0,3150.0,
KED-ROAD-05760,7,105.0,3150.0,
KED-ROAD-05761,1,15.0,450.0,
KED-ROAD-05762,1,15.0,450.0,
KED-ROAD-05767,1,15.0,450.0,
KED-ROAD-05768,1,15.0,450.0,
KED-ROAD-05769,8,120.0,3600.0,
KED-ROAD-05770,13,195.0,5850.0,شارع شحاته
KED-ROAD-05771,13,195.0,5850.0,شارع شحاته
KED-ROAD-05772,2,30.0,900.0,الطريق الدولي
KED-ROAD-05773,9,135.0,4050.0,
KED-ROAD-05774,9,135.0,4050.0,
KED-ROAD-05782,2,30.0,900.0,شارع مساكن المجلس
KED-ROAD-05783,2,30.0,900.0,
KED-ROAD-05784,2,30.0,900.0,
KED-ROAD-05785,2,30.0,900.0,
KED-ROAD-05786,2,30.0,900.0,
KED-ROAD-05793,2,30.0,900.0,
KED-ROAD-05794,2,30.0,900.0,
KED-ROAD-05795,2,30.0,900.0,
KED-ROAD-05796,2,30.0,900.0,
KED-ROAD-05797,2,30.0,900.0,
KED-ROAD-05798,2,30.0,900.0,
KED-ROAD-05800,5,75.0,2250.0,
KED-ROAD-05801,5,75.0,2250.0,
KED-ROAD-05804,3,45.0,1350.0,
KED-ROAD-05805,3,45.0,1350.0,
KED-ROAD-05806,2,30.0,900.0,
KED-ROAD-05807,2,30.0,900.0,
KED-ROAD-05808,2,30.0,900.0,
KED-ROAD-05809,2,30.0,900.0,
KED-ROAD-05811,2,30.0,900.0,
KED-ROAD-05812,2,30.0,900.0,
KED-ROAD-05813,2,30.0,900.0,
KED-ROAD-05814,2,30.0,900.0,
KED-ROAD-05817,2,30.0,900.0,
KED-ROAD-05818,2,30.0,900.0,
KED-ROAD-05819,3,45.0,1350.0,
KED-ROAD-05825,3,45.0,1350.0,
KED-ROAD-05826,3,45.0,1350.0,
KED-ROAD-05827,3,45.0,1350.0,
KED-ROAD-05828,3,45.0,1350.0,
KED-ROAD-05834,2,30.0,900.0,
KED-ROAD-05835,2,30.0,900.0,
KED-ROAD-05836,2,30.0,900.0,
KED-ROAD-05837,2,30.0,900.0,
KED-ROAD-05838,1,15.0,450.0,
KED-ROAD-05839,1,15.0,450.0,
KED-ROAD-05840,1,15.0,450.0,شارع بلال بن رباح
KED-ROAD-05842,1,15.0,450.0,شارع بلال بن رباح
KED-ROAD-05845,2,30.0,900.0,
KED-ROAD-05846,2,30.0,900.0,
KED-ROAD-05847,2,30.0,900.0,
KED-ROAD-05848,2,30.0,900.0,
KED-ROAD-05849,1,15.0,450.0,
KED-ROAD-05850,3,45.0,1350.0,
KED-ROAD-05851,6,90.0,2700.0,شارع بلال بن رباح
KED-ROAD-05852,1,15.0,450.0,شارع بلال بن رباح
KED-ROAD-05853,1,15.0,450.0,شارع بلال بن رباح
KED-ROAD-05855,2,30.0,900.0,
KED-ROAD-05856,2,30.0,900.0,
KED-ROAD-05857,2,30.0,900.0,
KED-ROAD-05858,2,30.0,900.0,
KED-ROAD-05859,1,15.0,450.0,
KED-ROAD-05860,8,120.0,3600.0,
KED-ROAD-05863,2,30.0,900.0,
KED-ROAD-05864,2,30.0,900.0,
KED-ROAD-05865,2,30.0,900.0,شارع الترعه
KED-ROAD-05866,2,30.0,900.0,شارع الترعه
KED-ROAD-05869,2,30.0,900.0,
KED-ROAD-05870,2,30.0,900.0,
KED-ROAD-05873,1,15.0,450.0,شارع بلال بن رباح
KED-ROAD-05875,1,15.0,450.0,شارع بلال بن رباح
KED-ROAD-05876,1,15.0,450.0,شارع بلال بن رباح
KED-ROAD-05879,1,15.0,450.0,
KED-ROAD-05880,2,30.0,900.0,
KED-ROAD-05881,2,30.0,900.0,
KED-ROAD-05882,2,30.0,900.0,
KED-ROAD-05883,2,30.0,900.0,
KED-ROAD-05884,1,15.0,450.0,
KED-ROAD-05885,1,15.0,450.0,
KED-ROAD-05886,2,30.0,900.0,
KED-ROAD-05887,2,30.0,900.0,
KED-ROAD-05888,2,30.0,900.0,
KED-ROAD-05889,1,15.0,450.0,
KED-ROAD-05890,2,30.0,900.0,
KED-ROAD-05891,2,30.0,900.0,
KED-ROAD-05892,1,15.0,450.0,
KED-ROAD-05893,1,15.0,450.0,
KED-ROAD-05894,2,30.0,900.0,
KED-ROAD-05895,2,30.0,900.0,
KED-ROAD-05896,1,15.0,450.0,
KED-ROAD-05897,1,15.0,450.0,
KED-ROAD-05898,2,30.0,900.0,
KED-ROAD-05899,2,30.0,900.0,
KED-ROAD-05900,2,30.0,900.0,
KED-ROAD-05902,2,30.0,900.0,
KED-ROAD-05903,2,30.0,900.0,
KED-ROAD-05904,2,30.0,900.0,
KED-ROAD-05905,2,30.0,900.0,
KED-ROAD-05906,6,90.0,2700.0,شارع الترعه
KED-ROAD-05907,6,90.0,2700.0,شارع الترعه
KED-ROAD-05908,2,30.0,900.0,
KED-ROAD-05909,2,30.0,900.0,
KED-ROAD-05910,2,30.0,900.0,
KED-ROAD-05911,2,30.0,900.0,
KED-ROAD-05912,2,30.0,900.0,
KED-ROAD-05913,2,30.0,900.0,
KED-ROAD-05914,1,15.0,450.0,
KED-ROAD-05915,1,15.0,450.0,
KED-ROAD-05916,2,30.0,900.0,
KED-ROAD-05917,2,30.0,900.0,
KED-ROAD-05918,2,30.0,900.0,
KED-ROAD-05919,2,30.0,900.0,
KED-ROAD-05920,1,15.0,450.0,
KED-ROAD-05921,1,15.0,450.0,
KED-ROAD-05922,2,30.0,900.0,
KED-ROAD-05923,2,30.0,900.0,
KED-ROAD-05924,2,30.0,900.0,
KED-ROAD-05925,2,30.0,900.0,
KED-ROAD-05926,1,15.0,450.0,
KED-ROAD-05927,1,15.0,450.0,
KED-ROAD-05928,2,30.0,900.0,
KED-ROAD-05929,2,30.0,900.0,
KED-ROAD-05930,1,15.0,450.0,
KED-ROAD-05931,1,15.0,450.0,
KED-ROAD-05934,2,30.0,900.0,شارع الترعه
KED-ROAD-05935,2,30.0,900.0,شارع الترعه
KED-ROAD-05936,2,30.0,900.0,شارع الترعه
KED-ROAD-05937,2,30.0,900.0,شارع الترعه
KED-ROAD-05938,2,30.0,900.0,
KED-ROAD-05939,2,30.0,900.0,
KED-ROAD-05940,2,30.0,900.0,
KED-ROAD-05941,2,30.0,900.0,
KED-ROAD-05942,2,30.0,900.0,
KED-ROAD-05943,1,15.0,450.0,
KED-ROAD-05944,1,15.0,450.0,
KED-ROAD-05945,1,15.0,450.0,
KED-ROAD-05946,1,15.0,450.0,
KED-ROAD-05947,2,30.0,900.0,
KED-ROAD-05948,2,30.0,900.0,
KED-ROAD-05949,1,15.0,450.0,
KED-ROAD-05950,1,15.0,450.0,
KED-ROAD-05951,2,30.0,900.0,
KED-ROAD-05952,2,30.0,900.0,
KED-ROAD-05953,2,30.0,900.0,
KED-ROAD-05954,2,30.0,900.0,
KED-ROAD-05955,1,15.0,450.0,شارع مساكن التمليك
KED-ROAD-05956,1,15.0,450.0,شارع مساكن التمليك
KED-ROAD-05957,1,15.0,450.0,شارع عمارات التمليك
KED-ROAD-05958,2,30.0,900.0,
KED-ROAD-05959,3,45.0,1350.0,شارع الترعه
KED-ROAD-05960,3,45.0,1350.0,شارع الترعه
KED-ROAD-05965,3,45.0,1350.0,شارع الترعه
KED-ROAD-05966,3,45.0,1350.0,شارع الترعه
KED-ROAD-05967,1,15.0,450.0,شارع عمارات التمليك
KED-ROAD-05970,2,30.0,900.0,
KED-ROAD-05971,2,30.0,900.0,
KED-ROAD-05972,2,30.0,900.0,
KED-ROAD-05973,2,30.0,900.0,
KED-ROAD-05974,2,30.0,900.0,
KED-ROAD-05975,2,30.0,900.0,
KED-ROAD-05976,2,30.0,900.0,
KED-ROAD-05977,2,30.0,900.0,
KED-ROAD-05978,2,30.0,900.0,شارع الترعه
KED-ROAD-05979,2,30.0,900.0,شارع الترعه
KED-ROAD-05980,2,30.0,900.0,
KED-ROAD-05981,2,30.0,900.0,
KED-ROAD-05982,1,15.0,450.0,شارع الترعه
KED-ROAD-05983,1,15.0,450.0,شارع الترعه
KED-ROAD-05984,1,15.0,450.0,شارع الترعه
KED-ROAD-05985,1,15.0,450.0,شارع الترعه
KED-ROAD-05986,16,240.0,7200.0,
KED-ROAD-05987,16,240.0,7200.0,
KED-ROAD-05988,16,240.0,7200.0,
KED-ROAD-05989,16,240.0,7200.0,
KED-ROAD-05990,16,240.0,7200.0,
KED-ROAD-05991,5,75.0,2250.0,
KED-ROAD-05992,5,75.0,2250.0,
KED-ROAD-05993,29,435.0,13050.0,شارع مساكن الغزل
KED-ROAD-05994,29,435.0,13050.0,شارع مساكن الغزل
KED-ROAD-05995,9,135.0,4050.0,
KED-ROAD-05996,9,135.0,4050.0,
KED-ROAD-05997,9,135.0,4050.0,
KED-ROAD-05998,3,45.0,1350.0,
KED-ROAD-05999,3,45.0,1350.0,
KED-ROAD-06000,3,45.0,1350.0,
KED-ROAD-06001,3,45.0,1350.0,
KED-ROAD-06002,3,45.0,1350.0,
KED-ROAD-06003,3,45.0,1350.0,
KED-ROAD-06004,2,30.0,900.0,شارع مساكن الإسكان الصناعى
KED-ROAD-06009,2,30.0,900.0,
KED-ROAD-06010,2,30.0,900.0,
KED-ROAD-06011,5,75.0,2250.0,
KED-ROAD-06012,5,75.0,2250.0,
KED-ROAD-06014,2,30.0,900.0,
KED-ROAD-06015,3,45.0,1350.0,شارع اللواء محمود ابراهيم الكومى
KED-ROAD-06016,3,45.0,1350.0,شارع اللواء محمود ابراهيم الكومى
KED-ROAD-06017,6,90.0,2700.0,شارع اللواء محمود ابراهيم الكومى
KED-ROAD-06018,6,90.0,2700.0,شارع اللواء محمود ابراهيم الكومى
KED-ROAD-06019,27,405.0,12150.0,
KED-ROAD-06020,27,405.0,12150.0,
KED-ROAD-06021,8,120.0,3600.0,شارع اللواء محمود ابراهيم الكومى
KED-ROAD-06022,8,120.0,3600.0,شارع اللواء محمود ابراهيم الكومى
KED-ROAD-06023,1,15.0,450.0,شارع اللواء محمود ابراهيم الكومى
KED-ROAD-06024,1,15.0,450.0,شارع مساكن الإسكان الصناعى
KED-ROAD-06025,1,15.0,450.0,شارع مساكن الإسكان الصناعى
KED-ROAD-06026,6,90.0,2700.0,
KED-ROAD-06027,6,90.0,2700.0,
KED-ROAD-06030,7,105.0,3150.0,شارع خلف المدرسه الثانوى
KED-ROAD-06031,7,105.0,3150.0,شارع خلف المدرسه الثانوى
KED-ROAD-06035,1,15.0,450.0,
KED-ROAD-06036,1,15.0,450.0,
KED-ROAD-06039,10,150.0,4500.0,شارع مساكن التمليك
KED-ROAD-06040,10,150.0,4500.0,شارع مساكن التمليك
KED-ROAD-06045,2,30.0,900.0,
KED-ROAD-06046,2,30.0,900.0,
KED-ROAD-06047,2,30.0,900.0,
KED-ROAD-06048,2,30.0,900.0,
KED-ROAD-06054,1,15.0,450.0,
KED-ROAD-06055,1,15.0,450.0,
KED-ROAD-06056,1,15.0,450.0,
KED-ROAD-06057,1,15.0,450.0,
KED-ROAD-06058,2,30.0,900.0,
KED-ROAD-06059,2,30.0,900.0,
KED-ROAD-06060,1,15.0,450.0,
KED-ROAD-06061,1,15.0,450.0,
KED-ROAD-06062,1,15.0,450.0,
KED-ROAD-06063,1,15.0,450.0,
KED-ROAD-06065,2,30.0,900.0,
KED-ROAD-06066,2,30.0,900.0,
KED-ROAD-06067,2,30.0,900.0,
KED-ROAD-06068,2,30.0,900.0,
KED-ROAD-06069,2,30.0,900.0,
KED-ROAD-06070,2,30.0,900.0,
KED-ROAD-06071,1,15.0,450.0,
KED-ROAD-06072,1,15.0,450.0,
KED-ROAD-06074,1,15.0,450.0,شارع اللواء محمود ابراهيم الكومى
KED-ROAD-06075,26,390.0,11700.0,
KED-ROAD-06076,26,390.0,11700.0,
KED-ROAD-06079,5,75.0,2250.0,شارع اللواء محمود ابراهيم الكومى
KED-ROAD-06080,5,75.0,2250.0,شارع اللواء محمود ابراهيم الكومى
KED-ROAD-06081,2,30.0,900.0,شارع اللواء محمود ابراهيم الكومى
KED-ROAD-06082,2,30.0,900.0,شارع اللواء محمود ابراهيم الكومى
KED-ROAD-06083,2,30.0,900.0,شارع اللواء محمود ابراهيم الكومى
KED-ROAD-06084,2,30.0,900.0,
KED-ROAD-06085,2,30.0,900.0,
KED-ROAD-06086,2,30.0,900.0,
KED-ROAD-06087,1,15.0,450.0,
KED-ROAD-06088,1,15.0,450.0,
KED-ROAD-06089,1,15.0,450.0,
KED-ROAD-06090,1,15.0,450.0,
KED-ROAD-06091,2,30.0,900.0,
KED-ROAD-06092,2,30.0,900.0,
KED-ROAD-06093,2,30.0,900.0,
KED-ROAD-06097,2,30.0,900.0,
KED-ROAD-06098,2,30.0,900.0,
KED-ROAD-06099,2,30.0,900.0,
KED-ROAD-06100,2,30.0,900.0,
KED-ROAD-06101,2,30.0,900.0,
KED-ROAD-06102,2,30.0,900.0,
KED-ROAD-06103,1,15.0,450.0,شارع مساكن الرحمن
KED-ROAD-06104,2,30.0,900.0,
KED-ROAD-06105,1,15.0,450.0,شارع مساكن الرحمن
KED-ROAD-06106,1,15.0,450.0,شارع مساكن الرحمن
KED-ROAD-06107,1,15.0,450.0,شارع مساكن الرحمن
KED-ROAD-06108,1,15.0,450.0,شارع مساكن الرحمن
KED-ROAD-06109,2,30.0,900.0,
KED-ROAD-06110,2,30.0,900.0,
KED-ROAD-06111,2,30.0,900.0,
KED-ROAD-06112,2,30.0,900.0,
KED-ROAD-06113,1,15.0,450.0,
KED-ROAD-06114,1,15.0,450.0,شارع مساكن الرحمن
KED-ROAD-06119,2,30.0,900.0,
KED-ROAD-06120,2,30.0,900.0,
KED-ROAD-06121,2,30.0,900.0,
KED-ROAD-06122,2,30.0,900.0,
KED-ROAD-06123,2,30.0,900.0,
KED-ROAD-06124,2,30.0,900.0,
KED-ROAD-06125,1,15.0,450.0,
KED-ROAD-06126,1,15.0,450.0,
KED-ROAD-06129,1,15.0,450.0,
KED-ROAD-06130,1,15.0,450.0,
KED-ROAD-06131,2,30.0,900.0,
KED-ROAD-06132,2,30.0,900.0,
KED-ROAD-06133,2,30.0,900.0,
KED-ROAD-06134,1,15.0,450.0,
KED-ROAD-06135,1,15.0,450.0,
KED-ROAD-06136,1,15.0,450.0,
KED-ROAD-06137,2,30.0,900.0,
KED-ROAD-06138,2,30.0,900.0,
KED-ROAD-06139,2,30.0,900.0,
KED-ROAD-06140,2,30.0,900.0,
KED-ROAD-06141,1,15.0,450.0,
KED-ROAD-06142,1,15.0,450.0,
KED-ROAD-06143,1,15.0,450.0,
KED-ROAD-06144,2,30.0,900.0,
KED-ROAD-06145,2,30.0,900.0,
KED-ROAD-06146,2,30.0,900.0,
KED-ROAD-06147,1,15.0,450.0,
KED-ROAD-06148,1,15.0,450.0,
KED-ROAD-06151,1,15.0,450.0,
KED-ROAD-06152,1,15.0,450.0,
KED-ROAD-06153,1,15.0,450.0,
KED-ROAD-06154,1,15.0,450.0,
KED-ROAD-06155,1,15.0,450.0,
KED-ROAD-06156,1,15.0,450.0,
KED-ROAD-06157,1,15.0,450.0,
KED-ROAD-06158,1,15.0,450.0,
KED-ROAD-06159,1,15.0,450.0,شارع مساكن 144
KED-ROAD-06160,1,15.0,450.0,شارع مساكن 144
KED-ROAD-06163,1,15.0,450.0,شارع مساكن 144
KED-ROAD-06164,1,15.0,450.0,
KED-ROAD-06165,1,15.0,450.0,
KED-ROAD-06166,1,15.0,450.0,
KED-ROAD-06167,1,15.0,450.0,
KED-ROAD-06168,1,15.0,450.0,
KED-ROAD-06173,1,15.0,450.0,شارع مساكن 144
KED-ROAD-06174,1,15.0,450.0,شارع مساكن 144
KED-ROAD-06175,3,45.0,1350.0,
KED-ROAD-06176,3,45.0,1350.0,
KED-ROAD-06177,3,45.0,1350.0,
KED-ROAD-06178,3,45.0,1350.0,
KED-ROAD-06179,3,45.0,1350.0,
KED-ROAD-06180,3,45.0,1350.0,
KED-ROAD-06181,3,45.0,1350.0,شارع خلف المساكن
KED-ROAD-06182,3,45.0,1350.0,شارع خلف المساكن
KED-ROAD-06183,3,45.0,1350.0,شارع خلف المساكن
KED-ROAD-06184,2,30.0,900.0,شارع اللواء محمود ابراهيم الكومى
KED-ROAD-06185,2,30.0,900.0,شارع اللواء محمود ابراهيم الكومى
KED-ROAD-06186,2,30.0,900.0,شارع اللواء محمود ابراهيم الكومى
KED-ROAD-06187,1,15.0,450.0,شارع اللواء محمود ابراهيم الكومى
KED-ROAD-06188,1,15.0,450.0,شارع اللواء محمود ابراهيم الكومى
KED-ROAD-06189,3,45.0,1350.0,شارع اللواء محمود ابراهيم الكومى
KED-ROAD-06190,3,45.0,1350.0,شارع اللواء محمود ابراهيم الكومى
KED-ROAD-06191,54,810.0,24300.0,شارع الشهيد عيسي شاهين
KED-ROAD-06192,54,810.0,24300.0,شارع الشهيد عيسي شاهين
KED-ROAD-06193,83,1245.0,37350.0,
KED-ROAD-06194,83,1245.0,37350.0,
KED-ROAD-06195,3,45.0,1350.0,شارع اللواء محمود ابراهيم الكومى
KED-ROAD-06196,3,45.0,1350.0,شارع اللواء محمود ابراهيم الكومى
KED-ROAD-06197,8,120.0,3600.0,شارع اللواء محمود ابراهيم الكومى
KED-ROAD-06198,8,120.0,3600.0,شارع اللواء محمود ابراهيم الكومى
KED-ROAD-06199,4,60.0,1800.0,شارع اللواء محمود ابراهيم الكومى
KED-ROAD-06200,4,60.0,1800.0,شارع اللواء محمود ابراهيم الكومى
KED-ROAD-06201,7,105.0,3150.0,شارع اللواء محمود ابراهيم الكومى
KED-ROAD-06202,7,105.0,3150.0,شارع اللواء محمود ابراهيم الكومى
KED-ROAD-06203,3,45.0,1350.0,
KED-ROAD-06204,3,45.0,1350.0,شارع خلف المساكن
KED-ROAD-06205,3,45.0,1350.0,شارع خلف المساكن
KED-ROAD-06206,1,15.0,450.0,
KED-ROAD-06207,1,15.0,450.0,
KED-ROAD-06208,7,105.0,3150.0,
KED-ROAD-06209,7,105.0,3150.0,
KED-ROAD-06210,4,60.0,1800.0,
KED-ROAD-06211,4,60.0,1800.0,
KED-ROAD-06212,3,45.0,1350.0,
KED-ROAD-06213,3,45.0,1350.0,شارع خلف المساكن
KED-ROAD-06214,2,30.0,900.0,
KED-ROAD-06215,2,30.0,900.0,
KED-ROAD-06216,9,135.0,4050.0,
KED-ROAD-06217,9,135.0,4050.0,
KED-ROAD-06218,4,60.0,1800.0,
KED-ROAD-06219,4,60.0,1800.0,
KED-ROAD-06220,10,150.0,4500.0,
KED-ROAD-06221,10,150.0,4500.0,
KED-ROAD-06222,2,30.0,900.0,
KED-ROAD-06223,2,30.0,900.0,
KED-ROAD-06224,2,30.0,900.0,
KED-ROAD-06225,1,15.0,450.0,
KED-ROAD-06226,1,15.0,450.0,
KED-ROAD-06227,2,30.0,900.0,
KED-ROAD-06228,2,30.0,900.0,
KED-ROAD-06229,1,15.0,450.0,
KED-ROAD-06230,1,15.0,450.0,
KED-ROAD-06231,1,15.0,450.0,
KED-ROAD-06234,1,15.0,450.0,
KED-ROAD-06235,1,15.0,450.0,
KED-ROAD-06238,2,30.0,900.0,شارع على بن ابى طالب
KED-ROAD-06239,2,30.0,900.0,شارع على بن ابى طالب
KED-ROAD-06242,2,30.0,900.0,
KED-ROAD-06243,2,30.0,900.0,
KED-ROAD-06246,2,30.0,900.0,
KED-ROAD-06247,2,30.0,900.0,
KED-ROAD-06252,1,15.0,450.0,شارع على بن ابى طالب
KED-ROAD-06253,2,30.0,900.0,شارع مسجد الهدي
KED-ROAD-06254,2,30.0,900.0,شارع مسجد الهدي
KED-ROAD-06257,1,15.0,450.0,
KED-ROAD-06258,1,15.0,450.0,
KED-ROAD-06264,2,30.0,900.0,
KED-ROAD-06265,2,30.0,900.0,
KED-ROAD-06273,2,30.0,900.0,
KED-ROAD-06274,2,30.0,900.0,
KED-ROAD-06275,1,15.0,450.0,
KED-ROAD-06276,1,15.0,450.0,
KED-ROAD-06279,1,15.0,450.0,
KED-ROAD-06280,1,15.0,450.0,
KED-ROAD-06282,2,30.0,900.0,
KED-ROAD-06283,2,30.0,900.0,
KED-ROAD-06290,2,30.0,900.0,
KED-ROAD-06291,2,30.0,900.0,
KED-ROAD-06293,1,15.0,450.0,
KED-ROAD-06294,1,15.0,450.0,
KED-ROAD-06297,1,15.0,450.0,
KED-ROAD-06298,1,15.0,450.0,
KED-ROAD-06305,2,30.0,900.0,
KED-ROAD-06306,2,30.0,900.0,
KED-ROAD-06307,1,15.0,450.0,
KED-ROAD-06308,1,15.0,450.0,
KED-ROAD-06311,2,30.0,900.0,
KED-ROAD-06313,1,15.0,450.0,
KED-ROAD-06314,1,15.0,450.0,
KED-ROAD-06315,2,30.0,900.0,
KED-ROAD-06316,2,30.0,900.0,
KED-ROAD-06319,11,165.0,4950.0,
KED-ROAD-06320,11,165.0,4950.0,
KED-ROAD-06321,1,15.0,450.0,شارع عمارات التمليك
KED-ROAD-06322,1,15.0,450.0,
KED-ROAD-06323,1,15.0,450.0,
KED-ROAD-06324,7,105.0,3150.0,شارع عمارات التمليك
KED-ROAD-06325,7,105.0,3150.0,شارع عمارات التمليك
KED-ROAD-06326,11,165.0,4950.0,
KED-ROAD-06327,11,165.0,4950.0,
KED-ROAD-06328,35,525.0,15750.0,شارع الترعه
KED-ROAD-06329,35,525.0,15750.0,شارع الترعه
KED-ROAD-06330,2,30.0,900.0,
KED-ROAD-06333,8,120.0,3600.0,شارع عمارات التمليك
KED-ROAD-06334,8,120.0,3600.0,شارع عمارات التمليك
KED-ROAD-06335,2,30.0,900.0,
KED-ROAD-06336,2,30.0,900.0,
KED-ROAD-06337,9,135.0,4050.0,
KED-ROAD-06338,9,135.0,4050.0,
KED-ROAD-06340,1,15.0,450.0,
KED-ROAD-06341,1,15.0,450.0,
KED-ROAD-06342,2,30.0,900.0,
KED-ROAD-06343,2,30.0,900.0,
KED-ROAD-06346,1,15.0,450.0,
KED-ROAD-06347,1,15.0,450.0,
KED-ROAD-06348,2,30.0,900.0,
KED-ROAD-06349,3,45.0,1350.0,
KED-ROAD-06352,3,45.0,1350.0,
KED-ROAD-06353,3,45.0,1350.0,
KED-ROAD-06354,3,45.0,1350.0,شارع خلف المساكن
KED-ROAD-06355,3,45.0,1350.0,شارع خلف المساكن
KED-ROAD-06358,4,60.0,1800.0,
KED-ROAD-06361,4,60.0,1800.0,شارع خلف المساكن
KED-ROAD-06362,4,60.0,1800.0,شارع خلف المساكن
KED-ROAD-06369,2,30.0,900.0,
KED-ROAD-06373,1,15.0,450.0,
KED-ROAD-06374,1,15.0,450.0,
KED-ROAD-06375,2,30.0,900.0,
KED-ROAD-06376,2,30.0,900.0,
KED-ROAD-06383,1,15.0,450.0,
KED-ROAD-06384,1,15.0,450.0,
KED-ROAD-06385,2,30.0,900.0,
KED-ROAD-06386,2,30.0,900.0,
KED-ROAD-06391,1,15.0,450.0,
KED-ROAD-06392,1,15.0,450.0,
KED-ROAD-06393,1,15.0,450.0,
KED-ROAD-06394,1,15.0,450.0,
KED-ROAD-06401,5,75.0,2250.0,
KED-ROAD-06402,5,75.0,2250.0,
KED-ROAD-06407,5,75.0,2250.0,شارع محمد انور السادات
KED-ROAD-06408,5,75.0,2250.0,شارع محمد انور السادات
KED-ROAD-06411,1,15.0,450.0,
KED-ROAD-06412,1,15.0,450.0,
KED-ROAD-06413,1,15.0,450.0,
KED-ROAD-06414,1,15.0,450.0,
KED-ROAD-06415,5,75.0,2250.0,شارع عمرو بن العاص
KED-ROAD-06416,5,75.0,2250.0,شارع عمرو بن العاص
KED-ROAD-06417,5,75.0,2250.0,
KED-ROAD-06418,5,75.0,2250.0,
KED-ROAD-06419,3,45.0,1350.0,
KED-ROAD-06420,14,210.0,6300.0,
KED-ROAD-06421,14,210.0,6300.0,
KED-ROAD-06422,20,300.0,9000.0,
KED-ROAD-06423,20,300.0,9000.0,
KED-ROAD-06424,3,45.0,1350.0,
KED-ROAD-06425,3,45.0,1350.0,
KED-ROAD-06426,7,105.0,3150.0,
KED-ROAD-06427,7,105.0,3150.0,
KED-ROAD-06428,4,60.0,1800.0,
KED-ROAD-06429,17,255.0,7650.0,
KED-ROAD-06430,17,255.0,7650.0,
KED-ROAD-06431,7,105.0,3150.0,
KED-ROAD-06432,7,105.0,3150.0,
KED-ROAD-06435,3,45.0,1350.0,
KED-ROAD-06436,3,45.0,1350.0,
KED-ROAD-06437,1,15.0,450.0,
KED-ROAD-06438,1,15.0,450.0,
KED-ROAD-06439,1,15.0,450.0,
KED-ROAD-06440,3,45.0,1350.0,
KED-ROAD-06441,3,45.0,1350.0,
KED-ROAD-06442,1,15.0,450.0,
KED-ROAD-06443,1,15.0,450.0,
KED-ROAD-06444,11,165.0,4950.0,شارع الترعه
KED-ROAD-06445,11,165.0,4950.0,شارع الترعه
KED-ROAD-06446,1,15.0,450.0,
KED-ROAD-06447,5,75.0,2250.0,شارع محمد انور السادات
KED-ROAD-06448,5,75.0,2250.0,شارع محمد انور السادات
KED-ROAD-06449,8,120.0,3600.0,
KED-ROAD-06450,8,120.0,3600.0,
KED-ROAD-06451,12,180.0,5400.0,شارع محمد انور السادات
KED-ROAD-06452,12,180.0,5400.0,شارع محمد انور السادات
KED-ROAD-06453,5,75.0,2250.0,
KED-ROAD-06454,5,75.0,2250.0,
