road_id,road_name,road_type,proposed_trees,species_english,species_arabic,selection_reason,estimated_cost_egp,total_length_m,eligible_length_m,excluded_length_m
KED-ROAD-02236,شارع دشودي,residential,126,Casuarina,كازوارينا,نوع طريق ضيق/سكني (residential) — تم اختيار كازوارينا (Casuarina) لانخفاض مخاطر الجذور وصغر حجم المظلة المناسب لعرض الطريق.,63000.0,897.15,885.16,11.99
KED-ROAD-02235,شارع دشودي,residential,126,Casuarina,كازوارينا,نوع طريق ضيق/سكني (residential) — تم اختيار كازوارينا (Casuarina) لانخفاض مخاطر الجذور وصغر حجم المظلة المناسب لعرض الطريق.,63000.0,897.15,885.16,11.99
KED-ROAD-01015,"طريق القاهرة, الاسكندرية الزراعى",trunk,111,Neem,نيم,نوع طريق رئيسي/متوسط (trunk) — تم اختيار نيم (Neem) لأعلى توافق موثّق (تحمل حراري مرتفع، احتياج مائي منخفض، ملاءمة عالية للطرق).,55500.0,900.79,888.79,11.99
KED-ROAD-04323,شارع احمد عرابى,secondary,92,Neem,نيم,نوع طريق رئيسي/متوسط (secondary) — تم اختيار نيم (Neem) لأعلى توافق موثّق (تحمل حراري مرتفع، احتياج مائي منخفض، ملاءمة عالية للطرق).,46000.0,754.24,742.25,11.99
KED-ROAD-01011,شارع الوزان,residential,79,Casuarina,كازوارينا,نوع طريق ضيق/سكني (residential) — تم اختيار كازوارينا (Casuarina) لانخفاض مخاطر الجذور وصغر حجم المظلة المناسب لعرض الطريق.,39500.0,568.84,556.84,11.99
KED-ROAD-01012,شارع الوزان,residential,79,Casuarina,كازوارينا,نوع طريق ضيق/سكني (residential) — تم اختيار كازوارينا (Casuarina) لانخفاض مخاطر الجذور وصغر حجم المظلة المناسب لعرض الطريق.,39500.0,568.84,556.84,11.99
KED-ROAD-02835,شارع مدخل كفر الدوار,secondary,76,Neem,نيم,نوع طريق رئيسي/متوسط (secondary) — تم اختيار نيم (Neem) لأعلى توافق موثّق (تحمل حراري مرتفع، احتياج مائي منخفض، ملاءمة عالية للطرق).,38000.0,630.38,608.19,22.18
KED-ROAD-02834,شارع مدخل كفر الدوار,secondary,75,Neem,نيم,نوع طريق رئيسي/متوسط (secondary) — تم اختيار نيم (Neem) لأعلى توافق موثّق (تحمل حراري مرتفع، احتياج مائي منخفض، ملاءمة عالية للطرق).,37500.0,635.24,612.49,22.74
KED-ROAD-01212,طريق سيدى عبد القادر زلط,residential,71,Casuarina,كازوارينا,نوع طريق ضيق/سكني (residential) — تم اختيار كازوارينا (Casuarina) لانخفاض مخاطر الجذور وصغر حجم المظلة المناسب لعرض الطريق.,35500.0,510.61,498.61,11.99
KED-ROAD-01211,طريق سيدى عبد القادر زلط,residential,71,Casuarina,كازوارينا,نوع طريق ضيق/سكني (residential) — تم اختيار كازوارينا (Casuarina) لانخفاض مخاطر الجذور وصغر حجم المظلة المناسب لعرض الطريق.,35500.0,510.61,498.61,11.99
KED-ROAD-04660,شارع الشهيد عيسي شاهين,residential,65,Casuarina,كازوارينا,نوع طريق ضيق/سكني (residential) — تم اختيار كازوارينا (Casuarina) لانخفاض مخاطر الجذور وصغر حجم المظلة المناسب لعرض الطريق.,32500.0,473.42,461.42,12.0
KED-ROAD-04659,شارع الشهيد عيسي شاهين,residential,65,Casuarina,كازوارينا,نوع طريق ضيق/سكني (residential) — تم اختيار كازوارينا (Casuarina) لانخفاض مخاطر الجذور وصغر حجم المظلة المناسب لعرض الطريق.,32500.0,473.42,461.42,12.0
KED-ROAD-06191,شارع الشهيد عيسي شاهين,residential,54,Casuarina,كازوارينا,نوع طريق ضيق/سكني (residential) — تم اختيار كازوارينا (Casuarina) لانخفاض مخاطر الجذور وصغر حجم المظلة المناسب لعرض الطريق.,27000.0,395.85,383.85,12.0
KED-ROAD-06192,شارع الشهيد عيسي شاهين,residential,54,Casuarina,كازوارينا,نوع طريق ضيق/سكني (residential) — تم اختيار كازوارينا (Casuarina) لانخفاض مخاطر الجذور وصغر حجم المظلة المناسب لعرض الطريق.,27000.0,395.85,383.85,12.0
KED-ROAD-01356,شارع المستشفى الشامله,residential,44,Casuarina,كازوارينا,نوع طريق ضيق/سكني (residential) — تم اختيار كازوارينا (Casuarina) لانخفاض مخاطر الجذور وصغر حجم المظلة المناسب لعرض الطريق.,22000.0,326.96,314.96,12.01
KED-ROAD-04294,شارع حمودة,residential,42,Casuarina,كازوارينا,نوع طريق ضيق/سكني (residential) — تم اختيار كازوارينا (Casuarina) لانخفاض مخاطر الجذور وصغر حجم المظلة المناسب لعرض الطريق.,21000.0,309.38,297.39,11.99
KED-ROAD-04293,شارع حمودة,residential,42,Casuarina,كازوارينا,نوع طريق ضيق/سكني (residential) — تم اختيار كازوارينا (Casuarina) لانخفاض مخاطر الجذور وصغر حجم المظلة المناسب لعرض الطريق.,21000.0,309.38,297.39,11.99
KED-ROAD-01386,شارع بكر الدكراوي,residential,41,Casuarina,كازوارينا,نوع طريق ضيق/سكني (residential) — تم اختيار كازوارينا (Casuarina) لانخفاض مخاطر الجذور وصغر حجم المظلة المناسب لعرض الطريق.,20500.0,300.18,288.19,11.99
KED-ROAD-01387,شارع بكر الدكراوي,residential,41,Casuarina,كازوارينا,نوع طريق ضيق/سكني (residential) — تم اختيار كازوارينا (Casuarina) لانخفاض مخاطر الجذور وصغر حجم المظلة المناسب لعرض الطريق.,20500.0,300.18,288.19,11.99
KED-ROAD-00731,شارع الجيش,secondary,41,Neem,نيم,نوع طريق رئيسي/متوسط (secondary) — تم اختيار نيم (Neem) لأعلى توافق موثّق (تحمل حراري مرتفع، احتياج مائي منخفض، ملاءمة عالية للطرق).,20500.0,345.53,333.48,12.06
KED-ROAD-01113,شارع المستشفى الشامله,residential,36,Casuarina,كازوارينا,نوع طريق ضيق/سكني (residential) — تم اختيار كازوارينا (Casuarina) لانخفاض مخاطر الجذور وصغر حجم المظلة المناسب لعرض الطريق.,18000.0,265.11,253.12,11.99
KED-ROAD-06329,شارع الترعه,residential,35,Casuarina,كازوارينا,نوع طريق ضيق/سكني (residential) — تم اختيار كازوارينا (Casuarina) لانخفاض مخاطر الجذور وصغر حجم المظلة المناسب لعرض الطريق.,17500.0,263.85,251.86,11.99
KED-ROAD-01007,شارع سعيد حمادة,residential,35,Casuarina,كازوارينا,نوع طريق ضيق/سكني (residential) — تم اختيار كازوارينا (Casuarina) لانخفاض مخاطر الجذور وصغر حجم المظلة المناسب لعرض الطريق.,17500.0,260.12,248.13,11.99
KED-ROAD-06328,شارع الترعه,residential,35,Casuarina,كازوارينا,نوع طريق ضيق/سكني (residential) — تم اختيار كازوارينا (Casuarina) لانخفاض مخاطر الجذور وصغر حجم المظلة المناسب لعرض الطريق.,17500.0,263.85,251.86,11.99
KED-ROAD-01008,شارع سعيد حمادة,residential,35,Casuarina,كازوارينا,نوع طريق ضيق/سكني (residential) — تم اختيار كازوارينا (Casuarina) لانخفاض مخاطر الجذور وصغر حجم المظلة المناسب لعرض الطريق.,17500.0,260.12,248.13,11.99
KED-ROAD-02280,شارع مدخل كفر الدوار,residential,34,Casuarina,كازوارينا,نوع طريق ضيق/سكني (residential) — تم اختيار كازوارينا (Casuarina) لانخفاض مخاطر الجذور وصغر حجم المظلة المناسب لعرض الطريق.,17000.0,254.66,242.67,12.0
KED-ROAD-04552,شارع مساكن الغزل,residential,32,Casuarina,كازوارينا,نوع طريق ضيق/سكني (residential) — تم اختيار كازوارينا (Casuarina) لانخفاض مخاطر الجذور وصغر حجم المظلة المناسب لعرض الطريق.,16000.0,239.12,227.12,12.0
KED-ROAD-04573,شارع مساكن الغزل,residential,32,Casuarina,كازوارينا,نوع طريق ضيق/سكني (residential) — تم اختيار كازوارينا (Casuarina) لانخفاض مخاطر الجذور وصغر حجم المظلة المناسب لعرض الطريق.,16000.0,239.12,227.12,12.0
KED-ROAD-02203,طريق ترعه السعرانية,secondary,32,Neem,نيم,نوع طريق رئيسي/متوسط (secondary) — تم اختيار نيم (Neem) لأعلى توافق موثّق (تحمل حراري مرتفع، احتياج مائي منخفض، ملاءمة عالية للطرق).,16000.0,275.83,263.72,12.11
KED-ROAD-02204,طريق ترعه السعرانية,secondary,32,Neem,نيم,نوع طريق رئيسي/متوسط (secondary) — تم اختيار نيم (Neem) لأعلى توافق موثّق (تحمل حراري مرتفع، احتياج مائي منخفض، ملاءمة عالية للطرق).,16000.0,275.83,263.72,12.11
KED-ROAD-02838,شارع بورسعيد,secondary,31,Neem,نيم,نوع طريق رئيسي/متوسط (secondary) — تم اختيار نيم (Neem) لأعلى توافق موثّق (تحمل حراري مرتفع، احتياج مائي منخفض، ملاءمة عالية للطرق).,15500.0,264.5,252.51,11.99
KED-ROAD-02853,شارع المضرب,residential,31,Casuarina,كازوارينا,نوع طريق ضيق/سكني (residential) — تم اختيار كازوارينا (Casuarina) لانخفاض مخاطر الجذور وصغر حجم المظلة المناسب لعرض الطريق.,15500.0,231.75,219.76,11.99
KED-ROAD-02854,شارع المضرب,residential,31,Casuarina,كازوارينا,نوع طريق ضيق/سكني (residential) — تم اختيار كازوارينا (Casuarina) لانخفاض مخاطر الجذور وصغر حجم المظلة المناسب لعرض الطريق.,15500.0,231.75,219.76,11.99
KED-ROAD-02839,شارع بورسعيد,secondary,31,Neem,نيم,نوع طريق رئيسي/متوسط (secondary) — تم اختيار نيم (Neem) لأعلى توافق موثّق (تحمل حراري مرتفع، احتياج مائي منخفض، ملاءمة عالية للطرق).,15500.0,264.5,252.51,11.99
KED-ROAD-02743,شارع احمد عرابى,secondary,30,Neem,نيم,نوع طريق رئيسي/متوسط (secondary) — تم اختيار نيم (Neem) لأعلى توافق موثّق (تحمل حراري مرتفع، احتياج مائي منخفض، ملاءمة عالية للطرق).,15000.0,273.11,253.78,19.33
KED-ROAD-02742,شارع احمد عرابى,secondary,30,Neem,نيم,نوع طريق رئيسي/متوسط (secondary) — تم اختيار نيم (Neem) لأعلى توافق موثّق (تحمل حراري مرتفع، احتياج مائي منخفض، ملاءمة عالية للطرق).,15000.0,273.11,253.78,19.33
KED-ROAD-00052,طريق ترعه السعرانية,secondary,30,Neem,نيم,نوع طريق رئيسي/متوسط (secondary) — تم اختيار نيم (Neem) لأعلى توافق موثّق (تحمل حراري مرتفع، احتياج مائي منخفض، ملاءمة عالية للطرق).,15000.0,252.88,240.89,11.99
KED-ROAD-00051,طريق ترعه السعرانية,secondary,30,Neem,نيم,نوع طريق رئيسي/متوسط (secondary) — تم اختيار نيم (Neem) لأعلى توافق موثّق (تحمل حراري مرتفع، احتياج مائي منخفض، ملاءمة عالية للطرق).,15000.0,252.88,240.89,11.99
KED-ROAD-05994,شارع مساكن الغزل,residential,29,Casuarina,كازوارينا,نوع طريق ضيق/سكني (residential) — تم اختيار كازوارينا (Casuarina) لانخفاض مخاطر الجذور وصغر حجم المظلة المناسب لعرض الطريق.,14500.0,221.07,209.08,12.0
KED-ROAD-05993,شارع مساكن الغزل,residential,29,Casuarina,كازوارينا,نوع طريق ضيق/سكني (residential) — تم اختيار كازوارينا (Casuarina) لانخفاض مخاطر الجذور وصغر حجم المظلة المناسب لعرض الطريق.,14500.0,221.07,209.08,12.0
KED-ROAD-01362,شارع المستشفى الشامله,residential,28,Casuarina,كازوارينا,نوع طريق ضيق/سكني (residential) — تم اختيار كازوارينا (Casuarina) لانخفاض مخاطر الجذور وصغر حجم المظلة المناسب لعرض الطريق.,14000.0,212.15,200.15,12.0
KED-ROAD-02869,شارع مدخل كفر الدوار,secondary,28,Neem,نيم,نوع طريق رئيسي/متوسط (secondary) — تم اختيار نيم (Neem) لأعلى توافق موثّق (تحمل حراري مرتفع، احتياج مائي منخفض، ملاءمة عالية للطرق).,14000.0,245.91,230.01,15.9
KED-ROAD-02868,شارع مدخل كفر الدوار,secondary,27,Neem,نيم,نوع طريق رئيسي/متوسط (secondary) — تم اختيار نيم (Neem) لأعلى توافق موثّق (تحمل حراري مرتفع، احتياج مائي منخفض، ملاءمة عالية للطرق).,13500.0,246.64,224.47,22.17
KED-ROAD-04708,شارع اللواء محمود ابراهيم الكومى,residential,26,Casuarina,كازوارينا,نوع طريق ضيق/سكني (residential) — تم اختيار كازوارينا (Casuarina) لانخفاض مخاطر الجذور وصغر حجم المظلة المناسب لعرض الطريق.,13000.0,194.27,182.29,11.99
KED-ROAD-01006,شارع 3,residential,26,Casuarina,كازوارينا,نوع طريق ضيق/سكني (residential) — تم اختيار كازوارينا (Casuarina) لانخفاض مخاطر الجذور وصغر حجم المظلة المناسب لعرض الطريق.,13000.0,194.85,182.87,11.99
KED-ROAD-01005,شارع 3,residential,26,Casuarina,كازوارينا,نوع طريق ضيق/سكني (residential) — تم اختيار كازوارينا (Casuarina) لانخفاض مخاطر الجذور وصغر حجم المظلة المناسب لعرض الطريق.,13000.0,194.85,182.87,11.99
KED-ROAD-04709,شارع اللواء محمود ابراهيم الكومى,residential,26,Casuarina,كازوارينا,نوع طريق ضيق/سكني (residential) — تم اختيار كازوارينا (Casuarina) لانخفاض مخاطر الجذور وصغر حجم المظلة المناسب لعرض الطريق.,13000.0,194.27,182.29,11.99
KED-ROAD-04244,شارع الجوهري,residential,25,Casuarina,كازوارينا,نوع طريق ضيق/سكني (residential) — تم اختيار كازوارينا (Casuarina) لانخفاض مخاطر الجذور وصغر حجم المظلة المناسب لعرض الطريق.,12500.0,188.07,176.07,11.99
KED-ROAD-04243,شارع الجوهري,residential,25,Casuarina,كازوارينا,نوع طريق ضيق/سكني (residential) — تم اختيار كازوارينا (Casuarina) لانخفاض مخاطر الجذور وصغر حجم المظلة المناسب لعرض الطريق.,12500.0,188.07,176.07,11.99
KED-ROAD-01064,شارع مدخل كفر الدوار,secondary,25,Neem,نيم,نوع طريق رئيسي/متوسط (secondary) — تم اختيار نيم (Neem) لأعلى توافق موثّق (تحمل حراري مرتفع، احتياج مائي منخفض، ملاءمة عالية للطرق).,12500.0,216.57,204.58,11.99
KED-ROAD-02852,شارع بكر الدكراوي,residential,24,Casuarina,كازوارينا,نوع طريق ضيق/سكني (residential) — تم اختيار كازوارينا (Casuarina) لانخفاض مخاطر الجذور وصغر حجم المظلة المناسب لعرض الطريق.,12000.0,182.89,170.89,11.99
KED-ROAD-00994,شارع القاهر,residential,24,Casuarina,كازوارينا,نوع طريق ضيق/سكني (residential) — تم اختيار كازوارينا (Casuarina) لانخفاض مخاطر الجذور وصغر حجم المظلة المناسب لعرض الطريق.,12000.0,183.87,171.89,11.99
KED-ROAD-02042,شارع ابراهيم سعيد,residential,24,Casuarina,كازوارينا,نوع طريق ضيق/سكني (residential) — تم اختيار كازوارينا (Casuarina) لانخفاض مخاطر الجذور وصغر حجم المظلة المناسب لعرض الطريق.,12000.0,185.41,173.42,11.99
KED-ROAD-02041,شارع ابراهيم سعيد,residential,24,Casuarina,كازوارينا,نوع طريق ضيق/سكني (residential) — تم اختيار كازوارينا (Casuarina) لانخفاض مخاطر الجذور وصغر حجم المظلة المناسب لعرض الطريق.,12000.0,185.41,173.42,11.99
KED-ROAD-02851,شارع بكر الدكراوي,residential,24,Casuarina,كازوارينا,نوع طريق ضيق/سكني (residential) — تم اختيار كازوارينا (Casuarina) لانخفاض مخاطر الجذور وصغر حجم المظلة المناسب لعرض الطريق.,12000.0,182.89,170.89,11.99
KED-ROAD-00993,شارع القاهر,residential,24,Casuarina,كازوارينا,نوع طريق ضيق/سكني (residential) — تم اختيار كازوارينا (Casuarina) لانخفاض مخاطر الجذور وصغر حجم المظلة المناسب لعرض الطريق.,12000.0,183.87,171.89,11.99
KED-ROAD-02232,شارع 2,residential,24,Casuarina,كازوارينا,نوع طريق ضيق/سكني (residential) — تم اختيار كازوارينا (Casuarina) لانخفاض مخاطر الجذور وصغر حجم المظلة المناسب لعرض الطريق.,12000.0,186.64,174.65,11.99
KED-ROAD-02231,شارع 2,residential,24,Casuarina,كازوارينا,نوع طريق ضيق/سكني (residential) — تم اختيار كازوارينا (Casuarina) لانخفاض مخاطر الجذور وصغر حجم المظلة المناسب لعرض الطريق.,12000.0,186.64,174.65,11.99
KED-ROAD-00116,شارع 4,residential,23,Casuarina,كازوارينا,نوع طريق ضيق/سكني (residential) — تم اختيار كازوارينا (Casuarina) لانخفاض مخاطر الجذور وصغر حجم المظلة المناسب لعرض الطريق.,11500.0,173.32,161.33,11.99
KED-ROAD-00035,شارع سعيد بركات,residential,23,Casuarina,كازوارينا,نوع طريق ضيق/سكني (residential) — تم اختيار كازوارينا (Casuarina) لانخفاض مخاطر الجذور وصغر حجم المظلة المناسب لعرض الطريق.,11500.0,177.83,165.84,11.99
KED-ROAD-00115,شارع 4,residential,23,Casuarina,كازوارينا,نوع طريق ضيق/سكني (residential) — تم اختيار كازوارينا (Casuarina) لانخفاض مخاطر الجذور وصغر حجم المظلة المناسب لعرض الطريق.,11500.0,173.32,161.33,11.99
KED-ROAD-02230,شارع 1,residential,23,Casuarina,كازوارينا,نوع طريق ضيق/سكني (residential) — تم اختيار كازوارينا (Casuarina) لانخفاض مخاطر الجذور وصغر حجم المظلة المناسب لعرض الطريق.,11500.0,179.85,167.86,11.99
KED-ROAD-05314,شارع صيدلية الشحات الكبري,residential,23,Casuarina,كازوارينا,نوع طريق ضيق/سكني (residential) — تم اختيار كازوارينا (Casuarina) لانخفاض مخاطر الجذور وصغر حجم المظلة المناسب لعرض الطريق.,11500.0,178.37,166.38,11.99
KED-ROAD-00036,شارع سعيد بركات,residential,23,Casuarina,كازوارينا,نوع طريق ضيق/سكني (residential) — تم اختيار كازوارينا (Casuarina) لانخفاض مخاطر الجذور وصغر حجم المظلة المناسب لعرض الطريق.,11500.0,177.83,165.84,11.99
KED-ROAD-02229,شارع 1,residential,23,Casuarina,كازوارينا,نوع طريق ضيق/سكني (residential) — تم اختيار كازوارينا (Casuarina) لانخفاض مخاطر الجذور وصغر حجم المظلة المناسب لعرض الطريق.,11500.0,179.85,167.86,11.99
KED-ROAD-05313,شارع صيدلية الشحات الكبري,residential,23,Casuarina,كازوارينا,نوع طريق ضيق/سكني (residential) — تم اختيار كازوارينا (Casuarina) لانخفاض مخاطر الجذور وصغر حجم المظلة المناسب لعرض الطريق.,11500.0,178.37,166.38,11.99
KED-ROAD-04597,شارع مساكن الغزل,residential,22,Casuarina,كازوارينا,نوع طريق ضيق/سكني (residential) — تم اختيار كازوارينا (Casuarina) لانخفاض مخاطر الجذور وصغر حجم المظلة المناسب لعرض الطريق.,11000.0,167.3,155.3,12.0
KED-ROAD-04596,شارع مساكن الغزل,residential,22,Casuarina,كازوارينا,نوع طريق ضيق/سكني (residential) — تم اختيار كازوارينا (Casuarina) لانخفاض مخاطر الجذور وصغر حجم المظلة المناسب لعرض الطريق.,11000.0,167.3,155.3,12.0
KED-ROAD-01018,شارع مدخل كفر الدوار,secondary,22,Neem,نيم,نوع طريق رئيسي/متوسط (secondary) — تم اختيار نيم (Neem) لأعلى توافق موثّق (تحمل حراري مرتفع، احتياج مائي منخفض، ملاءمة عالية للطرق).,11000.0,188.37,176.38,11.99
KED-ROAD-04563,شارع بورسعيد,tertiary,22,Neem,نيم,نوع طريق رئيسي/متوسط (tertiary) — تم اختيار نيم (Neem) لأعلى توافق موثّق (تحمل حراري مرتفع، احتياج مائي منخفض، ملاءمة عالية للطرق).,11000.0,188.89,176.9,11.99
KED-ROAD-02729,شارع بورسعيد,secondary,21,Neem,نيم,نوع طريق رئيسي/متوسط (secondary) — تم اختيار نيم (Neem) لأعلى توافق موثّق (تحمل حراري مرتفع، احتياج مائي منخفض، ملاءمة عالية للطرق).,10500.0,188.84,173.33,15.52
KED-ROAD-03815,الطريق الدولي,tertiary,21,Neem,نيم,نوع طريق رئيسي/متوسط (tertiary) — تم اختيار نيم (Neem) لأعلى توافق موثّق (تحمل حراري مرتفع، احتياج مائي منخفض، ملاءمة عالية للطرق).,10500.0,186.22,174.23,11.99
KED-ROAD-02102,شارع صلاح ابو جبل,residential,21,Casuarina,كازوارينا,نوع طريق ضيق/سكني (residential) — تم اختيار كازوارينا (Casuarina) لانخفاض مخاطر الجذور وصغر حجم المظلة المناسب لعرض الطريق.,10500.0,159.5,147.52,11.99
KED-ROAD-02101,شارع صلاح ابو جبل,residential,21,Casuarina,كازوارينا,نوع طريق ضيق/سكني (residential) — تم اختيار كازوارينا (Casuarina) لانخفاض مخاطر الجذور وصغر حجم المظلة المناسب لعرض الطريق.,10500.0,159.5,147.52,11.99
KED-ROAD-01054,شارع مدخل كفر الدوار,secondary,20,Neem,نيم,نوع طريق رئيسي/متوسط (secondary) — تم اختيار نيم (Neem) لأعلى توافق موثّق (تحمل حراري مرتفع، احتياج مائي منخفض، ملاءمة عالية للطرق).,10000.0,176.11,164.12,11.99
KED-ROAD-02651,شارع الجلاء,residential,20,Casuarina,كازوارينا,نوع طريق ضيق/سكني (residential) — تم اختيار كازوارينا (Casuarina) لانخفاض مخاطر الجذور وصغر حجم المظلة المناسب لعرض الطريق.,10000.0,152.62,140.64,11.99
KED-ROAD-02630,شارع الجلاء,residential,20,Casuarina,كازوارينا,نوع طريق ضيق/سكني (residential) — تم اختيار كازوارينا (Casuarina) لانخفاض مخاطر الجذور وصغر حجم المظلة المناسب لعرض الطريق.,10000.0,152.62,140.64,11.99
KED-ROAD-01116,شارع المستشفى الشامله,residential,19,Casuarina,كازوارينا,نوع طريق ضيق/سكني (residential) — تم اختيار كازوارينا (Casuarina) لانخفاض مخاطر الجذور وصغر حجم المظلة المناسب لعرض الطريق.,9500.0,147.2,135.22,11.99
KED-ROAD-02228,شارع 6,residential,19,Casuarina,كازوارينا,نوع طريق ضيق/سكني (residential) — تم اختيار كازوارينا (Casuarina) لانخفاض مخاطر الجذور وصغر حجم المظلة المناسب لعرض الطريق.,9500.0,147.51,135.52,11.99
KED-ROAD-02227,شارع 6,residential,19,Casuarina,كازوارينا,نوع طريق ضيق/سكني (residential) — تم اختيار كازوارينا (Casuarina) لانخفاض مخاطر الجذور وصغر حجم المظلة المناسب لعرض الطريق.,9500.0,147.51,135.52,11.99
KED-ROAD-00114,شارع محمد عامر,residential,18,Casuarina,كازوارينا,نوع طريق ضيق/سكني (residential) — تم اختيار كازوارينا (Casuarina) لانخفاض مخاطر الجذور وصغر حجم المظلة المناسب لعرض الطريق.,9000.0,139.24,127.25,11.99
KED-ROAD-00113,شارع محمد عامر,residential,18,Casuarina,كازوارينا,نوع طريق ضيق/سكني (residential) — تم اختيار كازوارينا (Casuarina) لانخفاض مخاطر الجذور وصغر حجم المظلة المناسب لعرض الطريق.,9000.0,139.24,127.25,11.99
KED-ROAD-02339,شارع نجم,residential,17,Casuarina,كازوارينا,نوع طريق ضيق/سكني (residential) — تم اختيار كازوارينا (Casuarina) لانخفاض مخاطر الجذور وصغر حجم المظلة المناسب لعرض الطريق.,8500.0,133.65,121.66,12.0
KED-ROAD-00025,شارع مجدي حسنين,residential,17,Casuarina,كازوارينا,نوع طريق ضيق/سكني (residential) — تم اختيار كازوارينا (Casuarina) لانخفاض مخاطر الجذور وصغر حجم المظلة المناسب لعرض الطريق.,8500.0,132.63,120.63,12.0
KED-ROAD-00026,شارع مجدي حسنين,residential,17,Casuarina,كازوارينا,نوع طريق ضيق/سكني (residential) — تم اختيار كازوارينا (Casuarina) لانخفاض مخاطر الجذور وصغر حجم المظلة المناسب لعرض الطريق.,8500.0,132.63,120.63,12.0
KED-ROAD-04679,شارع اللواء محمود ابراهيم الكومى,residential,16,Casuarina,كازوارينا,نوع طريق ضيق/سكني (residential) — تم اختيار كازوارينا (Casuarina) لانخفاض مخاطر الجذور وصغر حجم المظلة المناسب لعرض الطريق.,8000.0,129.41,117.42,11.99
KED-ROAD-04743,شارع السواقين,residential,16,Casuarina,كازوارينا,نوع طريق ضيق/سكني (residential) — تم اختيار كازوارينا (Casuarina) لانخفاض مخاطر الجذور وصغر حجم المظلة المناسب لعرض الطريق.,8000.0,125.56,113.57,11.99
KED-ROAD-02216,شارع 7,residential,16,Casuarina,كازوارينا,نوع طريق ضيق/سكني (residential) — تم اختيار كازوارينا (Casuarina) لانخفاض مخاطر الجذور وصغر حجم المظلة المناسب لعرض الطريق.,8000.0,128.84,116.85,11.99
KED-ROAD-02215,شارع 7,residential,16,Casuarina,كازوارينا,نوع طريق ضيق/سكني (residential) — تم اختيار كازوارينا (Casuarina) لانخفاض مخاطر الجذور وصغر حجم المظلة المناسب لعرض الطريق.,8000.0,128.84,116.85,11.99
KED-ROAD-04678,شارع اللواء محمود ابراهيم الكومى,residential,16,Casuarina,كازوارينا,نوع طريق ضيق/سكني (residential) — تم اختيار كازوارينا (Casuarina) لانخفاض مخاطر الجذور وصغر حجم المظلة المناسب لعرض الطريق.,8000.0,129.41,117.42,11.99
KED-ROAD-02259,شارع الحاج مسعود خليل,residential,16,Casuarina,كازوارينا,نوع طريق ضيق/سكني (residential) — تم اختيار كازوارينا (Casuarina) لانخفاض مخاطر الجذور وصغر حجم المظلة المناسب لعرض الطريق.,8000.0,125.76,113.77,11.99
KED-ROAD-02260,شارع الحاج مسعود خليل,residential,16,Casuarina,كازوارينا,نوع طريق ضيق/سكني (residential) — تم اختيار كازوارينا (Casuarina) لانخفاض مخاطر الجذور وصغر حجم المظلة المناسب لعرض الطريق.,8000.0,125.76,113.77,11.99
KED-ROAD-01561,شارع بورسعيد,secondary,16,Neem,نيم,نوع طريق رئيسي/متوسط (secondary) — تم اختيار نيم (Neem) لأعلى توافق موثّق (تحمل حراري مرتفع، احتياج مائي منخفض، ملاءمة عالية للطرق).,8000.0,141.1,129.12,11.99
KED-ROAD-04285,شارع مسجد التقوى,residential,16,Casuarina,كازوارينا,نوع طريق ضيق/سكني (residential) — تم اختيار كازوارينا (Casuarina) لانخفاض مخاطر الجذور وصغر حجم المظلة المناسب لعرض الطريق.,8000.0,128.81,116.81,11.99
KED-ROAD-04622,شارع السواقين,residential,16,Casuarina,كازوارينا,نوع طريق ضيق/سكني (residential) — تم اختيار كازوارينا (Casuarina) لانخفاض مخاطر الجذور وصغر حجم المظلة المناسب لعرض الطريق.,8000.0,125.56,113.57,11.99
KED-ROAD-01562,شارع بورسعيد,secondary,16,Neem,نيم,نوع طريق رئيسي/متوسط (secondary) — تم اختيار نيم (Neem) لأعلى توافق موثّق (تحمل حراري مرتفع، احتياج مائي منخفض، ملاءمة عالية للطرق).,8000.0,141.1,129.12,11.99
KED-ROAD-04286,شارع مسجد التقوى,residential,16,Casuarina,كازوارينا,نوع طريق ضيق/سكني (residential) — تم اختيار كازوارينا (Casuarina) لانخفاض مخاطر الجذور وصغر حجم المظلة المناسب لعرض الطريق.,8000.0,128.81,116.81,11.99
KED-ROAD-02205,"طريق كفر الدوار, ابو المطامير",secondary,16,Neem,نيم,نوع طريق رئيسي/متوسط (secondary) — تم اختيار نيم (Neem) لأعلى توافق موثّق (تحمل حراري مرتفع، احتياج مائي منخفض، ملاءمة عالية للطرق).,8000.0,146.61,134.62,11.99
KED-ROAD-02206,"طريق كفر الدوار, ابو المطامير",secondary,16,Neem,نيم,نوع طريق رئيسي/متوسط (secondary) — تم اختيار نيم (Neem) لأعلى توافق موثّق (تحمل حراري مرتفع، احتياج مائي منخفض، ملاءمة عالية للطرق).,8000.0,146.61,134.62,11.99
KED-ROAD-03739,شارع التأمين الصحى,residential,15,Casuarina,كازوارينا,نوع طريق ضيق/سكني (residential) — تم اختيار كازوارينا (Casuarina) لانخفاض مخاطر الجذور وصغر حجم المظلة المناسب لعرض الطريق.,7500.0,117.56,105.57,11.99
KED-ROAD-03052,شارع القاهر,residential,15,Casuarina,كازوارينا,نوع طريق ضيق/سكني (residential) — تم اختيار كازوارينا (Casuarina) لانخفاض مخاطر الجذور وصغر حجم المظلة المناسب لعرض الطريق.,7500.0,121.48,109.5,11.99
KED-ROAD-04912,شارع 10,residential,15,Casuarina,كازوارينا,نوع طريق ضيق/سكني (residential) — تم اختيار كازوارينا (Casuarina) لانخفاض مخاطر الجذور وصغر حجم المظلة المناسب لعرض الطريق.,7500.0,117.36,105.38,11.99
KED-ROAD-03051,شارع القاهر,residential,15,Casuarina,كازوارينا,نوع طريق ضيق/سكني (residential) — تم اختيار كازوارينا (Casuarina) لانخفاض مخاطر الجذور وصغر حجم المظلة المناسب لعرض الطريق.,7500.0,121.48,109.5,11.99
KED-ROAD-04913,شارع 10,residential,15,Casuarina,كازوارينا,نوع طريق ضيق/سكني (residential) — تم اختيار كازوارينا (Casuarina) لانخفاض مخاطر الجذور وصغر حجم المظلة المناسب لعرض الطريق.,7500.0,117.36,105.38,11.99
KED-ROAD-05023,الطريق الدولي,tertiary,15,Neem,نيم,نوع طريق رئيسي/متوسط (tertiary) — تم اختيار نيم (Neem) لأعلى توافق موثّق (تحمل حراري مرتفع، احتياج مائي منخفض، ملاءمة عالية للطرق).,7500.0,133.0,121.01,11.99
KED-ROAD-00998,شارع القلعه,residential,15,Casuarina,كازوارينا,نوع طريق ضيق/سكني (residential) — تم اختيار كازوارينا (Casuarina) لانخفاض مخاطر الجذور وصغر حجم المظلة المناسب لعرض الطريق.,7500.0,121.52,109.53,11.99
KED-ROAD-00997,شارع القلعه,residential,15,Casuarina,كازوارينا,نوع طريق ضيق/سكني (residential) — تم اختيار كازوارينا (Casuarina) لانخفاض مخاطر الجذور وصغر حجم المظلة المناسب لعرض الطريق.,7500.0,121.52,109.53,11.99
KED-ROAD-01040,شارع القنطره,residential,15,Casuarina,كازوارينا,نوع طريق ضيق/سكني (residential) — تم اختيار كازوارينا (Casuarina) لانخفاض مخاطر الجذور وصغر حجم المظلة المناسب لعرض الطريق.,7500.0,123.05,111.06,11.99
KED-ROAD-03740,شارع التأمين الصحى,residential,15,Casuarina,كازوارينا,نوع طريق ضيق/سكني (residential) — تم اختيار كازوارينا (Casuarina) لانخفاض مخاطر الجذور وصغر حجم المظلة المناسب لعرض الطريق.,7500.0,117.56,105.57,11.99
KED-ROAD-02706,شارع 26 يوليو,residential,15,Casuarina,كازوارينا,نوع طريق ضيق/سكني (residential) — تم اختيار كازوارينا (Casuarina) لانخفاض مخاطر الجذور وصغر حجم المظلة المناسب لعرض الطريق.,7500.0,122.85,110.85,12.0
KED-ROAD-02707,شارع 26 يوليو,residential,15,Casuarina,كازوارينا,نوع طريق ضيق/سكني (residential) — تم اختيار كازوارينا (Casuarina) لانخفاض مخاطر الجذور وصغر حجم المظلة المناسب لعرض الطريق.,7500.0,122.85,110.85,12.0
KED-ROAD-01032,شارع دشودي,residential,15,Casuarina,كازوارينا,نوع طريق ضيق/سكني (residential) — تم اختيار كازوارينا (Casuarina) لانخفاض مخاطر الجذور وصغر حجم المظلة المناسب لعرض الطريق.,7500.0,118.44,106.44,12.0
KED-ROAD-01031,شارع دشودي,residential,15,Casuarina,كازوارينا,نوع طريق ضيق/سكني (residential) — تم اختيار كازوارينا (Casuarina) لانخفاض مخاطر الجذور وصغر حجم المظلة المناسب لعرض الطريق.,7500.0,118.44,106.44,12.0
KED-ROAD-04757,شارع مساكن الغزل,residential,15,Casuarina,كازوارينا,نوع طريق ضيق/سكني (residential) — تم اختيار كازوارينا (Casuarina) لانخفاض مخاطر الجذور وصغر حجم المظلة المناسب لعرض الطريق.,7500.0,117.83,105.83,12.0
KED-ROAD-04756,شارع مساكن الغزل,residential,15,Casuarina,كازوارينا,نوع طريق ضيق/سكني (residential) — تم اختيار كازوارينا (Casuarina) لانخفاض مخاطر الجذور وصغر حجم المظلة المناسب لعرض الطريق.,7500.0,117.83,105.83,12.0
KED-ROAD-00259,شارع الجيش,secondary,15,Neem,نيم,نوع طريق رئيسي/متوسط (secondary) — تم اختيار نيم (Neem) لأعلى توافق موثّق (تحمل حراري مرتفع، احتياج مائي منخفض، ملاءمة عالية للطرق).,7500.0,135.39,123.39,11.99
KED-ROAD-01311,شارع القنطره,residential,15,Casuarina,كازوارينا,نوع طريق ضيق/سكني (residential) — تم اختيار كازوارينا (Casuarina) لانخفاض مخاطر الجذور وصغر حجم المظلة المناسب لعرض الطريق.,7500.0,123.05,111.06,11.99
KED-ROAD-02214,شارع فرج فراج,residential,15,Casuarina,كازوارينا,نوع طريق ضيق/سكني (residential) — تم اختيار كازوارينا (Casuarina) لانخفاض مخاطر الجذور وصغر حجم المظلة المناسب لعرض الطريق.,7500.0,122.3,110.31,11.99
KED-ROAD-02155,شارع نجم,residential,15,Casuarina,كازوارينا,نوع طريق ضيق/سكني (residential) — تم اختيار كازوارينا (Casuarina) لانخفاض مخاطر الجذور وصغر حجم المظلة المناسب لعرض الطريق.,7500.0,121.26,109.27,11.99
KED-ROAD-02156,شارع نجم,residential,15,Casuarina,كازوارينا,نوع طريق ضيق/سكني (residential) — تم اختيار كازوارينا (Casuarina) لانخفاض مخاطر الجذور وصغر حجم المظلة المناسب لعرض الطريق.,7500.0,121.26,109.27,11.99
KED-ROAD-02213,شارع فرج فراج,residential,15,Casuarina,كازوارينا,نوع طريق ضيق/سكني (residential) — تم اختيار كازوارينا (Casuarina) لانخفاض مخاطر الجذور وصغر حجم المظلة المناسب لعرض الطريق.,7500.0,122.3,110.31,11.99
KED-ROAD-02018,شارع عبد الغنى رياض,residential,15,Casuarina,كازوارينا,نوع طريق ضيق/سكني (residential) — تم اختيار كازوارينا (Casuarina) لانخفاض مخاطر الجذور وصغر حجم المظلة المناسب لعرض الطريق.,7500.0,123.28,111.29,11.99
KED-ROAD-02017,شارع عبد الغنى رياض,residential,15,Casuarina,كازوارينا,نوع طريق ضيق/سكني (residential) — تم اختيار كازوارينا (Casuarina) لانخفاض مخاطر الجذور وصغر حجم المظلة المناسب لعرض الطريق.,7500.0,123.28,111.29,11.99
KED-ROAD-00738,شارع الجيش,secondary,15,Neem,نيم,نوع طريق رئيسي/متوسط (secondary) — تم اختيار نيم (Neem) لأعلى توافق موثّق (تحمل حراري مرتفع، احتياج مائي منخفض، ملاءمة عالية للطرق).,7500.0,137.94,125.95,11.99
KED-ROAD-02305,شارع اسماعيل محمد,residential,14,Casuarina,كازوارينا,نوع طريق ضيق/سكني (residential) — تم اختيار كازوارينا (Casuarina) لانخفاض مخاطر الجذور وصغر حجم المظلة المناسب لعرض الطريق.,7000.0,113.76,101.77,11.99
KED-ROAD-00364,حارة الرفاعى,residential,14,Casuarina,كازوارينا,نوع طريق ضيق/سكني (residential) — تم اختيار كازوارينا (Casuarina) لانخفاض مخاطر الجذور وصغر حجم المظلة المناسب لعرض الطريق.,7000.0,115.85,103.87,11.99
KED-ROAD-01258,شارع بكر الدكراوي,residential,14,Casuarina,كازوارينا,نوع طريق ضيق/سكني (residential) — تم اختيار كازوارينا (Casuarina) لانخفاض مخاطر الجذور وصغر حجم المظلة المناسب لعرض الطريق.,7000.0,114.45,102.46,11.99
KED-ROAD-04493,شارع اللواء محمود ابراهيم الكومى,residential,14,Casuarina,كازوارينا,نوع طريق ضيق/سكني (residential) — تم اختيار كازوارينا (Casuarina) لانخفاض مخاطر الجذور وصغر حجم المظلة المناسب لعرض الطريق.,7000.0,110.27,98.27,12.0
KED-ROAD-04483,شارع صلاح سالم,residential,14,Casuarina,كازوارينا,نوع طريق ضيق/سكني (residential) — تم اختيار كازوارينا (Casuarina) لانخفاض مخاطر الجذور وصغر حجم المظلة المناسب لعرض الطريق.,7000.0,111.43,99.43,12.0
KED-ROAD-04482,شارع اللواء محمود ابراهيم الكومى,residential,14,Casuarina,كازوارينا,نوع طريق ضيق/سكني (residential) — تم اختيار كازوارينا (Casuarina) لانخفاض مخاطر الجذور وصغر حجم المظلة المناسب لعرض الطريق.,7000.0,110.27,98.27,12.0
KED-ROAD-04484,شارع صلاح سالم,residential,14,Casuarina,كازوارينا,نوع طريق ضيق/سكني (residential) — تم اختيار كازوارينا (Casuarina) لانخفاض مخاطر الجذور وصغر حجم المظلة المناسب لعرض الطريق.,7000.0,111.43,99.43,12.0
KED-ROAD-02306,شارع اسماعيل محمد,residential,14,Casuarina,كازوارينا,نوع طريق ضيق/سكني (residential) — تم اختيار كازوارينا (Casuarina) لانخفاض مخاطر الجذور وصغر حجم المظلة المناسب لعرض الطريق.,7000.0,113.76,101.77,11.99
KED-ROAD-01377,شارع سعيد عبد المعطى,residential,14,Casuarina,كازوارينا,نوع طريق ضيق/سكني (residential) — تم اختيار كازوارينا (Casuarina) لانخفاض مخاطر الجذور وصغر حجم المظلة المناسب لعرض الطريق.,7000.0,112.64,100.65,11.99
KED-ROAD-01378,شارع سعيد عبد المعطى,residential,14,Casuarina,كازوارينا,نوع طريق ضيق/سكني (residential) — تم اختيار كازوارينا (Casuarina) لانخفاض مخاطر الجذور وصغر حجم المظلة المناسب لعرض الطريق.,7000.0,112.64,100.65,11.99
KED-ROAD-01319,شارع المستشفى الشامله,residential,14,Casuarina,كازوارينا,نوع طريق ضيق/سكني (residential) — تم اختيار كازوارينا (Casuarina) لانخفاض مخاطر الجذور وصغر حجم المظلة المناسب لعرض الطريق.,7000.0,115.93,103.95,11.99
KED-ROAD-00365,حارة الرفاعى,residential,14,Casuarina,كازوارينا,نوع طريق ضيق/سكني (residential) — تم اختيار كازوارينا (Casuarina) لانخفاض مخاطر الجذور وصغر حجم المظلة المناسب لعرض الطريق.,7000.0,115.85,103.87,11.99
KED-ROAD-01103,"طريق القاهرة, الاسكندرية الزراعى",trunk,14,Neem,نيم,نوع طريق رئيسي/متوسط (trunk) — تم اختيار نيم (Neem) لأعلى توافق موثّق (تحمل حراري مرتفع، احتياج مائي منخفض، ملاءمة عالية للطرق).,7000.0,131.68,119.69,11.99
KED-ROAD-01014,"طريق القاهرة, الاسكندرية الزراعى",trunk,14,Neem,نيم,نوع طريق رئيسي/متوسط (trunk) — تم اختيار نيم (Neem) لأعلى توافق موثّق (تحمل حراري مرتفع، احتياج مائي منخفض، ملاءمة عالية للطرق).,7000.0,131.34,119.36,11.99
KED-ROAD-01257,شارع بكر الدكراوي,residential,14,Casuarina,كازوارينا,نوع طريق ضيق/سكني (residential) — تم اختيار كازوارينا (Casuarina) لانخفاض مخاطر الجذور وصغر حجم المظلة المناسب لعرض الطريق.,7000.0,114.45,102.46,11.99
KED-ROAD-03029,شارع ابو هريره,residential,13,Casuarina,كازوارينا,نوع طريق ضيق/سكني (residential) — تم اختيار كازوارينا (Casuarina) لانخفاض مخاطر الجذور وصغر حجم المظلة المناسب لعرض الطريق.,6500.0,104.79,92.8,11.99
KED-ROAD-02870,شارع احمد عرابى,secondary,13,Neem,نيم,نوع طريق رئيسي/متوسط (secondary) — تم اختيار نيم (Neem) لأعلى توافق موثّق (تحمل حراري مرتفع، احتياج مائي منخفض، ملاءمة عالية للطرق).,6500.0,119.94,107.95,11.99
KED-ROAD-02833,شارع مدخل كفر الدوار,residential,13,Casuarina,كازوارينا,نوع طريق ضيق/سكني (residential) — تم اختيار كازوارينا (Casuarina) لانخفاض مخاطر الجذور وصغر حجم المظلة المناسب لعرض الطريق.,6500.0,105.43,93.44,11.99
KED-ROAD-03392,شارع بورسعيد,secondary,13,Neem,نيم,نوع طريق رئيسي/متوسط (secondary) — تم اختيار نيم (Neem) لأعلى توافق موثّق (تحمل حراري مرتفع، احتياج مائي منخفض، ملاءمة عالية للطرق).,6500.0,123.74,111.75,12.0
KED-ROAD-03389,شارع احمد عرابى,secondary,13,Neem,نيم,نوع طريق رئيسي/متوسط (secondary) — تم اختيار نيم (Neem) لأعلى توافق موثّق (تحمل حراري مرتفع، احتياج مائي منخفض، ملاءمة عالية للطرق).,6500.0,119.33,107.34,11.99
KED-ROAD-03390,شارع احمد عرابى,secondary,13,Neem,نيم,نوع طريق رئيسي/متوسط (secondary) — تم اختيار نيم (Neem) لأعلى توافق موثّق (تحمل حراري مرتفع، احتياج مائي منخفض، ملاءمة عالية للطرق).,6500.0,119.33,107.34,11.99
KED-ROAD-03391,شارع بورسعيد,secondary,13,Neem,نيم,نوع طريق رئيسي/متوسط (secondary) — تم اختيار نيم (Neem) لأعلى توافق موثّق (تحمل حراري مرتفع، احتياج مائي منخفض، ملاءمة عالية للطرق).,6500.0,123.74,111.75,12.0
KED-ROAD-00630,عطفه الشهداء,residential,13,Casuarina,كازوارينا,نوع طريق ضيق/سكني (residential) — تم اختيار كازوارينا (Casuarina) لانخفاض مخاطر الجذور وصغر حجم المظلة المناسب لعرض الطريق.,6500.0,110.03,97.99,12.04
KED-ROAD-04490,شارع كامل قنبر,residential,13,Casuarina,كازوارينا,نوع طريق ضيق/سكني (residential) — تم اختيار كازوارينا (Casuarina) لانخفاض مخاطر الجذور وصغر حجم المظلة المناسب لعرض الطريق.,6500.0,108.42,96.42,12.0
KED-ROAD-04499,شارع اللواء محمود ابراهيم الكومى,residential,13,Casuarina,كازوارينا,نوع طريق ضيق/سكني (residential) — تم اختيار كازوارينا (Casuarina) لانخفاض مخاطر الجذور وصغر حجم المظلة المناسب لعرض الطريق.,6500.0,108.49,96.49,12.0
KED-ROAD-01301,شارع القنطره,residential,13,Casuarina,كازوارينا,نوع طريق ضيق/سكني (residential) — تم اختيار كازوارينا (Casuarina) لانخفاض مخاطر الجذور وصغر حجم المظلة المناسب لعرض الطريق.,6500.0,106.49,94.5,11.99
KED-ROAD-05771,شارع شحاته,residential,13,Casuarina,كازوارينا,نوع طريق ضيق/سكني (residential) — تم اختيار كازوارينا (Casuarina) لانخفاض مخاطر الجذور وصغر حجم المظلة المناسب لعرض الطريق.,6500.0,109.7,97.71,11.99
KED-ROAD-05770,شارع شحاته,residential,13,Casuarina,كازوارينا,نوع طريق ضيق/سكني (residential) — تم اختيار كازوارينا (Casuarina) لانخفاض مخاطر الجذور وصغر حجم المظلة المناسب لعرض الطريق.,6500.0,109.7,97.71,11.99
KED-ROAD-01302,شارع القنطره,residential,13,Casuarina,كازوارينا,نوع طريق ضيق/سكني (residential) — تم اختيار كازوارينا (Casuarina) لانخفاض مخاطر الجذور وصغر حجم المظلة المناسب لعرض الطريق.,6500.0,106.49,94.5,11.99
KED-ROAD-00629,عطفه الشهداء,residential,13,Casuarina,كازوارينا,نوع طريق ضيق/سكني (residential) — تم اختيار كازوارينا (Casuarina) لانخفاض مخاطر الجذور وصغر حجم المظلة المناسب لعرض الطريق.,6500.0,110.03,97.99,12.04
KED-ROAD-00161,شارع 100,residential,13,Casuarina,كازوارينا,نوع طريق ضيق/سكني (residential) — تم اختيار كازوارينا (Casuarina) لانخفاض مخاطر الجذور وصغر حجم المظلة المناسب لعرض الطريق.,6500.0,107.0,95.02,11.99
KED-ROAD-02454,شارع على بن ابى طالب,residential,13,Casuarina,كازوارينا,نوع طريق ضيق/سكني (residential) — تم اختيار كازوارينا (Casuarina) لانخفاض مخاطر الجذور وصغر حجم المظلة المناسب لعرض الطريق.,6500.0,106.31,93.92,12.38
KED-ROAD-00162,شارع 100,residential,13,Casuarina,كازوارينا,نوع طريق ضيق/سكني (residential) — تم اختيار كازوارينا (Casuarina) لانخفاض مخاطر الجذور وصغر حجم المظلة المناسب لعرض الطريق.,6500.0,107.0,95.02,11.99
KED-ROAD-03600,شارع احمد عرابى,secondary,13,Neem,نيم,نوع طريق رئيسي/متوسط (secondary) — تم اختيار نيم (Neem) لأعلى توافق موثّق (تحمل حراري مرتفع، احتياج مائي منخفض، ملاءمة عالية للطرق).,6500.0,120.13,108.13,12.0
KED-ROAD-03738,شارع احمد عرابى,secondary,13,Neem,نيم,نوع طريق رئيسي/متوسط (secondary) — تم اختيار نيم (Neem) لأعلى توافق موثّق (تحمل حراري مرتفع، احتياج مائي منخفض، ملاءمة عالية للطرق).,6500.0,120.13,108.13,12.0
KED-ROAD-02277,شارع مدخل كفر الدوار,residential,13,Casuarina,كازوارينا,نوع طريق ضيق/سكني (residential) — تم اختيار كازوارينا (Casuarina) لانخفاض مخاطر الجذور وصغر حجم المظلة المناسب لعرض الطريق.,6500.0,103.26,91.26,12.0
KED-ROAD-02455,شارع على بن ابى طالب,residential,13,Casuarina,كازوارينا,نوع طريق ضيق/سكني (residential) — تم اختيار كازوارينا (Casuarina) لانخفاض مخاطر الجذور وصغر حجم المظلة المناسب لعرض الطريق.,6500.0,106.31,93.92,12.38
KED-ROAD-04489,شارع كامل قنبر,residential,13,Casuarina,كازوارينا,نوع طريق ضيق/سكني (residential) — تم اختيار كازوارينا (Casuarina) لانخفاض مخاطر الجذور وصغر حجم المظلة المناسب لعرض الطريق.,6500.0,108.42,96.42,12.0
KED-ROAD-04498,شارع اللواء محمود ابراهيم الكومى,residential,13,Casuarina,كازوارينا,نوع طريق ضيق/سكني (residential) — تم اختيار كازوارينا (Casuarina) لانخفاض مخاطر الجذور وصغر حجم المظلة المناسب لعرض الطريق.,6500.0,108.49,96.49,12.0
KED-ROAD-00812,شارع عمر مكرم,residential,13,Casuarina,كازوارينا,نوع طريق ضيق/سكني (residential) — تم اختيار كازوارينا (Casuarina) لانخفاض مخاطر الجذور وصغر حجم المظلة المناسب لعرض الطريق.,6500.0,108.58,96.59,11.99
KED-ROAD-03192,شارع الجلاء,residential,13,Casuarina,كازوارينا,نوع طريق ضيق/سكني (residential) — تم اختيار كازوارينا (Casuarina) لانخفاض مخاطر الجذور وصغر حجم المظلة المناسب لعرض الطريق.,6500.0,106.85,94.86,11.99
KED-ROAD-03030,شارع ابو هريره,residential,13,Casuarina,كازوارينا,نوع طريق ضيق/سكني (residential) — تم اختيار كازوارينا (Casuarina) لانخفاض مخاطر الجذور وصغر حجم المظلة المناسب لعرض الطريق.,6500.0,104.79,92.8,11.99
KED-ROAD-02881,شارع احمد عرابى,secondary,13,Neem,نيم,نوع طريق رئيسي/متوسط (secondary) — تم اختيار نيم (Neem) لأعلى توافق موثّق (تحمل حراري مرتفع، احتياج مائي منخفض، ملاءمة عالية للطرق).,6500.0,119.94,107.95,11.99
KED-ROAD-03193,شارع الجلاء,residential,13,Casuarina,كازوارينا,نوع طريق ضيق/سكني (residential) — تم اختيار كازوارينا (Casuarina) لانخفاض مخاطر الجذور وصغر حجم المظلة المناسب لعرض الطريق.,6500.0,106.85,94.86,11.99
KED-ROAD-00811,شارع عمر مكرم,residential,13,Casuarina,كازوارينا,نوع طريق ضيق/سكني (residential) — تم اختيار كازوارينا (Casuarina) لانخفاض مخاطر الجذور وصغر حجم المظلة المناسب لعرض الطريق.,6500.0,108.58,96.59,11.99
KED-ROAD-06451,شارع محمد انور السادات,residential,12,Casuarina,كازوارينا,نوع طريق ضيق/سكني (residential) — تم اختيار كازوارينا (Casuarina) لانخفاض مخاطر الجذور وصغر حجم المظلة المناسب لعرض الطريق.,6000.0,100.09,88.1,12.0
KED-ROAD-04889,شارع 4,residential,12,Casuarina,كازوارينا,نوع طريق ضيق/سكني (residential) — تم اختيار كازوارينا (Casuarina) لانخفاض مخاطر الجذور وصغر حجم المظلة المناسب لعرض الطريق.,6000.0,102.62,90.63,11.99
KED-ROAD-06452,شارع محمد انور السادات,residential,12,Casuarina,كازوارينا,نوع طريق ضيق/سكني (residential) — تم اختيار كازوارينا (Casuarina) لانخفاض مخاطر الجذور وصغر حجم المظلة المناسب لعرض الطريق.,6000.0,100.09,88.1,12.0
KED-ROAD-02529,شارع على بن ابى طالب,residential,12,Casuarina,كازوارينا,نوع طريق ضيق/سكني (residential) — تم اختيار كازوارينا (Casuarina) لانخفاض مخاطر الجذور وصغر حجم المظلة المناسب لعرض الطريق.,6000.0,99.29,87.3,11.99
KED-ROAD-01208,طريق سيدى عبد القادر زلط,residential,12,Casuarina,كازوارينا,نوع طريق ضيق/سكني (residential) — تم اختيار كازوارينا (Casuarina) لانخفاض مخاطر الجذور وصغر حجم المظلة المناسب لعرض الطريق.,6000.0,98.8,86.81,11.99
KED-ROAD-04901,شارع جمعه جامع,residential,12,Casuarina,كازوارينا,نوع طريق ضيق/سكني (residential) — تم اختيار كازوارينا (Casuarina) لانخفاض مخاطر الجذور وصغر حجم المظلة المناسب لعرض الطريق.,6000.0,98.18,86.19,11.99
KED-ROAD-03032,شارع الخليفه,residential,12,Casuarina,كازوارينا,نوع طريق ضيق/سكني (residential) — تم اختيار كازوارينا (Casuarina) لانخفاض مخاطر الجذور وصغر حجم المظلة المناسب لعرض الطريق.,6000.0,101.22,89.22,12.0
KED-ROAD-03031,شارع الخليفه,residential,12,Casuarina,كازوارينا,نوع طريق ضيق/سكني (residential) — تم اختيار كازوارينا (Casuarina) لانخفاض مخاطر الجذور وصغر حجم المظلة المناسب لعرض الطريق.,6000.0,101.22,89.22,12.0
KED-ROAD-03170,حارة ام السعد,residential,12,Casuarina,كازوارينا,نوع طريق ضيق/سكني (residential) — تم اختيار كازوارينا (Casuarina) لانخفاض مخاطر الجذور وصغر حجم المظلة المناسب لعرض الطريق.,6000.0,99.43,87.44,11.99
KED-ROAD-05252,شارع جمعه جامع,residential,12,Casuarina,كازوارينا,نوع طريق ضيق/سكني (residential) — تم اختيار كازوارينا (Casuarina) لانخفاض مخاطر الجذور وصغر حجم المظلة المناسب لعرض الطريق.,6000.0,98.18,86.19,11.99
KED-ROAD-01352,شارع المستشفى الشامله,residential,12,Casuarina,كازوارينا,نوع طريق ضيق/سكني (residential) — تم اختيار كازوارينا (Casuarina) لانخفاض مخاطر الجذور وصغر حجم المظلة المناسب لعرض الطريق.,6000.0,101.27,89.28,11.99
KED-ROAD-02043,شارع عبد الغنى رياض,residential,12,Casuarina,كازوارينا,نوع طريق ضيق/سكني (residential) — تم اختيار كازوارينا (Casuarina) لانخفاض مخاطر الجذور وصغر حجم المظلة المناسب لعرض الطريق.,6000.0,96.76,84.77,12.0
KED-ROAD-04890,شارع 4,residential,12,Casuarina,كازوارينا,نوع طريق ضيق/سكني (residential) — تم اختيار كازوارينا (Casuarina) لانخفاض مخاطر الجذور وصغر حجم المظلة المناسب لعرض الطريق.,6000.0,102.62,90.63,11.99
KED-ROAD-05017,الطريق الدولي,tertiary,12,Neem,نيم,نوع طريق رئيسي/متوسط (tertiary) — تم اختيار نيم (Neem) لأعلى توافق موثّق (تحمل حراري مرتفع، احتياج مائي منخفض، ملاءمة عالية للطرق).,6000.0,115.09,103.1,11.99
KED-ROAD-01207,طريق سيدى عبد القادر زلط,residential,12,Casuarina,كازوارينا,نوع طريق ضيق/سكني (residential) — تم اختيار كازوارينا (Casuarina) لانخفاض مخاطر الجذور وصغر حجم المظلة المناسب لعرض الطريق.,6000.0,98.8,86.81,11.99
KED-ROAD-01030,شارع مدخل كفر الدوار,secondary,12,Neem,نيم,نوع طريق رئيسي/متوسط (secondary) — تم اختيار نيم (Neem) لأعلى توافق موثّق (تحمل حراري مرتفع، احتياج مائي منخفض، ملاءمة عالية للطرق).,6000.0,108.83,96.84,11.99
KED-ROAD-02530,شارع على بن ابى طالب,residential,12,Casuarina,كازوارينا,نوع طريق ضيق/سكني (residential) — تم اختيار كازوارينا (Casuarina) لانخفاض مخاطر الجذور وصغر حجم المظلة المناسب لعرض الطريق.,6000.0,99.29,87.3,11.99
KED-ROAD-00366,حارة الشيخ سليم البشري,residential,12,Casuarina,كازوارينا,نوع طريق ضيق/سكني (residential) — تم اختيار كازوارينا (Casuarina) لانخفاض مخاطر الجذور وصغر حجم المظلة المناسب لعرض الطريق.,6000.0,99.51,87.52,11.99
KED-ROAD-00367,حارة الشيخ سليم البشري,residential,12,Casuarina,كازوارينا,نوع طريق ضيق/سكني (residential) — تم اختيار كازوارينا (Casuarina) لانخفاض مخاطر الجذور وصغر حجم المظلة المناسب لعرض الطريق.,6000.0,99.51,87.52,11.99
KED-ROAD-03311,شارع ابو بكر الصديق,residential,12,Casuarina,كازوارينا,نوع طريق ضيق/سكني (residential) — تم اختيار كازوارينا (Casuarina) لانخفاض مخاطر الجذور وصغر حجم المظلة المناسب لعرض الطريق.,6000.0,98.1,86.11,11.99
KED-ROAD-02044,شارع عبد الغنى رياض,residential,12,Casuarina,كازوارينا,نوع طريق ضيق/سكني (residential) — تم اختيار كازوارينا (Casuarina) لانخفاض مخاطر الجذور وصغر حجم المظلة المناسب لعرض الطريق.,6000.0,96.76,84.77,12.0
KED-ROAD-02013,شارع سمير لبيب,residential,12,Casuarina,كازوارينا,نوع طريق ضيق/سكني (residential) — تم اختيار كازوارينا (Casuarina) لانخفاض مخاطر الجذور وصغر حجم المظلة المناسب لعرض الطريق.,6000.0,101.88,89.9,11.99
KED-ROAD-02014,شارع سمير لبيب,residential,12,Casuarina,كازوارينا,نوع طريق ضيق/سكني (residential) — تم اختيار كازوارينا (Casuarina) لانخفاض مخاطر الجذور وصغر حجم المظلة المناسب لعرض الطريق.,6000.0,101.88,89.9,11.99
KED-ROAD-03312,شارع ابو بكر الصديق,residential,12,Casuarina,كازوارينا,نوع طريق ضيق/سكني (residential) — تم اختيار كازوارينا (Casuarina) لانخفاض مخاطر الجذور وصغر حجم المظلة المناسب لعرض الطريق.,6000.0,98.1,86.11,11.99
KED-ROAD-03191,حارة ام السعد,residential,12,Casuarina,كازوارينا,نوع طريق ضيق/سكني (residential) — تم اختيار كازوارينا (Casuarina) لانخفاض مخاطر الجذور وصغر حجم المظلة المناسب لعرض الطريق.,6000.0,99.43,87.44,11.99
KED-ROAD-06445,شارع الترعه,residential,11,Casuarina,كازوارينا,نوع طريق ضيق/سكني (residential) — تم اختيار كازوارينا (Casuarina) لانخفاض مخاطر الجذور وصغر حجم المظلة المناسب لعرض الطريق.,5500.0,91.9,79.91,11.99
KED-ROAD-06444,شارع الترعه,residential,11,Casuarina,كازوارينا,نوع طريق ضيق/سكني (residential) — تم اختيار كازوارينا (Casuarina) لانخفاض مخاطر الجذور وصغر حجم المظلة المناسب لعرض الطريق.,5500.0,91.9,79.91,11.99
KED-ROAD-01231,شارع السيد القعيد,residential,11,Casuarina,كازوارينا,نوع طريق ضيق/سكني (residential) — تم اختيار كازوارينا (Casuarina) لانخفاض مخاطر الجذور وصغر حجم المظلة المناسب لعرض الطريق.,5500.0,89.49,77.5,11.99
KED-ROAD-01229,شارع غازي,residential,11,Casuarina,كازوارينا,نوع طريق ضيق/سكني (residential) — تم اختيار كازوارينا (Casuarina) لانخفاض مخاطر الجذور وصغر حجم المظلة المناسب لعرض الطريق.,5500.0,89.54,77.55,11.99
KED-ROAD-01230,شارع غازي,residential,11,Casuarina,كازوارينا,نوع طريق ضيق/سكني (residential) — تم اختيار كازوارينا (Casuarina) لانخفاض مخاطر الجذور وصغر حجم المظلة المناسب لعرض الطريق.,5500.0,89.54,77.55,11.99
KED-ROAD-01227,شارع الحناوي,residential,11,Casuarina,كازوارينا,نوع طريق ضيق/سكني (residential) — تم اختيار كازوارينا (Casuarina) لانخفاض مخاطر الجذور وصغر حجم المظلة المناسب لعرض الطريق.,5500.0,89.6,77.61,11.99
KED-ROAD-01331,شارع خلف المستشفى,residential,11,Casuarina,كازوارينا,نوع طريق ضيق/سكني (residential) — تم اختيار كازوارينا (Casuarina) لانخفاض مخاطر الجذور وصغر حجم المظلة المناسب لعرض الطريق.,5500.0,95.33,83.34,11.99
KED-ROAD-01332,شارع خلف المستشفى,residential,11,Casuarina,كازوارينا,نوع طريق ضيق/سكني (residential) — تم اختيار كازوارينا (Casuarina) لانخفاض مخاطر الجذور وصغر حجم المظلة المناسب لعرض الطريق.,5500.0,95.33,83.34,11.99
KED-ROAD-01228,شارع الحناوي,residential,11,Casuarina,كازوارينا,نوع طريق ضيق/سكني (residential) — تم اختيار كازوارينا (Casuarina) لانخفاض مخاطر الجذور وصغر حجم المظلة المناسب لعرض الطريق.,5500.0,89.6,77.61,11.99
KED-ROAD-01478,شارع نصار,residential,11,Casuarina,كازوارينا,نوع طريق ضيق/سكني (residential) — تم اختيار كازوارينا (Casuarina) لانخفاض مخاطر الجذور وصغر حجم المظلة المناسب لعرض الطريق.,5500.0,89.89,77.9,11.99
KED-ROAD-02112,طريق البردلة الرئيسى,residential,11,Casuarina,كازوارينا,نوع طريق ضيق/سكني (residential) — تم اختيار كازوارينا (Casuarina) لانخفاض مخاطر الجذور وصغر حجم المظلة المناسب لعرض الطريق.,5500.0,89.1,77.11,11.99
KED-ROAD-02111,طريق البردلة الرئيسى,residential,11,Casuarina,كازوارينا,نوع طريق ضيق/سكني (residential) — تم اختيار كازوارينا (Casuarina) لانخفاض مخاطر الجذور وصغر حجم المظلة المناسب لعرض الطريق.,5500.0,89.1,77.11,11.99
KED-ROAD-02110,"طريق كفر الدوار, ابو المطامير",secondary,11,Neem,نيم,نوع طريق رئيسي/متوسط (secondary) — تم اختيار نيم (Neem) لأعلى توافق موثّق (تحمل حراري مرتفع، احتياج مائي منخفض، ملاءمة عالية للطرق).,5500.0,101.81,89.82,11.99
KED-ROAD-02109,"طريق كفر الدوار, ابو المطامير",secondary,11,Neem,نيم,نوع طريق رئيسي/متوسط (secondary) — تم اختيار نيم (Neem) لأعلى توافق موثّق (تحمل حراري مرتفع، احتياج مائي منخفض، ملاءمة عالية للطرق).,5500.0,101.81,89.82,11.99
KED-ROAD-01479,شارع نصار,residential,11,Casuarina,كازوارينا,نوع طريق ضيق/سكني (residential) — تم اختيار كازوارينا (Casuarina) لانخفاض مخاطر الجذور وصغر حجم المظلة المناسب لعرض الطريق.,5500.0,89.89,77.9,11.99
KED-ROAD-01365,شارع محطة الصرف الصحى,residential,11,Casuarina,كازوارينا,نوع طريق ضيق/سكني (residential) — تم اختيار كازوارينا (Casuarina) لانخفاض مخاطر الجذور وصغر حجم المظلة المناسب لعرض الطريق.,5500.0,89.27,77.27,11.99
KED-ROAD-01366,شارع محطة الصرف الصحى,residential,11,Casuarina,كازوارينا,نوع طريق ضيق/سكني (residential) — تم اختيار كازوارينا (Casuarina) لانخفاض مخاطر الجذور وصغر حجم المظلة المناسب لعرض الطريق.,5500.0,89.27,77.27,11.99
KED-ROAD-05047,شارع رجب سعد,residential,11,Casuarina,كازوارينا,نوع طريق ضيق/سكني (residential) — تم اختيار كازوارينا (Casuarina) لانخفاض مخاطر الجذور وصغر حجم المظلة المناسب لعرض الطريق.,5500.0,92.63,80.64,11.99
KED-ROAD-00712,شارع امين غانم,residential,11,Casuarina,كازوارينا,نوع طريق ضيق/سكني (residential) — تم اختيار كازوارينا (Casuarina) لانخفاض مخاطر الجذور وصغر حجم المظلة المناسب لعرض الطريق.,5500.0,91.0,79.02,11.99
KED-ROAD-05048,شارع رجب سعد,residential,11,Casuarina,كازوارينا,نوع طريق ضيق/سكني (residential) — تم اختيار كازوارينا (Casuarina) لانخفاض مخاطر الجذور وصغر حجم المظلة المناسب لعرض الطريق.,5500.0,92.63,80.64,11.99
KED-ROAD-03235,شارع 26 يوليو,residential,11,Casuarina,كازوارينا,نوع طريق ضيق/سكني (residential) — تم اختيار كازوارينا (Casuarina) لانخفاض مخاطر الجذور وصغر حجم المظلة المناسب لعرض الطريق.,5500.0,94.16,82.18,11.99
KED-ROAD-03236,شارع 26 يوليو,residential,11,Casuarina,كازوارينا,نوع طريق ضيق/سكني (residential) — تم اختيار كازوارينا (Casuarina) لانخفاض مخاطر الجذور وصغر حجم المظلة المناسب لعرض الطريق.,5500.0,94.16,82.18,11.99
KED-ROAD-00736,شارع امين غانم,residential,11,Casuarina,كازوارينا,نوع طريق ضيق/سكني (residential) — تم اختيار كازوارينا (Casuarina) لانخفاض مخاطر الجذور وصغر حجم المظلة المناسب لعرض الطريق.,5500.0,89.9,77.91,11.99
KED-ROAD-00737,شارع امين غانم,residential,11,Casuarina,كازوارينا,نوع طريق ضيق/سكني (residential) — تم اختيار كازوارينا (Casuarina) لانخفاض مخاطر الجذور وصغر حجم المظلة المناسب لعرض الطريق.,5500.0,89.9,77.91,11.99
KED-ROAD-00711,شارع امين غانم,residential,11,Casuarina,كازوارينا,نوع طريق ضيق/سكني (residential) — تم اختيار كازوارينا (Casuarina) لانخفاض مخاطر الجذور وصغر حجم المظلة المناسب لعرض الطريق.,5500.0,91.0,79.02,11.99
KED-ROAD-01496,شارع محمود الجندى,residential,11,Casuarina,كازوارينا,نوع طريق ضيق/سكني (residential) — تم اختيار كازوارينا (Casuarina) لانخفاض مخاطر الجذور وصغر حجم المظلة المناسب لعرض الطريق.,5500.0,89.75,77.77,11.99
KED-ROAD-01497,شارع محمود الجندى,residential,11,Casuarina,كازوارينا,نوع طريق ضيق/سكني (residential) — تم اختيار كازوارينا (Casuarina) لانخفاض مخاطر الجذور وصغر حجم المظلة المناسب لعرض الطريق.,5500.0,89.75,77.77,11.99
KED-ROAD-01494,شارع ادم,residential,11,Casuarina,كازوارينا,نوع طريق ضيق/سكني (residential) — تم اختيار كازوارينا (Casuarina) لانخفاض مخاطر الجذور وصغر حجم المظلة المناسب لعرض الطريق.,5500.0,89.81,77.83,11.99
KED-ROAD-01495,شارع ادم,residential,11,Casuarina,كازوارينا,نوع طريق ضيق/سكني (residential) — تم اختيار كازوارينا (Casuarina) لانخفاض مخاطر الجذور وصغر حجم المظلة المناسب لعرض الطريق.,5500.0,89.81,77.83,11.99
KED-ROAD-01493,شارع الوزير,residential,11,Casuarina,كازوارينا,نوع طريق ضيق/سكني (residential) — تم اختيار كازوارينا (Casuarina) لانخفاض مخاطر الجذور وصغر حجم المظلة المناسب لعرض الطريق.,5500.0,89.84,77.85,11.99
KED-ROAD-01492,شارع الوزير,residential,11,Casuarina,كازوارينا,نوع طريق ضيق/سكني (residential) — تم اختيار كازوارينا (Casuarina) لانخفاض مخاطر الجذور وصغر حجم المظلة المناسب لعرض الطريق.,5500.0,89.84,77.85,11.99
KED-ROAD-02002,طريق البردلة الرئيسى,residential,11,Casuarina,كازوارينا,نوع طريق ضيق/سكني (residential) — تم اختيار كازوارينا (Casuarina) لانخفاض مخاطر الجذور وصغر حجم المظلة المناسب لعرض الطريق.,5500.0,96.57,82.47,14.1
KED-ROAD-02001,طريق البردلة الرئيسى,residential,11,Casuarina,كازوارينا,نوع طريق ضيق/سكني (residential) — تم اختيار كازوارينا (Casuarina) لانخفاض مخاطر الجذور وصغر حجم المظلة المناسب لعرض الطريق.,5500.0,96.57,82.47,14.1
KED-ROAD-03591,شارع ابن سينا,residential,11,Casuarina,كازوارينا,نوع طريق ضيق/سكني (residential) — تم اختيار كازوارينا (Casuarina) لانخفاض مخاطر الجذور وصغر حجم المظلة المناسب لعرض الطريق.,5500.0,90.48,78.49,11.99
KED-ROAD-01225,شارع الشعراوى,residential,11,Casuarina,كازوارينا,نوع طريق ضيق/سكني (residential) — تم اختيار كازوارينا (Casuarina) لانخفاض مخاطر الجذور وصغر حجم المظلة المناسب لعرض الطريق.,5500.0,89.66,77.68,11.99
KED-ROAD-01226,شارع الشعراوى,residential,11,Casuarina,كازوارينا,نوع طريق ضيق/سكني (residential) — تم اختيار كازوارينا (Casuarina) لانخفاض مخاطر الجذور وصغر حجم المظلة المناسب لعرض الطريق.,5500.0,89.66,77.68,11.99
KED-ROAD-02656,شارع المهلج,residential,11,Casuarina,كازوارينا,نوع طريق ضيق/سكني (residential) — تم اختيار كازوارينا (Casuarina) لانخفاض مخاطر الجذور وصغر حجم المظلة المناسب لعرض الطريق.,5500.0,91.97,79.98,11.99
KED-ROAD-02658,شارع المهلج,residential,11,Casuarina,كازوارينا,نوع طريق ضيق/سكني (residential) — تم اختيار كازوارينا (Casuarina) لانخفاض مخاطر الجذور وصغر حجم المظلة المناسب لعرض الطريق.,5500.0,95.68,83.69,11.99
KED-ROAD-02659,شارع المهلج,residential,11,Casuarina,كازوارينا,نوع طريق ضيق/سكني (residential) — تم اختيار كازوارينا (Casuarina) لانخفاض مخاطر الجذور وصغر حجم المظلة المناسب لعرض الطريق.,5500.0,95.68,83.69,11.99
KED-ROAD-02664,حارة النور,residential,11,Casuarina,كازوارينا,نوع طريق ضيق/سكني (residential) — تم اختيار كازوارينا (Casuarina) لانخفاض مخاطر الجذور وصغر حجم المظلة المناسب لعرض الطريق.,5500.0,89.84,77.85,11.99
KED-ROAD-02665,حارة النور,residential,11,Casuarina,كازوارينا,نوع طريق ضيق/سكني (residential) — تم اختيار كازوارينا (Casuarina) لانخفاض مخاطر الجذور وصغر حجم المظلة المناسب لعرض الطريق.,5500.0,89.84,77.85,11.99
KED-ROAD-03709,شارع بورسعيد,secondary,11,Neem,نيم,نوع طريق رئيسي/متوسط (secondary) — تم اختيار نيم (Neem) لأعلى توافق موثّق (تحمل حراري مرتفع، احتياج مائي منخفض، ملاءمة عالية للطرق).,5500.0,103.93,91.94,11.99
KED-ROAD-02657,شارع المهلج,residential,11,Casuarina,كازوارينا,نوع طريق ضيق/سكني (residential) — تم اختيار كازوارينا (Casuarina) لانخفاض مخاطر الجذور وصغر حجم المظلة المناسب لعرض الطريق.,5500.0,91.97,79.98,11.99
KED-ROAD-01233,شارع عبد الرازق,residential,11,Casuarina,كازوارينا,نوع طريق ضيق/سكني (residential) — تم اختيار كازوارينا (Casuarina) لانخفاض مخاطر الجذور وصغر حجم المظلة المناسب لعرض الطريق.,5500.0,89.43,77.44,11.99
KED-ROAD-03784,شارع سلام,residential,11,Casuarina,كازوارينا,نوع طريق ضيق/سكني (residential) — تم اختيار كازوارينا (Casuarina) لانخفاض مخاطر الجذور وصغر حجم المظلة المناسب لعرض الطريق.,5500.0,89.18,77.19,11.99
KED-ROAD-03785,شارع سلام,residential,11,Casuarina,كازوارينا,نوع طريق ضيق/سكني (residential) — تم اختيار كازوارينا (Casuarina) لانخفاض مخاطر الجذور وصغر حجم المظلة المناسب لعرض الطريق.,5500.0,89.18,77.19,11.99
KED-ROAD-00222,"طريق كفر الدوار, ابو المطامير",secondary,11,Neem,نيم,نوع طريق رئيسي/متوسط (secondary) — تم اختيار نيم (Neem) لأعلى توافق موثّق (تحمل حراري مرتفع، احتياج مائي منخفض، ملاءمة عالية للطرق).,5500.0,107.37,95.38,11.99
KED-ROAD-00221,"طريق كفر الدوار, ابو المطامير",secondary,11,Neem,نيم,نوع طريق رئيسي/متوسط (secondary) — تم اختيار نيم (Neem) لأعلى توافق موثّق (تحمل حراري مرتفع، احتياج مائي منخفض، ملاءمة عالية للطرق).,5500.0,107.37,95.38,11.99
KED-ROAD-02343,شارع نجم,residential,11,Casuarina,كازوارينا,نوع طريق ضيق/سكني (residential) — تم اختيار كازوارينا (Casuarina) لانخفاض مخاطر الجذور وصغر حجم المظلة المناسب لعرض الطريق.,5500.0,90.87,78.88,12.0
KED-ROAD-01232,شارع السيد القعيد,residential,11,Casuarina,كازوارينا,نوع طريق ضيق/سكني (residential) — تم اختيار كازوارينا (Casuarina) لانخفاض مخاطر الجذور وصغر حجم المظلة المناسب لعرض الطريق.,5500.0,89.49,77.5,11.99
KED-ROAD-01234,شارع عبد الرازق,residential,11,Casuarina,كازوارينا,نوع طريق ضيق/سكني (residential) — تم اختيار كازوارينا (Casuarina) لانخفاض مخاطر الجذور وصغر حجم المظلة المناسب لعرض الطريق.,5500.0,89.43,77.44,11.99
KED-ROAD-01224,شارع سليمان,residential,11,Casuarina,كازوارينا,نوع طريق ضيق/سكني (residential) — تم اختيار كازوارينا (Casuarina) لانخفاض مخاطر الجذور وصغر حجم المظلة المناسب لعرض الطريق.,5500.0,89.69,77.71,11.99
KED-ROAD-01223,شارع سليمان,residential,11,Casuarina,كازوارينا,نوع طريق ضيق/سكني (residential) — تم اختيار كازوارينا (Casuarina) لانخفاض مخاطر الجذور وصغر حجم المظلة المناسب لعرض الطريق.,5500.0,89.69,77.71,11.99
KED-ROAD-03650,شارع بورسعيد,secondary,11,Neem,نيم,نوع طريق رئيسي/متوسط (secondary) — تم اختيار نيم (Neem) لأعلى توافق موثّق (تحمل حراري مرتفع، احتياج مائي منخفض، ملاءمة عالية للطرق).,5500.0,103.93,91.94,11.99
KED-ROAD-03559,شارع لواء الاسلام,residential,11,Casuarina,كازوارينا,نوع طريق ضيق/سكني (residential) — تم اختيار كازوارينا (Casuarina) لانخفاض مخاطر الجذور وصغر حجم المظلة المناسب لعرض الطريق.,5500.0,93.51,81.53,11.99
KED-ROAD-03558,شارع لواء الاسلام,residential,11,Casuarina,كازوارينا,نوع طريق ضيق/سكني (residential) — تم اختيار كازوارينا (Casuarina) لانخفاض مخاطر الجذور وصغر حجم المظلة المناسب لعرض الطريق.,5500.0,93.51,81.53,11.99
KED-ROAD-04844,شارع مبره محمد على,residential,11,Casuarina,كازوارينا,نوع طريق ضيق/سكني (residential) — تم اختيار كازوارينا (Casuarina) لانخفاض مخاطر الجذور وصغر حجم المظلة المناسب لعرض الطريق.,5500.0,93.08,81.09,11.99
KED-ROAD-03560,شارع ابن سينا,residential,11,Casuarina,كازوارينا,نوع طريق ضيق/سكني (residential) — تم اختيار كازوارينا (Casuarina) لانخفاض مخاطر الجذور وصغر حجم المظلة المناسب لعرض الطريق.,5500.0,90.48,78.49,11.99
KED-ROAD-04845,شارع مبره محمد على,residential,11,Casuarina,كازوارينا,نوع طريق ضيق/سكني (residential) — تم اختيار كازوارينا (Casuarina) لانخفاض مخاطر الجذور وصغر حجم المظلة المناسب لعرض الطريق.,5500.0,93.08,81.09,11.99
KED-ROAD-04975,شارع الاداره الصحيه,residential,11,Casuarina,كازوارينا,نوع طريق ضيق/سكني (residential) — تم اختيار كازوارينا (Casuarina) لانخفاض مخاطر الجذور وصغر حجم المظلة المناسب لعرض الطريق.,5500.0,89.63,77.63,12.0
KED-ROAD-04976,شارع الاداره الصحيه,residential,11,Casuarina,كازوارينا,نوع طريق ضيق/سكني (residential) — تم اختيار كازوارينا (Casuarina) لانخفاض مخاطر الجذور وصغر حجم المظلة المناسب لعرض الطريق.,5500.0,89.63,77.63,12.0
KED-ROAD-00752,عطفه والي,residential,11,Casuarina,كازوارينا,نوع طريق ضيق/سكني (residential) — تم اختيار كازوارينا (Casuarina) لانخفاض مخاطر الجذور وصغر حجم المظلة المناسب لعرض الطريق.,5500.0,92.67,80.68,11.99
KED-ROAD-00751,عطفه والي,residential,11,Casuarina,كازوارينا,نوع طريق ضيق/سكني (residential) — تم اختيار كازوارينا (Casuarina) لانخفاض مخاطر الجذور وصغر حجم المظلة المناسب لعرض الطريق.,5500.0,92.67,80.68,11.99
KED-ROAD-05004,امتداد شارع الخليج الاعظم,residential,11,Casuarina,كازوارينا,نوع طريق ضيق/سكني (residential) — تم اختيار كازوارينا (Casuarina) لانخفاض مخاطر الجذور وصغر حجم المظلة المناسب لعرض الطريق.,5500.0,89.78,77.78,12.0
KED-ROAD-05003,امتداد شارع الخليج الاعظم,residential,11,Casuarina,كازوارينا,نوع طريق ضيق/سكني (residential) — تم اختيار كازوارينا (Casuarina) لانخفاض مخاطر الجذور وصغر حجم المظلة المناسب لعرض الطريق.,5500.0,89.78,77.78,12.0
KED-ROAD-01524,شارع الحاج حسن سليمان,residential,10,Casuarina,كازوارينا,نوع طريق ضيق/سكني (residential) — تم اختيار كازوارينا (Casuarina) لانخفاض مخاطر الجذور وصغر حجم المظلة المناسب لعرض الطريق.,5000.0,84.65,72.66,11.99
KED-ROAD-01525,شارع الحاج حسن سليمان,residential,10,Casuarina,كازوارينا,نوع طريق ضيق/سكني (residential) — تم اختيار كازوارينا (Casuarina) لانخفاض مخاطر الجذور وصغر حجم المظلة المناسب لعرض الطريق.,5000.0,84.65,72.66,11.99
KED-ROAD-02023,شارع 5,residential,10,Casuarina,كازوارينا,نوع طريق ضيق/سكني (residential) — تم اختيار كازوارينا (Casuarina) لانخفاض مخاطر الجذور وصغر حجم المظلة المناسب لعرض الطريق.,5000.0,82.65,70.67,11.99
KED-ROAD-03338,شارع الجلاء,residential,10,Casuarina,كازوارينا,نوع طريق ضيق/سكني (residential) — تم اختيار كازوارينا (Casuarina) لانخفاض مخاطر الجذور وصغر حجم المظلة المناسب لعرض الطريق.,5000.0,86.51,74.5,12.01
KED-ROAD-03838,شارع عاطف سالم,residential,10,Casuarina,كازوارينا,نوع طريق ضيق/سكني (residential) — تم اختيار كازوارينا (Casuarina) لانخفاض مخاطر الجذور وصغر حجم المظلة المناسب لعرض الطريق.,5000.0,87.86,75.87,11.99
KED-ROAD-03836,شارع التأمين الصحى,residential,10,Casuarina,كازوارينا,نوع طريق ضيق/سكني (residential) — تم اختيار كازوارينا (Casuarina) لانخفاض مخاطر الجذور وصغر حجم المظلة المناسب لعرض الطريق.,5000.0,87.76,75.78,11.99
KED-ROAD-03837,شارع التأمين الصحى,residential,10,Casuarina,كازوارينا,نوع طريق ضيق/سكني (residential) — تم اختيار كازوارينا (Casuarina) لانخفاض مخاطر الجذور وصغر حجم المظلة المناسب لعرض الطريق.,5000.0,87.76,75.78,11.99
KED-ROAD-05036,شارع ماجد,residential,10,Casuarina,كازوارينا,نوع طريق ضيق/سكني (residential) — تم اختيار كازوارينا (Casuarina) لانخفاض مخاطر الجذور وصغر حجم المظلة المناسب لعرض الطريق.,5000.0,88.57,76.57,12.0
KED-ROAD-05035,شارع ماجد,residential,10,Casuarina,كازوارينا,نوع طريق ضيق/سكني (residential) — تم اختيار كازوارينا (Casuarina) لانخفاض مخاطر الجذور وصغر حجم المظلة المناسب لعرض الطريق.,5000.0,88.57,76.57,12.0
KED-ROAD-02719,شارع الكفاح,residential,10,Casuarina,كازوارينا,نوع طريق ضيق/سكني (residential) — تم اختيار كازوارينا (Casuarina) لانخفاض مخاطر الجذور وصغر حجم المظلة المناسب لعرض الطريق.,5000.0,82.43,70.38,12.04
KED-ROAD-04049,شارع السيد القعيد,residential,10,Casuarina,كازوارينا,نوع طريق ضيق/سكني (residential) — تم اختيار كازوارينا (Casuarina) لانخفاض مخاطر الجذور وصغر حجم المظلة المناسب لعرض الطريق.,5000.0,84.46,72.47,11.99
KED-ROAD-02718,شارع الكفاح,residential,10,Casuarina,كازوارينا,نوع طريق ضيق/سكني (residential) — تم اختيار كازوارينا (Casuarina) لانخفاض مخاطر الجذور وصغر حجم المظلة المناسب لعرض الطريق.,5000.0,82.43,70.38,12.04
KED-ROAD-04048,شارع السيد القعيد,residential,10,Casuarina,كازوارينا,نوع طريق ضيق/سكني (residential) — تم اختيار كازوارينا (Casuarina) لانخفاض مخاطر الجذور وصغر حجم المظلة المناسب لعرض الطريق.,5000.0,84.46,72.47,11.99
KED-ROAD-04045,شارع غازي,residential,10,Casuarina,كازوارينا,نوع طريق ضيق/سكني (residential) — تم اختيار كازوارينا (Casuarina) لانخفاض مخاطر الجذور وصغر حجم المظلة المناسب لعرض الطريق.,5000.0,84.09,72.1,11.99
KED-ROAD-00227,شارع السلام,residential,10,Casuarina,كازوارينا,نوع طريق ضيق/سكني (residential) — تم اختيار كازوارينا (Casuarina) لانخفاض مخاطر الجذور وصغر حجم المظلة المناسب لعرض الطريق.,5000.0,86.0,74.01,12.0
KED-ROAD-00228,شارع السلام,residential,10,Casuarina,كازوارينا,نوع طريق ضيق/سكني (residential) — تم اختيار كازوارينا (Casuarina) لانخفاض مخاطر الجذور وصغر حجم المظلة المناسب لعرض الطريق.,5000.0,86.0,74.01,12.0
KED-ROAD-00229,شارع محمد سعد ابو مضاوي,residential,10,Casuarina,كازوارينا,نوع طريق ضيق/سكني (residential) — تم اختيار كازوارينا (Casuarina) لانخفاض مخاطر الجذور وصغر حجم المظلة المناسب لعرض الطريق.,5000.0,82.46,70.47,11.99
KED-ROAD-00230,شارع محمد سعد ابو مضاوي,residential,10,Casuarina,كازوارينا,نوع طريق ضيق/سكني (residential) — تم اختيار كازوارينا (Casuarina) لانخفاض مخاطر الجذور وصغر حجم المظلة المناسب لعرض الطريق.,5000.0,82.46,70.47,11.99
KED-ROAD-05308,شارع مدبولى,residential,10,Casuarina,كازوارينا,نوع طريق ضيق/سكني (residential) — تم اختيار كازوارينا (Casuarina) لانخفاض مخاطر الجذور وصغر حجم المظلة المناسب لعرض الطريق.,5000.0,83.54,71.55,12.0
KED-ROAD-03339,شارع الجلاء,residential,10,Casuarina,كازوارينا,نوع طريق ضيق/سكني (residential) — تم اختيار كازوارينا (Casuarina) لانخفاض مخاطر الجذور وصغر حجم المظلة المناسب لعرض الطريق.,5000.0,86.51,74.5,12.01
KED-ROAD-02024,شارع 5,residential,10,Casuarina,كازوارينا,نوع طريق ضيق/سكني (residential) — تم اختيار كازوارينا (Casuarina) لانخفاض مخاطر الجذور وصغر حجم المظلة المناسب لعرض الطريق.,5000.0,82.65,70.67,11.99
KED-ROAD-05309,شارع مدبولى,residential,10,Casuarina,كازوارينا,نوع طريق ضيق/سكني (residential) — تم اختيار كازوارينا (Casuarina) لانخفاض مخاطر الجذور وصغر حجم المظلة المناسب لعرض الطريق.,5000.0,83.54,71.55,12.0
KED-ROAD-04044,شارع غازي,residential,10,Casuarina,كازوارينا,نوع طريق ضيق/سكني (residential) — تم اختيار كازوارينا (Casuarina) لانخفاض مخاطر الجذور وصغر حجم المظلة المناسب لعرض الطريق.,5000.0,84.09,72.1,11.99
KED-ROAD-02978,شارع حمدى عبد الرؤوف,residential,10,Casuarina,كازوارينا,نوع طريق ضيق/سكني (residential) — تم اختيار كازوارينا (Casuarina) لانخفاض مخاطر الجذور وصغر حجم المظلة المناسب لعرض الطريق.,5000.0,88.67,76.67,12.0
KED-ROAD-03613,شارع الترعه,residential,10,Casuarina,كازوارينا,نوع طريق ضيق/سكني (residential) — تم اختيار كازوارينا (Casuarina) لانخفاض مخاطر الجذور وصغر حجم المظلة المناسب لعرض الطريق.,5000.0,84.04,72.05,11.99
KED-ROAD-03614,شارع الترعه,residential,10,Casuarina,كازوارينا,نوع طريق ضيق/سكني (residential) — تم اختيار كازوارينا (Casuarina) لانخفاض مخاطر الجذور وصغر حجم المظلة المناسب لعرض الطريق.,5000.0,84.04,72.05,11.99
KED-ROAD-03612,شارع محمود الصباغ,residential,10,Casuarina,كازوارينا,نوع طريق ضيق/سكني (residential) — تم اختيار كازوارينا (Casuarina) لانخفاض مخاطر الجذور وصغر حجم المظلة المناسب لعرض الطريق.,5000.0,83.23,71.24,12.0
KED-ROAD-03611,شارع محمود الصباغ,residential,10,Casuarina,كازوارينا,نوع طريق ضيق/سكني (residential) — تم اختيار كازوارينا (Casuarina) لانخفاض مخاطر الجذور وصغر حجم المظلة المناسب لعرض الطريق.,5000.0,83.23,71.24,12.0
KED-ROAD-03608,شارع الشهيد حامد هنداوي,residential,10,Casuarina,كازوارينا,نوع طريق ضيق/سكني (residential) — تم اختيار كازوارينا (Casuarina) لانخفاض مخاطر الجذور وصغر حجم المظلة المناسب لعرض الطريق.,5000.0,82.0,70.0,12.0
KED-ROAD-03607,شارع الشهيد حامد هنداوي,residential,10,Casuarina,كازوارينا,نوع طريق ضيق/سكني (residential) — تم اختيار كازوارينا (Casuarina) لانخفاض مخاطر الجذور وصغر حجم المظلة المناسب لعرض الطريق.,5000.0,82.0,70.0,12.0
KED-ROAD-06039,شارع مساكن التمليك,residential,10,Casuarina,كازوارينا,نوع طريق ضيق/سكني (residential) — تم اختيار كازوارينا (Casuarina) لانخفاض مخاطر الجذور وصغر حجم المظلة المناسب لعرض الطريق.,5000.0,87.89,75.9,11.99
KED-ROAD-06040,شارع مساكن التمليك,residential,10,Casuarina,كازوارينا,نوع طريق ضيق/سكني (residential) — تم اختيار كازوارينا (Casuarina) لانخفاض مخاطر الجذور وصغر حجم المظلة المناسب لعرض الطريق.,5000.0,87.89,75.9,11.99
KED-ROAD-02979,شارع حمدى عبد الرؤوف,residential,10,Casuarina,كازوارينا,نوع طريق ضيق/سكني (residential) — تم اختيار كازوارينا (Casuarina) لانخفاض مخاطر الجذور وصغر حجم المظلة المناسب لعرض الطريق.,5000.0,88.67,76.67,12.0
KED-ROAD-03300,حارة الهدي,residential,10,Casuarina,كازوارينا,نوع طريق ضيق/سكني (residential) — تم اختيار كازوارينا (Casuarina) لانخفاض مخاطر الجذور وصغر حجم المظلة المناسب لعرض الطريق.,5000.0,83.98,72.0,11.99
KED-ROAD-02983,شارع المستقبل,residential,10,Casuarina,كازوارينا,نوع طريق ضيق/سكني (residential) — تم اختيار كازوارينا (Casuarina) لانخفاض مخاطر الجذور وصغر حجم المظلة المناسب لعرض الطريق.,5000.0,88.92,76.93,11.99
KED-ROAD-02982,شارع المستقبل,residential,10,Casuarina,كازوارينا,نوع طريق ضيق/سكني (residential) — تم اختيار كازوارينا (Casuarina) لانخفاض مخاطر الجذور وصغر حجم المظلة المناسب لعرض الطريق.,5000.0,88.92,76.93,11.99
KED-ROAD-02441,شارع المهدى,residential,10,Casuarina,كازوارينا,نوع طريق ضيق/سكني (residential) — تم اختيار كازوارينا (Casuarina) لانخفاض مخاطر الجذور وصغر حجم المظلة المناسب لعرض الطريق.,5000.0,86.84,74.85,11.99
KED-ROAD-05297,شارع خلف المدارس,residential,10,Casuarina,كازوارينا,نوع طريق ضيق/سكني (residential) — تم اختيار كازوارينا (Casuarina) لانخفاض مخاطر الجذور وصغر حجم المظلة المناسب لعرض الطريق.,5000.0,83.5,71.52,11.99
KED-ROAD-02430,شارع المهدى,residential,10,Casuarina,كازوارينا,نوع طريق ضيق/سكني (residential) — تم اختيار كازوارينا (Casuarina) لانخفاض مخاطر الجذور وصغر حجم المظلة المناسب لعرض الطريق.,5000.0,86.84,74.85,11.99
KED-ROAD-02051,طريق ترعه السعرانية,secondary,10,Neem,نيم,نوع طريق رئيسي/متوسط (secondary) — تم اختيار نيم (Neem) لأعلى توافق موثّق (تحمل حراري مرتفع، احتياج مائي منخفض، ملاءمة عالية للطرق).,5000.0,92.51,80.53,11.99
KED-ROAD-02052,طريق ترعه السعرانية,secondary,10,Neem,نيم,نوع طريق رئيسي/متوسط (secondary) — تم اختيار نيم (Neem) لأعلى توافق موثّق (تحمل حراري مرتفع، احتياج مائي منخفض، ملاءمة عالية للطرق).,5000.0,92.51,80.53,11.99
KED-ROAD-03431,حارة الهدي,residential,10,Casuarina,كازوارينا,نوع طريق ضيق/سكني (residential) — تم اختيار كازوارينا (Casuarina) لانخفاض مخاطر الجذور وصغر حجم المظلة المناسب لعرض الطريق.,5000.0,83.98,72.0,11.99
KED-ROAD-00577,شارع الوحدة العربية,residential,10,Casuarina,كازوارينا,نوع طريق ضيق/سكني (residential) — تم اختيار كازوارينا (Casuarina) لانخفاض مخاطر الجذور وصغر حجم المظلة المناسب لعرض الطريق.,5000.0,83.67,71.68,11.99
KED-ROAD-00578,شارع الوحدة العربية,residential,10,Casuarina,كازوارينا,نوع طريق ضيق/سكني (residential) — تم اختيار كازوارينا (Casuarina) لانخفاض مخاطر الجذور وصغر حجم المظلة المناسب لعرض الطريق.,5000.0,83.67,71.68,11.99
KED-ROAD-00018,شارع الشهيد محمد العطار,residential,10,Casuarina,كازوارينا,نوع طريق ضيق/سكني (residential) — تم اختيار كازوارينا (Casuarina) لانخفاض مخاطر الجذور وصغر حجم المظلة المناسب لعرض الطريق.,5000.0,82.83,70.84,11.99
KED-ROAD-00017,شارع الشهيد محمد العطار,residential,10,Casuarina,كازوارينا,نوع طريق ضيق/سكني (residential) — تم اختيار كازوارينا (Casuarina) لانخفاض مخاطر الجذور وصغر حجم المظلة المناسب لعرض الطريق.,5000.0,82.83,70.84,11.99
KED-ROAD-04357,شارع 17,residential,10,Casuarina,كازوارينا,نوع طريق ضيق/سكني (residential) — تم اختيار كازوارينا (Casuarina) لانخفاض مخاطر الجذور وصغر حجم المظلة المناسب لعرض الطريق.,5000.0,86.23,74.25,11.99
KED-ROAD-00892,شارع غزه,residential,10,Casuarina,كازوارينا,نوع طريق ضيق/سكني (residential) — تم اختيار كازوارينا (Casuarina) لانخفاض مخاطر الجذور وصغر حجم المظلة المناسب لعرض الطريق.,5000.0,86.95,74.96,11.99
KED-ROAD-01095,شارع مدخل كفر الدوار,residential,10,Casuarina,كازوارينا,نوع طريق ضيق/سكني (residential) — تم اختيار كازوارينا (Casuarina) لانخفاض مخاطر الجذور وصغر حجم المظلة المناسب لعرض الطريق.,5000.0,87.75,75.76,11.99
KED-ROAD-00893,شارع غزه,residential,10,Casuarina,كازوارينا,نوع طريق ضيق/سكني (residential) — تم اختيار كازوارينا (Casuarina) لانخفاض مخاطر الجذور وصغر حجم المظلة المناسب لعرض الطريق.,5000.0,86.95,74.96,11.99
KED-ROAD-03185,شارع القاهر,residential,10,Casuarina,كازوارينا,نوع طريق ضيق/سكني (residential) — تم اختيار كازوارينا (Casuarina) لانخفاض مخاطر الجذور وصغر حجم المظلة المناسب لعرض الطريق.,5000.0,85.44,73.46,11.99
KED-ROAD-03184,شارع القاهر,residential,10,Casuarina,كازوارينا,نوع طريق ضيق/سكني (residential) — تم اختيار كازوارينا (Casuarina) لانخفاض مخاطر الجذور وصغر حجم المظلة المناسب لعرض الطريق.,5000.0,85.44,73.46,11.99
KED-ROAD-01049,شارع مدخل كفر الدوار,secondary,10,Neem,نيم,نوع طريق رئيسي/متوسط (secondary) — تم اختيار نيم (Neem) لأعلى توافق موثّق (تحمل حراري مرتفع، احتياج مائي منخفض، ملاءمة عالية للطرق).,5000.0,93.11,81.12,11.99
KED-ROAD-01043,شارع مدخل كفر الدوار,secondary,10,Neem,نيم,نوع طريق رئيسي/متوسط (secondary) — تم اختيار نيم (Neem) لأعلى توافق موثّق (تحمل حراري مرتفع، احتياج مائي منخفض، ملاءمة عالية للطرق).,5000.0,94.77,82.78,12.0
KED-ROAD-04358,شارع 17,residential,10,Casuarina,كازوارينا,نوع طريق ضيق/سكني (residential) — تم اختيار كازوارينا (Casuarina) لانخفاض مخاطر الجذور وصغر حجم المظلة المناسب لعرض الطريق.,5000.0,86.23,74.25,11.99
KED-ROAD-03843,شارع عدلى,residential,10,Casuarina,كازوارينا,نوع طريق ضيق/سكني (residential) — تم اختيار كازوارينا (Casuarina) لانخفاض مخاطر الجذور وصغر حجم المظلة المناسب لعرض الطريق.,5000.0,87.98,75.99,11.99
KED-ROAD-03842,شارع عدلى,residential,10,Casuarina,كازوارينا,نوع طريق ضيق/سكني (residential) — تم اختيار كازوارينا (Casuarina) لانخفاض مخاطر الجذور وصغر حجم المظلة المناسب لعرض الطريق.,5000.0,87.98,75.99,11.99
KED-ROAD-03839,شارع عاطف سالم,residential,10,Casuarina,كازوارينا,نوع طريق ضيق/سكني (residential) — تم اختيار كازوارينا (Casuarina) لانخفاض مخاطر الجذور وصغر حجم المظلة المناسب لعرض الطريق.,5000.0,87.86,75.87,11.99
KED-ROAD-05298,شارع خلف المدارس,residential,10,Casuarina,كازوارينا,نوع طريق ضيق/سكني (residential) — تم اختيار كازوارينا (Casuarina) لانخفاض مخاطر الجذور وصغر حجم المظلة المناسب لعرض الطريق.,5000.0,83.5,71.52,11.99
KED-ROAD-02641,شارع حسن يونس,residential,9,Casuarina,كازوارينا,نوع طريق ضيق/سكني (residential) — تم اختيار كازوارينا (Casuarina) لانخفاض مخاطر الجذور وصغر حجم المظلة المناسب لعرض الطريق.,4500.0,79.97,67.99,11.99
KED-ROAD-03383,شارع الشهيد احمد كامل,residential,9,Casuarina,كازوارينا,نوع طريق ضيق/سكني (residential) — تم اختيار كازوارينا (Casuarina) لانخفاض مخاطر الجذور وصغر حجم المظلة المناسب لعرض الطريق.,4500.0,75.61,63.62,11.99
KED-ROAD-03384,شارع الشهيد احمد كامل,residential,9,Casuarina,كازوارينا,نوع طريق ضيق/سكني (residential) — تم اختيار كازوارينا (Casuarina) لانخفاض مخاطر الجذور وصغر حجم المظلة المناسب لعرض الطريق.,4500.0,75.61,63.62,11.99
KED-ROAD-04680,شارع صلاح سالم,residential,9,Casuarina,كازوارينا,نوع طريق ضيق/سكني (residential) — تم اختيار كازوارينا (Casuarina) لانخفاض مخاطر الجذور وصغر حجم المظلة المناسب لعرض الطريق.,4500.0,81.78,69.79,11.99
KED-ROAD-00393,شارع مصطفى كامل,residential,9,Casuarina,كازوارينا,نوع طريق ضيق/سكني (residential) — تم اختيار كازوارينا (Casuarina) لانخفاض مخاطر الجذور وصغر حجم المظلة المناسب لعرض الطريق.,4500.0,79.16,67.17,11.99
KED-ROAD-00700,شارع عمر مكرم,residential,9,Casuarina,كازوارينا,نوع طريق ضيق/سكني (residential) — تم اختيار كازوارينا (Casuarina) لانخفاض مخاطر الجذور وصغر حجم المظلة المناسب لعرض الطريق.,4500.0,76.4,64.41,11.99
KED-ROAD-00392,شارع مصطفى كامل,residential,9,Casuarina,كازوارينا,نوع طريق ضيق/سكني (residential) — تم اختيار كازوارينا (Casuarina) لانخفاض مخاطر الجذور وصغر حجم المظلة المناسب لعرض الطريق.,4500.0,79.16,67.17,11.99
KED-ROAD-00398,شارع الجيش,secondary,9,Neem,نيم,نوع طريق رئيسي/متوسط (secondary) — تم اختيار نيم (Neem) لأعلى توافق موثّق (تحمل حراري مرتفع، احتياج مائي منخفض، ملاءمة عالية للطرق).,4500.0,90.16,78.17,11.99
KED-ROAD-02663,شارع الكفاح,residential,9,Casuarina,كازوارينا,نوع طريق ضيق/سكني (residential) — تم اختيار كازوارينا (Casuarina) لانخفاض مخاطر الجذور وصغر حجم المظلة المناسب لعرض الطريق.,4500.0,77.34,65.36,11.99
KED-ROAD-03386,شارع الكنيسه,residential,9,Casuarina,كازوارينا,نوع طريق ضيق/سكني (residential) — تم اختيار كازوارينا (Casuarina) لانخفاض مخاطر الجذور وصغر حجم المظلة المناسب لعرض الطريق.,4500.0,75.73,63.74,12.0
KED-ROAD-02662,شارع الكفاح,residential,9,Casuarina,كازوارينا,نوع طريق ضيق/سكني (residential) — تم اختيار كازوارينا (Casuarina) لانخفاض مخاطر الجذور وصغر حجم المظلة المناسب لعرض الطريق.,4500.0,77.34,65.36,11.99
KED-ROAD-00307,شارع زاوية عبود,residential,9,Casuarina,كازوارينا,نوع طريق ضيق/سكني (residential) — تم اختيار كازوارينا (Casuarina) لانخفاض مخاطر الجذور وصغر حجم المظلة المناسب لعرض الطريق.,4500.0,77.14,65.15,11.99
KED-ROAD-00308,شارع زاوية عبود,residential,9,Casuarina,كازوارينا,نوع طريق ضيق/سكني (residential) — تم اختيار كازوارينا (Casuarina) لانخفاض مخاطر الجذور وصغر حجم المظلة المناسب لعرض الطريق.,4500.0,77.14,65.15,11.99
KED-ROAD-00315,شارع الجيش,secondary,9,Neem,نيم,نوع طريق رئيسي/متوسط (secondary) — تم اختيار نيم (Neem) لأعلى توافق موثّق (تحمل حراري مرتفع، احتياج مائي منخفض، ملاءمة عالية للطرق).,4500.0,88.3,76.31,11.99
KED-ROAD-03385,شارع الكنيسه,residential,9,Casuarina,كازوارينا,نوع طريق ضيق/سكني (residential) — تم اختيار كازوارينا (Casuarina) لانخفاض مخاطر الجذور وصغر حجم المظلة المناسب لعرض الطريق.,4500.0,75.73,63.74,12.0
KED-ROAD-02620,شارع حسن يونس,residential,9,Casuarina,كازوارينا,نوع طريق ضيق/سكني (residential) — تم اختيار كازوارينا (Casuarina) لانخفاض مخاطر الجذور وصغر حجم المظلة المناسب لعرض الطريق.,4500.0,79.97,67.99,11.99
KED-ROAD-03718,شارع بورسعيد,secondary,9,Neem,نيم,نوع طريق رئيسي/متوسط (secondary) — تم اختيار نيم (Neem) لأعلى توافق موثّق (تحمل حراري مرتفع، احتياج مائي منخفض، ملاءمة عالية للطرق).,4500.0,87.32,75.33,11.99
KED-ROAD-03719,شارع بورسعيد,secondary,9,Neem,نيم,نوع طريق رئيسي/متوسط (secondary) — تم اختيار نيم (Neem) لأعلى توافق موثّق (تحمل حراري مرتفع، احتياج مائي منخفض، ملاءمة عالية للطرق).,4500.0,87.32,75.33,11.99
KED-ROAD-03720,شارع احمد عرابى,secondary,9,Neem,نيم,نوع طريق رئيسي/متوسط (secondary) — تم اختيار نيم (Neem) لأعلى توافق موثّق (تحمل حراري مرتفع، احتياج مائي منخفض، ملاءمة عالية للطرق).,4500.0,89.92,77.94,11.99
KED-ROAD-00100,شارع محمد عبيد جنيدي,residential,9,Casuarina,كازوارينا,نوع طريق ضيق/سكني (residential) — تم اختيار كازوارينا (Casuarina) لانخفاض مخاطر الجذور وصغر حجم المظلة المناسب لعرض الطريق.,4500.0,77.58,65.6,11.99
KED-ROAD-00009,شارع 3,residential,9,Casuarina,كازوارينا,نوع طريق ضيق/سكني (residential) — تم اختيار كازوارينا (Casuarina) لانخفاض مخاطر الجذور وصغر حجم المظلة المناسب لعرض الطريق.,4500.0,80.04,68.05,11.99
KED-ROAD-00010,شارع 3,residential,9,Casuarina,كازوارينا,نوع طريق ضيق/سكني (residential) — تم اختيار كازوارينا (Casuarina) لانخفاض مخاطر الجذور وصغر حجم المظلة المناسب لعرض الطريق.,4500.0,80.04,68.05,11.99
KED-ROAD-00099,شارع محمد عبيد جنيدي,residential,9,Casuarina,كازوارينا,نوع طريق ضيق/سكني (residential) — تم اختيار كازوارينا (Casuarina) لانخفاض مخاطر الجذور وصغر حجم المظلة المناسب لعرض الطريق.,4500.0,77.58,65.6,11.99
KED-ROAD-04887,شارع 3,residential,9,Casuarina,كازوارينا,نوع طريق ضيق/سكني (residential) — تم اختيار كازوارينا (Casuarina) لانخفاض مخاطر الجذور وصغر حجم المظلة المناسب لعرض الطريق.,4500.0,79.29,67.29,11.99
KED-ROAD-00891,شارع عمر مكرم,residential,9,Casuarina,كازوارينا,نوع طريق ضيق/سكني (residential) — تم اختيار كازوارينا (Casuarina) لانخفاض مخاطر الجذور وصغر حجم المظلة المناسب لعرض الطريق.,4500.0,76.4,64.41,11.99
KED-ROAD-05240,شارع 56,residential,9,Casuarina,كازوارينا,نوع طريق ضيق/سكني (residential) — تم اختيار كازوارينا (Casuarina) لانخفاض مخاطر الجذور وصغر حجم المظلة المناسب لعرض الطريق.,4500.0,81.39,69.41,11.99
KED-ROAD-05239,شارع 56,residential,9,Casuarina,كازوارينا,نوع طريق ضيق/سكني (residential) — تم اختيار كازوارينا (Casuarina) لانخفاض مخاطر الجذور وصغر حجم المظلة المناسب لعرض الطريق.,4500.0,81.39,69.41,11.99
KED-ROAD-04876,شارع المصري,residential,9,Casuarina,كازوارينا,نوع طريق ضيق/سكني (residential) — تم اختيار كازوارينا (Casuarina) لانخفاض مخاطر الجذور وصغر حجم المظلة المناسب لعرض الطريق.,4500.0,75.01,63.01,12.0
KED-ROAD-04877,شارع المصري,residential,9,Casuarina,كازوارينا,نوع طريق ضيق/سكني (residential) — تم اختيار كازوارينا (Casuarina) لانخفاض مخاطر الجذور وصغر حجم المظلة المناسب لعرض الطريق.,4500.0,75.01,63.01,12.0
KED-ROAD-00860,شارع 1,residential,9,Casuarina,كازوارينا,نوع طريق ضيق/سكني (residential) — تم اختيار كازوارينا (Casuarina) لانخفاض مخاطر الجذور وصغر حجم المظلة المناسب لعرض الطريق.,4500.0,76.09,64.1,11.99
KED-ROAD-00859,شارع 1,residential,9,Casuarina,كازوارينا,نوع طريق ضيق/سكني (residential) — تم اختيار كازوارينا (Casuarina) لانخفاض مخاطر الجذور وصغر حجم المظلة المناسب لعرض الطريق.,4500.0,76.09,64.1,11.99
KED-ROAD-01016,شارع مدخل كفر الدوار,secondary,9,Neem,نيم,نوع طريق رئيسي/متوسط (secondary) — تم اختيار نيم (Neem) لأعلى توافق موثّق (تحمل حراري مرتفع، احتياج مائي منخفض، ملاءمة عالية للطرق).,4500.0,87.52,75.52,12.0
KED-ROAD-04825,شارع مساكن الغزل,residential,9,Casuarina,كازوارينا,نوع طريق ضيق/سكني (residential) — تم اختيار كازوارينا (Casuarina) لانخفاض مخاطر الجذور وصغر حجم المظلة المناسب لعرض الطريق.,4500.0,80.73,68.74,11.99
KED-ROAD-03183,شارع جلال الدسوقي,residential,9,Casuarina,كازوارينا,نوع طريق ضيق/سكني (residential) — تم اختيار كازوارينا (Casuarina) لانخفاض مخاطر الجذور وصغر حجم المظلة المناسب لعرض الطريق.,4500.0,81.35,69.32,12.02
KED-ROAD-02172,شارع زعتر,residential,9,Casuarina,كازوارينا,نوع طريق ضيق/سكني (residential) — تم اختيار كازوارينا (Casuarina) لانخفاض مخاطر الجذور وصغر حجم المظلة المناسب لعرض الطريق.,4500.0,76.48,64.49,11.99
KED-ROAD-03079,شارع جوده,residential,9,Casuarina,كازوارينا,نوع طريق ضيق/سكني (residential) — تم اختيار كازوارينا (Casuarina) لانخفاض مخاطر الجذور وصغر حجم المظلة المناسب لعرض الطريق.,4500.0,78.14,66.15,12.0
KED-ROAD-03080,شارع جوده,residential,9,Casuarina,كازوارينا,نوع طريق ضيق/سكني (residential) — تم اختيار كازوارينا (Casuarina) لانخفاض مخاطر الجذور وصغر حجم المظلة المناسب لعرض الطريق.,4500.0,78.14,66.15,12.0
KED-ROAD-04354,شارع صقر,residential,9,Casuarina,كازوارينا,نوع طريق ضيق/سكني (residential) — تم اختيار كازوارينا (Casuarina) لانخفاض مخاطر الجذور وصغر حجم المظلة المناسب لعرض الطريق.,4500.0,80.06,68.07,11.99
KED-ROAD-04824,شارع مساكن الغزل,residential,9,Casuarina,كازوارينا,نوع طريق ضيق/سكني (residential) — تم اختيار كازوارينا (Casuarina) لانخفاض مخاطر الجذور وصغر حجم المظلة المناسب لعرض الطريق.,4500.0,80.73,68.74,11.99
KED-ROAD-03182,شارع جلال الدسوقي,residential,9,Casuarina,كازوارينا,نوع طريق ضيق/سكني (residential) — تم اختيار كازوارينا (Casuarina) لانخفاض مخاطر الجذور وصغر حجم المظلة المناسب لعرض الطريق.,4500.0,81.35,69.32,12.02
KED-ROAD-04353,شارع صقر,residential,9,Casuarina,كازوارينا,نوع طريق ضيق/سكني (residential) — تم اختيار كازوارينا (Casuarina) لانخفاض مخاطر الجذور وصغر حجم المظلة المناسب لعرض الطريق.,4500.0,80.06,68.07,11.99
KED-ROAD-05273,شارع خلف المدارس,residential,9,Casuarina,كازوارينا,نوع طريق ضيق/سكني (residential) — تم اختيار كازوارينا (Casuarina) لانخفاض مخاطر الجذور وصغر حجم المظلة المناسب لعرض الطريق.,4500.0,76.69,64.71,11.99
KED-ROAD-01832,شارع المنايفة,residential,9,Casuarina,كازوارينا,نوع طريق ضيق/سكني (residential) — تم اختيار كازوارينا (Casuarina) لانخفاض مخاطر الجذور وصغر حجم المظلة المناسب لعرض الطريق.,4500.0,77.13,65.14,11.99
KED-ROAD-00573,شارع ابو بكر الصديق,residential,9,Casuarina,كازوارينا,نوع طريق ضيق/سكني (residential) — تم اختيار كازوارينا (Casuarina) لانخفاض مخاطر الجذور وصغر حجم المظلة المناسب لعرض الطريق.,4500.0,77.63,65.63,12.0
KED-ROAD-00574,شارع ابو بكر الصديق,residential,9,Casuarina,كازوارينا,نوع طريق ضيق/سكني (residential) — تم اختيار كازوارينا (Casuarina) لانخفاض مخاطر الجذور وصغر حجم المظلة المناسب لعرض الطريق.,4500.0,77.63,65.63,12.0
KED-ROAD-01242,شارع مسجد الهدي الاسلامى,residential,9,Casuarina,كازوارينا,نوع طريق ضيق/سكني (residential) — تم اختيار كازوارينا (Casuarina) لانخفاض مخاطر الجذور وصغر حجم المظلة المناسب لعرض الطريق.,4500.0,74.99,63.01,11.99
KED-ROAD-01243,شارع مسجد الهدي الاسلامى,residential,9,Casuarina,كازوارينا,نوع طريق ضيق/سكني (residential) — تم اختيار كازوارينا (Casuarina) لانخفاض مخاطر الجذور وصغر حجم المظلة المناسب لعرض الطريق.,4500.0,74.99,63.01,11.99
KED-ROAD-03336,شارع الشافعى,residential,9,Casuarina,كازوارينا,نوع طريق ضيق/سكني (residential) — تم اختيار كازوارينا (Casuarina) لانخفاض مخاطر الجذور وصغر حجم المظلة المناسب لعرض الطريق.,4500.0,80.55,68.56,11.99
KED-ROAD-04681,شارع صلاح سالم,residential,9,Casuarina,كازوارينا,نوع طريق ضيق/سكني (residential) — تم اختيار كازوارينا (Casuarina) لانخفاض مخاطر الجذور وصغر حجم المظلة المناسب لعرض الطريق.,4500.0,81.78,69.79,11.99
KED-ROAD-02520,شارع الجرجاوى,residential,9,Casuarina,كازوارينا,نوع طريق ضيق/سكني (residential) — تم اختيار كازوارينا (Casuarina) لانخفاض مخاطر الجذور وصغر حجم المظلة المناسب لعرض الطريق.,4500.0,79.04,67.06,11.99
KED-ROAD-03337,شارع الشافعى,residential,9,Casuarina,كازوارينا,نوع طريق ضيق/سكني (residential) — تم اختيار كازوارينا (Casuarina) لانخفاض مخاطر الجذور وصغر حجم المظلة المناسب لعرض الطريق.,4500.0,80.55,68.56,11.99
KED-ROAD-00385,شارع الانوار,residential,9,Casuarina,كازوارينا,نوع طريق ضيق/سكني (residential) — تم اختيار كازوارينا (Casuarina) لانخفاض مخاطر الجذور وصغر حجم المظلة المناسب لعرض الطريق.,4500.0,77.28,65.28,12.0
KED-ROAD-02541,شارع الجرجاوى,residential,9,Casuarina,كازوارينا,نوع طريق ضيق/سكني (residential) — تم اختيار كازوارينا (Casuarina) لانخفاض مخاطر الجذور وصغر حجم المظلة المناسب لعرض الطريق.,4500.0,79.04,67.06,11.99
KED-ROAD-03721,شارع احمد عرابى,secondary,9,Neem,نيم,نوع طريق رئيسي/متوسط (secondary) — تم اختيار نيم (Neem) لأعلى توافق موثّق (تحمل حراري مرتفع، احتياج مائي منخفض، ملاءمة عالية للطرق).,4500.0,89.92,77.94,11.99
KED-ROAD-00384,شارع الانوار,residential,9,Casuarina,كازوارينا,نوع طريق ضيق/سكني (residential) — تم اختيار كازوارينا (Casuarina) لانخفاض مخاطر الجذور وصغر حجم المظلة المناسب لعرض الطريق.,4500.0,77.28,65.28,12.0
KED-ROAD-00816,شارع الاعراب,residential,9,Casuarina,كازوارينا,نوع طريق ضيق/سكني (residential) — تم اختيار كازوارينا (Casuarina) لانخفاض مخاطر الجذور وصغر حجم المظلة المناسب لعرض الطريق.,4500.0,75.5,63.51,11.99
KED-ROAD-00815,شارع الاعراب,residential,9,Casuarina,كازوارينا,نوع طريق ضيق/سكني (residential) — تم اختيار كازوارينا (Casuarina) لانخفاض مخاطر الجذور وصغر حجم المظلة المناسب لعرض الطريق.,4500.0,75.5,63.51,11.99
KED-ROAD-03914,الطريق الدولي,tertiary,9,Neem,نيم,نوع طريق رئيسي/متوسط (tertiary) — تم اختيار نيم (Neem) لأعلى توافق موثّق (تحمل حراري مرتفع، احتياج مائي منخفض، ملاءمة عالية للطرق).,4500.0,84.43,72.44,11.99
KED-ROAD-01039,شارع المستشفى الشامله,residential,9,Casuarina,كازوارينا,نوع طريق ضيق/سكني (residential) — تم اختيار كازوارينا (Casuarina) لانخفاض مخاطر الجذور وصغر حجم المظلة المناسب لعرض الطريق.,4500.0,80.31,68.32,11.99
KED-ROAD-02873,شارع مبره محمد على,residential,9,Casuarina,كازوارينا,نوع طريق ضيق/سكني (residential) — تم اختيار كازوارينا (Casuarina) لانخفاض مخاطر الجذور وصغر حجم المظلة المناسب لعرض الطريق.,4500.0,75.77,63.78,11.99
KED-ROAD-04961,امتداد شارع الخليج الاعظم,residential,9,Casuarina,كازوارينا,نوع طريق ضيق/سكني (residential) — تم اختيار كازوارينا (Casuarina) لانخفاض مخاطر الجذور وصغر حجم المظلة المناسب لعرض الطريق.,4500.0,75.0,63.0,11.99
KED-ROAD-00575,شارع عمر شاهين,residential,9,Casuarina,كازوارينا,نوع طريق ضيق/سكني (residential) — تم اختيار كازوارينا (Casuarina) لانخفاض مخاطر الجذور وصغر حجم المظلة المناسب لعرض الطريق.,4500.0,79.71,67.71,12.0
KED-ROAD-00576,شارع عمر شاهين,residential,9,Casuarina,كازوارينا,نوع طريق ضيق/سكني (residential) — تم اختيار كازوارينا (Casuarina) لانخفاض مخاطر الجذور وصغر حجم المظلة المناسب لعرض الطريق.,4500.0,79.71,67.71,12.0
KED-ROAD-04888,شارع 3,residential,9,Casuarina,كازوارينا,نوع طريق ضيق/سكني (residential) — تم اختيار كازوارينا (Casuarina) لانخفاض مخاطر الجذور وصغر حجم المظلة المناسب لعرض الطريق.,4500.0,79.29,67.29,11.99
KED-ROAD-02171,شارع زعتر,residential,9,Casuarina,كازوارينا,نوع طريق ضيق/سكني (residential) — تم اختيار كازوارينا (Casuarina) لانخفاض مخاطر الجذور وصغر حجم المظلة المناسب لعرض الطريق.,4500.0,76.48,64.49,11.99
KED-ROAD-05272,شارع خلف المدارس,residential,9,Casuarina,كازوارينا,نوع طريق ضيق/سكني (residential) — تم اختيار كازوارينا (Casuarina) لانخفاض مخاطر الجذور وصغر حجم المظلة المناسب لعرض الطريق.,4500.0,76.69,64.71,11.99
KED-ROAD-01833,شارع المنايفة,residential,9,Casuarina,كازوارينا,نوع طريق ضيق/سكني (residential) — تم اختيار كازوارينا (Casuarina) لانخفاض مخاطر الجذور وصغر حجم المظلة المناسب لعرض الطريق.,4500.0,77.13,65.14,11.99
KED-ROAD-04982,امتداد شارع الخليج الاعظم,residential,9,Casuarina,كازوارينا,نوع طريق ضيق/سكني (residential) — تم اختيار كازوارينا (Casuarina) لانخفاض مخاطر الجذور وصغر حجم المظلة المناسب لعرض الطريق.,4500.0,75.0,63.0,11.99
KED-ROAD-02874,شارع مبره محمد على,residential,9,Casuarina,كازوارينا,نوع طريق ضيق/سكني (residential) — تم اختيار كازوارينا (Casuarina) لانخفاض مخاطر الجذور وصغر حجم المظلة المناسب لعرض الطريق.,4500.0,75.77,63.78,11.99
KED-ROAD-02723,شارع الجلاء,residential,8,Casuarina,كازوارينا,نوع طريق ضيق/سكني (residential) — تم اختيار كازوارينا (Casuarina) لانخفاض مخاطر الجذور وصغر حجم المظلة المناسب لعرض الطريق.,4000.0,68.77,56.78,11.99
KED-ROAD-02724,شارع الجلاء,residential,8,Casuarina,كازوارينا,نوع طريق ضيق/سكني (residential) — تم اختيار كازوارينا (Casuarina) لانخفاض مخاطر الجذور وصغر حجم المظلة المناسب لعرض الطريق.,4000.0,68.77,56.78,11.99
KED-ROAD-01358,شارع مسجد الكوثر,residential,8,Casuarina,كازوارينا,نوع طريق ضيق/سكني (residential) — تم اختيار كازوارينا (Casuarina) لانخفاض مخاطر الجذور وصغر حجم المظلة المناسب لعرض الطريق.,4000.0,69.02,57.02,11.99
KED-ROAD-02722,شارع احمد جبريل,residential,8,Casuarina,كازوارينا,نوع طريق ضيق/سكني (residential) — تم اختيار كازوارينا (Casuarina) لانخفاض مخاطر الجذور وصغر حجم المظلة المناسب لعرض الطريق.,4000.0,69.38,57.39,11.99
KED-ROAD-05079,شارع خلف المدارس,residential,8,Casuarina,كازوارينا,نوع طريق ضيق/سكني (residential) — تم اختيار كازوارينا (Casuarina) لانخفاض مخاطر الجذور وصغر حجم المظلة المناسب لعرض الطريق.,4000.0,71.7,59.71,11.99
KED-ROAD-03741,شارع عاطف,residential,8,Casuarina,كازوارينا,نوع طريق ضيق/سكني (residential) — تم اختيار كازوارينا (Casuarina) لانخفاض مخاطر الجذور وصغر حجم المظلة المناسب لعرض الطريق.,4000.0,71.71,59.73,11.99
KED-ROAD-06333,شارع عمارات التمليك,residential,8,Casuarina,كازوارينا,نوع طريق ضيق/سكني (residential) — تم اختيار كازوارينا (Casuarina) لانخفاض مخاطر الجذور وصغر حجم المظلة المناسب لعرض الطريق.,4000.0,72.58,60.59,11.99
KED-ROAD-03742,شارع عاطف,residential,8,Casuarina,كازوارينا,نوع طريق ضيق/سكني (residential) — تم اختيار كازوارينا (Casuarina) لانخفاض مخاطر الجذور وصغر حجم المظلة المناسب لعرض الطريق.,4000.0,71.71,59.73,11.99
KED-ROAD-00564,حارة النصر,residential,8,Casuarina,كازوارينا,نوع طريق ضيق/سكني (residential) — تم اختيار كازوارينا (Casuarina) لانخفاض مخاطر الجذور وصغر حجم المظلة المناسب لعرض الطريق.,4000.0,71.68,59.68,12.0
KED-ROAD-00565,حارة النصر,residential,8,Casuarina,كازوارينا,نوع طريق ضيق/سكني (residential) — تم اختيار كازوارينا (Casuarina) لانخفاض مخاطر الجذور وصغر حجم المظلة المناسب لعرض الطريق.,4000.0,71.68,59.68,12.0
KED-ROAD-05082,شارع رجب سعد,residential,8,Casuarina,كازوارينا,نوع طريق ضيق/سكني (residential) — تم اختيار كازوارينا (Casuarina) لانخفاض مخاطر الجذور وصغر حجم المظلة المناسب لعرض الطريق.,4000.0,69.07,57.08,11.99
KED-ROAD-05080,شارع خلف المدارس,residential,8,Casuarina,كازوارينا,نوع طريق ضيق/سكني (residential) — تم اختيار كازوارينا (Casuarina) لانخفاض مخاطر الجذور وصغر حجم المظلة المناسب لعرض الطريق.,4000.0,71.7,59.71,11.99
KED-ROAD-04492,شارع صلاح سالم,residential,8,Casuarina,كازوارينا,نوع طريق ضيق/سكني (residential) — تم اختيار كازوارينا (Casuarina) لانخفاض مخاطر الجذور وصغر حجم المظلة المناسب لعرض الطريق.,4000.0,73.58,61.58,12.0
KED-ROAD-02708,شارع عيسي,residential,8,Casuarina,كازوارينا,نوع طريق ضيق/سكني (residential) — تم اختيار كازوارينا (Casuarina) لانخفاض مخاطر الجذور وصغر حجم المظلة المناسب لعرض الطريق.,4000.0,69.38,57.38,11.99
KED-ROAD-02020,طريق ترعه السعرانية,secondary,8,Neem,نيم,نوع طريق رئيسي/متوسط (secondary) — تم اختيار نيم (Neem) لأعلى توافق موثّق (تحمل حراري مرتفع، احتياج مائي منخفض، ملاءمة عالية للطرق).,4000.0,79.76,67.77,11.99
KED-ROAD-01357,شارع مسجد الكوثر,residential,8,Casuarina,كازوارينا,نوع طريق ضيق/سكني (residential) — تم اختيار كازوارينا (Casuarina) لانخفاض مخاطر الجذور وصغر حجم المظلة المناسب لعرض الطريق.,4000.0,69.02,57.02,11.99
KED-ROAD-02610,شارع الشافعى,residential,8,Casuarina,كازوارينا,نوع طريق ضيق/سكني (residential) — تم اختيار كازوارينا (Casuarina) لانخفاض مخاطر الجذور وصغر حجم المظلة المناسب لعرض الطريق.,4000.0,69.98,57.99,11.99
KED-ROAD-02609,شارع الشافعى,residential,8,Casuarina,كازوارينا,نوع طريق ضيق/سكني (residential) — تم اختيار كازوارينا (Casuarina) لانخفاض مخاطر الجذور وصغر حجم المظلة المناسب لعرض الطريق.,4000.0,69.98,57.99,11.99
KED-ROAD-02599,شارع محمد ذكى,residential,8,Casuarina,كازوارينا,نوع طريق ضيق/سكني (residential) — تم اختيار كازوارينا (Casuarina) لانخفاض مخاطر الجذور وصغر حجم المظلة المناسب لعرض الطريق.,4000.0,70.1,58.12,11.99
KED-ROAD-05071,شارع رجب سعد,residential,8,Casuarina,كازوارينا,نوع طريق ضيق/سكني (residential) — تم اختيار كازوارينا (Casuarina) لانخفاض مخاطر الجذور وصغر حجم المظلة المناسب لعرض الطريق.,4000.0,69.07,57.08,11.99
KED-ROAD-02709,شارع عيسي,residential,8,Casuarina,كازوارينا,نوع طريق ضيق/سكني (residential) — تم اختيار كازوارينا (Casuarina) لانخفاض مخاطر الجذور وصغر حجم المظلة المناسب لعرض الطريق.,4000.0,69.38,57.38,11.99
KED-ROAD-02598,شارع محمد ذكى,residential,8,Casuarina,كازوارينا,نوع طريق ضيق/سكني (residential) — تم اختيار كازوارينا (Casuarina) لانخفاض مخاطر الجذور وصغر حجم المظلة المناسب لعرض الطريق.,4000.0,70.1,58.12,11.99
KED-ROAD-04491,شارع صلاح سالم,residential,8,Casuarina,كازوارينا,نوع طريق ضيق/سكني (residential) — تم اختيار كازوارينا (Casuarina) لانخفاض مخاطر الجذور وصغر حجم المظلة المناسب لعرض الطريق.,4000.0,73.58,61.58,12.0
KED-ROAD-02721,شارع احمد جبريل,residential,8,Casuarina,كازوارينا,نوع طريق ضيق/سكني (residential) — تم اختيار كازوارينا (Casuarina) لانخفاض مخاطر الجذور وصغر حجم المظلة المناسب لعرض الطريق.,4000.0,69.38,57.39,11.99
KED-ROAD-01324,شارع المستشفى الشامله,residential,8,Casuarina,كازوارينا,نوع طريق ضيق/سكني (residential) — تم اختيار كازوارينا (Casuarina) لانخفاض مخاطر الجذور وصغر حجم المظلة المناسب لعرض الطريق.,4000.0,73.75,61.75,11.99
KED-ROAD-01315,شارع المستشفى الشامله,residential,8,Casuarina,كازوارينا,نوع طريق ضيق/سكني (residential) — تم اختيار كازوارينا (Casuarina) لانخفاض مخاطر الجذور وصغر حجم المظلة المناسب لعرض الطريق.,4000.0,71.75,59.75,12.0
KED-ROAD-00312,شارع الجيش,secondary,8,Neem,نيم,نوع طريق رئيسي/متوسط (secondary) — تم اختيار نيم (Neem) لأعلى توافق موثّق (تحمل حراري مرتفع، احتياج مائي منخفض، ملاءمة عالية للطرق).,4000.0,80.86,68.87,11.99
KED-ROAD-00332,شارع الجيش,secondary,8,Neem,نيم,نوع طريق رئيسي/متوسط (secondary) — تم اختيار نيم (Neem) لأعلى توافق موثّق (تحمل حراري مرتفع، احتياج مائي منخفض، ملاءمة عالية للطرق).,4000.0,82.55,70.56,11.99
KED-ROAD-05262,شارع 200,residential,8,Casuarina,كازوارينا,نوع طريق ضيق/سكني (residential) — تم اختيار كازوارينا (Casuarina) لانخفاض مخاطر الجذور وصغر حجم المظلة المناسب لعرض الطريق.,4000.0,68.24,56.26,11.99
KED-ROAD-02916,شارع الإمام الشافعى,residential,8,Casuarina,كازوارينا,نوع طريق ضيق/سكني (residential) — تم اختيار كازوارينا (Casuarina) لانخفاض مخاطر الجذور وصغر حجم المظلة المناسب لعرض الطريق.,4000.0,74.27,62.28,12.0
KED-ROAD-02856,شارع محطة الصرف الصحى,residential,8,Casuarina,كازوارينا,نوع طريق ضيق/سكني (residential) — تم اختيار كازوارينا (Casuarina) لانخفاض مخاطر الجذور وصغر حجم المظلة المناسب لعرض الطريق.,4000.0,68.86,56.87,12.0
KED-ROAD-02855,شارع محطة الصرف الصحى,residential,8,Casuarina,كازوارينا,نوع طريق ضيق/سكني (residential) — تم اختيار كازوارينا (Casuarina) لانخفاض مخاطر الجذور وصغر حجم المظلة المناسب لعرض الطريق.,4000.0,68.86,56.87,12.0
KED-ROAD-02885,شارع على بركه,residential,8,Casuarina,كازوارينا,نوع طريق ضيق/سكني (residential) — تم اختيار كازوارينا (Casuarina) لانخفاض مخاطر الجذور وصغر حجم المظلة المناسب لعرض الطريق.,4000.0,70.86,58.86,12.0
KED-ROAD-00740,عطفه والي,residential,8,Casuarina,كازوارينا,نوع طريق ضيق/سكني (residential) — تم اختيار كازوارينا (Casuarina) لانخفاض مخاطر الجذور وصغر حجم المظلة المناسب لعرض الطريق.,4000.0,72.82,60.83,11.99
KED-ROAD-03866,شارع الاداره الصحيه,residential,8,Casuarina,كازوارينا,نوع طريق ضيق/سكني (residential) — تم اختيار كازوارينا (Casuarina) لانخفاض مخاطر الجذور وصغر حجم المظلة المناسب لعرض الطريق.,4000.0,74.73,62.74,11.99
KED-ROAD-00739,عطفه والي,residential,8,Casuarina,كازوارينا,نوع طريق ضيق/سكني (residential) — تم اختيار كازوارينا (Casuarina) لانخفاض مخاطر الجذور وصغر حجم المظلة المناسب لعرض الطريق.,4000.0,72.82,60.83,11.99
KED-ROAD-02019,طريق ترعه السعرانية,secondary,8,Neem,نيم,نوع طريق رئيسي/متوسط (secondary) — تم اختيار نيم (Neem) لأعلى توافق موثّق (تحمل حراري مرتفع، احتياج مائي منخفض، ملاءمة عالية للطرق).,4000.0,79.76,67.77,11.99
KED-ROAD-02086,شارع حسنين عروس,residential,8,Casuarina,كازوارينا,نوع طريق ضيق/سكني (residential) — تم اختيار كازوارينا (Casuarina) لانخفاض مخاطر الجذور وصغر حجم المظلة المناسب لعرض الطريق.,4000.0,68.85,56.85,12.0
KED-ROAD-06021,شارع اللواء محمود ابراهيم الكومى,residential,8,Casuarina,كازوارينا,نوع طريق ضيق/سكني (residential) — تم اختيار كازوارينا (Casuarina) لانخفاض مخاطر الجذور وصغر حجم المظلة المناسب لعرض الطريق.,4000.0,70.68,58.69,11.99
KED-ROAD-03291,شارع الفالوجه,residential,8,Casuarina,كازوارينا,نوع طريق ضيق/سكني (residential) — تم اختيار كازوارينا (Casuarina) لانخفاض مخاطر الجذور وصغر حجم المظلة المناسب لعرض الطريق.,4000.0,73.59,61.6,11.99
KED-ROAD-06022,شارع اللواء محمود ابراهيم الكومى,residential,8,Casuarina,كازوارينا,نوع طريق ضيق/سكني (residential) — تم اختيار كازوارينا (Casuarina) لانخفاض مخاطر الجذور وصغر حجم المظلة المناسب لعرض الطريق.,4000.0,70.68,58.69,11.99
KED-ROAD-02884,شارع على بركه,residential,8,Casuarina,كازوارينا,نوع طريق ضيق/سكني (residential) — تم اختيار كازوارينا (Casuarina) لانخفاض مخاطر الجذور وصغر حجم المظلة المناسب لعرض الطريق.,4000.0,70.86,58.86,12.0
KED-ROAD-02084,شارع 3,residential,8,Casuarina,كازوارينا,نوع طريق ضيق/سكني (residential) — تم اختيار كازوارينا (Casuarina) لانخفاض مخاطر الجذور وصغر حجم المظلة المناسب لعرض الطريق.,4000.0,71.32,59.33,11.99
KED-ROAD-02083,شارع 3,residential,8,Casuarina,كازوارينا,نوع طريق ضيق/سكني (residential) — تم اختيار كازوارينا (Casuarina) لانخفاض مخاطر الجذور وصغر حجم المظلة المناسب لعرض الطريق.,4000.0,71.32,59.33,11.99
KED-ROAD-02085,شارع حسنين عروس,residential,8,Casuarina,كازوارينا,نوع طريق ضيق/سكني (residential) — تم اختيار كازوارينا (Casuarina) لانخفاض مخاطر الجذور وصغر حجم المظلة المناسب لعرض الطريق.,4000.0,68.85,56.85,12.0
KED-ROAD-05292,شارع الجزايرلي,residential,8,Casuarina,كازوارينا,نوع طريق ضيق/سكني (residential) — تم اختيار كازوارينا (Casuarina) لانخفاض مخاطر الجذور وصغر حجم المظلة المناسب لعرض الطريق.,4000.0,68.58,56.59,11.99
KED-ROAD-03252,شارع امير البحر,residential,8,Casuarina,كازوارينا,نوع طريق ضيق/سكني (residential) — تم اختيار كازوارينا (Casuarina) لانخفاض مخاطر الجذور وصغر حجم المظلة المناسب لعرض الطريق.,4000.0,74.78,62.79,11.99
KED-ROAD-03251,شارع امير البحر,residential,8,Casuarina,كازوارينا,نوع طريق ضيق/سكني (residential) — تم اختيار كازوارينا (Casuarina) لانخفاض مخاطر الجذور وصغر حجم المظلة المناسب لعرض الطريق.,4000.0,74.78,62.79,11.99
KED-ROAD-03867,شارع الاداره الصحيه,residential,8,Casuarina,كازوارينا,نوع طريق ضيق/سكني (residential) — تم اختيار كازوارينا (Casuarina) لانخفاض مخاطر الجذور وصغر حجم المظلة المناسب لعرض الطريق.,4000.0,74.73,62.74,11.99
KED-ROAD-02917,شارع الإمام الشافعى,residential,8,Casuarina,كازوارينا,نوع طريق ضيق/سكني (residential) — تم اختيار كازوارينا (Casuarina) لانخفاض مخاطر الجذور وصغر حجم المظلة المناسب لعرض الطريق.,4000.0,74.27,62.28,12.0
KED-ROAD-03292,شارع الفالوجه,residential,8,Casuarina,كازوارينا,نوع طريق ضيق/سكني (residential) — تم اختيار كازوارينا (Casuarina) لانخفاض مخاطر الجذور وصغر حجم المظلة المناسب لعرض الطريق.,4000.0,73.59,61.6,11.99
KED-ROAD-05261,شارع الجزايرلي,residential,8,Casuarina,كازوارينا,نوع طريق ضيق/سكني (residential) — تم اختيار كازوارينا (Casuarina) لانخفاض مخاطر الجذور وصغر حجم المظلة المناسب لعرض الطريق.,4000.0,68.58,56.59,11.99
KED-ROAD-03090,شارع النصر,residential,8,Casuarina,كازوارينا,نوع طريق ضيق/سكني (residential) — تم اختيار كازوارينا (Casuarina) لانخفاض مخاطر الجذور وصغر حجم المظلة المناسب لعرض الطريق.,4000.0,69.62,57.58,12.05
KED-ROAD-02165,شارع 25 يناير,residential,8,Casuarina,كازوارينا,نوع طريق ضيق/سكني (residential) — تم اختيار كازوارينا (Casuarina) لانخفاض مخاطر الجذور وصغر حجم المظلة المناسب لعرض الطريق.,4000.0,71.87,59.86,12.0
KED-ROAD-00511,شارع ابو بكر الصديق,residential,8,Casuarina,كازوارينا,نوع طريق ضيق/سكني (residential) — تم اختيار كازوارينا (Casuarina) لانخفاض مخاطر الجذور وصغر حجم المظلة المناسب لعرض الطريق.,4000.0,70.35,58.36,12.0
KED-ROAD-00500,شارع ابو بكر الصديق,residential,8,Casuarina,كازوارينا,نوع طريق ضيق/سكني (residential) — تم اختيار كازوارينا (Casuarina) لانخفاض مخاطر الجذور وصغر حجم المظلة المناسب لعرض الطريق.,4000.0,70.35,58.36,12.0
KED-ROAD-01758,شارع شتا,residential,8,Casuarina,كازوارينا,نوع طريق ضيق/سكني (residential) — تم اختيار كازوارينا (Casuarina) لانخفاض مخاطر الجذور وصغر حجم المظلة المناسب لعرض الطريق.,4000.0,74.17,62.18,11.99
KED-ROAD-05241,شارع 200,residential,8,Casuarina,كازوارينا,نوع طريق ضيق/سكني (residential) — تم اختيار كازوارينا (Casuarina) لانخفاض مخاطر الجذور وصغر حجم المظلة المناسب لعرض الطريق.,4000.0,68.24,56.26,11.99
KED-ROAD-01759,شارع شتا,residential,8,Casuarina,كازوارينا,نوع طريق ضيق/سكني (residential) — تم اختيار كازوارينا (Casuarina) لانخفاض مخاطر الجذور وصغر حجم المظلة المناسب لعرض الطريق.,4000.0,74.17,62.18,11.99
KED-ROAD-03089,شارع النصر,residential,8,Casuarina,كازوارينا,نوع طريق ضيق/سكني (residential) — تم اختيار كازوارينا (Casuarina) لانخفاض مخاطر الجذور وصغر حجم المظلة المناسب لعرض الطريق.,4000.0,69.62,57.58,12.05
KED-ROAD-02167,شارع 25 يناير,residential,8,Casuarina,كازوارينا,نوع طريق ضيق/سكني (residential) — تم اختيار كازوارينا (Casuarina) لانخفاض مخاطر الجذور وصغر حجم المظلة المناسب لعرض الطريق.,4000.0,68.92,56.92,11.99
KED-ROAD-02173,شارع 25 يناير,residential,8,Casuarina,كازوارينا,نوع طريق ضيق/سكني (residential) — تم اختيار كازوارينا (Casuarina) لانخفاض مخاطر الجذور وصغر حجم المظلة المناسب لعرض الطريق.,4000.0,71.87,59.86,12.0
KED-ROAD-02098,شارع الحاج رضوان علاء الدين,residential,8,Casuarina,كازوارينا,نوع طريق ضيق/سكني (residential) — تم اختيار كازوارينا (Casuarina) لانخفاض مخاطر الجذور وصغر حجم المظلة المناسب لعرض الطريق.,4000.0,69.13,57.15,11.99
KED-ROAD-02097,شارع الحاج رضوان علاء الدين,residential,8,Casuarina,كازوارينا,نوع طريق ضيق/سكني (residential) — تم اختيار كازوارينا (Casuarina) لانخفاض مخاطر الجذور وصغر حجم المظلة المناسب لعرض الطريق.,4000.0,69.13,57.15,11.99
KED-ROAD-02166,شارع 25 يناير,residential,8,Casuarina,كازوارينا,نوع طريق ضيق/سكني (residential) — تم اختيار كازوارينا (Casuarina) لانخفاض مخاطر الجذور وصغر حجم المظلة المناسب لعرض الطريق.,4000.0,68.92,56.92,11.99
KED-ROAD-04900,شارع غطاس تادرس,residential,8,Casuarina,كازوارينا,نوع طريق ضيق/سكني (residential) — تم اختيار كازوارينا (Casuarina) لانخفاض مخاطر الجذور وصغر حجم المظلة المناسب لعرض الطريق.,4000.0,68.71,56.71,11.99
KED-ROAD-03153,شارع ابو العباس,residential,8,Casuarina,كازوارينا,نوع طريق ضيق/سكني (residential) — تم اختيار كازوارينا (Casuarina) لانخفاض مخاطر الجذور وصغر حجم المظلة المناسب لعرض الطريق.,4000.0,73.0,61.02,11.99
KED-ROAD-06197,شارع اللواء محمود ابراهيم الكومى,residential,8,Casuarina,كازوارينا,نوع طريق ضيق/سكني (residential) — تم اختيار كازوارينا (Casuarina) لانخفاض مخاطر الجذور وصغر حجم المظلة المناسب لعرض الطريق.,4000.0,70.54,58.54,12.0
KED-ROAD-00914,شارع ابو عجوز,residential,8,Casuarina,كازوارينا,نوع طريق ضيق/سكني (residential) — تم اختيار كازوارينا (Casuarina) لانخفاض مخاطر الجذور وصغر حجم المظلة المناسب لعرض الطريق.,4000.0,68.6,56.61,11.99
KED-ROAD-03152,شارع ابو العباس,residential,8,Casuarina,كازوارينا,نوع طريق ضيق/سكني (residential) — تم اختيار كازوارينا (Casuarina) لانخفاض مخاطر الجذور وصغر حجم المظلة المناسب لعرض الطريق.,4000.0,73.0,61.02,11.99
KED-ROAD-00913,شارع ابو عجوز,residential,8,Casuarina,كازوارينا,نوع طريق ضيق/سكني (residential) — تم اختيار كازوارينا (Casuarina) لانخفاض مخاطر الجذور وصغر حجم المظلة المناسب لعرض الطريق.,4000.0,68.6,56.61,11.99
KED-ROAD-04899,شارع غطاس تادرس,residential,8,Casuarina,كازوارينا,نوع طريق ضيق/سكني (residential) — تم اختيار كازوارينا (Casuarina) لانخفاض مخاطر الجذور وصغر حجم المظلة المناسب لعرض الطريق.,4000.0,68.71,56.71,11.99
KED-ROAD-04898,شارع الباشا,residential,8,Casuarina,كازوارينا,نوع طريق ضيق/سكني (residential) — تم اختيار كازوارينا (Casuarina) لانخفاض مخاطر الجذور وصغر حجم المظلة المناسب لعرض الطريق.,4000.0,68.05,56.05,11.99
KED-ROAD-04897,شارع الباشا,residential,8,Casuarina,كازوارينا,نوع طريق ضيق/سكني (residential) — تم اختيار كازوارينا (Casuarina) لانخفاض مخاطر الجذور وصغر حجم المظلة المناسب لعرض الطريق.,4000.0,68.05,56.05,11.99
KED-ROAD-00567,شارع الجمهوريه,residential,8,Casuarina,كازوارينا,نوع طريق ضيق/سكني (residential) — تم اختيار كازوارينا (Casuarina) لانخفاض مخاطر الجذور وصغر حجم المظلة المناسب لعرض الطريق.,4000.0,71.53,59.54,11.99
KED-ROAD-00566,شارع الجمهوريه,residential,8,Casuarina,كازوارينا,نوع طريق ضيق/سكني (residential) — تم اختيار كازوارينا (Casuarina) لانخفاض مخاطر الجذور وصغر حجم المظلة المناسب لعرض الطريق.,4000.0,71.53,59.54,11.99
KED-ROAD-06334,شارع عمارات التمليك,residential,8,Casuarina,كازوارينا,نوع طريق ضيق/سكني (residential) — تم اختيار كازوارينا (Casuarina) لانخفاض مخاطر الجذور وصغر حجم المظلة المناسب لعرض الطريق.,4000.0,72.58,60.59,11.99
KED-ROAD-06198,شارع اللواء محمود ابراهيم الكومى,residential,8,Casuarina,كازوارينا,نوع طريق ضيق/سكني (residential) — تم اختيار كازوارينا (Casuarina) لانخفاض مخاطر الجذور وصغر حجم المظلة المناسب لعرض الطريق.,4000.0,70.54,58.54,12.0
KED-ROAD-06201,شارع اللواء محمود ابراهيم الكومى,residential,7,Casuarina,كازوارينا,نوع طريق ضيق/سكني (residential) — تم اختيار كازوارينا (Casuarina) لانخفاض مخاطر الجذور وصغر حجم المظلة المناسب لعرض الطريق.,3500.0,63.18,51.18,12.0
KED-ROAD-06325,شارع عمارات التمليك,residential,7,Casuarina,كازوارينا,نوع طريق ضيق/سكني (residential) — تم اختيار كازوارينا (Casuarina) لانخفاض مخاطر الجذور وصغر حجم المظلة المناسب لعرض الطريق.,3500.0,67.75,55.76,11.99
KED-ROAD-06324,شارع عمارات التمليك,residential,7,Casuarina,كازوارينا,نوع طريق ضيق/سكني (residential) — تم اختيار كازوارينا (Casuarina) لانخفاض مخاطر الجذور وصغر حجم المظلة المناسب لعرض الطريق.,3500.0,67.75,55.76,11.99
KED-ROAD-03371,شارع عمر بن الخطاب,residential,7,Casuarina,كازوارينا,نوع طريق ضيق/سكني (residential) — تم اختيار كازوارينا (Casuarina) لانخفاض مخاطر الجذور وصغر حجم المظلة المناسب لعرض الطريق.,3500.0,63.74,51.75,12.0
KED-ROAD-03372,شارع الشركات,residential,7,Casuarina,كازوارينا,نوع طريق ضيق/سكني (residential) — تم اختيار كازوارينا (Casuarina) لانخفاض مخاطر الجذور وصغر حجم المظلة المناسب لعرض الطريق.,3500.0,61.4,49.4,12.0
KED-ROAD-03373,شارع الشركات,residential,7,Casuarina,كازوارينا,نوع طريق ضيق/سكني (residential) — تم اختيار كازوارينا (Casuarina) لانخفاض مخاطر الجذور وصغر حجم المظلة المناسب لعرض الطريق.,3500.0,61.4,49.4,12.0
KED-ROAD-03156,شارع الانصاف,residential,7,Casuarina,كازوارينا,نوع طريق ضيق/سكني (residential) — تم اختيار كازوارينا (Casuarina) لانخفاض مخاطر الجذور وصغر حجم المظلة المناسب لعرض الطريق.,3500.0,65.51,53.51,12.0
KED-ROAD-03157,شارع الانصاف,residential,7,Casuarina,كازوارينا,نوع طريق ضيق/سكني (residential) — تم اختيار كازوارينا (Casuarina) لانخفاض مخاطر الجذور وصغر حجم المظلة المناسب لعرض الطريق.,3500.0,65.51,53.51,12.0
KED-ROAD-00362,عطفه السيدة عائشة,residential,7,Casuarina,كازوارينا,نوع طريق ضيق/سكني (residential) — تم اختيار كازوارينا (Casuarina) لانخفاض مخاطر الجذور وصغر حجم المظلة المناسب لعرض الطريق.,3500.0,64.78,52.79,11.99
KED-ROAD-00363,عطفه السيدة عائشة,residential,7,Casuarina,كازوارينا,نوع طريق ضيق/سكني (residential) — تم اختيار كازوارينا (Casuarina) لانخفاض مخاطر الجذور وصغر حجم المظلة المناسب لعرض الطريق.,3500.0,64.78,52.79,11.99
KED-ROAD-00368,شارع صقر,residential,7,Casuarina,كازوارينا,نوع طريق ضيق/سكني (residential) — تم اختيار كازوارينا (Casuarina) لانخفاض مخاطر الجذور وصغر حجم المظلة المناسب لعرض الطريق.,3500.0,66.37,54.38,11.99
KED-ROAD-00369,شارع صقر,residential,7,Casuarina,كازوارينا,نوع طريق ضيق/سكني (residential) — تم اختيار كازوارينا (Casuarina) لانخفاض مخاطر الجذور وصغر حجم المظلة المناسب لعرض الطريق.,3500.0,66.37,54.38,11.99
KED-ROAD-04458,شارع محمد عيسي,residential,7,Casuarina,كازوارينا,نوع طريق ضيق/سكني (residential) — تم اختيار كازوارينا (Casuarina) لانخفاض مخاطر الجذور وصغر حجم المظلة المناسب لعرض الطريق.,3500.0,64.21,52.23,11.99
KED-ROAD-00351,شارع صقر,residential,7,Casuarina,كازوارينا,نوع طريق ضيق/سكني (residential) — تم اختيار كازوارينا (Casuarina) لانخفاض مخاطر الجذور وصغر حجم المظلة المناسب لعرض الطريق.,3500.0,62.88,50.89,11.99
KED-ROAD-00352,شارع صقر,residential,7,Casuarina,كازوارينا,نوع طريق ضيق/سكني (residential) — تم اختيار كازوارينا (Casuarina) لانخفاض مخاطر الجذور وصغر حجم المظلة المناسب لعرض الطريق.,3500.0,62.88,50.89,11.99
KED-ROAD-02561,حارة عواد,residential,7,Casuarina,كازوارينا,نوع طريق ضيق/سكني (residential) — تم اختيار كازوارينا (Casuarina) لانخفاض مخاطر الجذور وصغر حجم المظلة المناسب لعرض الطريق.,3500.0,67.37,55.37,12.0
KED-ROAD-02562,حارة عواد,residential,7,Casuarina,كازوارينا,نوع طريق ضيق/سكني (residential) — تم اختيار كازوارينا (Casuarina) لانخفاض مخاطر الجذور وصغر حجم المظلة المناسب لعرض الطريق.,3500.0,67.37,55.37,12.0
KED-ROAD-04457,شارع محمد عيسي,residential,7,Casuarina,كازوارينا,نوع طريق ضيق/سكني (residential) — تم اختيار كازوارينا (Casuarina) لانخفاض مخاطر الجذور وصغر حجم المظلة المناسب لعرض الطريق.,3500.0,64.21,52.23,11.99
KED-ROAD-03340,شارع عمر بن الخطاب,residential,7,Casuarina,كازوارينا,نوع طريق ضيق/سكني (residential) — تم اختيار كازوارينا (Casuarina) لانخفاض مخاطر الجذور وصغر حجم المظلة المناسب لعرض الطريق.,3500.0,63.74,51.75,12.0
KED-ROAD-00536,حارة شاكر,residential,7,Casuarina,كازوارينا,نوع طريق ضيق/سكني (residential) — تم اختيار كازوارينا (Casuarina) لانخفاض مخاطر الجذور وصغر حجم المظلة المناسب لعرض الطريق.,3500.0,62.87,50.88,11.99
KED-ROAD-00537,حارة شاكر,residential,7,Casuarina,كازوارينا,نوع طريق ضيق/سكني (residential) — تم اختيار كازوارينا (Casuarina) لانخفاض مخاطر الجذور وصغر حجم المظلة المناسب لعرض الطريق.,3500.0,62.87,50.88,11.99
KED-ROAD-00546,عطفه المأمون,residential,7,Casuarina,كازوارينا,نوع طريق ضيق/سكني (residential) — تم اختيار كازوارينا (Casuarina) لانخفاض مخاطر الجذور وصغر حجم المظلة المناسب لعرض الطريق.,3500.0,65.61,53.62,12.0
KED-ROAD-00547,عطفه المأمون,residential,7,Casuarina,كازوارينا,نوع طريق ضيق/سكني (residential) — تم اختيار كازوارينا (Casuarina) لانخفاض مخاطر الجذور وصغر حجم المظلة المناسب لعرض الطريق.,3500.0,65.61,53.62,12.0
KED-ROAD-02212,طريق البردلة الرئيسى,residential,7,Casuarina,كازوارينا,نوع طريق ضيق/سكني (residential) — تم اختيار كازوارينا (Casuarina) لانخفاض مخاطر الجذور وصغر حجم المظلة المناسب لعرض الطريق.,3500.0,62.13,50.13,12.0
KED-ROAD-02176,شارع زعتر,residential,7,Casuarina,كازوارينا,نوع طريق ضيق/سكني (residential) — تم اختيار كازوارينا (Casuarina) لانخفاض مخاطر الجذور وصغر حجم المظلة المناسب لعرض الطريق.,3500.0,65.91,53.92,11.99
KED-ROAD-02177,شارع زعتر,residential,7,Casuarina,كازوارينا,نوع طريق ضيق/سكني (residential) — تم اختيار كازوارينا (Casuarina) لانخفاض مخاطر الجذور وصغر حجم المظلة المناسب لعرض الطريق.,3500.0,65.91,53.92,11.99
KED-ROAD-00548,شارع الحسين,residential,7,Casuarina,كازوارينا,نوع طريق ضيق/سكني (residential) — تم اختيار كازوارينا (Casuarina) لانخفاض مخاطر الجذور وصغر حجم المظلة المناسب لعرض الطريق.,3500.0,67.8,55.81,12.0
KED-ROAD-00549,شارع الحسين,residential,7,Casuarina,كازوارينا,نوع طريق ضيق/سكني (residential) — تم اختيار كازوارينا (Casuarina) لانخفاض مخاطر الجذور وصغر حجم المظلة المناسب لعرض الطريق.,3500.0,67.8,55.81,12.0
KED-ROAD-04986,امتداد شارع الخليج الاعظم,residential,7,Casuarina,كازوارينا,نوع طريق ضيق/سكني (residential) — تم اختيار كازوارينا (Casuarina) لانخفاض مخاطر الجذور وصغر حجم المظلة المناسب لعرض الطريق.,3500.0,61.69,49.69,12.0
KED-ROAD-05107,شارع مدرسه طلعت حرب,tertiary,7,Neem,نيم,نوع طريق رئيسي/متوسط (tertiary) — تم اختيار نيم (Neem) لأعلى توافق موثّق (تحمل حراري مرتفع، احتياج مائي منخفض، ملاءمة عالية للطرق).,3500.0,75.01,63.02,12.0
KED-ROAD-05108,شارع مدرسه طلعت حرب,tertiary,7,Neem,نيم,نوع طريق رئيسي/متوسط (tertiary) — تم اختيار نيم (Neem) لأعلى توافق موثّق (تحمل حراري مرتفع، احتياج مائي منخفض، ملاءمة عالية للطرق).,3500.0,75.01,63.02,12.0
KED-ROAD-00698,شارع الوحدة العربية,residential,7,Casuarina,كازوارينا,نوع طريق ضيق/سكني (residential) — تم اختيار كازوارينا (Casuarina) لانخفاض مخاطر الجذور وصغر حجم المظلة المناسب لعرض الطريق.,3500.0,66.26,54.27,11.99
KED-ROAD-00699,شارع الوحدة العربية,residential,7,Casuarina,كازوارينا,نوع طريق ضيق/سكني (residential) — تم اختيار كازوارينا (Casuarina) لانخفاض مخاطر الجذور وصغر حجم المظلة المناسب لعرض الطريق.,3500.0,66.26,54.27,11.99
KED-ROAD-03786,شارع الاداره الصحيه,residential,7,Casuarina,كازوارينا,نوع طريق ضيق/سكني (residential) — تم اختيار كازوارينا (Casuarina) لانخفاض مخاطر الجذور وصغر حجم المظلة المناسب لعرض الطريق.,3500.0,66.68,54.69,11.99
KED-ROAD-03787,شارع الاداره الصحيه,residential,7,Casuarina,كازوارينا,نوع طريق ضيق/سكني (residential) — تم اختيار كازوارينا (Casuarina) لانخفاض مخاطر الجذور وصغر حجم المظلة المناسب لعرض الطريق.,3500.0,66.68,54.69,11.99
KED-ROAD-02518,شارع محمد كساب,residential,7,Casuarina,كازوارينا,نوع طريق ضيق/سكني (residential) — تم اختيار كازوارينا (Casuarina) لانخفاض مخاطر الجذور وصغر حجم المظلة المناسب لعرض الطريق.,3500.0,63.73,51.73,11.99
KED-ROAD-02519,شارع محمد كساب,residential,7,Casuarina,كازوارينا,نوع طريق ضيق/سكني (residential) — تم اختيار كازوارينا (Casuarina) لانخفاض مخاطر الجذور وصغر حجم المظلة المناسب لعرض الطريق.,3500.0,63.73,51.73,11.99
KED-ROAD-02211,طريق البردلة الرئيسى,residential,7,Casuarina,كازوارينا,نوع طريق ضيق/سكني (residential) — تم اختيار كازوارينا (Casuarina) لانخفاض مخاطر الجذور وصغر حجم المظلة المناسب لعرض الطريق.,3500.0,62.13,50.13,12.0
KED-ROAD-04329,شارع بورسعيد,tertiary,7,Neem,نيم,نوع طريق رئيسي/متوسط (tertiary) — تم اختيار نيم (Neem) لأعلى توافق موثّق (تحمل حراري مرتفع، احتياج مائي منخفض، ملاءمة عالية للطرق).,3500.0,69.51,57.53,11.99
KED-ROAD-02504,شارع خليل,residential,7,Casuarina,كازوارينا,نوع طريق ضيق/سكني (residential) — تم اختيار كازوارينا (Casuarina) لانخفاض مخاطر الجذور وصغر حجم المظلة المناسب لعرض الطريق.,3500.0,62.08,50.08,12.0
KED-ROAD-02505,شارع خليل,residential,7,Casuarina,كازوارينا,نوع طريق ضيق/سكني (residential) — تم اختيار كازوارينا (Casuarina) لانخفاض مخاطر الجذور وصغر حجم المظلة المناسب لعرض الطريق.,3500.0,62.08,50.08,12.0
KED-ROAD-02506,شارع ابو العزايم,residential,7,Casuarina,كازوارينا,نوع طريق ضيق/سكني (residential) — تم اختيار كازوارينا (Casuarina) لانخفاض مخاطر الجذور وصغر حجم المظلة المناسب لعرض الطريق.,3500.0,61.24,49.25,11.99
KED-ROAD-02507,شارع ابو العزايم,residential,7,Casuarina,كازوارينا,نوع طريق ضيق/سكني (residential) — تم اختيار كازوارينا (Casuarina) لانخفاض مخاطر الجذور وصغر حجم المظلة المناسب لعرض الطريق.,3500.0,61.24,49.25,11.99
KED-ROAD-02790,شارع سلام,residential,7,Casuarina,كازوارينا,نوع طريق ضيق/سكني (residential) — تم اختيار كازوارينا (Casuarina) لانخفاض مخاطر الجذور وصغر حجم المظلة المناسب لعرض الطريق.,3500.0,62.51,50.51,12.0
KED-ROAD-05299,شارع مسجد السلام,residential,7,Casuarina,كازوارينا,نوع طريق ضيق/سكني (residential) — تم اختيار كازوارينا (Casuarina) لانخفاض مخاطر الجذور وصغر حجم المظلة المناسب لعرض الطريق.,3500.0,65.41,53.42,11.99
KED-ROAD-05300,شارع مسجد السلام,residential,7,Casuarina,كازوارينا,نوع طريق ضيق/سكني (residential) — تم اختيار كازوارينا (Casuarina) لانخفاض مخاطر الجذور وصغر حجم المظلة المناسب لعرض الطريق.,3500.0,65.41,53.42,11.99
KED-ROAD-02432,شارع نجم,residential,7,Casuarina,كازوارينا,نوع طريق ضيق/سكني (residential) — تم اختيار كازوارينا (Casuarina) لانخفاض مخاطر الجذور وصغر حجم المظلة المناسب لعرض الطريق.,3500.0,64.37,52.37,11.99
KED-ROAD-04972,شارع سلام,residential,7,Casuarina,كازوارينا,نوع طريق ضيق/سكني (residential) — تم اختيار كازوارينا (Casuarina) لانخفاض مخاطر الجذور وصغر حجم المظلة المناسب لعرض الطريق.,3500.0,62.51,50.51,12.0
KED-ROAD-04985,امتداد شارع الخليج الاعظم,residential,7,Casuarina,كازوارينا,نوع طريق ضيق/سكني (residential) — تم اختيار كازوارينا (Casuarina) لانخفاض مخاطر الجذور وصغر حجم المظلة المناسب لعرض الطريق.,3500.0,61.69,49.69,12.0
KED-ROAD-02433,شارع نجم,residential,7,Casuarina,كازوارينا,نوع طريق ضيق/سكني (residential) — تم اختيار كازوارينا (Casuarina) لانخفاض مخاطر الجذور وصغر حجم المظلة المناسب لعرض الطريق.,3500.0,64.37,52.37,11.99
KED-ROAD-02434,شارع العمرجي,residential,7,Casuarina,كازوارينا,نوع طريق ضيق/سكني (residential) — تم اختيار كازوارينا (Casuarina) لانخفاض مخاطر الجذور وصغر حجم المظلة المناسب لعرض الطريق.,3500.0,63.76,51.78,11.99
KED-ROAD-02435,شارع العمرجي,residential,7,Casuarina,كازوارينا,نوع طريق ضيق/سكني (residential) — تم اختيار كازوارينا (Casuarina) لانخفاض مخاطر الجذور وصغر حجم المظلة المناسب لعرض الطريق.,3500.0,63.76,51.78,11.99
KED-ROAD-02446,حارة عواد,residential,7,Casuarina,كازوارينا,نوع طريق ضيق/سكني (residential) — تم اختيار كازوارينا (Casuarina) لانخفاض مخاطر الجذور وصغر حجم المظلة المناسب لعرض الطريق.,3500.0,66.88,54.89,11.99
KED-ROAD-02447,حارة عواد,residential,7,Casuarina,كازوارينا,نوع طريق ضيق/سكني (residential) — تم اختيار كازوارينا (Casuarina) لانخفاض مخاطر الجذور وصغر حجم المظلة المناسب لعرض الطريق.,3500.0,66.88,54.89,11.99
KED-ROAD-02882,شارع الاداره الصحيه,residential,7,Casuarina,كازوارينا,نوع طريق ضيق/سكني (residential) — تم اختيار كازوارينا (Casuarina) لانخفاض مخاطر الجذور وصغر حجم المظلة المناسب لعرض الطريق.,3500.0,67.7,55.71,11.99
KED-ROAD-02883,شارع الاداره الصحيه,residential,7,Casuarina,كازوارينا,نوع طريق ضيق/سكني (residential) — تم اختيار كازوارينا (Casuarina) لانخفاض مخاطر الجذور وصغر حجم المظلة المناسب لعرض الطريق.,3500.0,67.7,55.71,11.99
KED-ROAD-05126,الطريق الدولي,tertiary,7,Neem,نيم,نوع طريق رئيسي/متوسط (tertiary) — تم اختيار نيم (Neem) لأعلى توافق موثّق (تحمل حراري مرتفع، احتياج مائي منخفض، ملاءمة عالية للطرق).,3500.0,75.82,63.82,12.0
KED-ROAD-03475,شارع النهضة,residential,7,Casuarina,كازوارينا,نوع طريق ضيق/سكني (residential) — تم اختيار كازوارينا (Casuarina) لانخفاض مخاطر الجذور وصغر حجم المظلة المناسب لعرض الطريق.,3500.0,65.53,53.54,11.99
KED-ROAD-03476,شارع النهضة,residential,7,Casuarina,كازوارينا,نوع طريق ضيق/سكني (residential) — تم اختيار كازوارينا (Casuarina) لانخفاض مخاطر الجذور وصغر حجم المظلة المناسب لعرض الطريق.,3500.0,65.53,53.54,11.99
KED-ROAD-03481,شارع التحرير,residential,7,Casuarina,كازوارينا,نوع طريق ضيق/سكني (residential) — تم اختيار كازوارينا (Casuarina) لانخفاض مخاطر الجذور وصغر حجم المظلة المناسب لعرض الطريق.,3500.0,61.03,49.05,11.99
KED-ROAD-00989,شارع النصر,residential,7,Casuarina,كازوارينا,نوع طريق ضيق/سكني (residential) — تم اختيار كازوارينا (Casuarina) لانخفاض مخاطر الجذور وصغر حجم المظلة المناسب لعرض الطريق.,3500.0,67.9,55.91,11.99
KED-ROAD-00990,شارع النصر,residential,7,Casuarina,كازوارينا,نوع طريق ضيق/سكني (residential) — تم اختيار كازوارينا (Casuarina) لانخفاض مخاطر الجذور وصغر حجم المظلة المناسب لعرض الطريق.,3500.0,67.9,55.91,11.99
KED-ROAD-03323,شارع القنال,residential,7,Casuarina,كازوارينا,نوع طريق ضيق/سكني (residential) — تم اختيار كازوارينا (Casuarina) لانخفاض مخاطر الجذور وصغر حجم المظلة المناسب لعرض الطريق.,3500.0,62.17,50.18,11.99
KED-ROAD-03324,شارع القنال,residential,7,Casuarina,كازوارينا,نوع طريق ضيق/سكني (residential) — تم اختيار كازوارينا (Casuarina) لانخفاض مخاطر الجذور وصغر حجم المظلة المناسب لعرض الطريق.,3500.0,62.17,50.18,11.99
KED-ROAD-03287,شارع القوى,residential,7,Casuarina,كازوارينا,نوع طريق ضيق/سكني (residential) — تم اختيار كازوارينا (Casuarina) لانخفاض مخاطر الجذور وصغر حجم المظلة المناسب لعرض الطريق.,3500.0,65.85,53.86,11.99
KED-ROAD-03288,شارع القوى,residential,7,Casuarina,كازوارينا,نوع طريق ضيق/سكني (residential) — تم اختيار كازوارينا (Casuarina) لانخفاض مخاطر الجذور وصغر حجم المظلة المناسب لعرض الطريق.,3500.0,65.85,53.86,11.99
KED-ROAD-06030,شارع خلف المدرسه الثانوى,residential,7,Casuarina,كازوارينا,نوع طريق ضيق/سكني (residential) — تم اختيار كازوارينا (Casuarina) لانخفاض مخاطر الجذور وصغر حجم المظلة المناسب لعرض الطريق.,3500.0,67.2,55.21,11.99
KED-ROAD-06031,شارع خلف المدرسه الثانوى,residential,7,Casuarina,كازوارينا,نوع طريق ضيق/سكني (residential) — تم اختيار كازوارينا (Casuarina) لانخفاض مخاطر الجذور وصغر حجم المظلة المناسب لعرض الطريق.,3500.0,67.2,55.21,11.99
KED-ROAD-02276,شارع الحاج مسعود خليل,residential,7,Casuarina,كازوارينا,نوع طريق ضيق/سكني (residential) — تم اختيار كازوارينا (Casuarina) لانخفاض مخاطر الجذور وصغر حجم المظلة المناسب لعرض الطريق.,3500.0,66.48,54.49,11.99
KED-ROAD-02275,شارع الحاج مسعود خليل,residential,7,Casuarina,كازوارينا,نوع طريق ضيق/سكني (residential) — تم اختيار كازوارينا (Casuarina) لانخفاض مخاطر الجذور وصغر حجم المظلة المناسب لعرض الطريق.,3500.0,66.48,54.49,11.99
KED-ROAD-03043,شارع ابو هريره,residential,7,Casuarina,كازوارينا,نوع طريق ضيق/سكني (residential) — تم اختيار كازوارينا (Casuarina) لانخفاض مخاطر الجذور وصغر حجم المظلة المناسب لعرض الطريق.,3500.0,61.53,49.54,11.99
KED-ROAD-03044,شارع ابو هريره,residential,7,Casuarina,كازوارينا,نوع طريق ضيق/سكني (residential) — تم اختيار كازوارينا (Casuarina) لانخفاض مخاطر الجذور وصغر حجم المظلة المناسب لعرض الطريق.,3500.0,61.53,49.54,11.99
KED-ROAD-03047,شارع ابو هريره,residential,7,Casuarina,كازوارينا,نوع طريق ضيق/سكني (residential) — تم اختيار كازوارينا (Casuarina) لانخفاض مخاطر الجذور وصغر حجم المظلة المناسب لعرض الطريق.,3500.0,66.38,54.4,11.99
KED-ROAD-03048,شارع ابو هريره,residential,7,Casuarina,كازوارينا,نوع طريق ضيق/سكني (residential) — تم اختيار كازوارينا (Casuarina) لانخفاض مخاطر الجذور وصغر حجم المظلة المناسب لعرض الطريق.,3500.0,66.38,54.4,11.99
KED-ROAD-05133,الطريق الدولي,tertiary,7,Neem,نيم,نوع طريق رئيسي/متوسط (tertiary) — تم اختيار نيم (Neem) لأعلى توافق موثّق (تحمل حراري مرتفع، احتياج مائي منخفض، ملاءمة عالية للطرق).,3500.0,70.78,58.79,12.0
KED-ROAD-02419,حارة خضير,residential,7,Casuarina,كازوارينا,نوع طريق ضيق/سكني (residential) — تم اختيار كازوارينا (Casuarina) لانخفاض مخاطر الجذور وصغر حجم المظلة المناسب لعرض الطريق.,3500.0,62.9,50.91,11.99
KED-ROAD-02420,حارة خضير,residential,7,Casuarina,كازوارينا,نوع طريق ضيق/سكني (residential) — تم اختيار كازوارينا (Casuarina) لانخفاض مخاطر الجذور وصغر حجم المظلة المناسب لعرض الطريق.,3500.0,62.9,50.91,11.99
KED-ROAD-02383,شارع سعد خليل,residential,7,Casuarina,كازوارينا,نوع طريق ضيق/سكني (residential) — تم اختيار كازوارينا (Casuarina) لانخفاض مخاطر الجذور وصغر حجم المظلة المناسب لعرض الطريق.,3500.0,63.42,51.42,12.0
KED-ROAD-03255,شارع النصر,residential,7,Casuarina,كازوارينا,نوع طريق ضيق/سكني (residential) — تم اختيار كازوارينا (Casuarina) لانخفاض مخاطر الجذور وصغر حجم المظلة المناسب لعرض الطريق.,3500.0,62.85,50.86,11.99
KED-ROAD-03256,شارع النصر,residential,7,Casuarina,كازوارينا,نوع طريق ضيق/سكني (residential) — تم اختيار كازوارينا (Casuarina) لانخفاض مخاطر الجذور وصغر حجم المظلة المناسب لعرض الطريق.,3500.0,62.85,50.86,11.99
KED-ROAD-03233,شارع 26 يوليو,residential,7,Casuarina,كازوارينا,نوع طريق ضيق/سكني (residential) — تم اختيار كازوارينا (Casuarina) لانخفاض مخاطر الجذور وصغر حجم المظلة المناسب لعرض الطريق.,3500.0,66.1,54.12,11.99
KED-ROAD-03234,شارع 26 يوليو,residential,7,Casuarina,كازوارينا,نوع طريق ضيق/سكني (residential) — تم اختيار كازوارينا (Casuarina) لانخفاض مخاطر الجذور وصغر حجم المظلة المناسب لعرض الطريق.,3500.0,66.1,54.12,11.99
KED-ROAD-02384,شارع سعد خليل,residential,7,Casuarina,كازوارينا,نوع طريق ضيق/سكني (residential) — تم اختيار كازوارينا (Casuarina) لانخفاض مخاطر الجذور وصغر حجم المظلة المناسب لعرض الطريق.,3500.0,63.42,51.42,12.0
KED-ROAD-05077,شارع عبد العزيز الزمراني,residential,7,Casuarina,كازوارينا,نوع طريق ضيق/سكني (residential) — تم اختيار كازوارينا (Casuarina) لانخفاض مخاطر الجذور وصغر حجم المظلة المناسب لعرض الطريق.,3500.0,65.57,53.58,11.99
KED-ROAD-05078,شارع عبد العزيز الزمراني,residential,7,Casuarina,كازوارينا,نوع طريق ضيق/سكني (residential) — تم اختيار كازوارينا (Casuarina) لانخفاض مخاطر الجذور وصغر حجم المظلة المناسب لعرض الطريق.,3500.0,65.57,53.58,11.99
KED-ROAD-00022,شارع الشهيد محمد العطار,residential,7,Casuarina,كازوارينا,نوع طريق ضيق/سكني (residential) — تم اختيار كازوارينا (Casuarina) لانخفاض مخاطر الجذور وصغر حجم المظلة المناسب لعرض الطريق.,3500.0,67.01,55.03,11.99
KED-ROAD-00021,شارع الشهيد محمد العطار,residential,7,Casuarina,كازوارينا,نوع طريق ضيق/سكني (residential) — تم اختيار كازوارينا (Casuarina) لانخفاض مخاطر الجذور وصغر حجم المظلة المناسب لعرض الطريق.,3500.0,67.01,55.03,11.99
KED-ROAD-03410,شارع التحرير,residential,7,Casuarina,كازوارينا,نوع طريق ضيق/سكني (residential) — تم اختيار كازوارينا (Casuarina) لانخفاض مخاطر الجذور وصغر حجم المظلة المناسب لعرض الطريق.,3500.0,61.03,49.05,11.99
KED-ROAD-06202,شارع اللواء محمود ابراهيم الكومى,residential,7,Casuarina,كازوارينا,نوع طريق ضيق/سكني (residential) — تم اختيار كازوارينا (Casuarina) لانخفاض مخاطر الجذور وصغر حجم المظلة المناسب لعرض الطريق.,3500.0,63.18,51.18,12.0
KED-ROAD-00112,شارع المدينه المنورة,residential,6,Casuarina,كازوارينا,نوع طريق ضيق/سكني (residential) — تم اختيار كازوارينا (Casuarina) لانخفاض مخاطر الجذور وصغر حجم المظلة المناسب لعرض الطريق.,3000.0,57.38,45.39,11.99
KED-ROAD-03363,شارع الاقصر,residential,6,Casuarina,كازوارينا,نوع طريق ضيق/سكني (residential) — تم اختيار كازوارينا (Casuarina) لانخفاض مخاطر الجذور وصغر حجم المظلة المناسب لعرض الطريق.,3000.0,57.68,45.69,11.99
KED-ROAD-04197,شارع السيد البحيري,residential,6,Casuarina,كازوارينا,نوع طريق ضيق/سكني (residential) — تم اختيار كازوارينا (Casuarina) لانخفاض مخاطر الجذور وصغر حجم المظلة المناسب لعرض الطريق.,3000.0,60.15,48.15,11.99
KED-ROAD-04196,شارع السيد البحيري,residential,6,Casuarina,كازوارينا,نوع طريق ضيق/سكني (residential) — تم اختيار كازوارينا (Casuarina) لانخفاض مخاطر الجذور وصغر حجم المظلة المناسب لعرض الطريق.,3000.0,60.15,48.15,11.99
KED-ROAD-05384,شارع 7,residential,6,Casuarina,كازوارينا,نوع طريق ضيق/سكني (residential) — تم اختيار كازوارينا (Casuarina) لانخفاض مخاطر الجذور وصغر حجم المظلة المناسب لعرض الطريق.,3000.0,59.1,47.11,11.99
KED-ROAD-05382,شارع 6,residential,6,Casuarina,كازوارينا,نوع طريق ضيق/سكني (residential) — تم اختيار كازوارينا (Casuarina) لانخفاض مخاطر الجذور وصغر حجم المظلة المناسب لعرض الطريق.,3000.0,59.44,47.45,12.0
KED-ROAD-00054,"طريق كفر الدوار, ابو المطامير",secondary,6,Neem,نيم,نوع طريق رئيسي/متوسط (secondary) — تم اختيار نيم (Neem) لأعلى توافق موثّق (تحمل حراري مرتفع، احتياج مائي منخفض، ملاءمة عالية للطرق).,3000.0,67.67,55.68,11.99
KED-ROAD-00053,"طريق كفر الدوار, ابو المطامير",secondary,6,Neem,نيم,نوع طريق رئيسي/متوسط (secondary) — تم اختيار نيم (Neem) لأعلى توافق موثّق (تحمل حراري مرتفع، احتياج مائي منخفض، ملاءمة عالية للطرق).,3000.0,67.67,55.68,11.99
KED-ROAD-00613,شارع الجنة,residential,6,Casuarina,كازوارينا,نوع طريق ضيق/سكني (residential) — تم اختيار كازوارينا (Casuarina) لانخفاض مخاطر الجذور وصغر حجم المظلة المناسب لعرض الطريق.,3000.0,54.5,42.51,11.99
KED-ROAD-02152,شارع سعد رخا,residential,6,Casuarina,كازوارينا,نوع طريق ضيق/سكني (residential) — تم اختيار كازوارينا (Casuarina) لانخفاض مخاطر الجذور وصغر حجم المظلة المناسب لعرض الطريق.,3000.0,55.5,43.51,11.99
KED-ROAD-02151,شارع سعد رخا,residential,6,Casuarina,كازوارينا,نوع طريق ضيق/سكني (residential) — تم اختيار كازوارينا (Casuarina) لانخفاض مخاطر الجذور وصغر حجم المظلة المناسب لعرض الطريق.,3000.0,55.5,43.51,11.99
KED-ROAD-02142,شارع 105,residential,6,Casuarina,كازوارينا,نوع طريق ضيق/سكني (residential) — تم اختيار كازوارينا (Casuarina) لانخفاض مخاطر الجذور وصغر حجم المظلة المناسب لعرض الطريق.,3000.0,56.31,44.32,11.99
KED-ROAD-03366,شارع الشهيد احمد كامل,residential,6,Casuarina,كازوارينا,نوع طريق ضيق/سكني (residential) — تم اختيار كازوارينا (Casuarina) لانخفاض مخاطر الجذور وصغر حجم المظلة المناسب لعرض الطريق.,3000.0,57.85,45.85,12.0
KED-ROAD-00628,شارع الوقار,residential,6,Casuarina,كازوارينا,نوع طريق ضيق/سكني (residential) — تم اختيار كازوارينا (Casuarina) لانخفاض مخاطر الجذور وصغر حجم المظلة المناسب لعرض الطريق.,3000.0,59.55,47.56,11.99
KED-ROAD-00627,شارع الوقار,residential,6,Casuarina,كازوارينا,نوع طريق ضيق/سكني (residential) — تم اختيار كازوارينا (Casuarina) لانخفاض مخاطر الجذور وصغر حجم المظلة المناسب لعرض الطريق.,3000.0,59.55,47.56,11.99
KED-ROAD-05356,شارع 52,residential,6,Casuarina,كازوارينا,نوع طريق ضيق/سكني (residential) — تم اختيار كازوارينا (Casuarina) لانخفاض مخاطر الجذور وصغر حجم المظلة المناسب لعرض الطريق.,3000.0,59.5,47.51,11.99
KED-ROAD-05348,شارع 2,residential,6,Casuarina,كازوارينا,نوع طريق ضيق/سكني (residential) — تم اختيار كازوارينا (Casuarina) لانخفاض مخاطر الجذور وصغر حجم المظلة المناسب لعرض الطريق.,3000.0,59.06,47.06,12.0
KED-ROAD-05347,شارع 2,residential,6,Casuarina,كازوارينا,نوع طريق ضيق/سكني (residential) — تم اختيار كازوارينا (Casuarina) لانخفاض مخاطر الجذور وصغر حجم المظلة المناسب لعرض الطريق.,3000.0,59.06,47.06,12.0
KED-ROAD-00355,شارع الجيش,secondary,6,Neem,نيم,نوع طريق رئيسي/متوسط (secondary) — تم اختيار نيم (Neem) لأعلى توافق موثّق (تحمل حراري مرتفع، احتياج مائي منخفض، ملاءمة عالية للطرق).,3000.0,60.93,48.94,11.99
KED-ROAD-00354,شارع مصطفى كامل,residential,6,Casuarina,كازوارينا,نوع طريق ضيق/سكني (residential) — تم اختيار كازوارينا (Casuarina) لانخفاض مخاطر الجذور وصغر حجم المظلة المناسب لعرض الطريق.,3000.0,59.07,47.08,11.99
KED-ROAD-00353,شارع مصطفى كامل,residential,6,Casuarina,كازوارينا,نوع طريق ضيق/سكني (residential) — تم اختيار كازوارينا (Casuarina) لانخفاض مخاطر الجذور وصغر حجم المظلة المناسب لعرض الطريق.,3000.0,59.07,47.08,11.99
KED-ROAD-02625,شارع الحاج يوسف صديق,residential,6,Casuarina,كازوارينا,نوع طريق ضيق/سكني (residential) — تم اختيار كازوارينا (Casuarina) لانخفاض مخاطر الجذور وصغر حجم المظلة المناسب لعرض الطريق.,3000.0,55.31,43.32,11.99
KED-ROAD-02624,شارع الحاج يوسف صديق,residential,6,Casuarina,كازوارينا,نوع طريق ضيق/سكني (residential) — تم اختيار كازوارينا (Casuarina) لانخفاض مخاطر الجذور وصغر حجم المظلة المناسب لعرض الطريق.,3000.0,55.31,43.32,11.99
KED-ROAD-02621,شارع الشهيد احمد مبروك,residential,6,Casuarina,كازوارينا,نوع طريق ضيق/سكني (residential) — تم اختيار كازوارينا (Casuarina) لانخفاض مخاطر الجذور وصغر حجم المظلة المناسب لعرض الطريق.,3000.0,58.21,46.22,11.99
KED-ROAD-04501,شارع ناتجاس,residential,6,Casuarina,كازوارينا,نوع طريق ضيق/سكني (residential) — تم اختيار كازوارينا (Casuarina) لانخفاض مخاطر الجذور وصغر حجم المظلة المناسب لعرض الطريق.,3000.0,58.25,46.25,11.99
KED-ROAD-04500,شارع ناتجاس,residential,6,Casuarina,كازوارينا,نوع طريق ضيق/سكني (residential) — تم اختيار كازوارينا (Casuarina) لانخفاض مخاطر الجذور وصغر حجم المظلة المناسب لعرض الطريق.,3000.0,58.25,46.25,11.99
KED-ROAD-03605,شارع الكرنك,residential,6,Casuarina,كازوارينا,نوع طريق ضيق/سكني (residential) — تم اختيار كازوارينا (Casuarina) لانخفاض مخاطر الجذور وصغر حجم المظلة المناسب لعرض الطريق.,3000.0,60.14,48.15,11.99
KED-ROAD-03604,شارع بلنة,residential,6,Casuarina,كازوارينا,نوع طريق ضيق/سكني (residential) — تم اختيار كازوارينا (Casuarina) لانخفاض مخاطر الجذور وصغر حجم المظلة المناسب لعرض الطريق.,3000.0,59.7,47.71,11.99
KED-ROAD-03603,شارع بلنة,residential,6,Casuarina,كازوارينا,نوع طريق ضيق/سكني (residential) — تم اختيار كازوارينا (Casuarina) لانخفاض مخاطر الجذور وصغر حجم المظلة المناسب لعرض الطريق.,3000.0,59.7,47.71,11.99
KED-ROAD-03570,شارع المجاهدين,residential,6,Casuarina,كازوارينا,نوع طريق ضيق/سكني (residential) — تم اختيار كازوارينا (Casuarina) لانخفاض مخاطر الجذور وصغر حجم المظلة المناسب لعرض الطريق.,3000.0,56.75,44.76,11.99
KED-ROAD-03569,شارع المجاهدين,residential,6,Casuarina,كازوارينا,نوع طريق ضيق/سكني (residential) — تم اختيار كازوارينا (Casuarina) لانخفاض مخاطر الجذور وصغر حجم المظلة المناسب لعرض الطريق.,3000.0,56.75,44.76,11.99
KED-ROAD-03915,الطريق الدولي,tertiary,6,Neem,نيم,نوع طريق رئيسي/متوسط (tertiary) — تم اختيار نيم (Neem) لأعلى توافق موثّق (تحمل حراري مرتفع، احتياج مائي منخفض، ملاءمة عالية للطرق).,3000.0,64.66,52.67,11.99
KED-ROAD-02391,شارع المقابر,residential,6,Casuarina,كازوارينا,نوع طريق ضيق/سكني (residential) — تم اختيار كازوارينا (Casuarina) لانخفاض مخاطر الجذور وصغر حجم المظلة المناسب لعرض الطريق.,3000.0,55.66,43.67,11.99
KED-ROAD-03266,شارع وهدان,residential,6,Casuarina,كازوارينا,نوع طريق ضيق/سكني (residential) — تم اختيار كازوارينا (Casuarina) لانخفاض مخاطر الجذور وصغر حجم المظلة المناسب لعرض الطريق.,3000.0,57.29,45.29,11.99
KED-ROAD-03265,شارع وهدان,residential,6,Casuarina,كازوارينا,نوع طريق ضيق/سكني (residential) — تم اختيار كازوارينا (Casuarina) لانخفاض مخاطر الجذور وصغر حجم المظلة المناسب لعرض الطريق.,3000.0,57.29,45.29,11.99
KED-ROAD-00851,شارع نبيل منصور,residential,6,Casuarina,كازوارينا,نوع طريق ضيق/سكني (residential) — تم اختيار كازوارينا (Casuarina) لانخفاض مخاطر الجذور وصغر حجم المظلة المناسب لعرض الطريق.,3000.0,57.98,45.99,11.99
KED-ROAD-00850,شارع سعد زغلول,residential,6,Casuarina,كازوارينا,نوع طريق ضيق/سكني (residential) — تم اختيار كازوارينا (Casuarina) لانخفاض مخاطر الجذور وصغر حجم المظلة المناسب لعرض الطريق.,3000.0,55.51,43.53,11.99
KED-ROAD-00849,شارع سعد زغلول,residential,6,Casuarina,كازوارينا,نوع طريق ضيق/سكني (residential) — تم اختيار كازوارينا (Casuarina) لانخفاض مخاطر الجذور وصغر حجم المظلة المناسب لعرض الطريق.,3000.0,55.51,43.53,11.99
KED-ROAD-00846,شارع الساعه,residential,6,Casuarina,كازوارينا,نوع طريق ضيق/سكني (residential) — تم اختيار كازوارينا (Casuarina) لانخفاض مخاطر الجذور وصغر حجم المظلة المناسب لعرض الطريق.,3000.0,61.69,48.98,12.71
KED-ROAD-00845,شارع الساعه,residential,6,Casuarina,كازوارينا,نوع طريق ضيق/سكني (residential) — تم اختيار كازوارينا (Casuarina) لانخفاض مخاطر الجذور وصغر حجم المظلة المناسب لعرض الطريق.,3000.0,61.69,48.98,12.71
KED-ROAD-00837,شارع الاعراب,residential,6,Casuarina,كازوارينا,نوع طريق ضيق/سكني (residential) — تم اختيار كازوارينا (Casuarina) لانخفاض مخاطر الجذور وصغر حجم المظلة المناسب لعرض الطريق.,3000.0,57.23,45.23,11.99
KED-ROAD-00836,شارع الاعراب,residential,6,Casuarina,كازوارينا,نوع طريق ضيق/سكني (residential) — تم اختيار كازوارينا (Casuarina) لانخفاض مخاطر الجذور وصغر حجم المظلة المناسب لعرض الطريق.,3000.0,57.23,45.23,11.99
KED-ROAD-00854,شارع محمد عبده,residential,6,Casuarina,كازوارينا,نوع طريق ضيق/سكني (residential) — تم اختيار كازوارينا (Casuarina) لانخفاض مخاطر الجذور وصغر حجم المظلة المناسب لعرض الطريق.,3000.0,60.13,48.14,11.99
KED-ROAD-02368,شارع سعد خليل,residential,6,Casuarina,كازوارينا,نوع طريق ضيق/سكني (residential) — تم اختيار كازوارينا (Casuarina) لانخفاض مخاطر الجذور وصغر حجم المظلة المناسب لعرض الطريق.,3000.0,57.29,45.3,12.0
KED-ROAD-02367,شارع سعد خليل,residential,6,Casuarina,كازوارينا,نوع طريق ضيق/سكني (residential) — تم اختيار كازوارينا (Casuarina) لانخفاض مخاطر الجذور وصغر حجم المظلة المناسب لعرض الطريق.,3000.0,57.29,45.3,12.0
KED-ROAD-03641,شارع السيدة عائشة,residential,6,Casuarina,كازوارينا,نوع طريق ضيق/سكني (residential) — تم اختيار كازوارينا (Casuarina) لانخفاض مخاطر الجذور وصغر حجم المظلة المناسب لعرض الطريق.,3000.0,59.66,47.67,11.99
KED-ROAD-03610,شارع الجيش,secondary,6,Neem,نيم,نوع طريق رئيسي/متوسط (secondary) — تم اختيار نيم (Neem) لأعلى توافق موثّق (تحمل حراري مرتفع، احتياج مائي منخفض، ملاءمة عالية للطرق).,3000.0,61.07,49.08,11.99
KED-ROAD-03609,شارع الجيش,secondary,6,Neem,نيم,نوع طريق رئيسي/متوسط (secondary) — تم اختيار نيم (Neem) لأعلى توافق موثّق (تحمل حراري مرتفع، احتياج مائي منخفض، ملاءمة عالية للطرق).,3000.0,61.07,49.08,11.99
KED-ROAD-03606,شارع الكرنك,residential,6,Casuarina,كازوارينا,نوع طريق ضيق/سكني (residential) — تم اختيار كازوارينا (Casuarina) لانخفاض مخاطر الجذور وصغر حجم المظلة المناسب لعرض الطريق.,3000.0,60.14,48.15,11.99
KED-ROAD-04745,شارع مساكن غزل كفر الدوار الجديدة,residential,6,Casuarina,كازوارينا,نوع طريق ضيق/سكني (residential) — تم اختيار كازوارينا (Casuarina) لانخفاض مخاطر الجذور وصغر حجم المظلة المناسب لعرض الطريق.,3000.0,54.21,42.22,12.0
KED-ROAD-02910,شارع الترعه,residential,6,Casuarina,كازوارينا,نوع طريق ضيق/سكني (residential) — تم اختيار كازوارينا (Casuarina) لانخفاض مخاطر الجذور وصغر حجم المظلة المناسب لعرض الطريق.,3000.0,54.34,42.35,11.99
KED-ROAD-03658,شارع خلف السنترال,residential,6,Casuarina,كازوارينا,نوع طريق ضيق/سكني (residential) — تم اختيار كازوارينا (Casuarina) لانخفاض مخاطر الجذور وصغر حجم المظلة المناسب لعرض الطريق.,3000.0,54.97,42.98,11.99
KED-ROAD-03657,شارع خلف السنترال,residential,6,Casuarina,كازوارينا,نوع طريق ضيق/سكني (residential) — تم اختيار كازوارينا (Casuarina) لانخفاض مخاطر الجذور وصغر حجم المظلة المناسب لعرض الطريق.,3000.0,54.97,42.98,11.99
KED-ROAD-02931,شارع الترعه,residential,6,Casuarina,كازوارينا,نوع طريق ضيق/سكني (residential) — تم اختيار كازوارينا (Casuarina) لانخفاض مخاطر الجذور وصغر حجم المظلة المناسب لعرض الطريق.,3000.0,54.34,42.35,11.99
KED-ROAD-02951,شارع ماجد,residential,6,Casuarina,كازوارينا,نوع طريق ضيق/سكني (residential) — تم اختيار كازوارينا (Casuarina) لانخفاض مخاطر الجذور وصغر حجم المظلة المناسب لعرض الطريق.,3000.0,59.94,47.94,12.0
KED-ROAD-04733,شارع خلف المساكن,residential,6,Casuarina,كازوارينا,نوع طريق ضيق/سكني (residential) — تم اختيار كازوارينا (Casuarina) لانخفاض مخاطر الجذور وصغر حجم المظلة المناسب لعرض الطريق.,3000.0,54.45,42.46,12.0
KED-ROAD-04711,شارع مسجد السلام,residential,6,Casuarina,كازوارينا,نوع طريق ضيق/سكني (residential) — تم اختيار كازوارينا (Casuarina) لانخفاض مخاطر الجذور وصغر حجم المظلة المناسب لعرض الطريق.,3000.0,57.56,45.57,12.0
KED-ROAD-00832,شارع العرفان,residential,6,Casuarina,كازوارينا,نوع طريق ضيق/سكني (residential) — تم اختيار كازوارينا (Casuarina) لانخفاض مخاطر الجذور وصغر حجم المظلة المناسب لعرض الطريق.,3000.0,57.57,45.58,11.99
KED-ROAD-03459,شارع الرزق,residential,6,Casuarina,كازوارينا,نوع طريق ضيق/سكني (residential) — تم اختيار كازوارينا (Casuarina) لانخفاض مخاطر الجذور وصغر حجم المظلة المناسب لعرض الطريق.,3000.0,56.76,44.77,11.99
KED-ROAD-03458,شارع الرزق,residential,6,Casuarina,كازوارينا,نوع طريق ضيق/سكني (residential) — تم اختيار كازوارينا (Casuarina) لانخفاض مخاطر الجذور وصغر حجم المظلة المناسب لعرض الطريق.,3000.0,56.76,44.77,11.99
KED-ROAD-03437,شارع الأدباء,residential,6,Casuarina,كازوارينا,نوع طريق ضيق/سكني (residential) — تم اختيار كازوارينا (Casuarina) لانخفاض مخاطر الجذور وصغر حجم المظلة المناسب لعرض الطريق.,3000.0,59.05,47.06,11.99
KED-ROAD-03436,شارع الأدباء,residential,6,Casuarina,كازوارينا,نوع طريق ضيق/سكني (residential) — تم اختيار كازوارينا (Casuarina) لانخفاض مخاطر الجذور وصغر حجم المظلة المناسب لعرض الطريق.,3000.0,59.05,47.06,11.99
KED-ROAD-03301,شارع عمر شاهين,residential,6,Casuarina,كازوارينا,نوع طريق ضيق/سكني (residential) — تم اختيار كازوارينا (Casuarina) لانخفاض مخاطر الجذور وصغر حجم المظلة المناسب لعرض الطريق.,3000.0,60.59,48.6,11.99
KED-ROAD-03290,شارع وهدان,residential,6,Casuarina,كازوارينا,نوع طريق ضيق/سكني (residential) — تم اختيار كازوارينا (Casuarina) لانخفاض مخاطر الجذور وصغر حجم المظلة المناسب لعرض الطريق.,3000.0,55.18,43.19,11.99
KED-ROAD-04931,شارع حامد عبد المحسن,residential,6,Casuarina,كازوارينا,نوع طريق ضيق/سكني (residential) — تم اختيار كازوارينا (Casuarina) لانخفاض مخاطر الجذور وصغر حجم المظلة المناسب لعرض الطريق.,3000.0,60.62,48.63,11.99
KED-ROAD-03238,شارع 26 يوليو,residential,6,Casuarina,كازوارينا,نوع طريق ضيق/سكني (residential) — تم اختيار كازوارينا (Casuarina) لانخفاض مخاطر الجذور وصغر حجم المظلة المناسب لعرض الطريق.,3000.0,56.93,44.95,11.99
KED-ROAD-03535,شارع لواء الاسلام,residential,6,Casuarina,كازوارينا,نوع طريق ضيق/سكني (residential) — تم اختيار كازوارينا (Casuarina) لانخفاض مخاطر الجذور وصغر حجم المظلة المناسب لعرض الطريق.,3000.0,59.86,47.88,11.99
KED-ROAD-03527,شارع ابن سينا,residential,6,Casuarina,كازوارينا,نوع طريق ضيق/سكني (residential) — تم اختيار كازوارينا (Casuarina) لانخفاض مخاطر الجذور وصغر حجم المظلة المناسب لعرض الطريق.,3000.0,58.92,46.93,11.99
KED-ROAD-03049,شارع النصر,residential,6,Casuarina,كازوارينا,نوع طريق ضيق/سكني (residential) — تم اختيار كازوارينا (Casuarina) لانخفاض مخاطر الجذور وصغر حجم المظلة المناسب لعرض الطريق.,3000.0,59.97,47.97,12.0
KED-ROAD-00241,"طريق كفر الدوار, ابو المطامير",secondary,6,Neem,نيم,نوع طريق رئيسي/متوسط (secondary) — تم اختيار نيم (Neem) لأعلى توافق موثّق (تحمل حراري مرتفع، احتياج مائي منخفض، ملاءمة عالية للطرق).,3000.0,60.1,48.1,11.99
KED-ROAD-05907,شارع الترعه,residential,6,Casuarina,كازوارينا,نوع طريق ضيق/سكني (residential) — تم اختيار كازوارينا (Casuarina) لانخفاض مخاطر الجذور وصغر حجم المظلة المناسب لعرض الطريق.,3000.0,56.61,44.62,11.99
KED-ROAD-05906,شارع الترعه,residential,6,Casuarina,كازوارينا,نوع طريق ضيق/سكني (residential) — تم اختيار كازوارينا (Casuarina) لانخفاض مخاطر الجذور وصغر حجم المظلة المناسب لعرض الطريق.,3000.0,56.61,44.62,11.99
KED-ROAD-05851,شارع بلال بن رباح,tertiary,6,Neem,نيم,نوع طريق رئيسي/متوسط (tertiary) — تم اختيار نيم (Neem) لأعلى توافق موثّق (تحمل حراري مرتفع، احتياج مائي منخفض، ملاءمة عالية للطرق).,3000.0,64.87,52.88,11.99
KED-ROAD-02350,شارع المقابر,residential,6,Casuarina,كازوارينا,نوع طريق ضيق/سكني (residential) — تم اختيار كازوارينا (Casuarina) لانخفاض مخاطر الجذور وصغر حجم المظلة المناسب لعرض الطريق.,3000.0,55.66,43.67,11.99
KED-ROAD-04744,شارع مساكن غزل كفر الدوار الجديدة,residential,6,Casuarina,كازوارينا,نوع طريق ضيق/سكني (residential) — تم اختيار كازوارينا (Casuarina) لانخفاض مخاطر الجذور وصغر حجم المظلة المناسب لعرض الطريق.,3000.0,54.21,42.22,12.0
KED-ROAD-04930,شارع حامد عبد المحسن,residential,6,Casuarina,كازوارينا,نوع طريق ضيق/سكني (residential) — تم اختيار كازوارينا (Casuarina) لانخفاض مخاطر الجذور وصغر حجم المظلة المناسب لعرض الطريق.,3000.0,60.62,48.63,11.99
KED-ROAD-03237,شارع 26 يوليو,residential,6,Casuarina,كازوارينا,نوع طريق ضيق/سكني (residential) — تم اختيار كازوارينا (Casuarina) لانخفاض مخاطر الجذور وصغر حجم المظلة المناسب لعرض الطريق.,3000.0,56.93,44.95,11.99
KED-ROAD-04710,شارع مسجد السلام,residential,6,Casuarina,كازوارينا,نوع طريق ضيق/سكني (residential) — تم اختيار كازوارينا (Casuarina) لانخفاض مخاطر الجذور وصغر حجم المظلة المناسب لعرض الطريق.,3000.0,57.56,45.57,12.0
KED-ROAD-06018,شارع اللواء محمود ابراهيم الكومى,residential,6,Casuarina,كازوارينا,نوع طريق ضيق/سكني (residential) — تم اختيار كازوارينا (Casuarina) لانخفاض مخاطر الجذور وصغر حجم المظلة المناسب لعرض الطريق.,3000.0,57.68,45.68,11.99
KED-ROAD-06017,شارع اللواء محمود ابراهيم الكومى,residential,6,Casuarina,كازوارينا,نوع طريق ضيق/سكني (residential) — تم اختيار كازوارينا (Casuarina) لانخفاض مخاطر الجذور وصغر حجم المظلة المناسب لعرض الطريق.,3000.0,57.68,45.68,11.99
KED-ROAD-00199,شارع 103,residential,6,Casuarina,كازوارينا,نوع طريق ضيق/سكني (residential) — تم اختيار كازوارينا (Casuarina) لانخفاض مخاطر الجذور وصغر حجم المظلة المناسب لعرض الطريق.,3000.0,57.44,45.45,11.99
KED-ROAD-00198,شارع 103,residential,6,Casuarina,كازوارينا,نوع طريق ضيق/سكني (residential) — تم اختيار كازوارينا (Casuarina) لانخفاض مخاطر الجذور وصغر حجم المظلة المناسب لعرض الطريق.,3000.0,57.44,45.45,11.99
KED-ROAD-02861,شارع السلامه,residential,6,Casuarina,كازوارينا,نوع طريق ضيق/سكني (residential) — تم اختيار كازوارينا (Casuarina) لانخفاض مخاطر الجذور وصغر حجم المظلة المناسب لعرض الطريق.,3000.0,54.0,42.01,11.99
KED-ROAD-03289,شارع وهدان,residential,6,Casuarina,كازوارينا,نوع طريق ضيق/سكني (residential) — تم اختيار كازوارينا (Casuarina) لانخفاض مخاطر الجذور وصغر حجم المظلة المناسب لعرض الطريق.,3000.0,55.18,43.19,11.99
KED-ROAD-00760,عطفه الشاذلى,residential,6,Casuarina,كازوارينا,نوع طريق ضيق/سكني (residential) — تم اختيار كازوارينا (Casuarina) لانخفاض مخاطر الجذور وصغر حجم المظلة المناسب لعرض الطريق.,3000.0,60.19,48.2,11.99
KED-ROAD-00988,شارع القلعه,residential,6,Casuarina,كازوارينا,نوع طريق ضيق/سكني (residential) — تم اختيار كازوارينا (Casuarina) لانخفاض مخاطر الجذور وصغر حجم المظلة المناسب لعرض الطريق.,3000.0,58.75,46.77,11.99
KED-ROAD-03064,شارع امير البحر,residential,6,Casuarina,كازوارينا,نوع طريق ضيق/سكني (residential) — تم اختيار كازوارينا (Casuarina) لانخفاض مخاطر الجذور وصغر حجم المظلة المناسب لعرض الطريق.,3000.0,60.88,48.9,11.99
KED-ROAD-03063,شارع امير البحر,residential,6,Casuarina,كازوارينا,نوع طريق ضيق/سكني (residential) — تم اختيار كازوارينا (Casuarina) لانخفاض مخاطر الجذور وصغر حجم المظلة المناسب لعرض الطريق.,3000.0,60.88,48.9,11.99
KED-ROAD-03050,شارع النصر,residential,6,Casuarina,كازوارينا,نوع طريق ضيق/سكني (residential) — تم اختيار كازوارينا (Casuarina) لانخفاض مخاطر الجذور وصغر حجم المظلة المناسب لعرض الطريق.,3000.0,59.97,47.97,12.0
KED-ROAD-00853,شارع محمد عبده,residential,6,Casuarina,كازوارينا,نوع طريق ضيق/سكني (residential) — تم اختيار كازوارينا (Casuarina) لانخفاض مخاطر الجذور وصغر حجم المظلة المناسب لعرض الطريق.,3000.0,60.13,48.14,11.99
KED-ROAD-00852,شارع نبيل منصور,residential,6,Casuarina,كازوارينا,نوع طريق ضيق/سكني (residential) — تم اختيار كازوارينا (Casuarina) لانخفاض مخاطر الجذور وصغر حجم المظلة المناسب لعرض الطريق.,3000.0,57.98,45.99,11.99
KED-ROAD-03490,شارع السيدة عائشة,residential,6,Casuarina,كازوارينا,نوع طريق ضيق/سكني (residential) — تم اختيار كازوارينا (Casuarina) لانخفاض مخاطر الجذور وصغر حجم المظلة المناسب لعرض الطريق.,3000.0,59.66,47.67,11.99
KED-ROAD-05123,الطريق الدولي,tertiary,6,Neem,نيم,نوع طريق رئيسي/متوسط (tertiary) — تم اختيار نيم (Neem) لأعلى توافق موثّق (تحمل حراري مرتفع، احتياج مائي منخفض، ملاءمة عالية للطرق).,3000.0,66.4,54.4,11.99
KED-ROAD-03242,شارع 26 يوليو,residential,6,Casuarina,كازوارينا,نوع طريق ضيق/سكني (residential) — تم اختيار كازوارينا (Casuarina) لانخفاض مخاطر الجذور وصغر حجم المظلة المناسب لعرض الطريق.,3000.0,57.37,45.39,11.99
KED-ROAD-03241,شارع 26 يوليو,residential,6,Casuarina,كازوارينا,نوع طريق ضيق/سكني (residential) — تم اختيار كازوارينا (Casuarina) لانخفاض مخاطر الجذور وصغر حجم المظلة المناسب لعرض الطريق.,3000.0,57.37,45.39,11.99
KED-ROAD-00759,عطفه الشاذلى,residential,6,Casuarina,كازوارينا,نوع طريق ضيق/سكني (residential) — تم اختيار كازوارينا (Casuarina) لانخفاض مخاطر الجذور وصغر حجم المظلة المناسب لعرض الطريق.,3000.0,60.19,48.2,11.99
KED-ROAD-00754,شارع محمد الصاوى,residential,6,Casuarina,كازوارينا,نوع طريق ضيق/سكني (residential) — تم اختيار كازوارينا (Casuarina) لانخفاض مخاطر الجذور وصغر حجم المظلة المناسب لعرض الطريق.,3000.0,60.75,48.76,11.99
KED-ROAD-00753,شارع محمد الصاوى,residential,6,Casuarina,كازوارينا,نوع طريق ضيق/سكني (residential) — تم اختيار كازوارينا (Casuarina) لانخفاض مخاطر الجذور وصغر حجم المظلة المناسب لعرض الطريق.,3000.0,60.75,48.76,11.99
KED-ROAD-00833,شارع صقر,residential,6,Casuarina,كازوارينا,نوع طريق ضيق/سكني (residential) — تم اختيار كازوارينا (Casuarina) لانخفاض مخاطر الجذور وصغر حجم المظلة المناسب لعرض الطريق.,3000.0,57.57,45.58,11.99
KED-ROAD-02850,شارع السلامه,residential,6,Casuarina,كازوارينا,نوع طريق ضيق/سكني (residential) — تم اختيار كازوارينا (Casuarina) لانخفاض مخاطر الجذور وصغر حجم المظلة المناسب لعرض الطريق.,3000.0,54.0,42.01,11.99
KED-ROAD-02845,شارع المهلج,residential,6,Casuarina,كازوارينا,نوع طريق ضيق/سكني (residential) — تم اختيار كازوارينا (Casuarina) لانخفاض مخاطر الجذور وصغر حجم المظلة المناسب لعرض الطريق.,3000.0,60.01,48.02,11.99
KED-ROAD-02844,شارع المهلج,residential,6,Casuarina,كازوارينا,نوع طريق ضيق/سكني (residential) — تم اختيار كازوارينا (Casuarina) لانخفاض مخاطر الجذور وصغر حجم المظلة المناسب لعرض الطريق.,3000.0,60.01,48.02,11.99
KED-ROAD-04971,شارع ماجد,residential,6,Casuarina,كازوارينا,نوع طريق ضيق/سكني (residential) — تم اختيار كازوارينا (Casuarina) لانخفاض مخاطر الجذور وصغر حجم المظلة المناسب لعرض الطريق.,3000.0,59.94,47.94,12.0
KED-ROAD-03302,شارع عمر شاهين,residential,6,Casuarina,كازوارينا,نوع طريق ضيق/سكني (residential) — تم اختيار كازوارينا (Casuarina) لانخفاض مخاطر الجذور وصغر حجم المظلة المناسب لعرض الطريق.,3000.0,60.59,48.6,11.99
KED-ROAD-03426,شارع الجيش,secondary,6,Neem,نيم,نوع طريق رئيسي/متوسط (secondary) — تم اختيار نيم (Neem) لأعلى توافق موثّق (تحمل حراري مرتفع، احتياج مائي منخفض، ملاءمة عالية للطرق).,3000.0,59.99,48.01,11.99
KED-ROAD-03425,شارع الجيش,secondary,6,Neem,نيم,نوع طريق رئيسي/متوسط (secondary) — تم اختيار نيم (Neem) لأعلى توافق موثّق (تحمل حراري مرتفع، احتياج مائي منخفض، ملاءمة عالية للطرق).,3000.0,59.99,48.01,11.99
KED-ROAD-02058,شارع سعد مرعي,residential,6,Casuarina,كازوارينا,نوع طريق ضيق/سكني (residential) — تم اختيار كازوارينا (Casuarina) لانخفاض مخاطر الجذور وصغر حجم المظلة المناسب لعرض الطريق.,3000.0,58.09,46.1,11.99
KED-ROAD-02057,شارع سعد مرعي,residential,6,Casuarina,كازوارينا,نوع طريق ضيق/سكني (residential) — تم اختيار كازوارينا (Casuarina) لانخفاض مخاطر الجذور وصغر حجم المظلة المناسب لعرض الطريق.,3000.0,58.09,46.1,11.99
KED-ROAD-03671,شارع خلف السنترال,residential,6,Casuarina,كازوارينا,نوع طريق ضيق/سكني (residential) — تم اختيار كازوارينا (Casuarina) لانخفاض مخاطر الجذور وصغر حجم المظلة المناسب لعرض الطريق.,3000.0,59.18,47.19,11.99
KED-ROAD-03670,شارع خلف السنترال,residential,6,Casuarina,كازوارينا,نوع طريق ضيق/سكني (residential) — تم اختيار كازوارينا (Casuarina) لانخفاض مخاطر الجذور وصغر حجم المظلة المناسب لعرض الطريق.,3000.0,59.18,47.19,11.99
KED-ROAD-03667,شارع بورسعيد,secondary,6,Neem,نيم,نوع طريق رئيسي/متوسط (secondary) — تم اختيار نيم (Neem) لأعلى توافق موثّق (تحمل حراري مرتفع، احتياج مائي منخفض، ملاءمة عالية للطرق).,3000.0,63.09,51.09,12.0
KED-ROAD-03666,شارع بورسعيد,secondary,6,Neem,نيم,نوع طريق رئيسي/متوسط (secondary) — تم اختيار نيم (Neem) لأعلى توافق موثّق (تحمل حراري مرتفع، احتياج مائي منخفض، ملاءمة عالية للطرق).,3000.0,63.09,51.09,12.0
KED-ROAD-03691,شارع محمود الصباغ,residential,6,Casuarina,كازوارينا,نوع طريق ضيق/سكني (residential) — تم اختيار كازوارينا (Casuarina) لانخفاض مخاطر الجذور وصغر حجم المظلة المناسب لعرض الطريق.,3000.0,54.6,42.61,11.99
KED-ROAD-03690,شارع محمود الصباغ,residential,6,Casuarina,كازوارينا,نوع طريق ضيق/سكني (residential) — تم اختيار كازوارينا (Casuarina) لانخفاض مخاطر الجذور وصغر حجم المظلة المناسب لعرض الطريق.,3000.0,54.6,42.61,11.99
KED-ROAD-02808,شارع 13,residential,6,Casuarina,كازوارينا,نوع طريق ضيق/سكني (residential) — تم اختيار كازوارينا (Casuarina) لانخفاض مخاطر الجذور وصغر حجم المظلة المناسب لعرض الطريق.,3000.0,54.91,42.92,11.99
KED-ROAD-02807,شارع 13,residential,6,Casuarina,كازوارينا,نوع طريق ضيق/سكني (residential) — تم اختيار كازوارينا (Casuarina) لانخفاض مخاطر الجذور وصغر حجم المظلة المناسب لعرض الطريق.,3000.0,54.91,42.92,11.99
KED-ROAD-02490,شارع محمد ذكى,residential,6,Casuarina,كازوارينا,نوع طريق ضيق/سكني (residential) — تم اختيار كازوارينا (Casuarina) لانخفاض مخاطر الجذور وصغر حجم المظلة المناسب لعرض الطريق.,3000.0,60.51,48.52,11.99
KED-ROAD-02489,شارع محمد خضر,residential,6,Casuarina,كازوارينا,نوع طريق ضيق/سكني (residential) — تم اختيار كازوارينا (Casuarina) لانخفاض مخاطر الجذور وصغر حجم المظلة المناسب لعرض الطريق.,3000.0,54.74,42.76,11.99
KED-ROAD-02488,شارع محمد خضر,residential,6,Casuarina,كازوارينا,نوع طريق ضيق/سكني (residential) — تم اختيار كازوارينا (Casuarina) لانخفاض مخاطر الجذور وصغر حجم المظلة المناسب لعرض الطريق.,3000.0,54.74,42.76,11.99
KED-ROAD-04664,شارع 6,residential,6,Casuarina,كازوارينا,نوع طريق ضيق/سكني (residential) — تم اختيار كازوارينا (Casuarina) لانخفاض مخاطر الجذور وصغر حجم المظلة المناسب لعرض الطريق.,3000.0,57.53,45.53,12.0
KED-ROAD-03717,شارع عمر افندى,residential,6,Casuarina,كازوارينا,نوع طريق ضيق/سكني (residential) — تم اختيار كازوارينا (Casuarina) لانخفاض مخاطر الجذور وصغر حجم المظلة المناسب لعرض الطريق.,3000.0,57.17,45.18,12.0
KED-ROAD-03716,شارع عمر افندى,residential,6,Casuarina,كازوارينا,نوع طريق ضيق/سكني (residential) — تم اختيار كازوارينا (Casuarina) لانخفاض مخاطر الجذور وصغر حجم المظلة المناسب لعرض الطريق.,3000.0,57.17,45.18,12.0
KED-ROAD-03695,شارع الترعه,residential,6,Casuarina,كازوارينا,نوع طريق ضيق/سكني (residential) — تم اختيار كازوارينا (Casuarina) لانخفاض مخاطر الجذور وصغر حجم المظلة المناسب لعرض الطريق.,3000.0,57.3,45.31,11.99
KED-ROAD-03694,شارع الترعه,residential,6,Casuarina,كازوارينا,نوع طريق ضيق/سكني (residential) — تم اختيار كازوارينا (Casuarina) لانخفاض مخاطر الجذور وصغر حجم المظلة المناسب لعرض الطريق.,3000.0,57.3,45.31,11.99
KED-ROAD-03693,شارع بورسعيد,secondary,6,Neem,نيم,نوع طريق رئيسي/متوسط (secondary) — تم اختيار نيم (Neem) لأعلى توافق موثّق (تحمل حراري مرتفع، احتياج مائي منخفض، ملاءمة عالية للطرق).,3000.0,64.55,52.56,11.99
KED-ROAD-03692,شارع بورسعيد,secondary,6,Neem,نيم,نوع طريق رئيسي/متوسط (secondary) — تم اختيار نيم (Neem) لأعلى توافق موثّق (تحمل حراري مرتفع، احتياج مائي منخفض، ملاءمة عالية للطرق).,3000.0,64.55,52.56,11.99
KED-ROAD-00987,شارع القلعه,residential,6,Casuarina,كازوارينا,نوع طريق ضيق/سكني (residential) — تم اختيار كازوارينا (Casuarina) لانخفاض مخاطر الجذور وصغر حجم المظلة المناسب لعرض الطريق.,3000.0,58.75,46.77,11.99
KED-ROAD-03568,شارع لواء الاسلام,residential,6,Casuarina,كازوارينا,نوع طريق ضيق/سكني (residential) — تم اختيار كازوارينا (Casuarina) لانخفاض مخاطر الجذور وصغر حجم المظلة المناسب لعرض الطريق.,3000.0,58.82,46.83,11.99
KED-ROAD-04849,شارع مؤسسه الكهرباء,residential,6,Casuarina,كازوارينا,نوع طريق ضيق/سكني (residential) — تم اختيار كازوارينا (Casuarina) لانخفاض مخاطر الجذور وصغر حجم المظلة المناسب لعرض الطريق.,3000.0,54.67,42.67,12.0
KED-ROAD-04848,شارع مؤسسه الكهرباء,residential,6,Casuarina,كازوارينا,نوع طريق ضيق/سكني (residential) — تم اختيار كازوارينا (Casuarina) لانخفاض مخاطر الجذور وصغر حجم المظلة المناسب لعرض الطريق.,3000.0,54.67,42.67,12.0
KED-ROAD-02202,طريق البردلة الرئيسى,residential,6,Casuarina,كازوارينا,نوع طريق ضيق/سكني (residential) — تم اختيار كازوارينا (Casuarina) لانخفاض مخاطر الجذور وصغر حجم المظلة المناسب لعرض الطريق.,3000.0,59.91,47.92,11.99
KED-ROAD-02201,طريق البردلة الرئيسى,residential,6,Casuarina,كازوارينا,نوع طريق ضيق/سكني (residential) — تم اختيار كازوارينا (Casuarina) لانخفاض مخاطر الجذور وصغر حجم المظلة المناسب لعرض الطريق.,3000.0,59.91,47.92,11.99
KED-ROAD-00258,شارع الجيش,secondary,6,Neem,نيم,نوع طريق رئيسي/متوسط (secondary) — تم اختيار نيم (Neem) لأعلى توافق موثّق (تحمل حراري مرتفع، احتياج مائي منخفض، ملاءمة عالية للطرق).,3000.0,64.62,52.63,12.0
KED-ROAD-00242,"طريق كفر الدوار, ابو المطامير",secondary,6,Neem,نيم,نوع طريق رئيسي/متوسط (secondary) — تم اختيار نيم (Neem) لأعلى توافق موثّق (تحمل حراري مرتفع، احتياج مائي منخفض، ملاءمة عالية للطرق).,3000.0,60.1,48.1,11.99
KED-ROAD-05234,شارع 4,residential,6,Casuarina,كازوارينا,نوع طريق ضيق/سكني (residential) — تم اختيار كازوارينا (Casuarina) لانخفاض مخاطر الجذور وصغر حجم المظلة المناسب لعرض الطريق.,3000.0,57.45,45.46,11.99
KED-ROAD-05233,شارع 4,residential,6,Casuarina,كازوارينا,نوع طريق ضيق/سكني (residential) — تم اختيار كازوارينا (Casuarina) لانخفاض مخاطر الجذور وصغر حجم المظلة المناسب لعرض الطريق.,3000.0,57.45,45.46,11.99
KED-ROAD-03100,حارة الشهيد على الروبى,residential,6,Casuarina,كازوارينا,نوع طريق ضيق/سكني (residential) — تم اختيار كازوارينا (Casuarina) لانخفاض مخاطر الجذور وصغر حجم المظلة المناسب لعرض الطريق.,3000.0,54.99,43.0,12.0
KED-ROAD-03099,حارة الشهيد على الروبى,residential,6,Casuarina,كازوارينا,نوع طريق ضيق/سكني (residential) — تم اختيار كازوارينا (Casuarina) لانخفاض مخاطر الجذور وصغر حجم المظلة المناسب لعرض الطريق.,3000.0,54.99,43.0,12.0
KED-ROAD-03098,حارة محمد فريد,residential,6,Casuarina,كازوارينا,نوع طريق ضيق/سكني (residential) — تم اختيار كازوارينا (Casuarina) لانخفاض مخاطر الجذور وصغر حجم المظلة المناسب لعرض الطريق.,3000.0,54.89,42.9,11.99
KED-ROAD-03097,حارة محمد فريد,residential,6,Casuarina,كازوارينا,نوع طريق ضيق/سكني (residential) — تم اختيار كازوارينا (Casuarina) لانخفاض مخاطر الجذور وصغر حجم المظلة المناسب لعرض الطريق.,3000.0,54.89,42.9,11.99
KED-ROAD-02500,شارع احمد جبريل,residential,6,Casuarina,كازوارينا,نوع طريق ضيق/سكني (residential) — تم اختيار كازوارينا (Casuarina) لانخفاض مخاطر الجذور وصغر حجم المظلة المناسب لعرض الطريق.,3000.0,57.93,45.94,11.99
KED-ROAD-02513,شارع محمد كساب,residential,6,Casuarina,كازوارينا,نوع طريق ضيق/سكني (residential) — تم اختيار كازوارينا (Casuarina) لانخفاض مخاطر الجذور وصغر حجم المظلة المناسب لعرض الطريق.,3000.0,60.5,48.51,11.99
KED-ROAD-02512,شارع محمد كساب,residential,6,Casuarina,كازوارينا,نوع طريق ضيق/سكني (residential) — تم اختيار كازوارينا (Casuarina) لانخفاض مخاطر الجذور وصغر حجم المظلة المناسب لعرض الطريق.,3000.0,60.5,48.51,11.99
KED-ROAD-03420,شارع الكرنك,residential,6,Casuarina,كازوارينا,نوع طريق ضيق/سكني (residential) — تم اختيار كازوارينا (Casuarina) لانخفاض مخاطر الجذور وصغر حجم المظلة المناسب لعرض الطريق.,3000.0,60.39,48.4,11.99
KED-ROAD-03419,شارع الكرنك,residential,6,Casuarina,كازوارينا,نوع طريق ضيق/سكني (residential) — تم اختيار كازوارينا (Casuarina) لانخفاض مخاطر الجذور وصغر حجم المظلة المناسب لعرض الطريق.,3000.0,60.39,48.4,11.99
KED-ROAD-03418,شارع بلنة,residential,6,Casuarina,كازوارينا,نوع طريق ضيق/سكني (residential) — تم اختيار كازوارينا (Casuarina) لانخفاض مخاطر الجذور وصغر حجم المظلة المناسب لعرض الطريق.,3000.0,60.62,48.63,11.99
KED-ROAD-03417,شارع بلنة,residential,6,Casuarina,كازوارينا,نوع طريق ضيق/سكني (residential) — تم اختيار كازوارينا (Casuarina) لانخفاض مخاطر الجذور وصغر حجم المظلة المناسب لعرض الطريق.,3000.0,60.62,48.63,11.99
KED-ROAD-03416,شارع الشهيد حامد هنداوي,residential,6,Casuarina,كازوارينا,نوع طريق ضيق/سكني (residential) — تم اختيار كازوارينا (Casuarina) لانخفاض مخاطر الجذور وصغر حجم المظلة المناسب لعرض الطريق.,3000.0,54.69,42.71,11.99
KED-ROAD-03415,شارع الشهيد حامد هنداوي,residential,6,Casuarina,كازوارينا,نوع طريق ضيق/سكني (residential) — تم اختيار كازوارينا (Casuarina) لانخفاض مخاطر الجذور وصغر حجم المظلة المناسب لعرض الطريق.,3000.0,54.69,42.71,11.99
KED-ROAD-01600,شارع الشاويش,residential,6,Casuarina,كازوارينا,نوع طريق ضيق/سكني (residential) — تم اختيار كازوارينا (Casuarina) لانخفاض مخاطر الجذور وصغر حجم المظلة المناسب لعرض الطريق.,3000.0,59.57,47.58,11.99
KED-ROAD-01599,شارع الشاويش,residential,6,Casuarina,كازوارينا,نوع طريق ضيق/سكني (residential) — تم اختيار كازوارينا (Casuarina) لانخفاض مخاطر الجذور وصغر حجم المظلة المناسب لعرض الطريق.,3000.0,59.57,47.58,11.99
KED-ROAD-00206,شارع جلال القلاوى,residential,6,Casuarina,كازوارينا,نوع طريق ضيق/سكني (residential) — تم اختيار كازوارينا (Casuarina) لانخفاض مخاطر الجذور وصغر حجم المظلة المناسب لعرض الطريق.,3000.0,59.57,47.58,11.99
KED-ROAD-00205,شارع جلال القلاوى,residential,6,Casuarina,كازوارينا,نوع طريق ضيق/سكني (residential) — تم اختيار كازوارينا (Casuarina) لانخفاض مخاطر الجذور وصغر حجم المظلة المناسب لعرض الطريق.,3000.0,59.57,47.58,11.99
KED-ROAD-04671,شارع المطافى,residential,6,Casuarina,كازوارينا,نوع طريق ضيق/سكني (residential) — تم اختيار كازوارينا (Casuarina) لانخفاض مخاطر الجذور وصغر حجم المظلة المناسب لعرض الطريق.,3000.0,57.05,45.05,12.0
KED-ROAD-04670,شارع المطافى,residential,6,Casuarina,كازوارينا,نوع طريق ضيق/سكني (residential) — تم اختيار كازوارينا (Casuarina) لانخفاض مخاطر الجذور وصغر حجم المظلة المناسب لعرض الطريق.,3000.0,57.05,45.05,12.0
KED-ROAD-04665,شارع 6,residential,6,Casuarina,كازوارينا,نوع طريق ضيق/سكني (residential) — تم اختيار كازوارينا (Casuarina) لانخفاض مخاطر الجذور وصغر حجم المظلة المناسب لعرض الطريق.,3000.0,57.53,45.53,12.0
KED-ROAD-00224,"طريق كفر الدوار, ابو المطامير",secondary,6,Neem,نيم,نوع طريق رئيسي/متوسط (secondary) — تم اختيار نيم (Neem) لأعلى توافق موثّق (تحمل حراري مرتفع، احتياج مائي منخفض، ملاءمة عالية للطرق).,3000.0,63.81,51.81,11.99
KED-ROAD-00223,"طريق كفر الدوار, ابو المطامير",secondary,6,Neem,نيم,نوع طريق رئيسي/متوسط (secondary) — تم اختيار نيم (Neem) لأعلى توافق موثّق (تحمل حراري مرتفع، احتياج مائي منخفض، ملاءمة عالية للطرق).,3000.0,63.81,51.81,11.99
KED-ROAD-03772,شارع عمر افندى,residential,6,Casuarina,كازوارينا,نوع طريق ضيق/سكني (residential) — تم اختيار كازوارينا (Casuarina) لانخفاض مخاطر الجذور وصغر حجم المظلة المناسب لعرض الطريق.,3000.0,55.06,43.07,11.99
KED-ROAD-02032,شارع سعيد بركات,residential,6,Casuarina,كازوارينا,نوع طريق ضيق/سكني (residential) — تم اختيار كازوارينا (Casuarina) لانخفاض مخاطر الجذور وصغر حجم المظلة المناسب لعرض الطريق.,3000.0,58.16,46.16,12.0
KED-ROAD-02031,شارع سعيد بركات,residential,6,Casuarina,كازوارينا,نوع طريق ضيق/سكني (residential) — تم اختيار كازوارينا (Casuarina) لانخفاض مخاطر الجذور وصغر حجم المظلة المناسب لعرض الطريق.,3000.0,58.16,46.16,12.0
KED-ROAD-03214,حارة الحكمه,residential,6,Casuarina,كازوارينا,نوع طريق ضيق/سكني (residential) — تم اختيار كازوارينا (Casuarina) لانخفاض مخاطر الجذور وصغر حجم المظلة المناسب لعرض الطريق.,3000.0,57.16,45.16,11.99
KED-ROAD-03213,حارة الحكمه,residential,6,Casuarina,كازوارينا,نوع طريق ضيق/سكني (residential) — تم اختيار كازوارينا (Casuarina) لانخفاض مخاطر الجذور وصغر حجم المظلة المناسب لعرض الطريق.,3000.0,57.16,45.16,11.99
KED-ROAD-03212,حارة الجهاد,residential,6,Casuarina,كازوارينا,نوع طريق ضيق/سكني (residential) — تم اختيار كازوارينا (Casuarina) لانخفاض مخاطر الجذور وصغر حجم المظلة المناسب لعرض الطريق.,3000.0,55.98,43.99,11.99
KED-ROAD-03211,حارة الجهاد,residential,6,Casuarina,كازوارينا,نوع طريق ضيق/سكني (residential) — تم اختيار كازوارينا (Casuarina) لانخفاض مخاطر الجذور وصغر حجم المظلة المناسب لعرض الطريق.,3000.0,55.98,43.99,11.99
KED-ROAD-03208,شارع 26 يوليو,residential,6,Casuarina,كازوارينا,نوع طريق ضيق/سكني (residential) — تم اختيار كازوارينا (Casuarina) لانخفاض مخاطر الجذور وصغر حجم المظلة المناسب لعرض الطريق.,3000.0,57.48,45.5,11.99
KED-ROAD-00871,شارع المدينه,residential,6,Casuarina,كازوارينا,نوع طريق ضيق/سكني (residential) — تم اختيار كازوارينا (Casuarina) لانخفاض مخاطر الجذور وصغر حجم المظلة المناسب لعرض الطريق.,3000.0,60.32,47.42,12.9
KED-ROAD-00870,شارع المدينه,residential,6,Casuarina,كازوارينا,نوع طريق ضيق/سكني (residential) — تم اختيار كازوارينا (Casuarina) لانخفاض مخاطر الجذور وصغر حجم المظلة المناسب لعرض الطريق.,3000.0,60.32,47.42,12.9
KED-ROAD-02100,شارع اسماعيل محمد,residential,6,Casuarina,كازوارينا,نوع طريق ضيق/سكني (residential) — تم اختيار كازوارينا (Casuarina) لانخفاض مخاطر الجذور وصغر حجم المظلة المناسب لعرض الطريق.,3000.0,56.31,44.33,11.99
KED-ROAD-02099,شارع اسماعيل محمد,residential,6,Casuarina,كازوارينا,نوع طريق ضيق/سكني (residential) — تم اختيار كازوارينا (Casuarina) لانخفاض مخاطر الجذور وصغر حجم المظلة المناسب لعرض الطريق.,3000.0,56.31,44.33,11.99
KED-ROAD-03172,شارع إسماعيل شحاتة,residential,6,Casuarina,كازوارينا,نوع طريق ضيق/سكني (residential) — تم اختيار كازوارينا (Casuarina) لانخفاض مخاطر الجذور وصغر حجم المظلة المناسب لعرض الطريق.,3000.0,59.15,47.17,11.99
KED-ROAD-03171,شارع إسماعيل شحاتة,residential,6,Casuarina,كازوارينا,نوع طريق ضيق/سكني (residential) — تم اختيار كازوارينا (Casuarina) لانخفاض مخاطر الجذور وصغر حجم المظلة المناسب لعرض الطريق.,3000.0,59.15,47.17,11.99
KED-ROAD-02141,شارع 105,residential,6,Casuarina,كازوارينا,نوع طريق ضيق/سكني (residential) — تم اختيار كازوارينا (Casuarina) لانخفاض مخاطر الجذور وصغر حجم المظلة المناسب لعرض الطريق.,3000.0,56.31,44.32,11.99
KED-ROAD-05385,شارع 7,residential,6,Casuarina,كازوارينا,نوع طريق ضيق/سكني (residential) — تم اختيار كازوارينا (Casuarina) لانخفاض مخاطر الجذور وصغر حجم المظلة المناسب لعرض الطريق.,3000.0,59.1,47.11,11.99
KED-ROAD-03343,شارع الجلاء,residential,6,Casuarina,كازوارينا,نوع طريق ضيق/سكني (residential) — تم اختيار كازوارينا (Casuarina) لانخفاض مخاطر الجذور وصغر حجم المظلة المناسب لعرض الطريق.,3000.0,56.94,44.92,12.02
KED-ROAD-02533,شارع الجرجاوى,residential,6,Casuarina,كازوارينا,نوع طريق ضيق/سكني (residential) — تم اختيار كازوارينا (Casuarina) لانخفاض مخاطر الجذور وصغر حجم المظلة المناسب لعرض الطريق.,3000.0,58.5,46.52,11.99
KED-ROAD-02532,شارع الجرجاوى,residential,6,Casuarina,كازوارينا,نوع طريق ضيق/سكني (residential) — تم اختيار كازوارينا (Casuarina) لانخفاض مخاطر الجذور وصغر حجم المظلة المناسب لعرض الطريق.,3000.0,58.5,46.52,11.99
KED-ROAD-03771,شارع عمر افندى,residential,6,Casuarina,كازوارينا,نوع طريق ضيق/سكني (residential) — تم اختيار كازوارينا (Casuarina) لانخفاض مخاطر الجذور وصغر حجم المظلة المناسب لعرض الطريق.,3000.0,55.06,43.07,11.99
KED-ROAD-03354,شارع الكنيسه,residential,6,Casuarina,كازوارينا,نوع طريق ضيق/سكني (residential) — تم اختيار كازوارينا (Casuarina) لانخفاض مخاطر الجذور وصغر حجم المظلة المناسب لعرض الطريق.,3000.0,60.13,48.13,12.0
KED-ROAD-05068,شارع الجزايرلي,residential,6,Casuarina,كازوارينا,نوع طريق ضيق/سكني (residential) — تم اختيار كازوارينا (Casuarina) لانخفاض مخاطر الجذور وصغر حجم المظلة المناسب لعرض الطريق.,3000.0,55.6,43.61,11.99
KED-ROAD-05067,شارع الجزايرلي,residential,6,Casuarina,كازوارينا,نوع طريق ضيق/سكني (residential) — تم اختيار كازوارينا (Casuarina) لانخفاض مخاطر الجذور وصغر حجم المظلة المناسب لعرض الطريق.,3000.0,55.6,43.61,11.99
KED-ROAD-05064,شارع المستقبل,residential,6,Casuarina,كازوارينا,نوع طريق ضيق/سكني (residential) — تم اختيار كازوارينا (Casuarina) لانخفاض مخاطر الجذور وصغر حجم المظلة المناسب لعرض الطريق.,3000.0,54.15,42.16,11.99
KED-ROAD-05063,شارع المستقبل,residential,6,Casuarina,كازوارينا,نوع طريق ضيق/سكني (residential) — تم اختيار كازوارينا (Casuarina) لانخفاض مخاطر الجذور وصغر حجم المظلة المناسب لعرض الطريق.,3000.0,54.15,42.16,11.99
KED-ROAD-00654,شارع الوقار,residential,6,Casuarina,كازوارينا,نوع طريق ضيق/سكني (residential) — تم اختيار كازوارينا (Casuarina) لانخفاض مخاطر الجذور وصغر حجم المظلة المناسب لعرض الطريق.,3000.0,56.31,44.32,11.99
KED-ROAD-00653,شارع الوقار,residential,6,Casuarina,كازوارينا,نوع طريق ضيق/سكني (residential) — تم اختيار كازوارينا (Casuarina) لانخفاض مخاطر الجذور وصغر حجم المظلة المناسب لعرض الطريق.,3000.0,56.31,44.32,11.99
KED-ROAD-05370,شارع 5,residential,6,Casuarina,كازوارينا,نوع طريق ضيق/سكني (residential) — تم اختيار كازوارينا (Casuarina) لانخفاض مخاطر الجذور وصغر حجم المظلة المناسب لعرض الطريق.,3000.0,59.29,47.3,11.99
KED-ROAD-05369,شارع 5,residential,6,Casuarina,كازوارينا,نوع طريق ضيق/سكني (residential) — تم اختيار كازوارينا (Casuarina) لانخفاض مخاطر الجذور وصغر حجم المظلة المناسب لعرض الطريق.,3000.0,59.29,47.3,11.99
KED-ROAD-02713,شارع الشافعى,residential,6,Casuarina,كازوارينا,نوع طريق ضيق/سكني (residential) — تم اختيار كازوارينا (Casuarina) لانخفاض مخاطر الجذور وصغر حجم المظلة المناسب لعرض الطريق.,3000.0,59.01,47.03,11.99
KED-ROAD-02712,شارع الشافعى,residential,6,Casuarina,كازوارينا,نوع طريق ضيق/سكني (residential) — تم اختيار كازوارينا (Casuarina) لانخفاض مخاطر الجذور وصغر حجم المظلة المناسب لعرض الطريق.,3000.0,59.01,47.03,11.99
KED-ROAD-02590,شارع الشهيد احمد مبروك,residential,6,Casuarina,كازوارينا,نوع طريق ضيق/سكني (residential) — تم اختيار كازوارينا (Casuarina) لانخفاض مخاطر الجذور وصغر حجم المظلة المناسب لعرض الطريق.,3000.0,58.21,46.22,11.99
KED-ROAD-00616,عطفه المأمون,residential,6,Casuarina,كازوارينا,نوع طريق ضيق/سكني (residential) — تم اختيار كازوارينا (Casuarina) لانخفاض مخاطر الجذور وصغر حجم المظلة المناسب لعرض الطريق.,3000.0,55.43,43.43,12.0
KED-ROAD-00615,عطفه المأمون,residential,6,Casuarina,كازوارينا,نوع طريق ضيق/سكني (residential) — تم اختيار كازوارينا (Casuarina) لانخفاض مخاطر الجذور وصغر حجم المظلة المناسب لعرض الطريق.,3000.0,55.43,43.43,12.0
KED-ROAD-00614,شارع الجنة,residential,6,Casuarina,كازوارينا,نوع طريق ضيق/سكني (residential) — تم اختيار كازوارينا (Casuarina) لانخفاض مخاطر الجذور وصغر حجم المظلة المناسب لعرض الطريق.,3000.0,54.5,42.51,11.99
KED-ROAD-05076,شارع يونس عبد العظيم,residential,6,Casuarina,كازوارينا,نوع طريق ضيق/سكني (residential) — تم اختيار كازوارينا (Casuarina) لانخفاض مخاطر الجذور وصغر حجم المظلة المناسب لعرض الطريق.,3000.0,59.3,47.32,11.99
KED-ROAD-05075,شارع يونس عبد العظيم,residential,6,Casuarina,كازوارينا,نوع طريق ضيق/سكني (residential) — تم اختيار كازوارينا (Casuarina) لانخفاض مخاطر الجذور وصغر حجم المظلة المناسب لعرض الطريق.,3000.0,59.3,47.32,11.99
KED-ROAD-03353,شارع الكنيسه,residential,6,Casuarina,كازوارينا,نوع طريق ضيق/سكني (residential) — تم اختيار كازوارينا (Casuarina) لانخفاض مخاطر الجذور وصغر حجم المظلة المناسب لعرض الطريق.,3000.0,60.13,48.13,12.0
KED-ROAD-03352,شارع الشهيد احمد كامل,residential,6,Casuarina,كازوارينا,نوع طريق ضيق/سكني (residential) — تم اختيار كازوارينا (Casuarina) لانخفاض مخاطر الجذور وصغر حجم المظلة المناسب لعرض الطريق.,3000.0,57.1,45.1,12.0
KED-ROAD-03351,شارع الشهيد احمد كامل,residential,6,Casuarina,كازوارينا,نوع طريق ضيق/سكني (residential) — تم اختيار كازوارينا (Casuarina) لانخفاض مخاطر الجذور وصغر حجم المظلة المناسب لعرض الطريق.,3000.0,57.1,45.1,12.0
KED-ROAD-03346,شارع الاقصر,residential,6,Casuarina,كازوارينا,نوع طريق ضيق/سكني (residential) — تم اختيار كازوارينا (Casuarina) لانخفاض مخاطر الجذور وصغر حجم المظلة المناسب لعرض الطريق.,3000.0,59.63,47.64,11.99
KED-ROAD-03345,شارع الاقصر,residential,6,Casuarina,كازوارينا,نوع طريق ضيق/سكني (residential) — تم اختيار كازوارينا (Casuarina) لانخفاض مخاطر الجذور وصغر حجم المظلة المناسب لعرض الطريق.,3000.0,59.63,47.64,11.99
KED-ROAD-03344,شارع الجلاء,residential,6,Casuarina,كازوارينا,نوع طريق ضيق/سكني (residential) — تم اختيار كازوارينا (Casuarina) لانخفاض مخاطر الجذور وصغر حجم المظلة المناسب لعرض الطريق.,3000.0,56.94,44.92,12.02
KED-ROAD-03360,شارع الكنيسه,residential,6,Casuarina,كازوارينا,نوع طريق ضيق/سكني (residential) — تم اختيار كازوارينا (Casuarina) لانخفاض مخاطر الجذور وصغر حجم المظلة المناسب لعرض الطريق.,3000.0,58.41,46.41,12.0
KED-ROAD-03359,شارع الكنيسه,residential,6,Casuarina,كازوارينا,نوع طريق ضيق/سكني (residential) — تم اختيار كازوارينا (Casuarina) لانخفاض مخاطر الجذور وصغر حجم المظلة المناسب لعرض الطريق.,3000.0,58.41,46.41,12.0
KED-ROAD-04481,شارع الاداره الصحيه,residential,6,Casuarina,كازوارينا,نوع طريق ضيق/سكني (residential) — تم اختيار كازوارينا (Casuarina) لانخفاض مخاطر الجذور وصغر حجم المظلة المناسب لعرض الطريق.,3000.0,54.38,42.38,12.0
KED-ROAD-04480,شارع الاداره الصحيه,residential,6,Casuarina,كازوارينا,نوع طريق ضيق/سكني (residential) — تم اختيار كازوارينا (Casuarina) لانخفاض مخاطر الجذور وصغر حجم المظلة المناسب لعرض الطريق.,3000.0,54.38,42.38,12.0
KED-ROAD-02675,شارع الاتحاد,residential,6,Casuarina,كازوارينا,نوع طريق ضيق/سكني (residential) — تم اختيار كازوارينا (Casuarina) لانخفاض مخاطر الجذور وصغر حجم المظلة المناسب لعرض الطريق.,3000.0,58.85,46.87,11.99
KED-ROAD-02674,شارع الاتحاد,residential,6,Casuarina,كازوارينا,نوع طريق ضيق/سكني (residential) — تم اختيار كازوارينا (Casuarina) لانخفاض مخاطر الجذور وصغر حجم المظلة المناسب لعرض الطريق.,3000.0,58.85,46.87,11.99
KED-ROAD-02711,شارع محمد ذكى,residential,6,Casuarina,كازوارينا,نوع طريق ضيق/سكني (residential) — تم اختيار كازوارينا (Casuarina) لانخفاض مخاطر الجذور وصغر حجم المظلة المناسب لعرض الطريق.,3000.0,60.51,48.52,11.99
KED-ROAD-02705,شارع الجلاء,residential,6,Casuarina,كازوارينا,نوع طريق ضيق/سكني (residential) — تم اختيار كازوارينا (Casuarina) لانخفاض مخاطر الجذور وصغر حجم المظلة المناسب لعرض الطريق.,3000.0,56.92,44.93,11.99
KED-ROAD-02704,شارع الجلاء,residential,6,Casuarina,كازوارينا,نوع طريق ضيق/سكني (residential) — تم اختيار كازوارينا (Casuarina) لانخفاض مخاطر الجذور وصغر حجم المظلة المناسب لعرض الطريق.,3000.0,56.92,44.93,11.99
KED-ROAD-02701,شارع احمد جبريل,residential,6,Casuarina,كازوارينا,نوع طريق ضيق/سكني (residential) — تم اختيار كازوارينا (Casuarina) لانخفاض مخاطر الجذور وصغر حجم المظلة المناسب لعرض الطريق.,3000.0,57.93,45.94,11.99
KED-ROAD-05333,شارع احمد كامل,residential,6,Casuarina,كازوارينا,نوع طريق ضيق/سكني (residential) — تم اختيار كازوارينا (Casuarina) لانخفاض مخاطر الجذور وصغر حجم المظلة المناسب لعرض الطريق.,3000.0,56.07,44.08,11.99
KED-ROAD-05332,شارع احمد كامل,residential,6,Casuarina,كازوارينا,نوع طريق ضيق/سكني (residential) — تم اختيار كازوارينا (Casuarina) لانخفاض مخاطر الجذور وصغر حجم المظلة المناسب لعرض الطريق.,3000.0,56.07,44.08,11.99
KED-ROAD-04619,شارع خلف المساكن,residential,6,Casuarina,كازوارينا,نوع طريق ضيق/سكني (residential) — تم اختيار كازوارينا (Casuarina) لانخفاض مخاطر الجذور وصغر حجم المظلة المناسب لعرض الطريق.,3000.0,54.09,42.09,12.0
KED-ROAD-04618,شارع خلف المساكن,residential,6,Casuarina,كازوارينا,نوع طريق ضيق/سكني (residential) — تم اختيار كازوارينا (Casuarina) لانخفاض مخاطر الجذور وصغر حجم المظلة المناسب لعرض الطريق.,3000.0,54.09,42.09,12.0
KED-ROAD-04612,شارع خلف المساكن,residential,6,Casuarina,كازوارينا,نوع طريق ضيق/سكني (residential) — تم اختيار كازوارينا (Casuarina) لانخفاض مخاطر الجذور وصغر حجم المظلة المناسب لعرض الطريق.,3000.0,54.45,42.46,12.0
KED-ROAD-01429,شارع ابو هرجه,residential,6,Casuarina,كازوارينا,نوع طريق ضيق/سكني (residential) — تم اختيار كازوارينا (Casuarina) لانخفاض مخاطر الجذور وصغر حجم المظلة المناسب لعرض الطريق.,3000.0,59.38,47.39,11.99
KED-ROAD-01428,شارع ابو هرجه,residential,6,Casuarina,كازوارينا,نوع طريق ضيق/سكني (residential) — تم اختيار كازوارينا (Casuarina) لانخفاض مخاطر الجذور وصغر حجم المظلة المناسب لعرض الطريق.,3000.0,59.38,47.39,11.99
KED-ROAD-04495,شارع مؤسسه الكهرباء,residential,6,Casuarina,كازوارينا,نوع طريق ضيق/سكني (residential) — تم اختيار كازوارينا (Casuarina) لانخفاض مخاطر الجذور وصغر حجم المظلة المناسب لعرض الطريق.,3000.0,58.64,46.64,11.99
KED-ROAD-04494,شارع مؤسسه الكهرباء,residential,6,Casuarina,كازوارينا,نوع طريق ضيق/سكني (residential) — تم اختيار كازوارينا (Casuarina) لانخفاض مخاطر الجذور وصغر حجم المظلة المناسب لعرض الطريق.,3000.0,58.64,46.64,11.99
KED-ROAD-01453,شارع المنايفة,residential,6,Casuarina,كازوارينا,نوع طريق ضيق/سكني (residential) — تم اختيار كازوارينا (Casuarina) لانخفاض مخاطر الجذور وصغر حجم المظلة المناسب لعرض الطريق.,3000.0,58.79,46.8,11.99
KED-ROAD-01452,شارع المنايفة,residential,6,Casuarina,كازوارينا,نوع طريق ضيق/سكني (residential) — تم اختيار كازوارينا (Casuarina) لانخفاض مخاطر الجذور وصغر حجم المظلة المناسب لعرض الطريق.,3000.0,58.79,46.8,11.99
KED-ROAD-04509,شارع مسجد ابو الحمد,residential,6,Casuarina,كازوارينا,نوع طريق ضيق/سكني (residential) — تم اختيار كازوارينا (Casuarina) لانخفاض مخاطر الجذور وصغر حجم المظلة المناسب لعرض الطريق.,3000.0,58.14,46.15,12.0
KED-ROAD-04879,شارع صلاح سالم,residential,6,Casuarina,كازوارينا,نوع طريق ضيق/سكني (residential) — تم اختيار كازوارينا (Casuarina) لانخفاض مخاطر الجذور وصغر حجم المظلة المناسب لعرض الطريق.,3000.0,55.04,43.04,12.0
KED-ROAD-04878,شارع صلاح سالم,residential,6,Casuarina,كازوارينا,نوع طريق ضيق/سكني (residential) — تم اختيار كازوارينا (Casuarina) لانخفاض مخاطر الجذور وصغر حجم المظلة المناسب لعرض الطريق.,3000.0,55.04,43.04,12.0
KED-ROAD-03538,شارع المجاهدين,residential,6,Casuarina,كازوارينا,نوع طريق ضيق/سكني (residential) — تم اختيار كازوارينا (Casuarina) لانخفاض مخاطر الجذور وصغر حجم المظلة المناسب لعرض الطريق.,3000.0,60.51,48.51,11.99
KED-ROAD-03537,شارع المجاهدين,residential,6,Casuarina,كازوارينا,نوع طريق ضيق/سكني (residential) — تم اختيار كازوارينا (Casuarina) لانخفاض مخاطر الجذور وصغر حجم المظلة المناسب لعرض الطريق.,3000.0,60.51,48.51,11.99
KED-ROAD-03536,شارع لواء الاسلام,residential,6,Casuarina,كازوارينا,نوع طريق ضيق/سكني (residential) — تم اختيار كازوارينا (Casuarina) لانخفاض مخاطر الجذور وصغر حجم المظلة المناسب لعرض الطريق.,3000.0,59.86,47.88,11.99
KED-ROAD-03207,شارع 26 يوليو,residential,6,Casuarina,كازوارينا,نوع طريق ضيق/سكني (residential) — تم اختيار كازوارينا (Casuarina) لانخفاض مخاطر الجذور وصغر حجم المظلة المناسب لعرض الطريق.,3000.0,57.48,45.5,11.99
KED-ROAD-04871,شارع مبره محمد على,residential,6,Casuarina,كازوارينا,نوع طريق ضيق/سكني (residential) — تم اختيار كازوارينا (Casuarina) لانخفاض مخاطر الجذور وصغر حجم المظلة المناسب لعرض الطريق.,3000.0,55.03,43.05,11.99
KED-ROAD-04870,شارع مبره محمد على,residential,6,Casuarina,كازوارينا,نوع طريق ضيق/سكني (residential) — تم اختيار كازوارينا (Casuarina) لانخفاض مخاطر الجذور وصغر حجم المظلة المناسب لعرض الطريق.,3000.0,55.03,43.05,11.99
KED-ROAD-04869,شارع مبره محمد على,residential,6,Casuarina,كازوارينا,نوع طريق ضيق/سكني (residential) — تم اختيار كازوارينا (Casuarina) لانخفاض مخاطر الجذور وصغر حجم المظلة المناسب لعرض الطريق.,3000.0,54.16,42.17,11.99
KED-ROAD-04868,شارع مبره محمد على,residential,6,Casuarina,كازوارينا,نوع طريق ضيق/سكني (residential) — تم اختيار كازوارينا (Casuarina) لانخفاض مخاطر الجذور وصغر حجم المظلة المناسب لعرض الطريق.,3000.0,54.16,42.17,11.99
KED-ROAD-03567,شارع لواء الاسلام,residential,6,Casuarina,كازوارينا,نوع طريق ضيق/سكني (residential) — تم اختيار كازوارينا (Casuarina) لانخفاض مخاطر الجذور وصغر حجم المظلة المناسب لعرض الطريق.,3000.0,58.82,46.83,11.99
KED-ROAD-03545,شارع الشهيد حسنى كامل,residential,6,Casuarina,كازوارينا,نوع طريق ضيق/سكني (residential) — تم اختيار كازوارينا (Casuarina) لانخفاض مخاطر الجذور وصغر حجم المظلة المناسب لعرض الطريق.,3000.0,57.39,45.4,11.99
KED-ROAD-03544,شارع الشهيد حسنى كامل,residential,6,Casuarina,كازوارينا,نوع طريق ضيق/سكني (residential) — تم اختيار كازوارينا (Casuarina) لانخفاض مخاطر الجذور وصغر حجم المظلة المناسب لعرض الطريق.,3000.0,57.39,45.4,11.99
KED-ROAD-03526,شارع ابن سينا,residential,6,Casuarina,كازوارينا,نوع طريق ضيق/سكني (residential) — تم اختيار كازوارينا (Casuarina) لانخفاض مخاطر الجذور وصغر حجم المظلة المناسب لعرض الطريق.,3000.0,58.92,46.93,11.99
KED-ROAD-04508,شارع مسجد ابو الحمد,residential,6,Casuarina,كازوارينا,نوع طريق ضيق/سكني (residential) — تم اختيار كازوارينا (Casuarina) لانخفاض مخاطر الجذور وصغر حجم المظلة المناسب لعرض الطريق.,3000.0,58.14,46.15,12.0
KED-ROAD-04507,شارع اللواء محمود ابراهيم الكومى,residential,6,Casuarina,كازوارينا,نوع طريق ضيق/سكني (residential) — تم اختيار كازوارينا (Casuarina) لانخفاض مخاطر الجذور وصغر حجم المظلة المناسب لعرض الطريق.,3000.0,55.07,43.07,12.0
KED-ROAD-04506,شارع اللواء محمود ابراهيم الكومى,residential,6,Casuarina,كازوارينا,نوع طريق ضيق/سكني (residential) — تم اختيار كازوارينا (Casuarina) لانخفاض مخاطر الجذور وصغر حجم المظلة المناسب لعرض الطريق.,3000.0,55.07,43.07,12.0
KED-ROAD-04505,شارع المصري,residential,6,Casuarina,كازوارينا,نوع طريق ضيق/سكني (residential) — تم اختيار كازوارينا (Casuarina) لانخفاض مخاطر الجذور وصغر حجم المظلة المناسب لعرض الطريق.,3000.0,58.16,46.17,12.0
KED-ROAD-04504,شارع المصري,residential,6,Casuarina,كازوارينا,نوع طريق ضيق/سكني (residential) — تم اختيار كازوارينا (Casuarina) لانخفاض مخاطر الجذور وصغر حجم المظلة المناسب لعرض الطريق.,3000.0,58.16,46.17,12.0
KED-ROAD-05368,شارع 4,residential,6,Casuarina,كازوارينا,نوع طريق ضيق/سكني (residential) — تم اختيار كازوارينا (Casuarina) لانخفاض مخاطر الجذور وصغر حجم المظلة المناسب لعرض الطريق.,3000.0,59.34,47.35,11.99
KED-ROAD-05367,شارع 4,residential,6,Casuarina,كازوارينا,نوع طريق ضيق/سكني (residential) — تم اختيار كازوارينا (Casuarina) لانخفاض مخاطر الجذور وصغر حجم المظلة المناسب لعرض الطريق.,3000.0,59.34,47.35,11.99
KED-ROAD-05364,شارع 3,residential,6,Casuarina,كازوارينا,نوع طريق ضيق/سكني (residential) — تم اختيار كازوارينا (Casuarina) لانخفاض مخاطر الجذور وصغر حجم المظلة المناسب لعرض الطريق.,3000.0,59.22,47.23,11.99
KED-ROAD-05363,شارع 3,residential,6,Casuarina,كازوارينا,نوع طريق ضيق/سكني (residential) — تم اختيار كازوارينا (Casuarina) لانخفاض مخاطر الجذور وصغر حجم المظلة المناسب لعرض الطريق.,3000.0,59.22,47.23,11.99
KED-ROAD-05357,شارع 52,residential,6,Casuarina,كازوارينا,نوع طريق ضيق/سكني (residential) — تم اختيار كازوارينا (Casuarina) لانخفاض مخاطر الجذور وصغر حجم المظلة المناسب لعرض الطريق.,3000.0,59.5,47.51,11.99
KED-ROAD-05377,شارع 53,residential,6,Casuarina,كازوارينا,نوع طريق ضيق/سكني (residential) — تم اختيار كازوارينا (Casuarina) لانخفاض مخاطر الجذور وصغر حجم المظلة المناسب لعرض الطريق.,3000.0,59.55,47.55,11.99
KED-ROAD-05376,شارع 53,residential,6,Casuarina,كازوارينا,نوع طريق ضيق/سكني (residential) — تم اختيار كازوارينا (Casuarina) لانخفاض مخاطر الجذور وصغر حجم المظلة المناسب لعرض الطريق.,3000.0,59.55,47.55,11.99
KED-ROAD-05371,شارع 6,residential,6,Casuarina,كازوارينا,نوع طريق ضيق/سكني (residential) — تم اختيار كازوارينا (Casuarina) لانخفاض مخاطر الجذور وصغر حجم المظلة المناسب لعرض الطريق.,3000.0,59.44,47.45,12.0
KED-ROAD-03364,شارع الاقصر,residential,6,Casuarina,كازوارينا,نوع طريق ضيق/سكني (residential) — تم اختيار كازوارينا (Casuarina) لانخفاض مخاطر الجذور وصغر حجم المظلة المناسب لعرض الطريق.,3000.0,57.68,45.69,11.99
KED-ROAD-00111,شارع المدينه المنورة,residential,6,Casuarina,كازوارينا,نوع طريق ضيق/سكني (residential) — تم اختيار كازوارينا (Casuarina) لانخفاض مخاطر الجذور وصغر حجم المظلة المناسب لعرض الطريق.,3000.0,57.38,45.39,11.99
KED-ROAD-03365,شارع الشهيد احمد كامل,residential,6,Casuarina,كازوارينا,نوع طريق ضيق/سكني (residential) — تم اختيار كازوارينا (Casuarina) لانخفاض مخاطر الجذور وصغر حجم المظلة المناسب لعرض الطريق.,3000.0,57.85,45.85,12.0
KED-ROAD-05089,الطريق الدولي,tertiary,5,Neem,نيم,نوع طريق رئيسي/متوسط (tertiary) — تم اختيار نيم (Neem) لأعلى توافق موثّق (تحمل حراري مرتفع، احتياج مائي منخفض، ملاءمة عالية للطرق).,2500.0,56.19,44.2,11.99
KED-ROAD-00563,شارع 50,residential,5,Casuarina,كازوارينا,نوع طريق ضيق/سكني (residential) — تم اختيار كازوارينا (Casuarina) لانخفاض مخاطر الجذور وصغر حجم المظلة المناسب لعرض الطريق.,2500.0,58.67,40.88,17.78
KED-ROAD-00047,طريق ترعه السعرانية,secondary,5,Neem,نيم,نوع طريق رئيسي/متوسط (secondary) — تم اختيار نيم (Neem) لأعلى توافق موثّق (تحمل حراري مرتفع، احتياج مائي منخفض، ملاءمة عالية للطرق).,2500.0,59.38,47.39,11.99
KED-ROAD-00048,طريق ترعه السعرانية,secondary,5,Neem,نيم,نوع طريق رئيسي/متوسط (secondary) — تم اختيار نيم (Neem) لأعلى توافق موثّق (تحمل حراري مرتفع، احتياج مائي منخفض، ملاءمة عالية للطرق).,2500.0,59.38,47.39,11.99
KED-ROAD-00034,شارع 7,residential,5,Casuarina,كازوارينا,نوع طريق ضيق/سكني (residential) — تم اختيار كازوارينا (Casuarina) لانخفاض مخاطر الجذور وصغر حجم المظلة المناسب لعرض الطريق.,2500.0,49.24,37.26,11.99
KED-ROAD-06407,شارع محمد انور السادات,residential,5,Casuarina,كازوارينا,نوع طريق ضيق/سكني (residential) — تم اختيار كازوارينا (Casuarina) لانخفاض مخاطر الجذور وصغر حجم المظلة المناسب لعرض الطريق.,2500.0,49.04,37.04,11.99
KED-ROAD-06408,شارع محمد انور السادات,residential,5,Casuarina,كازوارينا,نوع طريق ضيق/سكني (residential) — تم اختيار كازوارينا (Casuarina) لانخفاض مخاطر الجذور وصغر حجم المظلة المناسب لعرض الطريق.,2500.0,49.04,37.04,11.99
KED-ROAD-06415,شارع عمرو بن العاص,residential,5,Casuarina,كازوارينا,نوع طريق ضيق/سكني (residential) — تم اختيار كازوارينا (Casuarina) لانخفاض مخاطر الجذور وصغر حجم المظلة المناسب لعرض الطريق.,2500.0,48.55,36.55,11.99
KED-ROAD-06416,شارع عمرو بن العاص,residential,5,Casuarina,كازوارينا,نوع طريق ضيق/سكني (residential) — تم اختيار كازوارينا (Casuarina) لانخفاض مخاطر الجذور وصغر حجم المظلة المناسب لعرض الطريق.,2500.0,48.55,36.55,11.99
KED-ROAD-06447,شارع محمد انور السادات,residential,5,Casuarina,كازوارينا,نوع طريق ضيق/سكني (residential) — تم اختيار كازوارينا (Casuarina) لانخفاض مخاطر الجذور وصغر حجم المظلة المناسب لعرض الطريق.,2500.0,48.25,36.25,11.99
KED-ROAD-00049,"طريق كفر الدوار, ابو المطامير",secondary,5,Neem,نيم,نوع طريق رئيسي/متوسط (secondary) — تم اختيار نيم (Neem) لأعلى توافق موثّق (تحمل حراري مرتفع، احتياج مائي منخفض، ملاءمة عالية للطرق).,2500.0,58.01,46.02,11.99
KED-ROAD-00050,"طريق كفر الدوار, ابو المطامير",secondary,5,Neem,نيم,نوع طريق رئيسي/متوسط (secondary) — تم اختيار نيم (Neem) لأعلى توافق موثّق (تحمل حراري مرتفع، احتياج مائي منخفض، ملاءمة عالية للطرق).,2500.0,58.01,46.02,11.99
KED-ROAD-01472,شارع الماسوره,residential,5,Casuarina,كازوارينا,نوع طريق ضيق/سكني (residential) — تم اختيار كازوارينا (Casuarina) لانخفاض مخاطر الجذور وصغر حجم المظلة المناسب لعرض الطريق.,2500.0,50.15,38.13,12.02
KED-ROAD-01473,شارع الماسوره,residential,5,Casuarina,كازوارينا,نوع طريق ضيق/سكني (residential) — تم اختيار كازوارينا (Casuarina) لانخفاض مخاطر الجذور وصغر حجم المظلة المناسب لعرض الطريق.,2500.0,50.15,38.13,12.02
KED-ROAD-02638,شارع النقيب,residential,5,Casuarina,كازوارينا,نوع طريق ضيق/سكني (residential) — تم اختيار كازوارينا (Casuarina) لانخفاض مخاطر الجذور وصغر حجم المظلة المناسب لعرض الطريق.,2500.0,53.59,41.59,12.0
KED-ROAD-02639,شارع النقيب,residential,5,Casuarina,كازوارينا,نوع طريق ضيق/سكني (residential) — تم اختيار كازوارينا (Casuarina) لانخفاض مخاطر الجذور وصغر حجم المظلة المناسب لعرض الطريق.,2500.0,53.59,41.59,12.0
KED-ROAD-02642,شارع رياض صقر,residential,5,Casuarina,كازوارينا,نوع طريق ضيق/سكني (residential) — تم اختيار كازوارينا (Casuarina) لانخفاض مخاطر الجذور وصغر حجم المظلة المناسب لعرض الطريق.,2500.0,52.8,40.81,11.99
KED-ROAD-02643,شارع رياض صقر,residential,5,Casuarina,كازوارينا,نوع طريق ضيق/سكني (residential) — تم اختيار كازوارينا (Casuarina) لانخفاض مخاطر الجذور وصغر حجم المظلة المناسب لعرض الطريق.,2500.0,52.8,40.81,11.99
KED-ROAD-02648,شارع ناشد,residential,5,Casuarina,كازوارينا,نوع طريق ضيق/سكني (residential) — تم اختيار كازوارينا (Casuarina) لانخفاض مخاطر الجذور وصغر حجم المظلة المناسب لعرض الطريق.,2500.0,51.7,39.72,11.99
KED-ROAD-02649,شارع ناشد,residential,5,Casuarina,كازوارينا,نوع طريق ضيق/سكني (residential) — تم اختيار كازوارينا (Casuarina) لانخفاض مخاطر الجذور وصغر حجم المظلة المناسب لعرض الطريق.,2500.0,51.7,39.72,11.99
KED-ROAD-02650,شارع الاتحاد,residential,5,Casuarina,كازوارينا,نوع طريق ضيق/سكني (residential) — تم اختيار كازوارينا (Casuarina) لانخفاض مخاطر الجذور وصغر حجم المظلة المناسب لعرض الطريق.,2500.0,53.47,41.48,11.99
KED-ROAD-05358,شارع 53,residential,5,Casuarina,كازوارينا,نوع طريق ضيق/سكني (residential) — تم اختيار كازوارينا (Casuarina) لانخفاض مخاطر الجذور وصغر حجم المظلة المناسب لعرض الطريق.,2500.0,53.94,41.95,11.99
KED-ROAD-05359,شارع 53,residential,5,Casuarina,كازوارينا,نوع طريق ضيق/سكني (residential) — تم اختيار كازوارينا (Casuarina) لانخفاض مخاطر الجذور وصغر حجم المظلة المناسب لعرض الطريق.,2500.0,53.94,41.95,11.99
KED-ROAD-03736,شارع التأمين الصحى,residential,5,Casuarina,كازوارينا,نوع طريق ضيق/سكني (residential) — تم اختيار كازوارينا (Casuarina) لانخفاض مخاطر الجذور وصغر حجم المظلة المناسب لعرض الطريق.,2500.0,53.77,41.78,11.99
KED-ROAD-04502,شارع اللواء محمود ابراهيم الكومى,residential,5,Casuarina,كازوارينا,نوع طريق ضيق/سكني (residential) — تم اختيار كازوارينا (Casuarina) لانخفاض مخاطر الجذور وصغر حجم المظلة المناسب لعرض الطريق.,2500.0,53.52,41.52,12.0
KED-ROAD-04503,شارع اللواء محمود ابراهيم الكومى,residential,5,Casuarina,كازوارينا,نوع طريق ضيق/سكني (residential) — تم اختيار كازوارينا (Casuarina) لانخفاض مخاطر الجذور وصغر حجم المظلة المناسب لعرض الطريق.,2500.0,53.52,41.52,12.0
KED-ROAD-04602,شارع مساكن الغزل,residential,5,Casuarina,كازوارينا,نوع طريق ضيق/سكني (residential) — تم اختيار كازوارينا (Casuarina) لانخفاض مخاطر الجذور وصغر حجم المظلة المناسب لعرض الطريق.,2500.0,53.27,41.27,12.0
KED-ROAD-04623,شارع مساكن الغزل,residential,5,Casuarina,كازوارينا,نوع طريق ضيق/سكني (residential) — تم اختيار كازوارينا (Casuarina) لانخفاض مخاطر الجذور وصغر حجم المظلة المناسب لعرض الطريق.,2500.0,53.27,41.27,12.0
KED-ROAD-04628,شارع مساكن الغزل,residential,5,Casuarina,كازوارينا,نوع طريق ضيق/سكني (residential) — تم اختيار كازوارينا (Casuarina) لانخفاض مخاطر الجذور وصغر حجم المظلة المناسب لعرض الطريق.,2500.0,52.43,40.43,12.0
KED-ROAD-04629,شارع مساكن الغزل,residential,5,Casuarina,كازوارينا,نوع طريق ضيق/سكني (residential) — تم اختيار كازوارينا (Casuarina) لانخفاض مخاطر الجذور وصغر حجم المظلة المناسب لعرض الطريق.,2500.0,52.43,40.43,12.0
KED-ROAD-02685,شارع المهلج,residential,5,Casuarina,كازوارينا,نوع طريق ضيق/سكني (residential) — تم اختيار كازوارينا (Casuarina) لانخفاض مخاطر الجذور وصغر حجم المظلة المناسب لعرض الطريق.,2500.0,49.93,37.94,11.99
KED-ROAD-02686,شارع المهلج,residential,5,Casuarina,كازوارينا,نوع طريق ضيق/سكني (residential) — تم اختيار كازوارينا (Casuarina) لانخفاض مخاطر الجذور وصغر حجم المظلة المناسب لعرض الطريق.,2500.0,48.93,36.95,11.99
KED-ROAD-02687,شارع المهلج,residential,5,Casuarina,كازوارينا,نوع طريق ضيق/سكني (residential) — تم اختيار كازوارينا (Casuarina) لانخفاض مخاطر الجذور وصغر حجم المظلة المناسب لعرض الطريق.,2500.0,48.93,36.95,11.99
KED-ROAD-02671,شارع الاتحاد,residential,5,Casuarina,كازوارينا,نوع طريق ضيق/سكني (residential) — تم اختيار كازوارينا (Casuarina) لانخفاض مخاطر الجذور وصغر حجم المظلة المناسب لعرض الطريق.,2500.0,53.47,41.48,11.99
KED-ROAD-03735,شارع التأمين الصحى,residential,5,Casuarina,كازوارينا,نوع طريق ضيق/سكني (residential) — تم اختيار كازوارينا (Casuarina) لانخفاض مخاطر الجذور وصغر حجم المظلة المناسب لعرض الطريق.,2500.0,53.77,41.78,11.99
KED-ROAD-02684,شارع المهلج,residential,5,Casuarina,كازوارينا,نوع طريق ضيق/سكني (residential) — تم اختيار كازوارينا (Casuarina) لانخفاض مخاطر الجذور وصغر حجم المظلة المناسب لعرض الطريق.,2500.0,49.93,37.94,11.99
KED-ROAD-04451,شارع عبد المنعم,residential,5,Casuarina,كازوارينا,نوع طريق ضيق/سكني (residential) — تم اختيار كازوارينا (Casuarina) لانخفاض مخاطر الجذور وصغر حجم المظلة المناسب لعرض الطريق.,2500.0,47.39,35.4,11.99
KED-ROAD-04452,شارع عبد المنعم,residential,5,Casuarina,كازوارينا,نوع طريق ضيق/سكني (residential) — تم اختيار كازوارينا (Casuarina) لانخفاض مخاطر الجذور وصغر حجم المظلة المناسب لعرض الطريق.,2500.0,47.39,35.4,11.99
KED-ROAD-03759,شارع عاطف سالم,residential,5,Casuarina,كازوارينا,نوع طريق ضيق/سكني (residential) — تم اختيار كازوارينا (Casuarina) لانخفاض مخاطر الجذور وصغر حجم المظلة المناسب لعرض الطريق.,2500.0,53.76,41.78,11.99
KED-ROAD-03730,شارع بورسعيد,secondary,5,Neem,نيم,نوع طريق رئيسي/متوسط (secondary) — تم اختيار نيم (Neem) لأعلى توافق موثّق (تحمل حراري مرتفع، احتياج مائي منخفض، ملاءمة عالية للطرق).,2500.0,54.57,42.59,11.99
KED-ROAD-01314,شارع المستشفى الشامله,residential,5,Casuarina,كازوارينا,نوع طريق ضيق/سكني (residential) — تم اختيار كازوارينا (Casuarina) لانخفاض مخاطر الجذور وصغر حجم المظلة المناسب لعرض الطريق.,2500.0,52.06,40.07,11.99
KED-ROAD-02727,شارع 21,residential,5,Casuarina,كازوارينا,نوع طريق ضيق/سكني (residential) — تم اختيار كازوارينا (Casuarina) لانخفاض مخاطر الجذور وصغر حجم المظلة المناسب لعرض الطريق.,2500.0,49.44,37.45,11.99
KED-ROAD-02728,شارع 21,residential,5,Casuarina,كازوارينا,نوع طريق ضيق/سكني (residential) — تم اختيار كازوارينا (Casuarina) لانخفاض مخاطر الجذور وصغر حجم المظلة المناسب لعرض الطريق.,2500.0,49.44,37.45,11.99
KED-ROAD-05312,شارع 57,residential,5,Casuarina,كازوارينا,نوع طريق ضيق/سكني (residential) — تم اختيار كازوارينا (Casuarina) لانخفاض مخاطر الجذور وصغر حجم المظلة المناسب لعرض الطريق.,2500.0,53.76,41.77,11.99
KED-ROAD-05328,شارع مسجد السلام,residential,5,Casuarina,كازوارينا,نوع طريق ضيق/سكني (residential) — تم اختيار كازوارينا (Casuarina) لانخفاض مخاطر الجذور وصغر حجم المظلة المناسب لعرض الطريق.,2500.0,51.44,39.44,11.99
KED-ROAD-05329,شارع مسجد السلام,residential,5,Casuarina,كازوارينا,نوع طريق ضيق/سكني (residential) — تم اختيار كازوارينا (Casuarina) لانخفاض مخاطر الجذور وصغر حجم المظلة المناسب لعرض الطريق.,2500.0,51.44,39.44,11.99
KED-ROAD-00185,عطفه المأمون,residential,5,Casuarina,كازوارينا,نوع طريق ضيق/سكني (residential) — تم اختيار كازوارينا (Casuarina) لانخفاض مخاطر الجذور وصغر حجم المظلة المناسب لعرض الطريق.,2500.0,49.65,37.66,12.0
KED-ROAD-00186,عطفه المأمون,residential,5,Casuarina,كازوارينا,نوع طريق ضيق/سكني (residential) — تم اختيار كازوارينا (Casuarina) لانخفاض مخاطر الجذور وصغر حجم المظلة المناسب لعرض الطريق.,2500.0,49.65,37.66,12.0
KED-ROAD-03729,شارع بورسعيد,secondary,5,Neem,نيم,نوع طريق رئيسي/متوسط (secondary) — تم اختيار نيم (Neem) لأعلى توافق موثّق (تحمل حراري مرتفع، احتياج مائي منخفض، ملاءمة عالية للطرق).,2500.0,54.57,42.59,11.99
KED-ROAD-03760,شارع عاطف سالم,residential,5,Casuarina,كازوارينا,نوع طريق ضيق/سكني (residential) — تم اختيار كازوارينا (Casuarina) لانخفاض مخاطر الجذور وصغر حجم المظلة المناسب لعرض الطريق.,2500.0,53.76,41.78,11.99
KED-ROAD-00233,شارع دشودي,residential,5,Casuarina,كازوارينا,نوع طريق ضيق/سكني (residential) — تم اختيار كازوارينا (Casuarina) لانخفاض مخاطر الجذور وصغر حجم المظلة المناسب لعرض الطريق.,2500.0,48.6,36.6,11.99
KED-ROAD-00234,شارع دشودي,residential,5,Casuarina,كازوارينا,نوع طريق ضيق/سكني (residential) — تم اختيار كازوارينا (Casuarina) لانخفاض مخاطر الجذور وصغر حجم المظلة المناسب لعرض الطريق.,2500.0,48.6,36.6,11.99
KED-ROAD-01579,شارع الحاج حسن سليمان,residential,5,Casuarina,كازوارينا,نوع طريق ضيق/سكني (residential) — تم اختيار كازوارينا (Casuarina) لانخفاض مخاطر الجذور وصغر حجم المظلة المناسب لعرض الطريق.,2500.0,52.88,40.9,11.99
KED-ROAD-01580,شارع الحاج حسن سليمان,residential,5,Casuarina,كازوارينا,نوع طريق ضيق/سكني (residential) — تم اختيار كازوارينا (Casuarina) لانخفاض مخاطر الجذور وصغر حجم المظلة المناسب لعرض الطريق.,2500.0,52.88,40.9,11.99
KED-ROAD-04668,شارع اللواء محمود ابراهيم الكومى,residential,5,Casuarina,كازوارينا,نوع طريق ضيق/سكني (residential) — تم اختيار كازوارينا (Casuarina) لانخفاض مخاطر الجذور وصغر حجم المظلة المناسب لعرض الطريق.,2500.0,49.96,37.97,12.0
KED-ROAD-04669,شارع اللواء محمود ابراهيم الكومى,residential,5,Casuarina,كازوارينا,نوع طريق ضيق/سكني (residential) — تم اختيار كازوارينا (Casuarina) لانخفاض مخاطر الجذور وصغر حجم المظلة المناسب لعرض الطريق.,2500.0,49.96,37.97,12.0
KED-ROAD-00213,"طريق كفر الدوار, ابو المطامير",secondary,5,Neem,نيم,نوع طريق رئيسي/متوسط (secondary) — تم اختيار نيم (Neem) لأعلى توافق موثّق (تحمل حراري مرتفع، احتياج مائي منخفض، ملاءمة عالية للطرق).,2500.0,58.8,46.81,11.99
KED-ROAD-00214,"طريق كفر الدوار, ابو المطامير",secondary,5,Neem,نيم,نوع طريق رئيسي/متوسط (secondary) — تم اختيار نيم (Neem) لأعلى توافق موثّق (تحمل حراري مرتفع، احتياج مائي منخفض، ملاءمة عالية للطرق).,2500.0,58.8,46.81,11.99
KED-ROAD-00181,شارع خليفه,residential,5,Casuarina,كازوارينا,نوع طريق ضيق/سكني (residential) — تم اختيار كازوارينا (Casuarina) لانخفاض مخاطر الجذور وصغر حجم المظلة المناسب لعرض الطريق.,2500.0,49.3,37.31,11.99
KED-ROAD-00182,شارع خليفه,residential,5,Casuarina,كازوارينا,نوع طريق ضيق/سكني (residential) — تم اختيار كازوارينا (Casuarina) لانخفاض مخاطر الجذور وصغر حجم المظلة المناسب لعرض الطريق.,2500.0,49.3,37.31,11.99
KED-ROAD-00183,شارع 107,residential,5,Casuarina,كازوارينا,نوع طريق ضيق/سكني (residential) — تم اختيار كازوارينا (Casuarina) لانخفاض مخاطر الجذور وصغر حجم المظلة المناسب لعرض الطريق.,2500.0,49.42,37.44,11.99
KED-ROAD-00184,شارع 107,residential,5,Casuarina,كازوارينا,نوع طريق ضيق/سكني (residential) — تم اختيار كازوارينا (Casuarina) لانخفاض مخاطر الجذور وصغر حجم المظلة المناسب لعرض الطريق.,2500.0,49.42,37.44,11.99
KED-ROAD-01327,شارع 28,residential,5,Casuarina,كازوارينا,نوع طريق ضيق/سكني (residential) — تم اختيار كازوارينا (Casuarina) لانخفاض مخاطر الجذور وصغر حجم المظلة المناسب لعرض الطريق.,2500.0,53.85,41.86,11.99
KED-ROAD-01328,شارع 28,residential,5,Casuarina,كازوارينا,نوع طريق ضيق/سكني (residential) — تم اختيار كازوارينا (Casuarina) لانخفاض مخاطر الجذور وصغر حجم المظلة المناسب لعرض الطريق.,2500.0,53.85,41.86,11.99
KED-ROAD-01601,شارع تميم,residential,5,Casuarina,كازوارينا,نوع طريق ضيق/سكني (residential) — تم اختيار كازوارينا (Casuarina) لانخفاض مخاطر الجذور وصغر حجم المظلة المناسب لعرض الطريق.,2500.0,47.73,35.74,11.99
KED-ROAD-01602,شارع تميم,residential,5,Casuarina,كازوارينا,نوع طريق ضيق/سكني (residential) — تم اختيار كازوارينا (Casuarina) لانخفاض مخاطر الجذور وصغر حجم المظلة المناسب لعرض الطريق.,2500.0,47.73,35.74,11.99
KED-ROAD-01631,شارع ابو ورده,residential,5,Casuarina,كازوارينا,نوع طريق ضيق/سكني (residential) — تم اختيار كازوارينا (Casuarina) لانخفاض مخاطر الجذور وصغر حجم المظلة المناسب لعرض الطريق.,2500.0,47.02,35.03,11.99
KED-ROAD-01632,شارع ابو ورده,residential,5,Casuarina,كازوارينا,نوع طريق ضيق/سكني (residential) — تم اختيار كازوارينا (Casuarina) لانخفاض مخاطر الجذور وصغر حجم المظلة المناسب لعرض الطريق.,2500.0,47.02,35.03,11.99
KED-ROAD-01253,شارع شتا,residential,5,Casuarina,كازوارينا,نوع طريق ضيق/سكني (residential) — تم اختيار كازوارينا (Casuarina) لانخفاض مخاطر الجذور وصغر حجم المظلة المناسب لعرض الطريق.,2500.0,50.29,38.3,11.99
KED-ROAD-01254,شارع شتا,residential,5,Casuarina,كازوارينا,نوع طريق ضيق/سكني (residential) — تم اختيار كازوارينا (Casuarina) لانخفاض مخاطر الجذور وصغر حجم المظلة المناسب لعرض الطريق.,2500.0,50.29,38.3,11.99
KED-ROAD-03696,شارع بورسعيد,secondary,5,Neem,نيم,نوع طريق رئيسي/متوسط (secondary) — تم اختيار نيم (Neem) لأعلى توافق موثّق (تحمل حراري مرتفع، احتياج مائي منخفض، ملاءمة عالية للطرق).,2500.0,53.15,41.16,11.99
KED-ROAD-03697,شارع بورسعيد,secondary,5,Neem,نيم,نوع طريق رئيسي/متوسط (secondary) — تم اختيار نيم (Neem) لأعلى توافق موثّق (تحمل حراري مرتفع، احتياج مائي منخفض، ملاءمة عالية للطرق).,2500.0,53.15,41.16,11.99
KED-ROAD-03702,شارع بورسعيد,secondary,5,Neem,نيم,نوع طريق رئيسي/متوسط (secondary) — تم اختيار نيم (Neem) لأعلى توافق موثّق (تحمل حراري مرتفع، احتياج مائي منخفض، ملاءمة عالية للطرق).,2500.0,56.84,44.85,11.99
KED-ROAD-03703,شارع بورسعيد,secondary,5,Neem,نيم,نوع طريق رئيسي/متوسط (secondary) — تم اختيار نيم (Neem) لأعلى توافق موثّق (تحمل حراري مرتفع، احتياج مائي منخفض، ملاءمة عالية للطرق).,2500.0,56.84,44.85,11.99
KED-ROAD-01339,شارع المستشفى الشامله,residential,5,Casuarina,كازوارينا,نوع طريق ضيق/سكني (residential) — تم اختيار كازوارينا (Casuarina) لانخفاض مخاطر الجذور وصغر حجم المظلة المناسب لعرض الطريق.,2500.0,47.45,35.45,11.99
KED-ROAD-03833,امتداد شارع الخليج الاعظم,residential,5,Casuarina,كازوارينا,نوع طريق ضيق/سكني (residential) — تم اختيار كازوارينا (Casuarina) لانخفاض مخاطر الجذور وصغر حجم المظلة المناسب لعرض الطريق.,2500.0,52.49,40.5,11.99
KED-ROAD-03834,امتداد شارع الخليج الاعظم,residential,5,Casuarina,كازوارينا,نوع طريق ضيق/سكني (residential) — تم اختيار كازوارينا (Casuarina) لانخفاض مخاطر الجذور وصغر حجم المظلة المناسب لعرض الطريق.,2500.0,52.49,40.5,11.99
KED-ROAD-02450,شارع السد العالى,residential,5,Casuarina,كازوارينا,نوع طريق ضيق/سكني (residential) — تم اختيار كازوارينا (Casuarina) لانخفاض مخاطر الجذور وصغر حجم المظلة المناسب لعرض الطريق.,2500.0,53.2,41.21,11.99
KED-ROAD-02460,شارع ابو بكر الصديق,residential,5,Casuarina,كازوارينا,نوع طريق ضيق/سكني (residential) — تم اختيار كازوارينا (Casuarina) لانخفاض مخاطر الجذور وصغر حجم المظلة المناسب لعرض الطريق.,2500.0,50.29,38.3,11.99
KED-ROAD-02461,شارع العمرجي,residential,5,Casuarina,كازوارينا,نوع طريق ضيق/سكني (residential) — تم اختيار كازوارينا (Casuarina) لانخفاض مخاطر الجذور وصغر حجم المظلة المناسب لعرض الطريق.,2500.0,53.1,41.12,11.99
KED-ROAD-05271,شارع 57,residential,5,Casuarina,كازوارينا,نوع طريق ضيق/سكني (residential) — تم اختيار كازوارينا (Casuarina) لانخفاض مخاطر الجذور وصغر حجم المظلة المناسب لعرض الطريق.,2500.0,53.76,41.77,11.99
KED-ROAD-02805,شارع 6,residential,5,Casuarina,كازوارينا,نوع طريق ضيق/سكني (residential) — تم اختيار كازوارينا (Casuarina) لانخفاض مخاطر الجذور وصغر حجم المظلة المناسب لعرض الطريق.,2500.0,53.32,41.33,11.99
KED-ROAD-02806,شارع 6,residential,5,Casuarina,كازوارينا,نوع طريق ضيق/سكني (residential) — تم اختيار كازوارينا (Casuarina) لانخفاض مخاطر الجذور وصغر حجم المظلة المناسب لعرض الطريق.,2500.0,53.32,41.33,11.99
KED-ROAD-02792,شارع عمر بن عبد العزيز,residential,5,Casuarina,كازوارينا,نوع طريق ضيق/سكني (residential) — تم اختيار كازوارينا (Casuarina) لانخفاض مخاطر الجذور وصغر حجم المظلة المناسب لعرض الطريق.,2500.0,47.35,35.35,12.0
KED-ROAD-02793,شارع عمر بن عبد العزيز,residential,5,Casuarina,كازوارينا,نوع طريق ضيق/سكني (residential) — تم اختيار كازوارينا (Casuarina) لانخفاض مخاطر الجذور وصغر حجم المظلة المناسب لعرض الطريق.,2500.0,47.35,35.35,12.0
KED-ROAD-02803,شارع على محمد بدر,residential,5,Casuarina,كازوارينا,نوع طريق ضيق/سكني (residential) — تم اختيار كازوارينا (Casuarina) لانخفاض مخاطر الجذور وصغر حجم المظلة المناسب لعرض الطريق.,2500.0,51.22,39.23,11.99
KED-ROAD-02804,شارع على محمد بدر,residential,5,Casuarina,كازوارينا,نوع طريق ضيق/سكني (residential) — تم اختيار كازوارينا (Casuarina) لانخفاض مخاطر الجذور وصغر حجم المظلة المناسب لعرض الطريق.,2500.0,51.22,39.23,11.99
KED-ROAD-03684,شارع الشهيد حامد هنداوي,residential,5,Casuarina,كازوارينا,نوع طريق ضيق/سكني (residential) — تم اختيار كازوارينا (Casuarina) لانخفاض مخاطر الجذور وصغر حجم المظلة المناسب لعرض الطريق.,2500.0,50.56,38.57,11.99
KED-ROAD-03685,شارع الشهيد حامد هنداوي,residential,5,Casuarina,كازوارينا,نوع طريق ضيق/سكني (residential) — تم اختيار كازوارينا (Casuarina) لانخفاض مخاطر الجذور وصغر حجم المظلة المناسب لعرض الطريق.,2500.0,50.56,38.57,11.99
KED-ROAD-01252,شارع الزربة,residential,5,Casuarina,كازوارينا,نوع طريق ضيق/سكني (residential) — تم اختيار كازوارينا (Casuarina) لانخفاض مخاطر الجذور وصغر حجم المظلة المناسب لعرض الطريق.,2500.0,51.51,39.52,11.99
KED-ROAD-01210,شارع بكر الدكراوي,residential,5,Casuarina,كازوارينا,نوع طريق ضيق/سكني (residential) — تم اختيار كازوارينا (Casuarina) لانخفاض مخاطر الجذور وصغر حجم المظلة المناسب لعرض الطريق.,2500.0,50.86,38.87,11.99
KED-ROAD-01220,شارع صقر,residential,5,Casuarina,كازوارينا,نوع طريق ضيق/سكني (residential) — تم اختيار كازوارينا (Casuarina) لانخفاض مخاطر الجذور وصغر حجم المظلة المناسب لعرض الطريق.,2500.0,53.31,41.33,11.99
KED-ROAD-03668,شارع بورسعيد,secondary,5,Neem,نيم,نوع طريق رئيسي/متوسط (secondary) — تم اختيار نيم (Neem) لأعلى توافق موثّق (تحمل حراري مرتفع، احتياج مائي منخفض، ملاءمة عالية للطرق).,2500.0,58.78,46.78,12.0
KED-ROAD-03669,شارع بورسعيد,secondary,5,Neem,نيم,نوع طريق رئيسي/متوسط (secondary) — تم اختيار نيم (Neem) لأعلى توافق موثّق (تحمل حراري مرتفع، احتياج مائي منخفض، ملاءمة عالية للطرق).,2500.0,58.78,46.78,12.0
KED-ROAD-01241,شارع صقر,residential,5,Casuarina,كازوارينا,نوع طريق ضيق/سكني (residential) — تم اختيار كازوارينا (Casuarina) لانخفاض مخاطر الجذور وصغر حجم المظلة المناسب لعرض الطريق.,2500.0,53.31,41.33,11.99
KED-ROAD-01251,شارع الزربة,residential,5,Casuarina,كازوارينا,نوع طريق ضيق/سكني (residential) — تم اختيار كازوارينا (Casuarina) لانخفاض مخاطر الجذور وصغر حجم المظلة المناسب لعرض الطريق.,2500.0,51.51,39.52,11.99
KED-ROAD-01209,شارع بكر الدكراوي,residential,5,Casuarina,كازوارينا,نوع طريق ضيق/سكني (residential) — تم اختيار كازوارينا (Casuarina) لانخفاض مخاطر الجذور وصغر حجم المظلة المناسب لعرض الطريق.,2500.0,50.86,38.87,11.99
KED-ROAD-02471,شارع السد العالى,residential,5,Casuarina,كازوارينا,نوع طريق ضيق/سكني (residential) — تم اختيار كازوارينا (Casuarina) لانخفاض مخاطر الجذور وصغر حجم المظلة المناسب لعرض الطريق.,2500.0,53.2,41.21,11.99
KED-ROAD-03864,شارع الاداره الصحيه,residential,5,Casuarina,كازوارينا,نوع طريق ضيق/سكني (residential) — تم اختيار كازوارينا (Casuarina) لانخفاض مخاطر الجذور وصغر حجم المظلة المناسب لعرض الطريق.,2500.0,49.71,37.73,11.99
KED-ROAD-03865,شارع الاداره الصحيه,residential,5,Casuarina,كازوارينا,نوع طريق ضيق/سكني (residential) — تم اختيار كازوارينا (Casuarina) لانخفاض مخاطر الجذور وصغر حجم المظلة المناسب لعرض الطريق.,2500.0,49.71,37.73,11.99
KED-ROAD-02425,شارع ابو الحسن,residential,5,Casuarina,كازوارينا,نوع طريق ضيق/سكني (residential) — تم اختيار كازوارينا (Casuarina) لانخفاض مخاطر الجذور وصغر حجم المظلة المناسب لعرض الطريق.,2500.0,52.24,40.25,11.99
KED-ROAD-02426,شارع سلطان,residential,5,Casuarina,كازوارينا,نوع طريق ضيق/سكني (residential) — تم اختيار كازوارينا (Casuarina) لانخفاض مخاطر الجذور وصغر حجم المظلة المناسب لعرض الطريق.,2500.0,48.41,36.4,12.01
KED-ROAD-02427,شارع سلطان,residential,5,Casuarina,كازوارينا,نوع طريق ضيق/سكني (residential) — تم اختيار كازوارينا (Casuarina) لانخفاض مخاطر الجذور وصغر حجم المظلة المناسب لعرض الطريق.,2500.0,48.41,36.4,12.01
KED-ROAD-02440,شارع العمرجي,residential,5,Casuarina,كازوارينا,نوع طريق ضيق/سكني (residential) — تم اختيار كازوارينا (Casuarina) لانخفاض مخاطر الجذور وصغر حجم المظلة المناسب لعرض الطريق.,2500.0,53.1,41.12,11.99
KED-ROAD-01196,شارع داوود,residential,5,Casuarina,كازوارينا,نوع طريق ضيق/سكني (residential) — تم اختيار كازوارينا (Casuarina) لانخفاض مخاطر الجذور وصغر حجم المظلة المناسب لعرض الطريق.,2500.0,48.6,36.61,11.99
KED-ROAD-01197,شارع داوود,residential,5,Casuarina,كازوارينا,نوع طريق ضيق/سكني (residential) — تم اختيار كازوارينا (Casuarina) لانخفاض مخاطر الجذور وصغر حجم المظلة المناسب لعرض الطريق.,2500.0,48.6,36.61,11.99
KED-ROAD-04725,شارع 51,residential,5,Casuarina,كازوارينا,نوع طريق ضيق/سكني (residential) — تم اختيار كازوارينا (Casuarina) لانخفاض مخاطر الجذور وصغر حجم المظلة المناسب لعرض الطريق.,2500.0,49.72,37.74,11.99
KED-ROAD-04726,شارع 51,residential,5,Casuarina,كازوارينا,نوع طريق ضيق/سكني (residential) — تم اختيار كازوارينا (Casuarina) لانخفاض مخاطر الجذور وصغر حجم المظلة المناسب لعرض الطريق.,2500.0,49.72,37.74,11.99
KED-ROAD-02936,شارع ابو الحمد,residential,5,Casuarina,كازوارينا,نوع طريق ضيق/سكني (residential) — تم اختيار كازوارينا (Casuarina) لانخفاض مخاطر الجذور وصغر حجم المظلة المناسب لعرض الطريق.,2500.0,47.3,35.32,11.99
KED-ROAD-02937,شارع ابو الحمد,residential,5,Casuarina,كازوارينا,نوع طريق ضيق/سكني (residential) — تم اختيار كازوارينا (Casuarina) لانخفاض مخاطر الجذور وصغر حجم المظلة المناسب لعرض الطريق.,2500.0,47.3,35.32,11.99
KED-ROAD-05245,شارع 9,residential,5,Casuarina,كازوارينا,نوع طريق ضيق/سكني (residential) — تم اختيار كازوارينا (Casuarina) لانخفاض مخاطر الجذور وصغر حجم المظلة المناسب لعرض الطريق.,2500.0,50.3,38.31,11.99
KED-ROAD-02872,شارع مدخل كفر الدوار,secondary,5,Neem,نيم,نوع طريق رئيسي/متوسط (secondary) — تم اختيار نيم (Neem) لأعلى توافق موثّق (تحمل حراري مرتفع، احتياج مائي منخفض، ملاءمة عالية للطرق).,2500.0,52.96,40.96,11.99
KED-ROAD-04758,شارع الشهيد طلعت ابراهيم عبد الحميد,residential,5,Casuarina,كازوارينا,نوع طريق ضيق/سكني (residential) — تم اختيار كازوارينا (Casuarina) لانخفاض مخاطر الجذور وصغر حجم المظلة المناسب لعرض الطريق.,2500.0,49.05,37.06,12.0
KED-ROAD-04759,شارع الشهيد طلعت ابراهيم عبد الحميد,residential,5,Casuarina,كازوارينا,نوع طريق ضيق/سكني (residential) — تم اختيار كازوارينا (Casuarina) لانخفاض مخاطر الجذور وصغر حجم المظلة المناسب لعرض الطريق.,2500.0,49.05,37.06,12.0
KED-ROAD-04773,شارع مساكن غزل كفر الدوار الجديدة,residential,5,Casuarina,كازوارينا,نوع طريق ضيق/سكني (residential) — تم اختيار كازوارينا (Casuarina) لانخفاض مخاطر الجذور وصغر حجم المظلة المناسب لعرض الطريق.,2500.0,53.8,41.81,12.0
KED-ROAD-01084,شارع القنطره,residential,5,Casuarina,كازوارينا,نوع طريق ضيق/سكني (residential) — تم اختيار كازوارينا (Casuarina) لانخفاض مخاطر الجذور وصغر حجم المظلة المناسب لعرض الطريق.,2500.0,49.93,37.94,11.99
KED-ROAD-02424,شارع ابو الحسن,residential,5,Casuarina,كازوارينا,نوع طريق ضيق/سكني (residential) — تم اختيار كازوارينا (Casuarina) لانخفاض مخاطر الجذور وصغر حجم المظلة المناسب لعرض الطريق.,2500.0,52.24,40.25,11.99
KED-ROAD-02360,شارع المصرف,residential,5,Casuarina,كازوارينا,نوع طريق ضيق/سكني (residential) — تم اختيار كازوارينا (Casuarina) لانخفاض مخاطر الجذور وصغر حجم المظلة المناسب لعرض الطريق.,2500.0,47.87,35.88,11.99
KED-ROAD-02371,شارع المصرف,residential,5,Casuarina,كازوارينا,نوع طريق ضيق/سكني (residential) — تم اختيار كازوارينا (Casuarina) لانخفاض مخاطر الجذور وصغر حجم المظلة المناسب لعرض الطريق.,2500.0,47.87,35.88,11.99
KED-ROAD-03912,شارع شحاته,residential,5,Casuarina,كازوارينا,نوع طريق ضيق/سكني (residential) — تم اختيار كازوارينا (Casuarina) لانخفاض مخاطر الجذور وصغر حجم المظلة المناسب لعرض الطريق.,2500.0,50.38,38.39,11.99
KED-ROAD-03913,شارع شحاته,residential,5,Casuarina,كازوارينا,نوع طريق ضيق/سكني (residential) — تم اختيار كازوارينا (Casuarina) لانخفاض مخاطر الجذور وصغر حجم المظلة المناسب لعرض الطريق.,2500.0,50.38,38.39,11.99
KED-ROAD-01083,شارع القنطره,residential,5,Casuarina,كازوارينا,نوع طريق ضيق/سكني (residential) — تم اختيار كازوارينا (Casuarina) لانخفاض مخاطر الجذور وصغر حجم المظلة المناسب لعرض الطريق.,2500.0,49.93,37.94,11.99
KED-ROAD-03065,شارع الغنيمى,residential,5,Casuarina,كازوارينا,نوع طريق ضيق/سكني (residential) — تم اختيار كازوارينا (Casuarina) لانخفاض مخاطر الجذور وصغر حجم المظلة المناسب لعرض الطريق.,2500.0,52.06,40.06,11.99
KED-ROAD-03019,شارع جلال الدسوقي,residential,5,Casuarina,كازوارينا,نوع طريق ضيق/سكني (residential) — تم اختيار كازوارينا (Casuarina) لانخفاض مخاطر الجذور وصغر حجم المظلة المناسب لعرض الطريق.,2500.0,51.04,39.05,11.99
KED-ROAD-03020,شارع جلال الدسوقي,residential,5,Casuarina,كازوارينا,نوع طريق ضيق/سكني (residential) — تم اختيار كازوارينا (Casuarina) لانخفاض مخاطر الجذور وصغر حجم المظلة المناسب لعرض الطريق.,2500.0,51.04,39.05,11.99
KED-ROAD-03033,شارع النصر,residential,5,Casuarina,كازوارينا,نوع طريق ضيق/سكني (residential) — تم اختيار كازوارينا (Casuarina) لانخفاض مخاطر الجذور وصغر حجم المظلة المناسب لعرض الطريق.,2500.0,51.95,39.96,11.99
KED-ROAD-03034,شارع النصر,residential,5,Casuarina,كازوارينا,نوع طريق ضيق/سكني (residential) — تم اختيار كازوارينا (Casuarina) لانخفاض مخاطر الجذور وصغر حجم المظلة المناسب لعرض الطريق.,2500.0,51.95,39.96,11.99
KED-ROAD-04742,شارع مساكن غزل كفر الدوار الجديدة,residential,5,Casuarina,كازوارينا,نوع طريق ضيق/سكني (residential) — تم اختيار كازوارينا (Casuarina) لانخفاض مخاطر الجذور وصغر حجم المظلة المناسب لعرض الطريق.,2500.0,53.8,41.81,12.0
KED-ROAD-02358,شارع نجم,residential,5,Casuarina,كازوارينا,نوع طريق ضيق/سكني (residential) — تم اختيار كازوارينا (Casuarina) لانخفاض مخاطر الجذور وصغر حجم المظلة المناسب لعرض الطريق.,2500.0,50.06,38.06,11.99
KED-ROAD-02359,شارع نجم,residential,5,Casuarina,كازوارينا,نوع طريق ضيق/سكني (residential) — تم اختيار كازوارينا (Casuarina) لانخفاض مخاطر الجذور وصغر حجم المظلة المناسب لعرض الطريق.,2500.0,50.06,38.06,11.99
KED-ROAD-02291,شارع 12,residential,5,Casuarina,كازوارينا,نوع طريق ضيق/سكني (residential) — تم اختيار كازوارينا (Casuarina) لانخفاض مخاطر الجذور وصغر حجم المظلة المناسب لعرض الطريق.,2500.0,52.47,40.49,11.99
KED-ROAD-02292,شارع 12,residential,5,Casuarina,كازوارينا,نوع طريق ضيق/سكني (residential) — تم اختيار كازوارينا (Casuarina) لانخفاض مخاطر الجذور وصغر حجم المظلة المناسب لعرض الطريق.,2500.0,52.47,40.49,11.99
KED-ROAD-02293,شارع الخلفاء الراشدين,residential,5,Casuarina,كازوارينا,نوع طريق ضيق/سكني (residential) — تم اختيار كازوارينا (Casuarina) لانخفاض مخاطر الجذور وصغر حجم المظلة المناسب لعرض الطريق.,2500.0,53.78,41.78,12.0
KED-ROAD-02294,شارع الخلفاء الراشدين,residential,5,Casuarina,كازوارينا,نوع طريق ضيق/سكني (residential) — تم اختيار كازوارينا (Casuarina) لانخفاض مخاطر الجذور وصغر حجم المظلة المناسب لعرض الطريق.,2500.0,53.78,41.78,12.0
KED-ROAD-02267,شارع 8,residential,5,Casuarina,كازوارينا,نوع طريق ضيق/سكني (residential) — تم اختيار كازوارينا (Casuarina) لانخفاض مخاطر الجذور وصغر حجم المظلة المناسب لعرض الطريق.,2500.0,47.13,35.14,11.99
KED-ROAD-02268,شارع 8,residential,5,Casuarina,كازوارينا,نوع طريق ضيق/سكني (residential) — تم اختيار كازوارينا (Casuarina) لانخفاض مخاطر الجذور وصغر حجم المظلة المناسب لعرض الطريق.,2500.0,47.13,35.14,11.99
KED-ROAD-01087,شارع القنطره,residential,5,Casuarina,كازوارينا,نوع طريق ضيق/سكني (residential) — تم اختيار كازوارينا (Casuarina) لانخفاض مخاطر الجذور وصغر حجم المظلة المناسب لعرض الطريق.,2500.0,53.47,41.49,11.99
KED-ROAD-01088,شارع القنطره,residential,5,Casuarina,كازوارينا,نوع طريق ضيق/سكني (residential) — تم اختيار كازوارينا (Casuarina) لانخفاض مخاطر الجذور وصغر حجم المظلة المناسب لعرض الطريق.,2500.0,53.47,41.49,11.99
KED-ROAD-04804,شارع مساكن الغزل,residential,5,Casuarina,كازوارينا,نوع طريق ضيق/سكني (residential) — تم اختيار كازوارينا (Casuarina) لانخفاض مخاطر الجذور وصغر حجم المظلة المناسب لعرض الطريق.,2500.0,50.62,38.63,11.99
KED-ROAD-03066,شارع الغنيمى,residential,5,Casuarina,كازوارينا,نوع طريق ضيق/سكني (residential) — تم اختيار كازوارينا (Casuarina) لانخفاض مخاطر الجذور وصغر حجم المظلة المناسب لعرض الطريق.,2500.0,52.06,40.06,11.99
KED-ROAD-03071,شارع ابو هريره,residential,5,Casuarina,كازوارينا,نوع طريق ضيق/سكني (residential) — تم اختيار كازوارينا (Casuarina) لانخفاض مخاطر الجذور وصغر حجم المظلة المناسب لعرض الطريق.,2500.0,47.49,35.5,11.99
KED-ROAD-03072,شارع ابو هريره,residential,5,Casuarina,كازوارينا,نوع طريق ضيق/سكني (residential) — تم اختيار كازوارينا (Casuarina) لانخفاض مخاطر الجذور وصغر حجم المظلة المناسب لعرض الطريق.,2500.0,47.49,35.5,11.99
KED-ROAD-03073,شارع ابو هريره,residential,5,Casuarina,كازوارينا,نوع طريق ضيق/سكني (residential) — تم اختيار كازوارينا (Casuarina) لانخفاض مخاطر الجذور وصغر حجم المظلة المناسب لعرض الطريق.,2500.0,48.15,36.17,11.99
KED-ROAD-03074,شارع ابو هريره,residential,5,Casuarina,كازوارينا,نوع طريق ضيق/سكني (residential) — تم اختيار كازوارينا (Casuarina) لانخفاض مخاطر الجذور وصغر حجم المظلة المناسب لعرض الطريق.,2500.0,48.15,36.17,11.99
KED-ROAD-04336,شارع الزربة,residential,5,Casuarina,كازوارينا,نوع طريق ضيق/سكني (residential) — تم اختيار كازوارينا (Casuarina) لانخفاض مخاطر الجذور وصغر حجم المظلة المناسب لعرض الطريق.,2500.0,47.21,35.22,11.99
KED-ROAD-04337,شارع الزربة,residential,5,Casuarina,كازوارينا,نوع طريق ضيق/سكني (residential) — تم اختيار كازوارينا (Casuarina) لانخفاض مخاطر الجذور وصغر حجم المظلة المناسب لعرض الطريق.,2500.0,47.21,35.22,11.99
KED-ROAD-02241,شارع الوزان,residential,5,Casuarina,كازوارينا,نوع طريق ضيق/سكني (residential) — تم اختيار كازوارينا (Casuarina) لانخفاض مخاطر الجذور وصغر حجم المظلة المناسب لعرض الطريق.,2500.0,47.46,35.46,12.0
KED-ROAD-02242,شارع الوزان,residential,5,Casuarina,كازوارينا,نوع طريق ضيق/سكني (residential) — تم اختيار كازوارينا (Casuarina) لانخفاض مخاطر الجذور وصغر حجم المظلة المناسب لعرض الطريق.,2500.0,47.46,35.46,12.0
KED-ROAD-01754,شارع محروس,residential,5,Casuarina,كازوارينا,نوع طريق ضيق/سكني (residential) — تم اختيار كازوارينا (Casuarina) لانخفاض مخاطر الجذور وصغر حجم المظلة المناسب لعرض الطريق.,2500.0,48.78,36.34,12.45
KED-ROAD-01755,شارع محروس,residential,5,Casuarina,كازوارينا,نوع طريق ضيق/سكني (residential) — تم اختيار كازوارينا (Casuarina) لانخفاض مخاطر الجذور وصغر حجم المظلة المناسب لعرض الطريق.,2500.0,48.78,36.34,12.45
KED-ROAD-04807,شارع الشهيد طلعت ابراهيم عبد الحميد,residential,5,Casuarina,كازوارينا,نوع طريق ضيق/سكني (residential) — تم اختيار كازوارينا (Casuarina) لانخفاض مخاطر الجذور وصغر حجم المظلة المناسب لعرض الطريق.,2500.0,50.67,38.68,12.0
KED-ROAD-03143,شارع غزه,residential,5,Casuarina,كازوارينا,نوع طريق ضيق/سكني (residential) — تم اختيار كازوارينا (Casuarina) لانخفاض مخاطر الجذور وصغر حجم المظلة المناسب لعرض الطريق.,2500.0,48.56,36.58,11.99
KED-ROAD-03095,حارة المنتصر,residential,5,Casuarina,كازوارينا,نوع طريق ضيق/سكني (residential) — تم اختيار كازوارينا (Casuarina) لانخفاض مخاطر الجذور وصغر حجم المظلة المناسب لعرض الطريق.,2500.0,53.39,41.4,11.99
KED-ROAD-03096,حارة المنتصر,residential,5,Casuarina,كازوارينا,نوع طريق ضيق/سكني (residential) — تم اختيار كازوارينا (Casuarina) لانخفاض مخاطر الجذور وصغر حجم المظلة المناسب لعرض الطريق.,2500.0,53.39,41.4,11.99
KED-ROAD-05244,شارع 9,residential,5,Casuarina,كازوارينا,نوع طريق ضيق/سكني (residential) — تم اختيار كازوارينا (Casuarina) لانخفاض مخاطر الجذور وصغر حجم المظلة المناسب لعرض الطريق.,2500.0,50.3,38.31,11.99
KED-ROAD-00981,شارع القلعه,residential,5,Casuarina,كازوارينا,نوع طريق ضيق/سكني (residential) — تم اختيار كازوارينا (Casuarina) لانخفاض مخاطر الجذور وصغر حجم المظلة المناسب لعرض الطريق.,2500.0,47.51,35.52,11.99
KED-ROAD-00982,شارع القلعه,residential,5,Casuarina,كازوارينا,نوع طريق ضيق/سكني (residential) — تم اختيار كازوارينا (Casuarina) لانخفاض مخاطر الجذور وصغر حجم المظلة المناسب لعرض الطريق.,2500.0,47.51,35.52,11.99
KED-ROAD-02170,شارع 25 يناير,residential,5,Casuarina,كازوارينا,نوع طريق ضيق/سكني (residential) — تم اختيار كازوارينا (Casuarina) لانخفاض مخاطر الجذور وصغر حجم المظلة المناسب لعرض الطريق.,2500.0,48.66,36.66,11.99
KED-ROAD-05387,شارع مساكن التمليك,residential,5,Casuarina,كازوارينا,نوع طريق ضيق/سكني (residential) — تم اختيار كازوارينا (Casuarina) لانخفاض مخاطر الجذور وصغر حجم المظلة المناسب لعرض الطريق.,2500.0,53.87,41.89,11.99
KED-ROAD-05388,شارع مساكن التمليك,residential,5,Casuarina,كازوارينا,نوع طريق ضيق/سكني (residential) — تم اختيار كازوارينا (Casuarina) لانخفاض مخاطر الجذور وصغر حجم المظلة المناسب لعرض الطريق.,2500.0,53.87,41.89,11.99
KED-ROAD-00290,شارع 108,residential,5,Casuarina,كازوارينا,نوع طريق ضيق/سكني (residential) — تم اختيار كازوارينا (Casuarina) لانخفاض مخاطر الجذور وصغر حجم المظلة المناسب لعرض الطريق.,2500.0,47.96,35.96,11.99
KED-ROAD-02191,شارع 25 يناير,residential,5,Casuarina,كازوارينا,نوع طريق ضيق/سكني (residential) — تم اختيار كازوارينا (Casuarina) لانخفاض مخاطر الجذور وصغر حجم المظلة المناسب لعرض الطريق.,2500.0,48.66,36.66,11.99
KED-ROAD-02192,شارع 1,residential,5,Casuarina,كازوارينا,نوع طريق ضيق/سكني (residential) — تم اختيار كازوارينا (Casuarina) لانخفاض مخاطر الجذور وصغر حجم المظلة المناسب لعرض الطريق.,2500.0,47.55,35.56,11.99
KED-ROAD-02193,شارع 1,residential,5,Casuarina,كازوارينا,نوع طريق ضيق/سكني (residential) — تم اختيار كازوارينا (Casuarina) لانخفاض مخاطر الجذور وصغر حجم المظلة المناسب لعرض الطريق.,2500.0,47.55,35.56,11.99
KED-ROAD-00935,شارع الشاذلى,residential,5,Casuarina,كازوارينا,نوع طريق ضيق/سكني (residential) — تم اختيار كازوارينا (Casuarina) لانخفاض مخاطر الجذور وصغر حجم المظلة المناسب لعرض الطريق.,2500.0,53.06,41.07,11.99
KED-ROAD-00936,شارع الشاذلى,residential,5,Casuarina,كازوارينا,نوع طريق ضيق/سكني (residential) — تم اختيار كازوارينا (Casuarina) لانخفاض مخاطر الجذور وصغر حجم المظلة المناسب لعرض الطريق.,2500.0,53.06,41.07,11.99
KED-ROAD-06079,شارع اللواء محمود ابراهيم الكومى,residential,5,Casuarina,كازوارينا,نوع طريق ضيق/سكني (residential) — تم اختيار كازوارينا (Casuarina) لانخفاض مخاطر الجذور وصغر حجم المظلة المناسب لعرض الطريق.,2500.0,48.93,36.93,11.99
KED-ROAD-06080,شارع اللواء محمود ابراهيم الكومى,residential,5,Casuarina,كازوارينا,نوع طريق ضيق/سكني (residential) — تم اختيار كازوارينا (Casuarina) لانخفاض مخاطر الجذور وصغر حجم المظلة المناسب لعرض الطريق.,2500.0,48.93,36.93,11.99
KED-ROAD-04805,شارع مساكن الغزل,residential,5,Casuarina,كازوارينا,نوع طريق ضيق/سكني (residential) — تم اختيار كازوارينا (Casuarina) لانخفاض مخاطر الجذور وصغر حجم المظلة المناسب لعرض الطريق.,2500.0,50.62,38.63,11.99
KED-ROAD-04806,شارع الشهيد طلعت ابراهيم عبد الحميد,residential,5,Casuarina,كازوارينا,نوع طريق ضيق/سكني (residential) — تم اختيار كازوارينا (Casuarina) لانخفاض مخاطر الجذور وصغر حجم المظلة المناسب لعرض الطريق.,2500.0,50.67,38.68,12.0
KED-ROAD-04874,شارع صلاح سالم,residential,5,Casuarina,كازوارينا,نوع طريق ضيق/سكني (residential) — تم اختيار كازوارينا (Casuarina) لانخفاض مخاطر الجذور وصغر حجم المظلة المناسب لعرض الطريق.,2500.0,53.78,41.79,12.0
KED-ROAD-04875,شارع صلاح سالم,residential,5,Casuarina,كازوارينا,نوع طريق ضيق/سكني (residential) — تم اختيار كازوارينا (Casuarina) لانخفاض مخاطر الجذور وصغر حجم المظلة المناسب لعرض الطريق.,2500.0,53.78,41.79,12.0
KED-ROAD-03144,شارع غزه,residential,5,Casuarina,كازوارينا,نوع طريق ضيق/سكني (residential) — تم اختيار كازوارينا (Casuarina) لانخفاض مخاطر الجذور وصغر حجم المظلة المناسب لعرض الطريق.,2500.0,48.56,36.58,11.99
KED-ROAD-04864,شارع مبره محمد على,residential,5,Casuarina,كازوارينا,نوع طريق ضيق/سكني (residential) — تم اختيار كازوارينا (Casuarina) لانخفاض مخاطر الجذور وصغر حجم المظلة المناسب لعرض الطريق.,2500.0,53.69,41.7,11.99
KED-ROAD-04865,شارع مبره محمد على,residential,5,Casuarina,كازوارينا,نوع طريق ضيق/سكني (residential) — تم اختيار كازوارينا (Casuarina) لانخفاض مخاطر الجذور وصغر حجم المظلة المناسب لعرض الطريق.,2500.0,53.69,41.7,11.99
KED-ROAD-04866,شارع ناتجاس,residential,5,Casuarina,كازوارينا,نوع طريق ضيق/سكني (residential) — تم اختيار كازوارينا (Casuarina) لانخفاض مخاطر الجذور وصغر حجم المظلة المناسب لعرض الطريق.,2500.0,52.53,40.54,11.99
KED-ROAD-04867,شارع ناتجاس,residential,5,Casuarina,كازوارينا,نوع طريق ضيق/سكني (residential) — تم اختيار كازوارينا (Casuarina) لانخفاض مخاطر الجذور وصغر حجم المظلة المناسب لعرض الطريق.,2500.0,52.53,40.54,11.99
KED-ROAD-02163,شارع 106,residential,5,Casuarina,كازوارينا,نوع طريق ضيق/سكني (residential) — تم اختيار كازوارينا (Casuarina) لانخفاض مخاطر الجذور وصغر حجم المظلة المناسب لعرض الطريق.,2500.0,49.35,37.35,11.99
KED-ROAD-02164,شارع 106,residential,5,Casuarina,كازوارينا,نوع طريق ضيق/سكني (residential) — تم اختيار كازوارينا (Casuarina) لانخفاض مخاطر الجذور وصغر حجم المظلة المناسب لعرض الطريق.,2500.0,49.35,37.35,11.99
KED-ROAD-04007,شارع شتا,residential,5,Casuarina,كازوارينا,نوع طريق ضيق/سكني (residential) — تم اختيار كازوارينا (Casuarina) لانخفاض مخاطر الجذور وصغر حجم المظلة المناسب لعرض الطريق.,2500.0,53.76,41.77,11.99
KED-ROAD-04008,شارع شتا,residential,5,Casuarina,كازوارينا,نوع طريق ضيق/سكني (residential) — تم اختيار كازوارينا (Casuarina) لانخفاض مخاطر الجذور وصغر حجم المظلة المناسب لعرض الطريق.,2500.0,53.76,41.77,11.99
KED-ROAD-04009,شارع محروس,residential,5,Casuarina,كازوارينا,نوع طريق ضيق/سكني (residential) — تم اختيار كازوارينا (Casuarina) لانخفاض مخاطر الجذور وصغر حجم المظلة المناسب لعرض الطريق.,2500.0,50.6,38.6,12.0
KED-ROAD-04010,شارع محروس,residential,5,Casuarina,كازوارينا,نوع طريق ضيق/سكني (residential) — تم اختيار كازوارينا (Casuarina) لانخفاض مخاطر الجذور وصغر حجم المظلة المناسب لعرض الطريق.,2500.0,50.6,38.6,12.0
KED-ROAD-04013,شارع لبيب,residential,5,Casuarina,كازوارينا,نوع طريق ضيق/سكني (residential) — تم اختيار كازوارينا (Casuarina) لانخفاض مخاطر الجذور وصغر حجم المظلة المناسب لعرض الطريق.,2500.0,47.57,35.57,12.0
KED-ROAD-00874,شارع زين العابدين,residential,5,Casuarina,كازوارينا,نوع طريق ضيق/سكني (residential) — تم اختيار كازوارينا (Casuarina) لانخفاض مخاطر الجذور وصغر حجم المظلة المناسب لعرض الطريق.,2500.0,49.66,37.66,12.0
KED-ROAD-00875,شارع زين العابدين,residential,5,Casuarina,كازوارينا,نوع طريق ضيق/سكني (residential) — تم اختيار كازوارينا (Casuarina) لانخفاض مخاطر الجذور وصغر حجم المظلة المناسب لعرض الطريق.,2500.0,49.66,37.66,12.0
KED-ROAD-03227,حارة أبناء الصعيد,residential,5,Casuarina,كازوارينا,نوع طريق ضيق/سكني (residential) — تم اختيار كازوارينا (Casuarina) لانخفاض مخاطر الجذور وصغر حجم المظلة المناسب لعرض الطريق.,2500.0,53.57,41.57,12.0
KED-ROAD-03228,حارة أبناء الصعيد,residential,5,Casuarina,كازوارينا,نوع طريق ضيق/سكني (residential) — تم اختيار كازوارينا (Casuarina) لانخفاض مخاطر الجذور وصغر حجم المظلة المناسب لعرض الطريق.,2500.0,53.57,41.57,12.0
KED-ROAD-00520,شارع ابو بكر الصديق,residential,5,Casuarina,كازوارينا,نوع طريق ضيق/سكني (residential) — تم اختيار كازوارينا (Casuarina) لانخفاض مخاطر الجذور وصغر حجم المظلة المناسب لعرض الطريق.,2500.0,50.17,38.18,12.0
KED-ROAD-03319,شارع عزيز المصري,residential,5,Casuarina,كازوارينا,نوع طريق ضيق/سكني (residential) — تم اختيار كازوارينا (Casuarina) لانخفاض مخاطر الجذور وصغر حجم المظلة المناسب لعرض الطريق.,2500.0,47.66,35.67,11.99
KED-ROAD-03320,شارع عزيز المصري,residential,5,Casuarina,كازوارينا,نوع طريق ضيق/سكني (residential) — تم اختيار كازوارينا (Casuarina) لانخفاض مخاطر الجذور وصغر حجم المظلة المناسب لعرض الطريق.,2500.0,47.66,35.67,11.99
KED-ROAD-00804,شارع ابو بكر الصديق,residential,5,Casuarina,كازوارينا,نوع طريق ضيق/سكني (residential) — تم اختيار كازوارينا (Casuarina) لانخفاض مخاطر الجذور وصغر حجم المظلة المناسب لعرض الطريق.,2500.0,51.8,39.8,12.0
KED-ROAD-00805,شارع ابو بكر الصديق,residential,5,Casuarina,كازوارينا,نوع طريق ضيق/سكني (residential) — تم اختيار كازوارينا (Casuarina) لانخفاض مخاطر الجذور وصغر حجم المظلة المناسب لعرض الطريق.,2500.0,51.8,39.8,12.0
KED-ROAD-00808,شارع عمر شاهين,residential,5,Casuarina,كازوارينا,نوع طريق ضيق/سكني (residential) — تم اختيار كازوارينا (Casuarina) لانخفاض مخاطر الجذور وصغر حجم المظلة المناسب لعرض الطريق.,2500.0,53.17,41.17,12.0
KED-ROAD-00809,شارع عمر شاهين,residential,5,Casuarina,كازوارينا,نوع طريق ضيق/سكني (residential) — تم اختيار كازوارينا (Casuarina) لانخفاض مخاطر الجذور وصغر حجم المظلة المناسب لعرض الطريق.,2500.0,53.17,41.17,12.0
KED-ROAD-04014,شارع لبيب,residential,5,Casuarina,كازوارينا,نوع طريق ضيق/سكني (residential) — تم اختيار كازوارينا (Casuarina) لانخفاض مخاطر الجذور وصغر حجم المظلة المناسب لعرض الطريق.,2500.0,47.57,35.57,12.0
KED-ROAD-02047,"طريق كفر الدوار, ابو المطامير",secondary,5,Neem,نيم,نوع طريق رئيسي/متوسط (secondary) — تم اختيار نيم (Neem) لأعلى توافق موثّق (تحمل حراري مرتفع، احتياج مائي منخفض، ملاءمة عالية للطرق).,2500.0,59.42,47.43,11.99
KED-ROAD-02048,"طريق كفر الدوار, ابو المطامير",secondary,5,Neem,نيم,نوع طريق رئيسي/متوسط (secondary) — تم اختيار نيم (Neem) لأعلى توافق موثّق (تحمل حراري مرتفع، احتياج مائي منخفض، ملاءمة عالية للطرق).,2500.0,59.42,47.43,11.99
KED-ROAD-02063,شارع الصعايدة,residential,5,Casuarina,كازوارينا,نوع طريق ضيق/سكني (residential) — تم اختيار كازوارينا (Casuarina) لانخفاض مخاطر الجذور وصغر حجم المظلة المناسب لعرض الطريق.,2500.0,49.36,37.37,11.99
KED-ROAD-02064,شارع الصعايدة,residential,5,Casuarina,كازوارينا,نوع طريق ضيق/سكني (residential) — تم اختيار كازوارينا (Casuarina) لانخفاض مخاطر الجذور وصغر حجم المظلة المناسب لعرض الطريق.,2500.0,49.36,37.37,11.99
KED-ROAD-03422,شارع الاتوبيس,residential,5,Casuarina,كازوارينا,نوع طريق ضيق/سكني (residential) — تم اختيار كازوارينا (Casuarina) لانخفاض مخاطر الجذور وصغر حجم المظلة المناسب لعرض الطريق.,2500.0,53.12,41.13,11.99
KED-ROAD-03423,شارع مدين,residential,5,Casuarina,كازوارينا,نوع طريق ضيق/سكني (residential) — تم اختيار كازوارينا (Casuarina) لانخفاض مخاطر الجذور وصغر حجم المظلة المناسب لعرض الطريق.,2500.0,52.34,40.35,11.99
KED-ROAD-03424,شارع مدين,residential,5,Casuarina,كازوارينا,نوع طريق ضيق/سكني (residential) — تم اختيار كازوارينا (Casuarina) لانخفاض مخاطر الجذور وصغر حجم المظلة المناسب لعرض الطريق.,2500.0,52.34,40.35,11.99
KED-ROAD-00717,شارع الخير,residential,5,Casuarina,كازوارينا,نوع طريق ضيق/سكني (residential) — تم اختيار كازوارينا (Casuarina) لانخفاض مخاطر الجذور وصغر حجم المظلة المناسب لعرض الطريق.,2500.0,50.48,38.49,11.99
KED-ROAD-00718,شارع الخير,residential,5,Casuarina,كازوارينا,نوع طريق ضيق/سكني (residential) — تم اختيار كازوارينا (Casuarina) لانخفاض مخاطر الجذور وصغر حجم المظلة المناسب لعرض الطريق.,2500.0,50.48,38.49,11.99
KED-ROAD-05053,شارع غطاس تادرس,residential,5,Casuarina,كازوارينا,نوع طريق ضيق/سكني (residential) — تم اختيار كازوارينا (Casuarina) لانخفاض مخاطر الجذور وصغر حجم المظلة المناسب لعرض الطريق.,2500.0,50.36,38.36,11.99
KED-ROAD-05054,شارع غطاس تادرس,residential,5,Casuarina,كازوارينا,نوع طريق ضيق/سكني (residential) — تم اختيار كازوارينا (Casuarina) لانخفاض مخاطر الجذور وصغر حجم المظلة المناسب لعرض الطريق.,2500.0,50.36,38.36,11.99
KED-ROAD-03421,شارع الاتوبيس,residential,5,Casuarina,كازوارينا,نوع طريق ضيق/سكني (residential) — تم اختيار كازوارينا (Casuarina) لانخفاض مخاطر الجذور وصغر حجم المظلة المناسب لعرض الطريق.,2500.0,53.12,41.13,11.99
KED-ROAD-03335,شارع محمد ذكى,residential,5,Casuarina,كازوارينا,نوع طريق ضيق/سكني (residential) — تم اختيار كازوارينا (Casuarina) لانخفاض مخاطر الجذور وصغر حجم المظلة المناسب لعرض الطريق.,2500.0,51.87,39.88,11.99
KED-ROAD-00561,شارع ابو بكر الصديق,residential,5,Casuarina,كازوارينا,نوع طريق ضيق/سكني (residential) — تم اختيار كازوارينا (Casuarina) لانخفاض مخاطر الجذور وصغر حجم المظلة المناسب لعرض الطريق.,2500.0,50.17,38.18,12.0
KED-ROAD-00562,شارع 50,residential,5,Casuarina,كازوارينا,نوع طريق ضيق/سكني (residential) — تم اختيار كازوارينا (Casuarina) لانخفاض مخاطر الجذور وصغر حجم المظلة المناسب لعرض الطريق.,2500.0,58.67,40.88,17.78
KED-ROAD-05106,الطريق الدولي,tertiary,5,Neem,نيم,نوع طريق رئيسي/متوسط (tertiary) — تم اختيار نيم (Neem) لأعلى توافق موثّق (تحمل حراري مرتفع، احتياج مائي منخفض، ملاءمة عالية للطرق).,2500.0,56.83,44.84,11.99
KED-ROAD-00291,شارع 108,residential,5,Casuarina,كازوارينا,نوع طريق ضيق/سكني (residential) — تم اختيار كازوارينا (Casuarina) لانخفاض مخاطر الجذور وصغر حجم المظلة المناسب لعرض الطريق.,2500.0,47.96,35.96,11.99
KED-ROAD-05060,شارع حسن مرزوق,residential,5,Casuarina,كازوارينا,نوع طريق ضيق/سكني (residential) — تم اختيار كازوارينا (Casuarina) لانخفاض مخاطر الجذور وصغر حجم المظلة المناسب لعرض الطريق.,2500.0,52.24,40.25,11.99
KED-ROAD-03329,شارع ام صابر,residential,5,Casuarina,كازوارينا,نوع طريق ضيق/سكني (residential) — تم اختيار كازوارينا (Casuarina) لانخفاض مخاطر الجذور وصغر حجم المظلة المناسب لعرض الطريق.,2500.0,47.87,35.88,11.99
KED-ROAD-03330,شارع ام صابر,residential,5,Casuarina,كازوارينا,نوع طريق ضيق/سكني (residential) — تم اختيار كازوارينا (Casuarina) لانخفاض مخاطر الجذور وصغر حجم المظلة المناسب لعرض الطريق.,2500.0,47.87,35.88,11.99
KED-ROAD-03331,شارع ابو بكر الصديق,residential,5,Casuarina,كازوارينا,نوع طريق ضيق/سكني (residential) — تم اختيار كازوارينا (Casuarina) لانخفاض مخاطر الجذور وصغر حجم المظلة المناسب لعرض الطريق.,2500.0,50.29,38.3,11.99
KED-ROAD-03332,شارع عزيز المصري,residential,5,Casuarina,كازوارينا,نوع طريق ضيق/سكني (residential) — تم اختيار كازوارينا (Casuarina) لانخفاض مخاطر الجذور وصغر حجم المظلة المناسب لعرض الطريق.,2500.0,48.03,36.04,11.99
KED-ROAD-03333,شارع عزيز المصري,residential,5,Casuarina,كازوارينا,نوع طريق ضيق/سكني (residential) — تم اختيار كازوارينا (Casuarina) لانخفاض مخاطر الجذور وصغر حجم المظلة المناسب لعرض الطريق.,2500.0,48.03,36.04,11.99
KED-ROAD-03334,شارع محمد ذكى,residential,5,Casuarina,كازوارينا,نوع طريق ضيق/سكني (residential) — تم اختيار كازوارينا (Casuarina) لانخفاض مخاطر الجذور وصغر حجم المظلة المناسب لعرض الطريق.,2500.0,51.87,39.88,11.99
KED-ROAD-00645,شارع الوقار,residential,5,Casuarina,كازوارينا,نوع طريق ضيق/سكني (residential) — تم اختيار كازوارينا (Casuarina) لانخفاض مخاطر الجذور وصغر حجم المظلة المناسب لعرض الطريق.,2500.0,50.02,38.04,11.99
KED-ROAD-00646,شارع الوقار,residential,5,Casuarina,كازوارينا,نوع طريق ضيق/سكني (residential) — تم اختيار كازوارينا (Casuarina) لانخفاض مخاطر الجذور وصغر حجم المظلة المناسب لعرض الطريق.,2500.0,50.02,38.04,11.99
KED-ROAD-00607,شارع 105,residential,5,Casuarina,كازوارينا,نوع طريق ضيق/سكني (residential) — تم اختيار كازوارينا (Casuarina) لانخفاض مخاطر الجذور وصغر حجم المظلة المناسب لعرض الطريق.,2500.0,49.75,37.76,11.99
KED-ROAD-00608,شارع 105,residential,5,Casuarina,كازوارينا,نوع طريق ضيق/سكني (residential) — تم اختيار كازوارينا (Casuarina) لانخفاض مخاطر الجذور وصغر حجم المظلة المناسب لعرض الطريق.,2500.0,49.75,37.76,11.99
KED-ROAD-05059,شارع حسن مرزوق,residential,5,Casuarina,كازوارينا,نوع طريق ضيق/سكني (residential) — تم اختيار كازوارينا (Casuarina) لانخفاض مخاطر الجذور وصغر حجم المظلة المناسب لعرض الطريق.,2500.0,52.24,40.25,11.99
KED-ROAD-00320,عطفه الجمهوريه,residential,5,Casuarina,كازوارينا,نوع طريق ضيق/سكني (residential) — تم اختيار كازوارينا (Casuarina) لانخفاض مخاطر الجذور وصغر حجم المظلة المناسب لعرض الطريق.,2500.0,53.35,41.36,11.99
KED-ROAD-00321,عطفه الجمهوريه,residential,5,Casuarina,كازوارينا,نوع طريق ضيق/سكني (residential) — تم اختيار كازوارينا (Casuarina) لانخفاض مخاطر الجذور وصغر حجم المظلة المناسب لعرض الطريق.,2500.0,53.35,41.36,11.99
KED-ROAD-02003,شارع حامد النداف,residential,5,Casuarina,كازوارينا,نوع طريق ضيق/سكني (residential) — تم اختيار كازوارينا (Casuarina) لانخفاض مخاطر الجذور وصغر حجم المظلة المناسب لعرض الطريق.,2500.0,53.6,41.6,12.0
KED-ROAD-02004,شارع حامد النداف,residential,5,Casuarina,كازوارينا,نوع طريق ضيق/سكني (residential) — تم اختيار كازوارينا (Casuarina) لانخفاض مخاطر الجذور وصغر حجم المظلة المناسب لعرض الطريق.,2500.0,53.6,41.6,12.0
KED-ROAD-04123,شارع الوزير,residential,5,Casuarina,كازوارينا,نوع طريق ضيق/سكني (residential) — تم اختيار كازوارينا (Casuarina) لانخفاض مخاطر الجذور وصغر حجم المظلة المناسب لعرض الطريق.,2500.0,50.0,38.01,11.99
KED-ROAD-04124,شارع الوزير,residential,5,Casuarina,كازوارينا,نوع طريق ضيق/سكني (residential) — تم اختيار كازوارينا (Casuarina) لانخفاض مخاطر الجذور وصغر حجم المظلة المناسب لعرض الطريق.,2500.0,50.0,38.01,11.99
KED-ROAD-04167,شارع الحناوي,residential,5,Casuarina,كازوارينا,نوع طريق ضيق/سكني (residential) — تم اختيار كازوارينا (Casuarina) لانخفاض مخاطر الجذور وصغر حجم المظلة المناسب لعرض الطريق.,2500.0,47.18,35.19,11.99
KED-ROAD-04168,شارع الحناوي,residential,5,Casuarina,كازوارينا,نوع طريق ضيق/سكني (residential) — تم اختيار كازوارينا (Casuarina) لانخفاض مخاطر الجذور وصغر حجم المظلة المناسب لعرض الطريق.,2500.0,47.18,35.19,11.99
KED-ROAD-00033,شارع 7,residential,5,Casuarina,كازوارينا,نوع طريق ضيق/سكني (residential) — تم اختيار كازوارينا (Casuarina) لانخفاض مخاطر الجذور وصغر حجم المظلة المناسب لعرض الطريق.,2500.0,49.24,37.26,11.99
KED-ROAD-06448,شارع محمد انور السادات,residential,5,Casuarina,كازوارينا,نوع طريق ضيق/سكني (residential) — تم اختيار كازوارينا (Casuarina) لانخفاض مخاطر الجذور وصغر حجم المظلة المناسب لعرض الطريق.,2500.0,48.25,36.25,11.99
KED-ROAD-00133,شارع على مبروك خفاجه,residential,4,Casuarina,كازوارينا,نوع طريق ضيق/سكني (residential) — تم اختيار كازوارينا (Casuarina) لانخفاض مخاطر الجذور وصغر حجم المظلة المناسب لعرض الطريق.,2000.0,43.08,31.09,11.99
KED-ROAD-06200,شارع اللواء محمود ابراهيم الكومى,residential,4,Casuarina,كازوارينا,نوع طريق ضيق/سكني (residential) — تم اختيار كازوارينا (Casuarina) لانخفاض مخاطر الجذور وصغر حجم المظلة المناسب لعرض الطريق.,2000.0,44.79,32.8,12.0
KED-ROAD-06199,شارع اللواء محمود ابراهيم الكومى,residential,4,Casuarina,كازوارينا,نوع طريق ضيق/سكني (residential) — تم اختيار كازوارينا (Casuarina) لانخفاض مخاطر الجذور وصغر حجم المظلة المناسب لعرض الطريق.,2000.0,44.79,32.8,12.0
KED-ROAD-00118,شارع محمد عبيد جنيدي,residential,4,Casuarina,كازوارينا,نوع طريق ضيق/سكني (residential) — تم اختيار كازوارينا (Casuarina) لانخفاض مخاطر الجذور وصغر حجم المظلة المناسب لعرض الطريق.,2000.0,42.96,30.97,11.99
KED-ROAD-00117,شارع محمد عبيد جنيدي,residential,4,Casuarina,كازوارينا,نوع طريق ضيق/سكني (residential) — تم اختيار كازوارينا (Casuarina) لانخفاض مخاطر الجذور وصغر حجم المظلة المناسب لعرض الطريق.,2000.0,42.96,30.97,11.99
KED-ROAD-06361,شارع خلف المساكن,residential,4,Casuarina,كازوارينا,نوع طريق ضيق/سكني (residential) — تم اختيار كازوارينا (Casuarina) لانخفاض مخاطر الجذور وصغر حجم المظلة المناسب لعرض الطريق.,2000.0,41.48,29.48,11.99
KED-ROAD-00134,شارع على مبروك خفاجه,residential,4,Casuarina,كازوارينا,نوع طريق ضيق/سكني (residential) — تم اختيار كازوارينا (Casuarina) لانخفاض مخاطر الجذور وصغر حجم المظلة المناسب لعرض الطريق.,2000.0,43.08,31.09,11.99
KED-ROAD-03348,شارع الشهيد حسنى كامل,residential,4,Casuarina,كازوارينا,نوع طريق ضيق/سكني (residential) — تم اختيار كازوارينا (Casuarina) لانخفاض مخاطر الجذور وصغر حجم المظلة المناسب لعرض الطريق.,2000.0,46.95,34.97,11.99
KED-ROAD-00643,شارع الحسين,residential,4,Casuarina,كازوارينا,نوع طريق ضيق/سكني (residential) — تم اختيار كازوارينا (Casuarina) لانخفاض مخاطر الجذور وصغر حجم المظلة المناسب لعرض الطريق.,2000.0,44.92,32.93,11.99
KED-ROAD-00644,شارع الحسين,residential,4,Casuarina,كازوارينا,نوع طريق ضيق/سكني (residential) — تم اختيار كازوارينا (Casuarina) لانخفاض مخاطر الجذور وصغر حجم المظلة المناسب لعرض الطريق.,2000.0,44.92,32.93,11.99
KED-ROAD-00609,شارع مسجد الشهداء,residential,4,Casuarina,كازوارينا,نوع طريق ضيق/سكني (residential) — تم اختيار كازوارينا (Casuarina) لانخفاض مخاطر الجذور وصغر حجم المظلة المناسب لعرض الطريق.,2000.0,40.05,28.06,12.0
KED-ROAD-05058,شارع كشك,residential,4,Casuarina,كازوارينا,نوع طريق ضيق/سكني (residential) — تم اختيار كازوارينا (Casuarina) لانخفاض مخاطر الجذور وصغر حجم المظلة المناسب لعرض الطريق.,2000.0,44.23,32.25,11.99
KED-ROAD-04165,شارع المنايفة,residential,4,Casuarina,كازوارينا,نوع طريق ضيق/سكني (residential) — تم اختيار كازوارينا (Casuarina) لانخفاض مخاطر الجذور وصغر حجم المظلة المناسب لعرض الطريق.,2000.0,40.08,28.09,11.99
KED-ROAD-01953,شارع ابو عسل,residential,4,Casuarina,كازوارينا,نوع طريق ضيق/سكني (residential) — تم اختيار كازوارينا (Casuarina) لانخفاض مخاطر الجذور وصغر حجم المظلة المناسب لعرض الطريق.,2000.0,43.26,31.26,11.99
KED-ROAD-01954,شارع ابو عسل,residential,4,Casuarina,كازوارينا,نوع طريق ضيق/سكني (residential) — تم اختيار كازوارينا (Casuarina) لانخفاض مخاطر الجذور وصغر حجم المظلة المناسب لعرض الطريق.,2000.0,43.26,31.26,11.99
KED-ROAD-01945,شارع ابو عسل,residential,4,Casuarina,كازوارينا,نوع طريق ضيق/سكني (residential) — تم اختيار كازوارينا (Casuarina) لانخفاض مخاطر الجذور وصغر حجم المظلة المناسب لعرض الطريق.,2000.0,41.31,29.31,12.0
KED-ROAD-01946,شارع ابو عسل,residential,4,Casuarina,كازوارينا,نوع طريق ضيق/سكني (residential) — تم اختيار كازوارينا (Casuarina) لانخفاض مخاطر الجذور وصغر حجم المظلة المناسب لعرض الطريق.,2000.0,41.31,29.31,12.0
KED-ROAD-04176,شارع المنايفة,residential,4,Casuarina,كازوارينا,نوع طريق ضيق/سكني (residential) — تم اختيار كازوارينا (Casuarina) لانخفاض مخاطر الجذور وصغر حجم المظلة المناسب لعرض الطريق.,2000.0,40.08,28.09,11.99
KED-ROAD-00534,شارع 41,residential,4,Casuarina,كازوارينا,نوع طريق ضيق/سكني (residential) — تم اختيار كازوارينا (Casuarina) لانخفاض مخاطر الجذور وصغر حجم المظلة المناسب لعرض الطريق.,2000.0,42.34,30.35,11.99
KED-ROAD-00535,شارع 41,residential,4,Casuarina,كازوارينا,نوع طريق ضيق/سكني (residential) — تم اختيار كازوارينا (Casuarina) لانخفاض مخاطر الجذور وصغر حجم المظلة المناسب لعرض الطريق.,2000.0,42.34,30.35,11.99
KED-ROAD-00541,شارع الجنة,residential,4,Casuarina,كازوارينا,نوع طريق ضيق/سكني (residential) — تم اختيار كازوارينا (Casuarina) لانخفاض مخاطر الجذور وصغر حجم المظلة المناسب لعرض الطريق.,2000.0,42.78,30.79,11.99
KED-ROAD-05102,الطريق الدولي,tertiary,4,Neem,نيم,نوع طريق رئيسي/متوسط (tertiary) — تم اختيار نيم (Neem) لأعلى توافق موثّق (تحمل حراري مرتفع، احتياج مائي منخفض، ملاءمة عالية للطرق).,2000.0,51.89,39.89,12.0
KED-ROAD-05057,شارع كشك,residential,4,Casuarina,كازوارينا,نوع طريق ضيق/سكني (residential) — تم اختيار كازوارينا (Casuarina) لانخفاض مخاطر الجذور وصغر حجم المظلة المناسب لعرض الطريق.,2000.0,44.23,32.25,11.99
KED-ROAD-03313,شارع عزيز المصري,residential,4,Casuarina,كازوارينا,نوع طريق ضيق/سكني (residential) — تم اختيار كازوارينا (Casuarina) لانخفاض مخاطر الجذور وصغر حجم المظلة المناسب لعرض الطريق.,2000.0,41.49,29.5,11.99
KED-ROAD-00685,شارع السد العالى,residential,4,Casuarina,كازوارينا,نوع طريق ضيق/سكني (residential) — تم اختيار كازوارينا (Casuarina) لانخفاض مخاطر الجذور وصغر حجم المظلة المناسب لعرض الطريق.,2000.0,41.98,29.98,11.99
KED-ROAD-00686,شارع السد العالى,residential,4,Casuarina,كازوارينا,نوع طريق ضيق/سكني (residential) — تم اختيار كازوارينا (Casuarina) لانخفاض مخاطر الجذور وصغر حجم المظلة المناسب لعرض الطريق.,2000.0,41.98,29.98,11.99
KED-ROAD-04965,حارة رفاعه الطهطاوى,residential,4,Casuarina,كازوارينا,نوع طريق ضيق/سكني (residential) — تم اختيار كازوارينا (Casuarina) لانخفاض مخاطر الجذور وصغر حجم المظلة المناسب لعرض الطريق.,2000.0,44.36,32.37,11.99
KED-ROAD-04966,حارة رفاعه الطهطاوى,residential,4,Casuarina,كازوارينا,نوع طريق ضيق/سكني (residential) — تم اختيار كازوارينا (Casuarina) لانخفاض مخاطر الجذور وصغر حجم المظلة المناسب لعرض الطريق.,2000.0,44.36,32.37,11.99
KED-ROAD-01882,شارع محمود الجندى,residential,4,Casuarina,كازوارينا,نوع طريق ضيق/سكني (residential) — تم اختيار كازوارينا (Casuarina) لانخفاض مخاطر الجذور وصغر حجم المظلة المناسب لعرض الطريق.,2000.0,41.01,29.03,11.99
KED-ROAD-04159,شارع عراقى,residential,4,Casuarina,كازوارينا,نوع طريق ضيق/سكني (residential) — تم اختيار كازوارينا (Casuarina) لانخفاض مخاطر الجذور وصغر حجم المظلة المناسب لعرض الطريق.,2000.0,42.42,30.42,12.0
KED-ROAD-04160,شارع عراقى,residential,4,Casuarina,كازوارينا,نوع طريق ضيق/سكني (residential) — تم اختيار كازوارينا (Casuarina) لانخفاض مخاطر الجذور وصغر حجم المظلة المناسب لعرض الطريق.,2000.0,42.42,30.42,12.0
KED-ROAD-04163,شارع السيد البحيري,residential,4,Casuarina,كازوارينا,نوع طريق ضيق/سكني (residential) — تم اختيار كازوارينا (Casuarina) لانخفاض مخاطر الجذور وصغر حجم المظلة المناسب لعرض الطريق.,2000.0,43.78,31.78,12.0
KED-ROAD-04164,شارع السيد البحيري,residential,4,Casuarina,كازوارينا,نوع طريق ضيق/سكني (residential) — تم اختيار كازوارينا (Casuarina) لانخفاض مخاطر الجذور وصغر حجم المظلة المناسب لعرض الطريق.,2000.0,43.78,31.78,12.0
KED-ROAD-04983,شارع مسجد التوحيد,residential,4,Casuarina,كازوارينا,نوع طريق ضيق/سكني (residential) — تم اختيار كازوارينا (Casuarina) لانخفاض مخاطر الجذور وصغر حجم المظلة المناسب لعرض الطريق.,2000.0,41.8,29.8,12.0
KED-ROAD-04984,شارع مسجد التوحيد,residential,4,Casuarina,كازوارينا,نوع طريق ضيق/سكني (residential) — تم اختيار كازوارينا (Casuarina) لانخفاض مخاطر الجذور وصغر حجم المظلة المناسب لعرض الطريق.,2000.0,41.8,29.8,12.0
KED-ROAD-04991,شارع على بركه,residential,4,Casuarina,كازوارينا,نوع طريق ضيق/سكني (residential) — تم اختيار كازوارينا (Casuarina) لانخفاض مخاطر الجذور وصغر حجم المظلة المناسب لعرض الطريق.,2000.0,41.85,29.85,12.0
KED-ROAD-05002,شارع على بركه,residential,4,Casuarina,كازوارينا,نوع طريق ضيق/سكني (residential) — تم اختيار كازوارينا (Casuarina) لانخفاض مخاطر الجذور وصغر حجم المظلة المناسب لعرض الطريق.,2000.0,41.85,29.85,12.0
KED-ROAD-03314,شارع عزيز المصري,residential,4,Casuarina,كازوارينا,نوع طريق ضيق/سكني (residential) — تم اختيار كازوارينا (Casuarina) لانخفاض مخاطر الجذور وصغر حجم المظلة المناسب لعرض الطريق.,2000.0,41.49,29.5,11.99
KED-ROAD-03277,شارع 26 يوليو,residential,4,Casuarina,كازوارينا,نوع طريق ضيق/سكني (residential) — تم اختيار كازوارينا (Casuarina) لانخفاض مخاطر الجذور وصغر حجم المظلة المناسب لعرض الطريق.,2000.0,44.13,32.14,11.99
KED-ROAD-03278,شارع 26 يوليو,residential,4,Casuarina,كازوارينا,نوع طريق ضيق/سكني (residential) — تم اختيار كازوارينا (Casuarina) لانخفاض مخاطر الجذور وصغر حجم المظلة المناسب لعرض الطريق.,2000.0,44.13,32.14,11.99
KED-ROAD-04924,شارع مبره محمد على,residential,4,Casuarina,كازوارينا,نوع طريق ضيق/سكني (residential) — تم اختيار كازوارينا (Casuarina) لانخفاض مخاطر الجذور وصغر حجم المظلة المناسب لعرض الطريق.,2000.0,44.39,32.41,11.99
KED-ROAD-04925,شارع مبره محمد على,residential,4,Casuarina,كازوارينا,نوع طريق ضيق/سكني (residential) — تم اختيار كازوارينا (Casuarina) لانخفاض مخاطر الجذور وصغر حجم المظلة المناسب لعرض الطريق.,2000.0,44.39,32.41,11.99
KED-ROAD-01977,شارع الحناوي,residential,4,Casuarina,كازوارينا,نوع طريق ضيق/سكني (residential) — تم اختيار كازوارينا (Casuarina) لانخفاض مخاطر الجذور وصغر حجم المظلة المناسب لعرض الطريق.,2000.0,41.06,29.08,11.99
KED-ROAD-01978,شارع الحناوي,residential,4,Casuarina,كازوارينا,نوع طريق ضيق/سكني (residential) — تم اختيار كازوارينا (Casuarina) لانخفاض مخاطر الجذور وصغر حجم المظلة المناسب لعرض الطريق.,2000.0,41.06,29.08,11.99
KED-ROAD-01981,شارع فوزي شعيب,residential,4,Casuarina,كازوارينا,نوع طريق ضيق/سكني (residential) — تم اختيار كازوارينا (Casuarina) لانخفاض مخاطر الجذور وصغر حجم المظلة المناسب لعرض الطريق.,2000.0,41.16,29.17,11.99
KED-ROAD-01982,شارع فوزي شعيب,residential,4,Casuarina,كازوارينا,نوع طريق ضيق/سكني (residential) — تم اختيار كازوارينا (Casuarina) لانخفاض مخاطر الجذور وصغر حجم المظلة المناسب لعرض الطريق.,2000.0,41.16,29.17,11.99
KED-ROAD-01987,شارع فوزي شعيب,residential,4,Casuarina,كازوارينا,نوع طريق ضيق/سكني (residential) — تم اختيار كازوارينا (Casuarina) لانخفاض مخاطر الجذور وصغر حجم المظلة المناسب لعرض الطريق.,2000.0,41.57,29.57,12.0
KED-ROAD-01988,شارع فوزي شعيب,residential,4,Casuarina,كازوارينا,نوع طريق ضيق/سكني (residential) — تم اختيار كازوارينا (Casuarina) لانخفاض مخاطر الجذور وصغر حجم المظلة المناسب لعرض الطريق.,2000.0,41.57,29.57,12.0
KED-ROAD-03447,شارع ابو الدرداء,residential,4,Casuarina,كازوارينا,نوع طريق ضيق/سكني (residential) — تم اختيار كازوارينا (Casuarina) لانخفاض مخاطر الجذور وصغر حجم المظلة المناسب لعرض الطريق.,2000.0,41.17,29.18,11.99
KED-ROAD-03448,شارع ابو الدرداء,residential,4,Casuarina,كازوارينا,نوع طريق ضيق/سكني (residential) — تم اختيار كازوارينا (Casuarina) لانخفاض مخاطر الجذور وصغر حجم المظلة المناسب لعرض الطريق.,2000.0,41.17,29.18,11.99
KED-ROAD-00826,شارع الجمهوريه,residential,4,Casuarina,كازوارينا,نوع طريق ضيق/سكني (residential) — تم اختيار كازوارينا (Casuarina) لانخفاض مخاطر الجذور وصغر حجم المظلة المناسب لعرض الطريق.,2000.0,46.81,34.82,11.99
KED-ROAD-00827,شارع الجمهوريه,residential,4,Casuarina,كازوارينا,نوع طريق ضيق/سكني (residential) — تم اختيار كازوارينا (Casuarina) لانخفاض مخاطر الجذور وصغر حجم المظلة المناسب لعرض الطريق.,2000.0,46.81,34.82,11.99
KED-ROAD-04910,شارع مبره محمد على,residential,4,Casuarina,كازوارينا,نوع طريق ضيق/سكني (residential) — تم اختيار كازوارينا (Casuarina) لانخفاض مخاطر الجذور وصغر حجم المظلة المناسب لعرض الطريق.,2000.0,41.88,29.88,12.0
KED-ROAD-04911,شارع مبره محمد على,residential,4,Casuarina,كازوارينا,نوع طريق ضيق/سكني (residential) — تم اختيار كازوارينا (Casuarina) لانخفاض مخاطر الجذور وصغر حجم المظلة المناسب لعرض الطريق.,2000.0,41.88,29.88,12.0
KED-ROAD-05112,الطريق الدولي,tertiary,4,Neem,نيم,نوع طريق رئيسي/متوسط (tertiary) — تم اختيار نيم (Neem) لأعلى توافق موثّق (تحمل حراري مرتفع، احتياج مائي منخفض، ملاءمة عالية للطرق).,2000.0,50.28,38.26,12.01
KED-ROAD-05113,الطريق الدولي,tertiary,4,Neem,نيم,نوع طريق رئيسي/متوسط (tertiary) — تم اختيار نيم (Neem) لأعلى توافق موثّق (تحمل حراري مرتفع، احتياج مائي منخفض، ملاءمة عالية للطرق).,2000.0,50.61,38.62,11.99
KED-ROAD-00510,شارع 40,residential,4,Casuarina,كازوارينا,نوع طريق ضيق/سكني (residential) — تم اختيار كازوارينا (Casuarina) لانخفاض مخاطر الجذور وصغر حجم المظلة المناسب لعرض الطريق.,2000.0,40.51,28.51,12.0
KED-ROAD-00512,شارع 70,residential,4,Casuarina,كازوارينا,نوع طريق ضيق/سكني (residential) — تم اختيار كازوارينا (Casuarina) لانخفاض مخاطر الجذور وصغر حجم المظلة المناسب لعرض الطريق.,2000.0,42.5,30.5,12.0
KED-ROAD-00513,شارع 70,residential,4,Casuarina,كازوارينا,نوع طريق ضيق/سكني (residential) — تم اختيار كازوارينا (Casuarina) لانخفاض مخاطر الجذور وصغر حجم المظلة المناسب لعرض الطريق.,2000.0,42.5,30.5,12.0
KED-ROAD-04062,شارع الاحمر,residential,4,Casuarina,كازوارينا,نوع طريق ضيق/سكني (residential) — تم اختيار كازوارينا (Casuarina) لانخفاض مخاطر الجذور وصغر حجم المظلة المناسب لعرض الطريق.,2000.0,40.89,28.89,12.0
KED-ROAD-04063,شارع الاحمر,residential,4,Casuarina,كازوارينا,نوع طريق ضيق/سكني (residential) — تم اختيار كازوارينا (Casuarina) لانخفاض مخاطر الجذور وصغر حجم المظلة المناسب لعرض الطريق.,2000.0,40.89,28.89,12.0
KED-ROAD-04092,شارع بسيوني,residential,4,Casuarina,كازوارينا,نوع طريق ضيق/سكني (residential) — تم اختيار كازوارينا (Casuarina) لانخفاض مخاطر الجذور وصغر حجم المظلة المناسب لعرض الطريق.,2000.0,40.68,28.69,11.99
KED-ROAD-04093,شارع بسيوني,residential,4,Casuarina,كازوارينا,نوع طريق ضيق/سكني (residential) — تم اختيار كازوارينا (Casuarina) لانخفاض مخاطر الجذور وصغر حجم المظلة المناسب لعرض الطريق.,2000.0,40.68,28.69,11.99
KED-ROAD-03484,شارع التحرير,residential,4,Casuarina,كازوارينا,نوع طريق ضيق/سكني (residential) — تم اختيار كازوارينا (Casuarina) لانخفاض مخاطر الجذور وصغر حجم المظلة المناسب لعرض الطريق.,2000.0,43.26,31.28,11.99
KED-ROAD-03485,شارع التحرير,residential,4,Casuarina,كازوارينا,نوع طريق ضيق/سكني (residential) — تم اختيار كازوارينا (Casuarina) لانخفاض مخاطر الجذور وصغر حجم المظلة المناسب لعرض الطريق.,2000.0,43.26,31.28,11.99
KED-ROAD-03488,شارع رسلان,residential,4,Casuarina,كازوارينا,نوع طريق ضيق/سكني (residential) — تم اختيار كازوارينا (Casuarina) لانخفاض مخاطر الجذور وصغر حجم المظلة المناسب لعرض الطريق.,2000.0,42.67,30.69,11.99
KED-ROAD-03489,شارع رسلان,residential,4,Casuarina,كازوارينا,نوع طريق ضيق/سكني (residential) — تم اختيار كازوارينا (Casuarina) لانخفاض مخاطر الجذور وصغر حجم المظلة المناسب لعرض الطريق.,2000.0,42.67,30.69,11.99
KED-ROAD-03506,شارع 26 يوليو,residential,4,Casuarina,كازوارينا,نوع طريق ضيق/سكني (residential) — تم اختيار كازوارينا (Casuarina) لانخفاض مخاطر الجذور وصغر حجم المظلة المناسب لعرض الطريق.,2000.0,41.82,29.84,11.99
KED-ROAD-03507,شارع 26 يوليو,residential,4,Casuarina,كازوارينا,نوع طريق ضيق/سكني (residential) — تم اختيار كازوارينا (Casuarina) لانخفاض مخاطر الجذور وصغر حجم المظلة المناسب لعرض الطريق.,2000.0,41.82,29.84,11.99
KED-ROAD-04908,شارع 8,residential,4,Casuarina,كازوارينا,نوع طريق ضيق/سكني (residential) — تم اختيار كازوارينا (Casuarina) لانخفاض مخاطر الجذور وصغر حجم المظلة المناسب لعرض الطريق.,2000.0,42.02,30.03,11.99
KED-ROAD-04909,شارع 8,residential,4,Casuarina,كازوارينا,نوع طريق ضيق/سكني (residential) — تم اختيار كازوارينا (Casuarina) لانخفاض مخاطر الجذور وصغر حجم المظلة المناسب لعرض الطريق.,2000.0,42.02,30.03,11.99
KED-ROAD-03530,شارع التحرير,residential,4,Casuarina,كازوارينا,نوع طريق ضيق/سكني (residential) — تم اختيار كازوارينا (Casuarina) لانخفاض مخاطر الجذور وصغر حجم المظلة المناسب لعرض الطريق.,2000.0,41.05,29.06,11.99
KED-ROAD-03186,شارع لواء الاسلام,residential,4,Casuarina,كازوارينا,نوع طريق ضيق/سكني (residential) — تم اختيار كازوارينا (Casuarina) لانخفاض مخاطر الجذور وصغر حجم المظلة المناسب لعرض الطريق.,2000.0,44.52,32.53,11.99
KED-ROAD-03187,شارع لواء الاسلام,residential,4,Casuarina,كازوارينا,نوع طريق ضيق/سكني (residential) — تم اختيار كازوارينا (Casuarina) لانخفاض مخاطر الجذور وصغر حجم المظلة المناسب لعرض الطريق.,2000.0,44.52,32.53,11.99
KED-ROAD-04883,شارع غطاس تادرس,residential,4,Casuarina,كازوارينا,نوع طريق ضيق/سكني (residential) — تم اختيار كازوارينا (Casuarina) لانخفاض مخاطر الجذور وصغر حجم المظلة المناسب لعرض الطريق.,2000.0,44.79,32.8,11.99
KED-ROAD-04884,شارع غطاس تادرس,residential,4,Casuarina,كازوارينا,نوع طريق ضيق/سكني (residential) — تم اختيار كازوارينا (Casuarina) لانخفاض مخاطر الجذور وصغر حجم المظلة المناسب لعرض الطريق.,2000.0,44.79,32.8,11.99
KED-ROAD-04895,شارع شحاته,residential,4,Casuarina,كازوارينا,نوع طريق ضيق/سكني (residential) — تم اختيار كازوارينا (Casuarina) لانخفاض مخاطر الجذور وصغر حجم المظلة المناسب لعرض الطريق.,2000.0,41.15,29.16,12.0
KED-ROAD-04896,شارع شحاته,residential,4,Casuarina,كازوارينا,نوع طريق ضيق/سكني (residential) — تم اختيار كازوارينا (Casuarina) لانخفاض مخاطر الجذور وصغر حجم المظلة المناسب لعرض الطريق.,2000.0,41.15,29.16,12.0
KED-ROAD-04052,شارع الحناوي,residential,4,Casuarina,كازوارينا,نوع طريق ضيق/سكني (residential) — تم اختيار كازوارينا (Casuarina) لانخفاض مخاطر الجذور وصغر حجم المظلة المناسب لعرض الطريق.,2000.0,42.66,30.68,11.99
KED-ROAD-04053,شارع الحناوي,residential,4,Casuarina,كازوارينا,نوع طريق ضيق/سكني (residential) — تم اختيار كازوارينا (Casuarina) لانخفاض مخاطر الجذور وصغر حجم المظلة المناسب لعرض الطريق.,2000.0,42.66,30.68,11.99
KED-ROAD-00313,شارع الجمهوريه,residential,4,Casuarina,كازوارينا,نوع طريق ضيق/سكني (residential) — تم اختيار كازوارينا (Casuarina) لانخفاض مخاطر الجذور وصغر حجم المظلة المناسب لعرض الطريق.,2000.0,45.17,33.18,11.99
KED-ROAD-00314,شارع الجمهوريه,residential,4,Casuarina,كازوارينا,نوع طريق ضيق/سكني (residential) — تم اختيار كازوارينا (Casuarina) لانخفاض مخاطر الجذور وصغر حجم المظلة المناسب لعرض الطريق.,2000.0,45.17,33.18,11.99
KED-ROAD-01883,شارع محمود الجندى,residential,4,Casuarina,كازوارينا,نوع طريق ضيق/سكني (residential) — تم اختيار كازوارينا (Casuarina) لانخفاض مخاطر الجذور وصغر حجم المظلة المناسب لعرض الطريق.,2000.0,41.01,29.03,11.99
KED-ROAD-01886,شارع سليمان,residential,4,Casuarina,كازوارينا,نوع طريق ضيق/سكني (residential) — تم اختيار كازوارينا (Casuarina) لانخفاض مخاطر الجذور وصغر حجم المظلة المناسب لعرض الطريق.,2000.0,41.2,29.22,11.99
KED-ROAD-01887,شارع سليمان,residential,4,Casuarina,كازوارينا,نوع طريق ضيق/سكني (residential) — تم اختيار كازوارينا (Casuarina) لانخفاض مخاطر الجذور وصغر حجم المظلة المناسب لعرض الطريق.,2000.0,41.2,29.22,11.99
KED-ROAD-01890,شارع الشعراوى,residential,4,Casuarina,كازوارينا,نوع طريق ضيق/سكني (residential) — تم اختيار كازوارينا (Casuarina) لانخفاض مخاطر الجذور وصغر حجم المظلة المناسب لعرض الطريق.,2000.0,41.13,29.14,11.99
KED-ROAD-03149,شارع الجمهوريه,residential,4,Casuarina,كازوارينا,نوع طريق ضيق/سكني (residential) — تم اختيار كازوارينا (Casuarina) لانخفاض مخاطر الجذور وصغر حجم المظلة المناسب لعرض الطريق.,2000.0,41.59,29.6,11.99
KED-ROAD-03150,شارع الجمهوريه,residential,4,Casuarina,كازوارينا,نوع طريق ضيق/سكني (residential) — تم اختيار كازوارينا (Casuarina) لانخفاض مخاطر الجذور وصغر حجم المظلة المناسب لعرض الطريق.,2000.0,41.59,29.6,11.99
KED-ROAD-00964,عطفه جلال الدسوقي,residential,4,Casuarina,كازوارينا,نوع طريق ضيق/سكني (residential) — تم اختيار كازوارينا (Casuarina) لانخفاض مخاطر الجذور وصغر حجم المظلة المناسب لعرض الطريق.,2000.0,46.63,34.64,11.99
KED-ROAD-04855,شارع شحاته,residential,4,Casuarina,كازوارينا,نوع طريق ضيق/سكني (residential) — تم اختيار كازوارينا (Casuarina) لانخفاض مخاطر الجذور وصغر حجم المظلة المناسب لعرض الطريق.,2000.0,44.2,32.2,12.0
KED-ROAD-04856,شارع شحاته,residential,4,Casuarina,كازوارينا,نوع طريق ضيق/سكني (residential) — تم اختيار كازوارينا (Casuarina) لانخفاض مخاطر الجذور وصغر حجم المظلة المناسب لعرض الطريق.,2000.0,44.2,32.2,12.0
KED-ROAD-04859,شارع الباشا,residential,4,Casuarina,كازوارينا,نوع طريق ضيق/سكني (residential) — تم اختيار كازوارينا (Casuarina) لانخفاض مخاطر الجذور وصغر حجم المظلة المناسب لعرض الطريق.,2000.0,44.5,32.5,11.99
KED-ROAD-01863,شارع راغب الكحيلي,residential,4,Casuarina,كازوارينا,نوع طريق ضيق/سكني (residential) — تم اختيار كازوارينا (Casuarina) لانخفاض مخاطر الجذور وصغر حجم المظلة المناسب لعرض الطريق.,2000.0,42.7,30.71,11.99
KED-ROAD-04251,شارع احمد مزروع,residential,4,Casuarina,كازوارينا,نوع طريق ضيق/سكني (residential) — تم اختيار كازوارينا (Casuarina) لانخفاض مخاطر الجذور وصغر حجم المظلة المناسب لعرض الطريق.,2000.0,40.42,28.43,11.99
KED-ROAD-04252,شارع احمد مزروع,residential,4,Casuarina,كازوارينا,نوع طريق ضيق/سكني (residential) — تم اختيار كازوارينا (Casuarina) لانخفاض مخاطر الجذور وصغر حجم المظلة المناسب لعرض الطريق.,2000.0,40.42,28.43,11.99
KED-ROAD-04261,شارع غازي,residential,4,Casuarina,كازوارينا,نوع طريق ضيق/سكني (residential) — تم اختيار كازوارينا (Casuarina) لانخفاض مخاطر الجذور وصغر حجم المظلة المناسب لعرض الطريق.,2000.0,46.47,34.48,11.99
KED-ROAD-02021,طريق البردلة الرئيسى,residential,4,Casuarina,كازوارينا,نوع طريق ضيق/سكني (residential) — تم اختيار كازوارينا (Casuarina) لانخفاض مخاطر الجذور وصغر حجم المظلة المناسب لعرض الطريق.,2000.0,42.28,30.3,11.99
KED-ROAD-02022,طريق البردلة الرئيسى,residential,4,Casuarina,كازوارينا,نوع طريق ضيق/سكني (residential) — تم اختيار كازوارينا (Casuarina) لانخفاض مخاطر الجذور وصغر حجم المظلة المناسب لعرض الطريق.,2000.0,42.28,30.3,11.99
KED-ROAD-04024,شارع حميده,residential,4,Casuarina,كازوارينا,نوع طريق ضيق/سكني (residential) — تم اختيار كازوارينا (Casuarina) لانخفاض مخاطر الجذور وصغر حجم المظلة المناسب لعرض الطريق.,2000.0,40.46,28.47,11.99
KED-ROAD-04025,شارع حميده,residential,4,Casuarina,كازوارينا,نوع طريق ضيق/سكني (residential) — تم اختيار كازوارينا (Casuarina) لانخفاض مخاطر الجذور وصغر حجم المظلة المناسب لعرض الطريق.,2000.0,40.46,28.47,11.99
KED-ROAD-04860,شارع الباشا,residential,4,Casuarina,كازوارينا,نوع طريق ضيق/سكني (residential) — تم اختيار كازوارينا (Casuarina) لانخفاض مخاطر الجذور وصغر حجم المظلة المناسب لعرض الطريق.,2000.0,44.5,32.5,11.99
KED-ROAD-03551,شارع التحرير,residential,4,Casuarina,كازوارينا,نوع طريق ضيق/سكني (residential) — تم اختيار كازوارينا (Casuarina) لانخفاض مخاطر الجذور وصغر حجم المظلة المناسب لعرض الطريق.,2000.0,41.05,29.06,11.99
KED-ROAD-04846,شارع مبره محمد على,residential,4,Casuarina,كازوارينا,نوع طريق ضيق/سكني (residential) — تم اختيار كازوارينا (Casuarina) لانخفاض مخاطر الجذور وصغر حجم المظلة المناسب لعرض الطريق.,2000.0,44.2,32.21,11.99
KED-ROAD-04847,شارع مبره محمد على,residential,4,Casuarina,كازوارينا,نوع طريق ضيق/سكني (residential) — تم اختيار كازوارينا (Casuarina) لانخفاض مخاطر الجذور وصغر حجم المظلة المناسب لعرض الطريق.,2000.0,44.2,32.21,11.99
KED-ROAD-01809,شارع السجينى,residential,4,Casuarina,كازوارينا,نوع طريق ضيق/سكني (residential) — تم اختيار كازوارينا (Casuarina) لانخفاض مخاطر الجذور وصغر حجم المظلة المناسب لعرض الطريق.,2000.0,40.0,28.01,11.99
KED-ROAD-01818,شارع القصاص,residential,4,Casuarina,كازوارينا,نوع طريق ضيق/سكني (residential) — تم اختيار كازوارينا (Casuarina) لانخفاض مخاطر الجذور وصغر حجم المظلة المناسب لعرض الطريق.,2000.0,40.22,28.24,11.99
KED-ROAD-01819,شارع القصاص,residential,4,Casuarina,كازوارينا,نوع طريق ضيق/سكني (residential) — تم اختيار كازوارينا (Casuarina) لانخفاض مخاطر الجذور وصغر حجم المظلة المناسب لعرض الطريق.,2000.0,40.22,28.24,11.99
KED-ROAD-04019,شارع حميده,residential,4,Casuarina,كازوارينا,نوع طريق ضيق/سكني (residential) — تم اختيار كازوارينا (Casuarina) لانخفاض مخاطر الجذور وصغر حجم المظلة المناسب لعرض الطريق.,2000.0,41.03,29.03,12.0
KED-ROAD-01852,شارع الشيخ,residential,4,Casuarina,كازوارينا,نوع طريق ضيق/سكني (residential) — تم اختيار كازوارينا (Casuarina) لانخفاض مخاطر الجذور وصغر حجم المظلة المناسب لعرض الطريق.,2000.0,40.41,28.42,12.0
KED-ROAD-01853,شارع الشيخ,residential,4,Casuarina,كازوارينا,نوع طريق ضيق/سكني (residential) — تم اختيار كازوارينا (Casuarina) لانخفاض مخاطر الجذور وصغر حجم المظلة المناسب لعرض الطريق.,2000.0,40.41,28.42,12.0
KED-ROAD-01858,شارع ادم,residential,4,Casuarina,كازوارينا,نوع طريق ضيق/سكني (residential) — تم اختيار كازوارينا (Casuarina) لانخفاض مخاطر الجذور وصغر حجم المظلة المناسب لعرض الطريق.,2000.0,40.81,28.83,11.99
KED-ROAD-01859,شارع ادم,residential,4,Casuarina,كازوارينا,نوع طريق ضيق/سكني (residential) — تم اختيار كازوارينا (Casuarina) لانخفاض مخاطر الجذور وصغر حجم المظلة المناسب لعرض الطريق.,2000.0,40.81,28.83,11.99
KED-ROAD-01862,شارع راغب الكحيلي,residential,4,Casuarina,كازوارينا,نوع طريق ضيق/سكني (residential) — تم اختيار كازوارينا (Casuarina) لانخفاض مخاطر الجذور وصغر حجم المظلة المناسب لعرض الطريق.,2000.0,42.7,30.71,11.99
KED-ROAD-00955,شارع القاهر,residential,4,Casuarina,كازوارينا,نوع طريق ضيق/سكني (residential) — تم اختيار كازوارينا (Casuarina) لانخفاض مخاطر الجذور وصغر حجم المظلة المناسب لعرض الطريق.,2000.0,45.28,33.29,11.99
KED-ROAD-00956,شارع القاهر,residential,4,Casuarina,كازوارينا,نوع طريق ضيق/سكني (residential) — تم اختيار كازوارينا (Casuarina) لانخفاض مخاطر الجذور وصغر حجم المظلة المناسب لعرض الطريق.,2000.0,45.28,33.29,11.99
KED-ROAD-00963,عطفه جلال الدسوقي,residential,4,Casuarina,كازوارينا,نوع طريق ضيق/سكني (residential) — تم اختيار كازوارينا (Casuarina) لانخفاض مخاطر الجذور وصغر حجم المظلة المناسب لعرض الطريق.,2000.0,46.63,34.64,11.99
KED-ROAD-03126,شارع مصطفى كامل,residential,4,Casuarina,كازوارينا,نوع طريق ضيق/سكني (residential) — تم اختيار كازوارينا (Casuarina) لانخفاض مخاطر الجذور وصغر حجم المظلة المناسب لعرض الطريق.,2000.0,42.3,30.31,11.99
KED-ROAD-03127,شارع مصطفى كامل,residential,4,Casuarina,كازوارينا,نوع طريق ضيق/سكني (residential) — تم اختيار كازوارينا (Casuarina) لانخفاض مخاطر الجذور وصغر حجم المظلة المناسب لعرض الطريق.,2000.0,42.3,30.31,11.99
KED-ROAD-03084,شارع الشهيد حامد هنداوي,residential,4,Casuarina,كازوارينا,نوع طريق ضيق/سكني (residential) — تم اختيار كازوارينا (Casuarina) لانخفاض مخاطر الجذور وصغر حجم المظلة المناسب لعرض الطريق.,2000.0,40.84,28.85,11.99
KED-ROAD-00979,شارع العرفان,residential,4,Casuarina,كازوارينا,نوع طريق ضيق/سكني (residential) — تم اختيار كازوارينا (Casuarina) لانخفاض مخاطر الجذور وصغر حجم المظلة المناسب لعرض الطريق.,2000.0,42.6,30.61,11.99
KED-ROAD-00980,شارع العرفان,residential,4,Casuarina,كازوارينا,نوع طريق ضيق/سكني (residential) — تم اختيار كازوارينا (Casuarina) لانخفاض مخاطر الجذور وصغر حجم المظلة المناسب لعرض الطريق.,2000.0,42.6,30.61,11.99
KED-ROAD-03077,شارع الكرنك,residential,4,Casuarina,كازوارينا,نوع طريق ضيق/سكني (residential) — تم اختيار كازوارينا (Casuarina) لانخفاض مخاطر الجذور وصغر حجم المظلة المناسب لعرض الطريق.,2000.0,41.31,29.32,11.99
KED-ROAD-03078,شارع الكرنك,residential,4,Casuarina,كازوارينا,نوع طريق ضيق/سكني (residential) — تم اختيار كازوارينا (Casuarina) لانخفاض مخاطر الجذور وصغر حجم المظلة المناسب لعرض الطريق.,2000.0,41.31,29.32,11.99
KED-ROAD-04018,شارع حميده,residential,4,Casuarina,كازوارينا,نوع طريق ضيق/سكني (residential) — تم اختيار كازوارينا (Casuarina) لانخفاض مخاطر الجذور وصغر حجم المظلة المناسب لعرض الطريق.,2000.0,41.03,29.03,12.0
KED-ROAD-04262,شارع غازي,residential,4,Casuarina,كازوارينا,نوع طريق ضيق/سكني (residential) — تم اختيار كازوارينا (Casuarina) لانخفاض مخاطر الجذور وصغر حجم المظلة المناسب لعرض الطريق.,2000.0,46.47,34.48,11.99
KED-ROAD-00498,شارع عثمان بن عفان,residential,4,Casuarina,كازوارينا,نوع طريق ضيق/سكني (residential) — تم اختيار كازوارينا (Casuarina) لانخفاض مخاطر الجذور وصغر حجم المظلة المناسب لعرض الطريق.,2000.0,46.94,34.94,12.0
KED-ROAD-00499,شارع عثمان بن عفان,residential,4,Casuarina,كازوارينا,نوع طريق ضيق/سكني (residential) — تم اختيار كازوارينا (Casuarina) لانخفاض مخاطر الجذور وصغر حجم المظلة المناسب لعرض الطريق.,2000.0,46.94,34.94,12.0
KED-ROAD-05237,شارع عبد القادر عباده,residential,4,Casuarina,كازوارينا,نوع طريق ضيق/سكني (residential) — تم اختيار كازوارينا (Casuarina) لانخفاض مخاطر الجذور وصغر حجم المظلة المناسب لعرض الطريق.,2000.0,43.76,31.76,12.0
KED-ROAD-05238,شارع عبد القادر عباده,residential,4,Casuarina,كازوارينا,نوع طريق ضيق/سكني (residential) — تم اختيار كازوارينا (Casuarina) لانخفاض مخاطر الجذور وصغر حجم المظلة المناسب لعرض الطريق.,2000.0,43.76,31.76,12.0
KED-ROAD-03083,شارع الشهيد حامد هنداوي,residential,4,Casuarina,كازوارينا,نوع طريق ضيق/سكني (residential) — تم اختيار كازوارينا (Casuarina) لانخفاض مخاطر الجذور وصغر حجم المظلة المناسب لعرض الطريق.,2000.0,40.84,28.85,11.99
KED-ROAD-03041,شارع جوده,residential,4,Casuarina,كازوارينا,نوع طريق ضيق/سكني (residential) — تم اختيار كازوارينا (Casuarina) لانخفاض مخاطر الجذور وصغر حجم المظلة المناسب لعرض الطريق.,2000.0,42.48,30.49,11.99
KED-ROAD-03042,شارع جوده,residential,4,Casuarina,كازوارينا,نوع طريق ضيق/سكني (residential) — تم اختيار كازوارينا (Casuarina) لانخفاض مخاطر الجذور وصغر حجم المظلة المناسب لعرض الطريق.,2000.0,42.48,30.49,11.99
KED-ROAD-01094,شارع مدخل كفر الدوار,secondary,4,Neem,نيم,نوع طريق رئيسي/متوسط (secondary) — تم اختيار نيم (Neem) لأعلى توافق موثّق (تحمل حراري مرتفع، احتياج مائي منخفض، ملاءمة عالية للطرق).,2000.0,47.96,35.98,11.99
KED-ROAD-01106,شارع بكر الدكراوي,residential,4,Casuarina,كازوارينا,نوع طريق ضيق/سكني (residential) — تم اختيار كازوارينا (Casuarina) لانخفاض مخاطر الجذور وصغر حجم المظلة المناسب لعرض الطريق.,2000.0,43.56,31.57,11.99
KED-ROAD-01107,شارع بكر الدكراوي,residential,4,Casuarina,كازوارينا,نوع طريق ضيق/سكني (residential) — تم اختيار كازوارينا (Casuarina) لانخفاض مخاطر الجذور وصغر حجم المظلة المناسب لعرض الطريق.,2000.0,43.56,31.57,11.99
KED-ROAD-01139,شارع بدران,residential,4,Casuarina,كازوارينا,نوع طريق ضيق/سكني (residential) — تم اختيار كازوارينا (Casuarina) لانخفاض مخاطر الجذور وصغر حجم المظلة المناسب لعرض الطريق.,2000.0,40.31,28.33,11.99
KED-ROAD-01140,شارع بدران,residential,4,Casuarina,كازوارينا,نوع طريق ضيق/سكني (residential) — تم اختيار كازوارينا (Casuarina) لانخفاض مخاطر الجذور وصغر حجم المظلة المناسب لعرض الطريق.,2000.0,40.31,28.33,11.99
KED-ROAD-04283,شارع رياض,residential,4,Casuarina,كازوارينا,نوع طريق ضيق/سكني (residential) — تم اختيار كازوارينا (Casuarina) لانخفاض مخاطر الجذور وصغر حجم المظلة المناسب لعرض الطريق.,2000.0,44.41,32.42,11.99
KED-ROAD-04284,شارع رياض,residential,4,Casuarina,كازوارينا,نوع طريق ضيق/سكني (residential) — تم اختيار كازوارينا (Casuarina) لانخفاض مخاطر الجذور وصغر حجم المظلة المناسب لعرض الطريق.,2000.0,44.41,32.42,11.99
KED-ROAD-04311,شارع 12,residential,4,Casuarina,كازوارينا,نوع طريق ضيق/سكني (residential) — تم اختيار كازوارينا (Casuarina) لانخفاض مخاطر الجذور وصغر حجم المظلة المناسب لعرض الطريق.,2000.0,40.93,28.93,11.99
KED-ROAD-02143,شارع 106,residential,4,Casuarina,كازوارينا,نوع طريق ضيق/سكني (residential) — تم اختيار كازوارينا (Casuarina) لانخفاض مخاطر الجذور وصغر حجم المظلة المناسب لعرض الطريق.,2000.0,46.83,34.84,11.99
KED-ROAD-02144,شارع 106,residential,4,Casuarina,كازوارينا,نوع طريق ضيق/سكني (residential) — تم اختيار كازوارينا (Casuarina) لانخفاض مخاطر الجذور وصغر حجم المظلة المناسب لعرض الطريق.,2000.0,46.83,34.84,11.99
KED-ROAD-03989,شارع الشعراوى,residential,4,Casuarina,كازوارينا,نوع طريق ضيق/سكني (residential) — تم اختيار كازوارينا (Casuarina) لانخفاض مخاطر الجذور وصغر حجم المظلة المناسب لعرض الطريق.,2000.0,42.3,30.31,11.99
KED-ROAD-03990,شارع الشعراوى,residential,4,Casuarina,كازوارينا,نوع طريق ضيق/سكني (residential) — تم اختيار كازوارينا (Casuarina) لانخفاض مخاطر الجذور وصغر حجم المظلة المناسب لعرض الطريق.,2000.0,42.3,30.31,11.99
KED-ROAD-02981,شارع المستقبل,residential,4,Casuarina,كازوارينا,نوع طريق ضيق/سكني (residential) — تم اختيار كازوارينا (Casuarina) لانخفاض مخاطر الجذور وصغر حجم المظلة المناسب لعرض الطريق.,2000.0,46.2,34.21,11.99
KED-ROAD-01146,شارع بكر الدكراوي,residential,4,Casuarina,كازوارينا,نوع طريق ضيق/سكني (residential) — تم اختيار كازوارينا (Casuarina) لانخفاض مخاطر الجذور وصغر حجم المظلة المناسب لعرض الطريق.,2000.0,41.64,29.66,11.99
KED-ROAD-01149,شارع داوود,residential,4,Casuarina,كازوارينا,نوع طريق ضيق/سكني (residential) — تم اختيار كازوارينا (Casuarina) لانخفاض مخاطر الجذور وصغر حجم المظلة المناسب لعرض الطريق.,2000.0,41.75,29.76,11.99
KED-ROAD-01150,شارع داوود,residential,4,Casuarina,كازوارينا,نوع طريق ضيق/سكني (residential) — تم اختيار كازوارينا (Casuarina) لانخفاض مخاطر الجذور وصغر حجم المظلة المناسب لعرض الطريق.,2000.0,41.75,29.76,11.99
KED-ROAD-01123,شارع بكر الدكراوي,residential,4,Casuarina,كازوارينا,نوع طريق ضيق/سكني (residential) — تم اختيار كازوارينا (Casuarina) لانخفاض مخاطر الجذور وصغر حجم المظلة المناسب لعرض الطريق.,2000.0,40.25,28.25,12.0
KED-ROAD-01124,شارع بكر الدكراوي,residential,4,Casuarina,كازوارينا,نوع طريق ضيق/سكني (residential) — تم اختيار كازوارينا (Casuarina) لانخفاض مخاطر الجذور وصغر حجم المظلة المناسب لعرض الطريق.,2000.0,40.25,28.25,12.0
KED-ROAD-01129,شارع الخليفه,residential,4,Casuarina,كازوارينا,نوع طريق ضيق/سكني (residential) — تم اختيار كازوارينا (Casuarina) لانخفاض مخاطر الجذور وصغر حجم المظلة المناسب لعرض الطريق.,2000.0,41.04,29.04,12.0
KED-ROAD-01130,شارع الخليفه,residential,4,Casuarina,كازوارينا,نوع طريق ضيق/سكني (residential) — تم اختيار كازوارينا (Casuarina) لانخفاض مخاطر الجذور وصغر حجم المظلة المناسب لعرض الطريق.,2000.0,41.04,29.04,12.0
KED-ROAD-02948,شارع المستقبل,residential,4,Casuarina,كازوارينا,نوع طريق ضيق/سكني (residential) — تم اختيار كازوارينا (Casuarina) لانخفاض مخاطر الجذور وصغر حجم المظلة المناسب لعرض الطريق.,2000.0,44.28,32.3,11.99
KED-ROAD-02949,شارع المستقبل,residential,4,Casuarina,كازوارينا,نوع طريق ضيق/سكني (residential) — تم اختيار كازوارينا (Casuarina) لانخفاض مخاطر الجذور وصغر حجم المظلة المناسب لعرض الطريق.,2000.0,44.28,32.3,11.99
KED-ROAD-02950,شارع المستقبل,residential,4,Casuarina,كازوارينا,نوع طريق ضيق/سكني (residential) — تم اختيار كازوارينا (Casuarina) لانخفاض مخاطر الجذور وصغر حجم المظلة المناسب لعرض الطريق.,2000.0,46.2,34.21,11.99
KED-ROAD-02952,شارع مسجد التوحيد,residential,4,Casuarina,كازوارينا,نوع طريق ضيق/سكني (residential) — تم اختيار كازوارينا (Casuarina) لانخفاض مخاطر الجذور وصغر حجم المظلة المناسب لعرض الطريق.,2000.0,42.21,30.21,12.0
KED-ROAD-02953,شارع مسجد التوحيد,residential,4,Casuarina,كازوارينا,نوع طريق ضيق/سكني (residential) — تم اختيار كازوارينا (Casuarina) لانخفاض مخاطر الجذور وصغر حجم المظلة المناسب لعرض الطريق.,2000.0,42.21,30.21,12.0
KED-ROAD-02954,شارع ماجد,residential,4,Casuarina,كازوارينا,نوع طريق ضيق/سكني (residential) — تم اختيار كازوارينا (Casuarina) لانخفاض مخاطر الجذور وصغر حجم المظلة المناسب لعرض الطريق.,2000.0,44.66,32.66,12.0
KED-ROAD-00289,شارع 109,residential,4,Casuarina,كازوارينا,نوع طريق ضيق/سكني (residential) — تم اختيار كازوارينا (Casuarina) لانخفاض مخاطر الجذور وصغر حجم المظلة المناسب لعرض الطريق.,2000.0,46.75,34.76,11.99
KED-ROAD-05753,الطريق الدولي,tertiary,4,Neem,نيم,نوع طريق رئيسي/متوسط (tertiary) — تم اختيار نيم (Neem) لأعلى توافق موثّق (تحمل حراري مرتفع، احتياج مائي منخفض، ملاءمة عالية للطرق).,2000.0,46.21,34.23,11.99
KED-ROAD-02180,شارع زعتر,residential,4,Casuarina,كازوارينا,نوع طريق ضيق/سكني (residential) — تم اختيار كازوارينا (Casuarina) لانخفاض مخاطر الجذور وصغر حجم المظلة المناسب لعرض الطريق.,2000.0,43.01,31.02,11.99
KED-ROAD-02181,شارع زعتر,residential,4,Casuarina,كازوارينا,نوع طريق ضيق/سكني (residential) — تم اختيار كازوارينا (Casuarina) لانخفاض مخاطر الجذور وصغر حجم المظلة المناسب لعرض الطريق.,2000.0,43.01,31.02,11.99
KED-ROAD-02133,شارع 106,residential,4,Casuarina,كازوارينا,نوع طريق ضيق/سكني (residential) — تم اختيار كازوارينا (Casuarina) لانخفاض مخاطر الجذور وصغر حجم المظلة المناسب لعرض الطريق.,2000.0,44.55,32.56,11.99
KED-ROAD-02134,شارع 106,residential,4,Casuarina,كازوارينا,نوع طريق ضيق/سكني (residential) — تم اختيار كازوارينا (Casuarina) لانخفاض مخاطر الجذور وصغر حجم المظلة المناسب لعرض الطريق.,2000.0,44.55,32.56,11.99
KED-ROAD-01825,شارع 12,residential,4,Casuarina,كازوارينا,نوع طريق ضيق/سكني (residential) — تم اختيار كازوارينا (Casuarina) لانخفاض مخاطر الجذور وصغر حجم المظلة المناسب لعرض الطريق.,2000.0,41.1,29.11,12.0
KED-ROAD-01826,شارع 12,residential,4,Casuarina,كازوارينا,نوع طريق ضيق/سكني (residential) — تم اختيار كازوارينا (Casuarina) لانخفاض مخاطر الجذور وصغر حجم المظلة المناسب لعرض الطريق.,2000.0,41.1,29.11,12.0
KED-ROAD-04275,شارع السيد القعيد,residential,4,Casuarina,كازوارينا,نوع طريق ضيق/سكني (residential) — تم اختيار كازوارينا (Casuarina) لانخفاض مخاطر الجذور وصغر حجم المظلة المناسب لعرض الطريق.,2000.0,45.79,33.8,11.99
KED-ROAD-04276,شارع السيد القعيد,residential,4,Casuarina,كازوارينا,نوع طريق ضيق/سكني (residential) — تم اختيار كازوارينا (Casuarina) لانخفاض مخاطر الجذور وصغر حجم المظلة المناسب لعرض الطريق.,2000.0,45.79,33.8,11.99
KED-ROAD-04281,شارع عبد الرازق,residential,4,Casuarina,كازوارينا,نوع طريق ضيق/سكني (residential) — تم اختيار كازوارينا (Casuarina) لانخفاض مخاطر الجذور وصغر حجم المظلة المناسب لعرض الطريق.,2000.0,45.11,33.12,11.99
KED-ROAD-04282,شارع عبد الرازق,residential,4,Casuarina,كازوارينا,نوع طريق ضيق/سكني (residential) — تم اختيار كازوارينا (Casuarina) لانخفاض مخاطر الجذور وصغر حجم المظلة المناسب لعرض الطريق.,2000.0,45.11,33.12,11.99
KED-ROAD-01808,شارع السجينى,residential,4,Casuarina,كازوارينا,نوع طريق ضيق/سكني (residential) — تم اختيار كازوارينا (Casuarina) لانخفاض مخاطر الجذور وصغر حجم المظلة المناسب لعرض الطريق.,2000.0,40.0,28.01,11.99
KED-ROAD-04312,شارع 12,residential,4,Casuarina,كازوارينا,نوع طريق ضيق/سكني (residential) — تم اختيار كازوارينا (Casuarina) لانخفاض مخاطر الجذور وصغر حجم المظلة المناسب لعرض الطريق.,2000.0,40.93,28.93,11.99
KED-ROAD-04316,شارع المحكمه,residential,4,Casuarina,كازوارينا,نوع طريق ضيق/سكني (residential) — تم اختيار كازوارينا (Casuarina) لانخفاض مخاطر الجذور وصغر حجم المظلة المناسب لعرض الطريق.,2000.0,44.72,32.73,11.99
KED-ROAD-04317,شارع المحكمه,residential,4,Casuarina,كازوارينا,نوع طريق ضيق/سكني (residential) — تم اختيار كازوارينا (Casuarina) لانخفاض مخاطر الجذور وصغر حجم المظلة المناسب لعرض الطريق.,2000.0,44.72,32.73,11.99
KED-ROAD-01764,شارع نصار,residential,4,Casuarina,كازوارينا,نوع طريق ضيق/سكني (residential) — تم اختيار كازوارينا (Casuarina) لانخفاض مخاطر الجذور وصغر حجم المظلة المناسب لعرض الطريق.,2000.0,40.24,28.26,11.99
KED-ROAD-00277,شارع الجيش,secondary,4,Neem,نيم,نوع طريق رئيسي/متوسط (secondary) — تم اختيار نيم (Neem) لأعلى توافق موثّق (تحمل حراري مرتفع، احتياج مائي منخفض، ملاءمة عالية للطرق).,2000.0,47.76,35.77,11.99
KED-ROAD-00278,شارع 111,residential,4,Casuarina,كازوارينا,نوع طريق ضيق/سكني (residential) — تم اختيار كازوارينا (Casuarina) لانخفاض مخاطر الجذور وصغر حجم المظلة المناسب لعرض الطريق.,2000.0,43.75,31.76,11.99
KED-ROAD-00279,شارع 111,residential,4,Casuarina,كازوارينا,نوع طريق ضيق/سكني (residential) — تم اختيار كازوارينا (Casuarina) لانخفاض مخاطر الجذور وصغر حجم المظلة المناسب لعرض الطريق.,2000.0,43.75,31.76,11.99
KED-ROAD-00286,شارع 110,residential,4,Casuarina,كازوارينا,نوع طريق ضيق/سكني (residential) — تم اختيار كازوارينا (Casuarina) لانخفاض مخاطر الجذور وصغر حجم المظلة المناسب لعرض الطريق.,2000.0,45.33,33.34,12.0
KED-ROAD-00287,شارع 110,residential,4,Casuarina,كازوارينا,نوع طريق ضيق/سكني (residential) — تم اختيار كازوارينا (Casuarina) لانخفاض مخاطر الجذور وصغر حجم المظلة المناسب لعرض الطريق.,2000.0,45.33,33.34,12.0
KED-ROAD-00288,شارع 109,residential,4,Casuarina,كازوارينا,نوع طريق ضيق/سكني (residential) — تم اختيار كازوارينا (Casuarina) لانخفاض مخاطر الجذور وصغر حجم المظلة المناسب لعرض الطريق.,2000.0,46.75,34.76,11.99
KED-ROAD-02955,شارع ماجد,residential,4,Casuarina,كازوارينا,نوع طريق ضيق/سكني (residential) — تم اختيار كازوارينا (Casuarina) لانخفاض مخاطر الجذور وصغر حجم المظلة المناسب لعرض الطريق.,2000.0,44.66,32.66,12.0
KED-ROAD-02974,شارع على بركه,residential,4,Casuarina,كازوارينا,نوع طريق ضيق/سكني (residential) — تم اختيار كازوارينا (Casuarina) لانخفاض مخاطر الجذور وصغر حجم المظلة المناسب لعرض الطريق.,2000.0,42.71,30.71,12.0
KED-ROAD-02975,شارع على بركه,residential,4,Casuarina,كازوارينا,نوع طريق ضيق/سكني (residential) — تم اختيار كازوارينا (Casuarina) لانخفاض مخاطر الجذور وصغر حجم المظلة المناسب لعرض الطريق.,2000.0,42.71,30.71,12.0
KED-ROAD-02924,شارع الإمام مالك,residential,4,Casuarina,كازوارينا,نوع طريق ضيق/سكني (residential) — تم اختيار كازوارينا (Casuarina) لانخفاض مخاطر الجذور وصغر حجم المظلة المناسب لعرض الطريق.,2000.0,41.81,29.82,11.99
KED-ROAD-02925,شارع الإمام مالك,residential,4,Casuarina,كازوارينا,نوع طريق ضيق/سكني (residential) — تم اختيار كازوارينا (Casuarina) لانخفاض مخاطر الجذور وصغر حجم المظلة المناسب لعرض الطريق.,2000.0,41.81,29.82,11.99
KED-ROAD-02938,شارع مسجد التوحيد,residential,4,Casuarina,كازوارينا,نوع طريق ضيق/سكني (residential) — تم اختيار كازوارينا (Casuarina) لانخفاض مخاطر الجذور وصغر حجم المظلة المناسب لعرض الطريق.,2000.0,40.08,28.08,12.0
KED-ROAD-02939,شارع مسجد التوحيد,residential,4,Casuarina,كازوارينا,نوع طريق ضيق/سكني (residential) — تم اختيار كازوارينا (Casuarina) لانخفاض مخاطر الجذور وصغر حجم المظلة المناسب لعرض الطريق.,2000.0,40.08,28.08,12.0
KED-ROAD-03956,شارع ادم,residential,4,Casuarina,كازوارينا,نوع طريق ضيق/سكني (residential) — تم اختيار كازوارينا (Casuarina) لانخفاض مخاطر الجذور وصغر حجم المظلة المناسب لعرض الطريق.,2000.0,40.76,28.78,11.99
KED-ROAD-03959,شارع محمود الجندى,residential,4,Casuarina,كازوارينا,نوع طريق ضيق/سكني (residential) — تم اختيار كازوارينا (Casuarina) لانخفاض مخاطر الجذور وصغر حجم المظلة المناسب لعرض الطريق.,2000.0,41.36,29.37,11.99
KED-ROAD-03960,شارع محمود الجندى,residential,4,Casuarina,كازوارينا,نوع طريق ضيق/سكني (residential) — تم اختيار كازوارينا (Casuarina) لانخفاض مخاطر الجذور وصغر حجم المظلة المناسب لعرض الطريق.,2000.0,41.36,29.37,11.99
KED-ROAD-03963,شارع سليمان,residential,4,Casuarina,كازوارينا,نوع طريق ضيق/سكني (residential) — تم اختيار كازوارينا (Casuarina) لانخفاض مخاطر الجذور وصغر حجم المظلة المناسب لعرض الطريق.,2000.0,41.84,29.85,11.99
KED-ROAD-03964,شارع سليمان,residential,4,Casuarina,كازوارينا,نوع طريق ضيق/سكني (residential) — تم اختيار كازوارينا (Casuarina) لانخفاض مخاطر الجذور وصغر حجم المظلة المناسب لعرض الطريق.,2000.0,41.84,29.85,11.99
KED-ROAD-02209,شارع الوزان,residential,4,Casuarina,كازوارينا,نوع طريق ضيق/سكني (residential) — تم اختيار كازوارينا (Casuarina) لانخفاض مخاطر الجذور وصغر حجم المظلة المناسب لعرض الطريق.,2000.0,42.05,30.06,11.99
KED-ROAD-02210,شارع الوزان,residential,4,Casuarina,كازوارينا,نوع طريق ضيق/سكني (residential) — تم اختيار كازوارينا (Casuarina) لانخفاض مخاطر الجذور وصغر حجم المظلة المناسب لعرض الطريق.,2000.0,42.05,30.06,11.99
KED-ROAD-01145,شارع بكر الدكراوي,residential,4,Casuarina,كازوارينا,نوع طريق ضيق/سكني (residential) — تم اختيار كازوارينا (Casuarina) لانخفاض مخاطر الجذور وصغر حجم المظلة المناسب لعرض الطريق.,2000.0,41.64,29.66,11.99
KED-ROAD-05248,شارع عبد العزيز الزمراني,residential,4,Casuarina,كازوارينا,نوع طريق ضيق/سكني (residential) — تم اختيار كازوارينا (Casuarina) لانخفاض مخاطر الجذور وصغر حجم المظلة المناسب لعرض الطريق.,2000.0,41.96,29.98,11.99
KED-ROAD-05249,شارع عبد العزيز الزمراني,residential,4,Casuarina,كازوارينا,نوع طريق ضيق/سكني (residential) — تم اختيار كازوارينا (Casuarina) لانخفاض مخاطر الجذور وصغر حجم المظلة المناسب لعرض الطريق.,2000.0,41.96,29.98,11.99
KED-ROAD-03659,شارع خلف السنترال,residential,4,Casuarina,كازوارينا,نوع طريق ضيق/سكني (residential) — تم اختيار كازوارينا (Casuarina) لانخفاض مخاطر الجذور وصغر حجم المظلة المناسب لعرض الطريق.,2000.0,42.78,30.8,11.99
KED-ROAD-03660,شارع خلف السنترال,residential,4,Casuarina,كازوارينا,نوع طريق ضيق/سكني (residential) — تم اختيار كازوارينا (Casuarina) لانخفاض مخاطر الجذور وصغر حجم المظلة المناسب لعرض الطريق.,2000.0,42.78,30.8,11.99
KED-ROAD-04349,شارع 11,residential,4,Casuarina,كازوارينا,نوع طريق ضيق/سكني (residential) — تم اختيار كازوارينا (Casuarina) لانخفاض مخاطر الجذور وصغر حجم المظلة المناسب لعرض الطريق.,2000.0,41.65,29.66,11.99
KED-ROAD-04350,شارع 11,residential,4,Casuarina,كازوارينا,نوع طريق ضيق/سكني (residential) — تم اختيار كازوارينا (Casuarina) لانخفاض مخاطر الجذور وصغر حجم المظلة المناسب لعرض الطريق.,2000.0,41.65,29.66,11.99
KED-ROAD-01730,شارع سلطان,residential,4,Casuarina,كازوارينا,نوع طريق ضيق/سكني (residential) — تم اختيار كازوارينا (Casuarina) لانخفاض مخاطر الجذور وصغر حجم المظلة المناسب لعرض الطريق.,2000.0,41.07,29.08,11.99
KED-ROAD-00243,"طريق كفر الدوار, ابو المطامير",secondary,4,Neem,نيم,نوع طريق رئيسي/متوسط (secondary) — تم اختيار نيم (Neem) لأعلى توافق موثّق (تحمل حراري مرتفع، احتياج مائي منخفض، ملاءمة عالية للطرق).,2000.0,50.7,38.71,11.99
KED-ROAD-00244,"طريق كفر الدوار, ابو المطامير",secondary,4,Neem,نيم,نوع طريق رئيسي/متوسط (secondary) — تم اختيار نيم (Neem) لأعلى توافق موثّق (تحمل حراري مرتفع، احتياج مائي منخفض، ملاءمة عالية للطرق).,2000.0,46.15,34.16,11.99
KED-ROAD-00246,شارع الجيش,secondary,4,Neem,نيم,نوع طريق رئيسي/متوسط (secondary) — تم اختيار نيم (Neem) لأعلى توافق موثّق (تحمل حراري مرتفع، احتياج مائي منخفض، ملاءمة عالية للطرق).,2000.0,51.67,39.68,11.99
KED-ROAD-00251,شارع محمد سعد ابو مضاوي,residential,4,Casuarina,كازوارينا,نوع طريق ضيق/سكني (residential) — تم اختيار كازوارينا (Casuarina) لانخفاض مخاطر الجذور وصغر حجم المظلة المناسب لعرض الطريق.,2000.0,43.85,31.87,11.99
KED-ROAD-00252,شارع محمد سعد ابو مضاوي,residential,4,Casuarina,كازوارينا,نوع طريق ضيق/سكني (residential) — تم اختيار كازوارينا (Casuarina) لانخفاض مخاطر الجذور وصغر حجم المظلة المناسب لعرض الطريق.,2000.0,43.85,31.87,11.99
KED-ROAD-02234,شارع الوزان,residential,4,Casuarina,كازوارينا,نوع طريق ضيق/سكني (residential) — تم اختيار كازوارينا (Casuarina) لانخفاض مخاطر الجذور وصغر حجم المظلة المناسب لعرض الطريق.,2000.0,46.4,34.42,11.99
KED-ROAD-03662,شارع الامه,residential,4,Casuarina,كازوارينا,نوع طريق ضيق/سكني (residential) — تم اختيار كازوارينا (Casuarina) لانخفاض مخاطر الجذور وصغر حجم المظلة المناسب لعرض الطريق.,2000.0,45.18,33.19,11.99
KED-ROAD-02886,شارع مبره محمد على,residential,4,Casuarina,كازوارينا,نوع طريق ضيق/سكني (residential) — تم اختيار كازوارينا (Casuarina) لانخفاض مخاطر الجذور وصغر حجم المظلة المناسب لعرض الطريق.,2000.0,45.16,33.17,11.99
KED-ROAD-02887,شارع مبره محمد على,residential,4,Casuarina,كازوارينا,نوع طريق ضيق/سكني (residential) — تم اختيار كازوارينا (Casuarina) لانخفاض مخاطر الجذور وصغر حجم المظلة المناسب لعرض الطريق.,2000.0,45.16,33.17,11.99
KED-ROAD-02901,حارة النور,residential,4,Casuarina,كازوارينا,نوع طريق ضيق/سكني (residential) — تم اختيار كازوارينا (Casuarina) لانخفاض مخاطر الجذور وصغر حجم المظلة المناسب لعرض الطريق.,2000.0,46.9,34.91,11.99
KED-ROAD-02864,شارع السلامه,residential,4,Casuarina,كازوارينا,نوع طريق ضيق/سكني (residential) — تم اختيار كازوارينا (Casuarina) لانخفاض مخاطر الجذور وصغر حجم المظلة المناسب لعرض الطريق.,2000.0,46.88,34.89,11.99
KED-ROAD-02865,شارع السلامه,residential,4,Casuarina,كازوارينا,نوع طريق ضيق/سكني (residential) — تم اختيار كازوارينا (Casuarina) لانخفاض مخاطر الجذور وصغر حجم المظلة المناسب لعرض الطريق.,2000.0,46.88,34.89,11.99
KED-ROAD-02828,شارع عبد الرزاق عبد الحميد,residential,4,Casuarina,كازوارينا,نوع طريق ضيق/سكني (residential) — تم اختيار كازوارينا (Casuarina) لانخفاض مخاطر الجذور وصغر حجم المظلة المناسب لعرض الطريق.,2000.0,40.66,28.66,12.0
KED-ROAD-02829,شارع حسن يونس,residential,4,Casuarina,كازوارينا,نوع طريق ضيق/سكني (residential) — تم اختيار كازوارينا (Casuarina) لانخفاض مخاطر الجذور وصغر حجم المظلة المناسب لعرض الطريق.,2000.0,45.18,33.19,11.99
KED-ROAD-02830,شارع حسن يونس,residential,4,Casuarina,كازوارينا,نوع طريق ضيق/سكني (residential) — تم اختيار كازوارينا (Casuarina) لانخفاض مخاطر الجذور وصغر حجم المظلة المناسب لعرض الطريق.,2000.0,45.18,33.19,11.99
KED-ROAD-05284,شارع بالي,residential,4,Casuarina,كازوارينا,نوع طريق ضيق/سكني (residential) — تم اختيار كازوارينا (Casuarina) لانخفاض مخاطر الجذور وصغر حجم المظلة المناسب لعرض الطريق.,2000.0,46.75,34.77,11.99
KED-ROAD-02233,شارع الوزان,residential,4,Casuarina,كازوارينا,نوع طريق ضيق/سكني (residential) — تم اختيار كازوارينا (Casuarina) لانخفاض مخاطر الجذور وصغر حجم المظلة المناسب لعرض الطريق.,2000.0,46.4,34.42,11.99
KED-ROAD-01765,شارع نصار,residential,4,Casuarina,كازوارينا,نوع طريق ضيق/سكني (residential) — تم اختيار كازوارينا (Casuarina) لانخفاض مخاطر الجذور وصغر حجم المظلة المناسب لعرض الطريق.,2000.0,40.24,28.26,11.99
KED-ROAD-04345,شارع فوزي ابو نعيم,residential,4,Casuarina,كازوارينا,نوع طريق ضيق/سكني (residential) — تم اختيار كازوارينا (Casuarina) لانخفاض مخاطر الجذور وصغر حجم المظلة المناسب لعرض الطريق.,2000.0,40.15,28.16,11.99
KED-ROAD-04346,شارع فوزي ابو نعيم,residential,4,Casuarina,كازوارينا,نوع طريق ضيق/سكني (residential) — تم اختيار كازوارينا (Casuarina) لانخفاض مخاطر الجذور وصغر حجم المظلة المناسب لعرض الطريق.,2000.0,40.15,28.16,11.99
KED-ROAD-05285,شارع بالي,residential,4,Casuarina,كازوارينا,نوع طريق ضيق/سكني (residential) — تم اختيار كازوارينا (Casuarina) لانخفاض مخاطر الجذور وصغر حجم المظلة المناسب لعرض الطريق.,2000.0,46.75,34.77,11.99
KED-ROAD-05304,شارع مدبولى,residential,4,Casuarina,كازوارينا,نوع طريق ضيق/سكني (residential) — تم اختيار كازوارينا (Casuarina) لانخفاض مخاطر الجذور وصغر حجم المظلة المناسب لعرض الطريق.,2000.0,40.18,28.19,12.0
KED-ROAD-02831,شارع محمد خضر,residential,4,Casuarina,كازوارينا,نوع طريق ضيق/سكني (residential) — تم اختيار كازوارينا (Casuarina) لانخفاض مخاطر الجذور وصغر حجم المظلة المناسب لعرض الطريق.,2000.0,42.38,30.39,11.99
KED-ROAD-02832,شارع محمد خضر,residential,4,Casuarina,كازوارينا,نوع طريق ضيق/سكني (residential) — تم اختيار كازوارينا (Casuarina) لانخفاض مخاطر الجذور وصغر حجم المظلة المناسب لعرض الطريق.,2000.0,42.38,30.39,11.99
KED-ROAD-02841,شارع مدخل كفر الدوار,residential,4,Casuarina,كازوارينا,نوع طريق ضيق/سكني (residential) — تم اختيار كازوارينا (Casuarina) لانخفاض مخاطر الجذور وصغر حجم المظلة المناسب لعرض الطريق.,2000.0,44.34,32.36,11.99
KED-ROAD-03663,شارع الامه,residential,4,Casuarina,كازوارينا,نوع طريق ضيق/سكني (residential) — تم اختيار كازوارينا (Casuarina) لانخفاض مخاطر الجذور وصغر حجم المظلة المناسب لعرض الطريق.,2000.0,45.18,33.19,11.99
KED-ROAD-03672,شارع الاتوبيس,residential,4,Casuarina,كازوارينا,نوع طريق ضيق/سكني (residential) — تم اختيار كازوارينا (Casuarina) لانخفاض مخاطر الجذور وصغر حجم المظلة المناسب لعرض الطريق.,2000.0,42.43,30.44,11.99
KED-ROAD-04693,شارع 58,residential,4,Casuarina,كازوارينا,نوع طريق ضيق/سكني (residential) — تم اختيار كازوارينا (Casuarina) لانخفاض مخاطر الجذور وصغر حجم المظلة المناسب لعرض الطريق.,2000.0,41.97,29.97,12.0
KED-ROAD-04694,شارع 58,residential,4,Casuarina,كازوارينا,نوع طريق ضيق/سكني (residential) — تم اختيار كازوارينا (Casuarina) لانخفاض مخاطر الجذور وصغر حجم المظلة المناسب لعرض الطريق.,2000.0,41.97,29.97,12.0
KED-ROAD-05269,شارع خلف المدارس,residential,4,Casuarina,كازوارينا,نوع طريق ضيق/سكني (residential) — تم اختيار كازوارينا (Casuarina) لانخفاض مخاطر الجذور وصغر حجم المظلة المناسب لعرض الطريق.,2000.0,42.06,30.08,11.99
KED-ROAD-05270,شارع خلف المدارس,residential,4,Casuarina,كازوارينا,نوع طريق ضيق/سكني (residential) — تم اختيار كازوارينا (Casuarina) لانخفاض مخاطر الجذور وصغر حجم المظلة المناسب لعرض الطريق.,2000.0,42.06,30.08,11.99
KED-ROAD-03673,شارع الاتوبيس,residential,4,Casuarina,كازوارينا,نوع طريق ضيق/سكني (residential) — تم اختيار كازوارينا (Casuarina) لانخفاض مخاطر الجذور وصغر حجم المظلة المناسب لعرض الطريق.,2000.0,42.43,30.44,11.99
KED-ROAD-03676,شارع بلنة,residential,4,Casuarina,كازوارينا,نوع طريق ضيق/سكني (residential) — تم اختيار كازوارينا (Casuarina) لانخفاض مخاطر الجذور وصغر حجم المظلة المناسب لعرض الطريق.,2000.0,42.87,30.88,11.99
KED-ROAD-03677,شارع بلنة,residential,4,Casuarina,كازوارينا,نوع طريق ضيق/سكني (residential) — تم اختيار كازوارينا (Casuarina) لانخفاض مخاطر الجذور وصغر حجم المظلة المناسب لعرض الطريق.,2000.0,42.87,30.88,11.99
KED-ROAD-03678,شارع الكرنك,residential,4,Casuarina,كازوارينا,نوع طريق ضيق/سكني (residential) — تم اختيار كازوارينا (Casuarina) لانخفاض مخاطر الجذور وصغر حجم المظلة المناسب لعرض الطريق.,2000.0,43.25,31.27,11.99
KED-ROAD-01706,شارع الوزير,residential,4,Casuarina,كازوارينا,نوع طريق ضيق/سكني (residential) — تم اختيار كازوارينا (Casuarina) لانخفاض مخاطر الجذور وصغر حجم المظلة المناسب لعرض الطريق.,2000.0,42.82,30.83,11.99
KED-ROAD-01707,شارع الوزير,residential,4,Casuarina,كازوارينا,نوع طريق ضيق/سكني (residential) — تم اختيار كازوارينا (Casuarina) لانخفاض مخاطر الجذور وصغر حجم المظلة المناسب لعرض الطريق.,2000.0,42.82,30.83,11.99
KED-ROAD-01710,شارع ادم,residential,4,Casuarina,كازوارينا,نوع طريق ضيق/سكني (residential) — تم اختيار كازوارينا (Casuarina) لانخفاض مخاطر الجذور وصغر حجم المظلة المناسب لعرض الطريق.,2000.0,42.91,30.93,11.99
KED-ROAD-01715,شارع طه نجم,residential,4,Casuarina,كازوارينا,نوع طريق ضيق/سكني (residential) — تم اختيار كازوارينا (Casuarina) لانخفاض مخاطر الجذور وصغر حجم المظلة المناسب لعرض الطريق.,2000.0,43.03,31.03,12.0
KED-ROAD-01722,شارع المنايفة,residential,4,Casuarina,كازوارينا,نوع طريق ضيق/سكني (residential) — تم اختيار كازوارينا (Casuarina) لانخفاض مخاطر الجذور وصغر حجم المظلة المناسب لعرض الطريق.,2000.0,41.38,29.39,11.99
KED-ROAD-01723,شارع المنايفة,residential,4,Casuarina,كازوارينا,نوع طريق ضيق/سكني (residential) — تم اختيار كازوارينا (Casuarina) لانخفاض مخاطر الجذور وصغر حجم المظلة المناسب لعرض الطريق.,2000.0,41.38,29.39,11.99
KED-ROAD-02347,شارع 104,residential,4,Casuarina,كازوارينا,نوع طريق ضيق/سكني (residential) — تم اختيار كازوارينا (Casuarina) لانخفاض مخاطر الجذور وصغر حجم المظلة المناسب لعرض الطريق.,2000.0,45.68,33.69,11.99
KED-ROAD-02281,شارع 7,residential,4,Casuarina,كازوارينا,نوع طريق ضيق/سكني (residential) — تم اختيار كازوارينا (Casuarina) لانخفاض مخاطر الجذور وصغر حجم المظلة المناسب لعرض الطريق.,2000.0,44.88,32.9,11.99
KED-ROAD-02282,شارع 7,residential,4,Casuarina,كازوارينا,نوع طريق ضيق/سكني (residential) — تم اختيار كازوارينا (Casuarina) لانخفاض مخاطر الجذور وصغر حجم المظلة المناسب لعرض الطريق.,2000.0,44.88,32.9,11.99
KED-ROAD-03935,شارع ادم,residential,4,Casuarina,كازوارينا,نوع طريق ضيق/سكني (residential) — تم اختيار كازوارينا (Casuarina) لانخفاض مخاطر الجذور وصغر حجم المظلة المناسب لعرض الطريق.,2000.0,40.76,28.78,11.99
KED-ROAD-03926,شارع الشعراوى,residential,4,Casuarina,كازوارينا,نوع طريق ضيق/سكني (residential) — تم اختيار كازوارينا (Casuarina) لانخفاض مخاطر الجذور وصغر حجم المظلة المناسب لعرض الطريق.,2000.0,41.13,29.14,11.99
KED-ROAD-02341,شارع المدينه المنورة,residential,4,Casuarina,كازوارينا,نوع طريق ضيق/سكني (residential) — تم اختيار كازوارينا (Casuarina) لانخفاض مخاطر الجذور وصغر حجم المظلة المناسب لعرض الطريق.,2000.0,45.13,33.14,11.99
KED-ROAD-02342,شارع المدينه المنورة,residential,4,Casuarina,كازوارينا,نوع طريق ضيق/سكني (residential) — تم اختيار كازوارينا (Casuarina) لانخفاض مخاطر الجذور وصغر حجم المظلة المناسب لعرض الطريق.,2000.0,45.13,33.14,11.99
KED-ROAD-02346,شارع 104,residential,4,Casuarina,كازوارينا,نوع طريق ضيق/سكني (residential) — تم اختيار كازوارينا (Casuarina) لانخفاض مخاطر الجذور وصغر حجم المظلة المناسب لعرض الطريق.,2000.0,45.68,33.69,11.99
KED-ROAD-01731,شارع ادم,residential,4,Casuarina,كازوارينا,نوع طريق ضيق/سكني (residential) — تم اختيار كازوارينا (Casuarina) لانخفاض مخاطر الجذور وصغر حجم المظلة المناسب لعرض الطريق.,2000.0,42.91,30.93,11.99
KED-ROAD-01734,شارع محمود الجندى,residential,4,Casuarina,كازوارينا,نوع طريق ضيق/سكني (residential) — تم اختيار كازوارينا (Casuarina) لانخفاض مخاطر الجذور وصغر حجم المظلة المناسب لعرض الطريق.,2000.0,43.03,31.04,11.99
KED-ROAD-01735,شارع محمود الجندى,residential,4,Casuarina,كازوارينا,نوع طريق ضيق/سكني (residential) — تم اختيار كازوارينا (Casuarina) لانخفاض مخاطر الجذور وصغر حجم المظلة المناسب لعرض الطريق.,2000.0,43.03,31.04,11.99
KED-ROAD-01738,شارع الجامع,residential,4,Casuarina,كازوارينا,نوع طريق ضيق/سكني (residential) — تم اختيار كازوارينا (Casuarina) لانخفاض مخاطر الجذور وصغر حجم المظلة المناسب لعرض الطريق.,2000.0,40.74,28.75,11.99
KED-ROAD-01739,شارع الجامع,residential,4,Casuarina,كازوارينا,نوع طريق ضيق/سكني (residential) — تم اختيار كازوارينا (Casuarina) لانخفاض مخاطر الجذور وصغر حجم المظلة المناسب لعرض الطريق.,2000.0,40.74,28.75,11.99
KED-ROAD-01741,شارع سلطان,residential,4,Casuarina,كازوارينا,نوع طريق ضيق/سكني (residential) — تم اختيار كازوارينا (Casuarina) لانخفاض مخاطر الجذور وصغر حجم المظلة المناسب لعرض الطريق.,2000.0,41.07,29.08,11.99
KED-ROAD-01701,شارع نصار,residential,4,Casuarina,كازوارينا,نوع طريق ضيق/سكني (residential) — تم اختيار كازوارينا (Casuarina) لانخفاض مخاطر الجذور وصغر حجم المظلة المناسب لعرض الطريق.,2000.0,42.7,30.71,11.99
KED-ROAD-02823,شارع عبد الرزاق عبد الحميد,residential,4,Casuarina,كازوارينا,نوع طريق ضيق/سكني (residential) — تم اختيار كازوارينا (Casuarina) لانخفاض مخاطر الجذور وصغر حجم المظلة المناسب لعرض الطريق.,2000.0,41.65,29.66,12.0
KED-ROAD-02824,شارع عبد الرزاق عبد الحميد,residential,4,Casuarina,كازوارينا,نوع طريق ضيق/سكني (residential) — تم اختيار كازوارينا (Casuarina) لانخفاض مخاطر الجذور وصغر حجم المظلة المناسب لعرض الطريق.,2000.0,41.65,29.66,12.0
KED-ROAD-02827,شارع عبد الرزاق عبد الحميد,residential,4,Casuarina,كازوارينا,نوع طريق ضيق/سكني (residential) — تم اختيار كازوارينا (Casuarina) لانخفاض مخاطر الجذور وصغر حجم المظلة المناسب لعرض الطريق.,2000.0,40.66,28.66,12.0
KED-ROAD-02788,شارع حسين سلام,residential,4,Casuarina,كازوارينا,نوع طريق ضيق/سكني (residential) — تم اختيار كازوارينا (Casuarina) لانخفاض مخاطر الجذور وصغر حجم المظلة المناسب لعرض الطريق.,2000.0,45.76,33.76,11.99
KED-ROAD-02789,شارع حسين سلام,residential,4,Casuarina,كازوارينا,نوع طريق ضيق/سكني (residential) — تم اختيار كازوارينا (Casuarina) لانخفاض مخاطر الجذور وصغر حجم المظلة المناسب لعرض الطريق.,2000.0,45.76,33.76,11.99
KED-ROAD-03679,شارع الكرنك,residential,4,Casuarina,كازوارينا,نوع طريق ضيق/سكني (residential) — تم اختيار كازوارينا (Casuarina) لانخفاض مخاطر الجذور وصغر حجم المظلة المناسب لعرض الطريق.,2000.0,43.25,31.27,11.99
KED-ROAD-03680,شارع الجيش,secondary,4,Neem,نيم,نوع طريق رئيسي/متوسط (secondary) — تم اختيار نيم (Neem) لأعلى توافق موثّق (تحمل حراري مرتفع، احتياج مائي منخفض، ملاءمة عالية للطرق).,2000.0,46.65,34.66,11.99
KED-ROAD-03681,شارع الجيش,secondary,4,Neem,نيم,نوع طريق رئيسي/متوسط (secondary) — تم اختيار نيم (Neem) لأعلى توافق موثّق (تحمل حراري مرتفع، احتياج مائي منخفض، ملاءمة عالية للطرق).,2000.0,46.65,34.66,11.99
KED-ROAD-01295,شارع السيد القعيد,residential,4,Casuarina,كازوارينا,نوع طريق ضيق/سكني (residential) — تم اختيار كازوارينا (Casuarina) لانخفاض مخاطر الجذور وصغر حجم المظلة المناسب لعرض الطريق.,2000.0,43.63,31.64,11.99
KED-ROAD-01296,شارع السيد القعيد,residential,4,Casuarina,كازوارينا,نوع طريق ضيق/سكني (residential) — تم اختيار كازوارينا (Casuarina) لانخفاض مخاطر الجذور وصغر حجم المظلة المناسب لعرض الطريق.,2000.0,43.63,31.64,11.99
KED-ROAD-01299,شارع عبد الرازق,residential,4,Casuarina,كازوارينا,نوع طريق ضيق/سكني (residential) — تم اختيار كازوارينا (Casuarina) لانخفاض مخاطر الجذور وصغر حجم المظلة المناسب لعرض الطريق.,2000.0,43.78,31.8,11.99
KED-ROAD-01300,شارع عبد الرازق,residential,4,Casuarina,كازوارينا,نوع طريق ضيق/سكني (residential) — تم اختيار كازوارينا (Casuarina) لانخفاض مخاطر الجذور وصغر حجم المظلة المناسب لعرض الطريق.,2000.0,43.78,31.8,11.99
KED-ROAD-01303,شارع القنطره,residential,4,Casuarina,كازوارينا,نوع طريق ضيق/سكني (residential) — تم اختيار كازوارينا (Casuarina) لانخفاض مخاطر الجذور وصغر حجم المظلة المناسب لعرض الطريق.,2000.0,45.03,33.05,11.99
KED-ROAD-01261,شارع سليمان,residential,4,Casuarina,كازوارينا,نوع طريق ضيق/سكني (residential) — تم اختيار كازوارينا (Casuarina) لانخفاض مخاطر الجذور وصغر حجم المظلة المناسب لعرض الطريق.,2000.0,43.16,31.18,11.99
KED-ROAD-01674,شارع لبيب,residential,4,Casuarina,كازوارينا,نوع طريق ضيق/سكني (residential) — تم اختيار كازوارينا (Casuarina) لانخفاض مخاطر الجذور وصغر حجم المظلة المناسب لعرض الطريق.,2000.0,41.54,29.55,11.99
KED-ROAD-01675,شارع لبيب,residential,4,Casuarina,كازوارينا,نوع طريق ضيق/سكني (residential) — تم اختيار كازوارينا (Casuarina) لانخفاض مخاطر الجذور وصغر حجم المظلة المناسب لعرض الطريق.,2000.0,41.54,29.55,11.99
KED-ROAD-01678,شارع فتحي سعيد,residential,4,Casuarina,كازوارينا,نوع طريق ضيق/سكني (residential) — تم اختيار كازوارينا (Casuarina) لانخفاض مخاطر الجذور وصغر حجم المظلة المناسب لعرض الطريق.,2000.0,41.92,29.93,11.99
KED-ROAD-01679,شارع فتحي سعيد,residential,4,Casuarina,كازوارينا,نوع طريق ضيق/سكني (residential) — تم اختيار كازوارينا (Casuarina) لانخفاض مخاطر الجذور وصغر حجم المظلة المناسب لعرض الطريق.,2000.0,41.92,29.93,11.99
KED-ROAD-01682,شارع الجامع,residential,4,Casuarina,كازوارينا,نوع طريق ضيق/سكني (residential) — تم اختيار كازوارينا (Casuarina) لانخفاض مخاطر الجذور وصغر حجم المظلة المناسب لعرض الطريق.,2000.0,46.97,34.98,11.99
KED-ROAD-01683,شارع الجامع,residential,4,Casuarina,كازوارينا,نوع طريق ضيق/سكني (residential) — تم اختيار كازوارينا (Casuarina) لانخفاض مخاطر الجذور وصغر حجم المظلة المناسب لعرض الطريق.,2000.0,46.97,34.98,11.99
KED-ROAD-01690,شارع نصار,residential,4,Casuarina,كازوارينا,نوع طريق ضيق/سكني (residential) — تم اختيار كازوارينا (Casuarina) لانخفاض مخاطر الجذور وصغر حجم المظلة المناسب لعرض الطريق.,2000.0,42.7,30.71,11.99
KED-ROAD-01692,شارع اللبان,residential,4,Casuarina,كازوارينا,نوع طريق ضيق/سكني (residential) — تم اختيار كازوارينا (Casuarina) لانخفاض مخاطر الجذور وصغر حجم المظلة المناسب لعرض الطريق.,2000.0,41.86,29.88,11.99
KED-ROAD-03860,شارع سلام,residential,4,Casuarina,كازوارينا,نوع طريق ضيق/سكني (residential) — تم اختيار كازوارينا (Casuarina) لانخفاض مخاطر الجذور وصغر حجم المظلة المناسب لعرض الطريق.,2000.0,42.03,30.04,11.99
KED-ROAD-03861,شارع سلام,residential,4,Casuarina,كازوارينا,نوع طريق ضيق/سكني (residential) — تم اختيار كازوارينا (Casuarina) لانخفاض مخاطر الجذور وصغر حجم المظلة المناسب لعرض الطريق.,2000.0,42.03,30.04,11.99
KED-ROAD-04363,شارع 10,residential,4,Casuarina,كازوارينا,نوع طريق ضيق/سكني (residential) — تم اختيار كازوارينا (Casuarina) لانخفاض مخاطر الجذور وصغر حجم المظلة المناسب لعرض الطريق.,2000.0,43.49,31.51,11.99
KED-ROAD-04364,شارع 10,residential,4,Casuarina,كازوارينا,نوع طريق ضيق/سكني (residential) — تم اختيار كازوارينا (Casuarina) لانخفاض مخاطر الجذور وصغر حجم المظلة المناسب لعرض الطريق.,2000.0,43.49,31.51,11.99
KED-ROAD-04369,شارع 10,residential,4,Casuarina,كازوارينا,نوع طريق ضيق/سكني (residential) — تم اختيار كازوارينا (Casuarina) لانخفاض مخاطر الجذور وصغر حجم المظلة المناسب لعرض الطريق.,2000.0,42.65,30.66,11.99
KED-ROAD-04370,شارع 10,residential,4,Casuarina,كازوارينا,نوع طريق ضيق/سكني (residential) — تم اختيار كازوارينا (Casuarina) لانخفاض مخاطر الجذور وصغر حجم المظلة المناسب لعرض الطريق.,2000.0,42.65,30.66,11.99
KED-ROAD-04382,شارع 18,residential,4,Casuarina,كازوارينا,نوع طريق ضيق/سكني (residential) — تم اختيار كازوارينا (Casuarina) لانخفاض مخاطر الجذور وصغر حجم المظلة المناسب لعرض الطريق.,2000.0,45.67,33.68,11.99
KED-ROAD-01262,شارع سليمان,residential,4,Casuarina,كازوارينا,نوع طريق ضيق/سكني (residential) — تم اختيار كازوارينا (Casuarina) لانخفاض مخاطر الجذور وصغر حجم المظلة المناسب لعرض الطريق.,2000.0,43.16,31.18,11.99
KED-ROAD-01265,شارع الشعراوى,residential,4,Casuarina,كازوارينا,نوع طريق ضيق/سكني (residential) — تم اختيار كازوارينا (Casuarina) لانخفاض مخاطر الجذور وصغر حجم المظلة المناسب لعرض الطريق.,2000.0,43.28,31.29,11.99
KED-ROAD-01266,شارع الشعراوى,residential,4,Casuarina,كازوارينا,نوع طريق ضيق/سكني (residential) — تم اختيار كازوارينا (Casuarina) لانخفاض مخاطر الجذور وصغر حجم المظلة المناسب لعرض الطريق.,2000.0,43.28,31.29,11.99
KED-ROAD-01269,شارع الحناوي,residential,4,Casuarina,كازوارينا,نوع طريق ضيق/سكني (residential) — تم اختيار كازوارينا (Casuarina) لانخفاض مخاطر الجذور وصغر حجم المظلة المناسب لعرض الطريق.,2000.0,43.39,31.41,11.99
KED-ROAD-02736,شارع دسوقي,residential,4,Casuarina,كازوارينا,نوع طريق ضيق/سكني (residential) — تم اختيار كازوارينا (Casuarina) لانخفاض مخاطر الجذور وصغر حجم المظلة المناسب لعرض الطريق.,2000.0,46.04,34.05,12.0
KED-ROAD-04655,شارع بورسعيد,secondary,4,Neem,نيم,نوع طريق رئيسي/متوسط (secondary) — تم اختيار نيم (Neem) لأعلى توافق موثّق (تحمل حراري مرتفع، احتياج مائي منخفض، ملاءمة عالية للطرق).,2000.0,48.4,36.4,12.0
KED-ROAD-04656,شارع بورسعيد,secondary,4,Neem,نيم,نوع طريق رئيسي/متوسط (secondary) — تم اختيار نيم (Neem) لأعلى توافق موثّق (تحمل حراري مرتفع، احتياج مائي منخفض، ملاءمة عالية للطرق).,2000.0,48.4,36.4,12.0
KED-ROAD-01270,شارع الحناوي,residential,4,Casuarina,كازوارينا,نوع طريق ضيق/سكني (residential) — تم اختيار كازوارينا (Casuarina) لانخفاض مخاطر الجذور وصغر حجم المظلة المناسب لعرض الطريق.,2000.0,43.39,31.41,11.99
KED-ROAD-01647,شارع المنايفة,residential,4,Casuarina,كازوارينا,نوع طريق ضيق/سكني (residential) — تم اختيار كازوارينا (Casuarina) لانخفاض مخاطر الجذور وصغر حجم المظلة المناسب لعرض الطريق.,2000.0,42.32,30.33,11.99
KED-ROAD-01650,شارع محروس,residential,4,Casuarina,كازوارينا,نوع طريق ضيق/سكني (residential) — تم اختيار كازوارينا (Casuarina) لانخفاض مخاطر الجذور وصغر حجم المظلة المناسب لعرض الطريق.,2000.0,42.03,29.58,12.46
KED-ROAD-01656,شارع سلطان,residential,4,Casuarina,كازوارينا,نوع طريق ضيق/سكني (residential) — تم اختيار كازوارينا (Casuarina) لانخفاض مخاطر الجذور وصغر حجم المظلة المناسب لعرض الطريق.,2000.0,42.36,30.38,11.99
KED-ROAD-01657,شارع سلطان,residential,4,Casuarina,كازوارينا,نوع طريق ضيق/سكني (residential) — تم اختيار كازوارينا (Casuarina) لانخفاض مخاطر الجذور وصغر حجم المظلة المناسب لعرض الطريق.,2000.0,42.36,30.38,11.99
KED-ROAD-01671,شارع محروس,residential,4,Casuarina,كازوارينا,نوع طريق ضيق/سكني (residential) — تم اختيار كازوارينا (Casuarina) لانخفاض مخاطر الجذور وصغر حجم المظلة المناسب لعرض الطريق.,2000.0,42.03,29.58,12.46
KED-ROAD-04393,شارع 18,residential,4,Casuarina,كازوارينا,نوع طريق ضيق/سكني (residential) — تم اختيار كازوارينا (Casuarina) لانخفاض مخاطر الجذور وصغر حجم المظلة المناسب لعرض الطريق.,2000.0,45.67,33.68,11.99
KED-ROAD-03849,شارع عدلى,residential,4,Casuarina,كازوارينا,نوع طريق ضيق/سكني (residential) — تم اختيار كازوارينا (Casuarina) لانخفاض مخاطر الجذور وصغر حجم المظلة المناسب لعرض الطريق.,2000.0,41.84,29.85,11.99
KED-ROAD-03852,شارع حسين,residential,4,Casuarina,كازوارينا,نوع طريق ضيق/سكني (residential) — تم اختيار كازوارينا (Casuarina) لانخفاض مخاطر الجذور وصغر حجم المظلة المناسب لعرض الطريق.,2000.0,45.95,33.96,11.99
KED-ROAD-03853,شارع حسين,residential,4,Casuarina,كازوارينا,نوع طريق ضيق/سكني (residential) — تم اختيار كازوارينا (Casuarina) لانخفاض مخاطر الجذور وصغر حجم المظلة المناسب لعرض الطريق.,2000.0,45.95,33.96,11.99
KED-ROAD-01291,شارع غازي,residential,4,Casuarina,كازوارينا,نوع طريق ضيق/سكني (residential) — تم اختيار كازوارينا (Casuarina) لانخفاض مخاطر الجذور وصغر حجم المظلة المناسب لعرض الطريق.,2000.0,43.52,31.53,11.99
KED-ROAD-01292,شارع غازي,residential,4,Casuarina,كازوارينا,نوع طريق ضيق/سكني (residential) — تم اختيار كازوارينا (Casuarina) لانخفاض مخاطر الجذور وصغر حجم المظلة المناسب لعرض الطريق.,2000.0,43.52,31.53,11.99
KED-ROAD-02737,شارع دسوقي,residential,4,Casuarina,كازوارينا,نوع طريق ضيق/سكني (residential) — تم اختيار كازوارينا (Casuarina) لانخفاض مخاطر الجذور وصغر حجم المظلة المناسب لعرض الطريق.,2000.0,46.04,34.05,12.0
KED-ROAD-00203,شارع على مبروك خفاجه,residential,4,Casuarina,كازوارينا,نوع طريق ضيق/سكني (residential) — تم اختيار كازوارينا (Casuarina) لانخفاض مخاطر الجذور وصغر حجم المظلة المناسب لعرض الطريق.,2000.0,46.15,34.15,12.0
KED-ROAD-00204,شارع على مبروك خفاجه,residential,4,Casuarina,كازوارينا,نوع طريق ضيق/سكني (residential) — تم اختيار كازوارينا (Casuarina) لانخفاض مخاطر الجذور وصغر حجم المظلة المناسب لعرض الطريق.,2000.0,46.15,34.15,12.0
KED-ROAD-00215,شارع دشودي,residential,4,Casuarina,كازوارينا,نوع طريق ضيق/سكني (residential) — تم اختيار كازوارينا (Casuarina) لانخفاض مخاطر الجذور وصغر حجم المظلة المناسب لعرض الطريق.,2000.0,43.53,31.53,12.0
KED-ROAD-00216,شارع دشودي,residential,4,Casuarina,كازوارينا,نوع طريق ضيق/سكني (residential) — تم اختيار كازوارينا (Casuarina) لانخفاض مخاطر الجذور وصغر حجم المظلة المناسب لعرض الطريق.,2000.0,43.53,31.53,12.0
KED-ROAD-00219,"طريق كفر الدوار, ابو المطامير",secondary,4,Neem,نيم,نوع طريق رئيسي/متوسط (secondary) — تم اختيار نيم (Neem) لأعلى توافق موثّق (تحمل حراري مرتفع، احتياج مائي منخفض، ملاءمة عالية للطرق).,2000.0,50.79,38.8,11.99
KED-ROAD-05305,شارع مدبولى,residential,4,Casuarina,كازوارينا,نوع طريق ضيق/سكني (residential) — تم اختيار كازوارينا (Casuarina) لانخفاض مخاطر الجذور وصغر حجم المظلة المناسب لعرض الطريق.,2000.0,40.18,28.19,12.0
KED-ROAD-02499,شارع محمد بسيوني,residential,4,Casuarina,كازوارينا,نوع طريق ضيق/سكني (residential) — تم اختيار كازوارينا (Casuarina) لانخفاض مخاطر الجذور وصغر حجم المظلة المناسب لعرض الطريق.,2000.0,43.22,31.22,11.99
KED-ROAD-03840,شارع يوسف,residential,4,Casuarina,كازوارينا,نوع طريق ضيق/سكني (residential) — تم اختيار كازوارينا (Casuarina) لانخفاض مخاطر الجذور وصغر حجم المظلة المناسب لعرض الطريق.,2000.0,46.49,34.5,11.99
KED-ROAD-03841,شارع يوسف,residential,4,Casuarina,كازوارينا,نوع طريق ضيق/سكني (residential) — تم اختيار كازوارينا (Casuarina) لانخفاض مخاطر الجذور وصغر حجم المظلة المناسب لعرض الطريق.,2000.0,46.49,34.5,11.99
KED-ROAD-03844,شارع يوسف,residential,4,Casuarina,كازوارينا,نوع طريق ضيق/سكني (residential) — تم اختيار كازوارينا (Casuarina) لانخفاض مخاطر الجذور وصغر حجم المظلة المناسب لعرض الطريق.,2000.0,46.08,34.09,11.99
KED-ROAD-03845,شارع يوسف,residential,4,Casuarina,كازوارينا,نوع طريق ضيق/سكني (residential) — تم اختيار كازوارينا (Casuarina) لانخفاض مخاطر الجذور وصغر حجم المظلة المناسب لعرض الطريق.,2000.0,46.08,34.09,11.99
KED-ROAD-03846,شارع حسين,residential,4,Casuarina,كازوارينا,نوع طريق ضيق/سكني (residential) — تم اختيار كازوارينا (Casuarina) لانخفاض مخاطر الجذور وصغر حجم المظلة المناسب لعرض الطريق.,2000.0,45.86,33.88,11.99
KED-ROAD-03847,شارع حسين,residential,4,Casuarina,كازوارينا,نوع طريق ضيق/سكني (residential) — تم اختيار كازوارينا (Casuarina) لانخفاض مخاطر الجذور وصغر حجم المظلة المناسب لعرض الطريق.,2000.0,45.86,33.88,11.99
KED-ROAD-03848,شارع عدلى,residential,4,Casuarina,كازوارينا,نوع طريق ضيق/سكني (residential) — تم اختيار كازوارينا (Casuarina) لانخفاض مخاطر الجذور وصغر حجم المظلة المناسب لعرض الطريق.,2000.0,41.84,29.85,11.99
KED-ROAD-01693,شارع اللبان,residential,4,Casuarina,كازوارينا,نوع طريق ضيق/سكني (residential) — تم اختيار كازوارينا (Casuarina) لانخفاض مخاطر الجذور وصغر حجم المظلة المناسب لعرض الطريق.,2000.0,41.86,29.88,11.99
KED-ROAD-01698,شارع ابو هرجه,residential,4,Casuarina,كازوارينا,نوع طريق ضيق/سكني (residential) — تم اختيار كازوارينا (Casuarina) لانخفاض مخاطر الجذور وصغر حجم المظلة المناسب لعرض الطريق.,2000.0,41.72,29.73,11.99
KED-ROAD-01699,شارع ابو هرجه,residential,4,Casuarina,كازوارينا,نوع طريق ضيق/سكني (residential) — تم اختيار كازوارينا (Casuarina) لانخفاض مخاطر الجذور وصغر حجم المظلة المناسب لعرض الطريق.,2000.0,41.72,29.73,11.99
KED-ROAD-01642,شارع ابو هرجه,residential,4,Casuarina,كازوارينا,نوع طريق ضيق/سكني (residential) — تم اختيار كازوارينا (Casuarina) لانخفاض مخاطر الجذور وصغر حجم المظلة المناسب لعرض الطريق.,2000.0,42.27,30.28,11.99
KED-ROAD-01643,شارع ابو هرجه,residential,4,Casuarina,كازوارينا,نوع طريق ضيق/سكني (residential) — تم اختيار كازوارينا (Casuarina) لانخفاض مخاطر الجذور وصغر حجم المظلة المناسب لعرض الطريق.,2000.0,42.27,30.28,11.99
KED-ROAD-01646,شارع المنايفة,residential,4,Casuarina,كازوارينا,نوع طريق ضيق/سكني (residential) — تم اختيار كازوارينا (Casuarina) لانخفاض مخاطر الجذور وصغر حجم المظلة المناسب لعرض الطريق.,2000.0,42.32,30.33,11.99
KED-ROAD-04405,شارع 9,residential,4,Casuarina,كازوارينا,نوع طريق ضيق/سكني (residential) — تم اختيار كازوارينا (Casuarina) لانخفاض مخاطر الجذور وصغر حجم المظلة المناسب لعرض الطريق.,2000.0,45.54,33.55,11.99
KED-ROAD-04406,شارع 9,residential,4,Casuarina,كازوارينا,نوع طريق ضيق/سكني (residential) — تم اختيار كازوارينا (Casuarina) لانخفاض مخاطر الجذور وصغر حجم المظلة المناسب لعرض الطريق.,2000.0,45.54,33.55,11.99
KED-ROAD-04413,شارع 9,residential,4,Casuarina,كازوارينا,نوع طريق ضيق/سكني (residential) — تم اختيار كازوارينا (Casuarina) لانخفاض مخاطر الجذور وصغر حجم المظلة المناسب لعرض الطريق.,2000.0,43.93,31.94,11.99
KED-ROAD-04414,شارع 9,residential,4,Casuarina,كازوارينا,نوع طريق ضيق/سكني (residential) — تم اختيار كازوارينا (Casuarina) لانخفاض مخاطر الجذور وصغر حجم المظلة المناسب لعرض الطريق.,2000.0,43.93,31.94,11.99
KED-ROAD-01614,شارع فتحي سعيد,residential,4,Casuarina,كازوارينا,نوع طريق ضيق/سكني (residential) — تم اختيار كازوارينا (Casuarina) لانخفاض مخاطر الجذور وصغر حجم المظلة المناسب لعرض الطريق.,2000.0,42.51,30.52,11.99
KED-ROAD-01615,شارع فتحي سعيد,residential,4,Casuarina,كازوارينا,نوع طريق ضيق/سكني (residential) — تم اختيار كازوارينا (Casuarina) لانخفاض مخاطر الجذور وصغر حجم المظلة المناسب لعرض الطريق.,2000.0,42.51,30.52,11.99
KED-ROAD-01618,شارع اللبان,residential,4,Casuarina,كازوارينا,نوع طريق ضيق/سكني (residential) — تم اختيار كازوارينا (Casuarina) لانخفاض مخاطر الجذور وصغر حجم المظلة المناسب لعرض الطريق.,2000.0,42.31,30.32,11.99
KED-ROAD-01619,شارع اللبان,residential,4,Casuarina,كازوارينا,نوع طريق ضيق/سكني (residential) — تم اختيار كازوارينا (Casuarina) لانخفاض مخاطر الجذور وصغر حجم المظلة المناسب لعرض الطريق.,2000.0,42.31,30.32,11.99
KED-ROAD-01635,شارع شتا,residential,4,Casuarina,كازوارينا,نوع طريق ضيق/سكني (residential) — تم اختيار كازوارينا (Casuarina) لانخفاض مخاطر الجذور وصغر حجم المظلة المناسب لعرض الطريق.,2000.0,42.12,30.13,11.99
KED-ROAD-03823,شارع الميزانية,residential,4,Casuarina,كازوارينا,نوع طريق ضيق/سكني (residential) — تم اختيار كازوارينا (Casuarina) لانخفاض مخاطر الجذور وصغر حجم المظلة المناسب لعرض الطريق.,2000.0,41.65,29.65,12.0
KED-ROAD-02496,شارع محمد بسيوني,residential,4,Casuarina,كازوارينا,نوع طريق ضيق/سكني (residential) — تم اختيار كازوارينا (Casuarina) لانخفاض مخاطر الجذور وصغر حجم المظلة المناسب لعرض الطريق.,2000.0,41.15,29.16,11.99
KED-ROAD-02497,شارع محمد بسيوني,residential,4,Casuarina,كازوارينا,نوع طريق ضيق/سكني (residential) — تم اختيار كازوارينا (Casuarina) لانخفاض مخاطر الجذور وصغر حجم المظلة المناسب لعرض الطريق.,2000.0,41.15,29.16,11.99
KED-ROAD-02498,شارع محمد بسيوني,residential,4,Casuarina,كازوارينا,نوع طريق ضيق/سكني (residential) — تم اختيار كازوارينا (Casuarina) لانخفاض مخاطر الجذور وصغر حجم المظلة المناسب لعرض الطريق.,2000.0,43.22,31.22,11.99
KED-ROAD-02758,شارع صلاح عبد العزيز,residential,4,Casuarina,كازوارينا,نوع طريق ضيق/سكني (residential) — تم اختيار كازوارينا (Casuarina) لانخفاض مخاطر الجذور وصغر حجم المظلة المناسب لعرض الطريق.,2000.0,42.86,30.87,11.99
KED-ROAD-02759,شارع صلاح عبد العزيز,residential,4,Casuarina,كازوارينا,نوع طريق ضيق/سكني (residential) — تم اختيار كازوارينا (Casuarina) لانخفاض مخاطر الجذور وصغر حجم المظلة المناسب لعرض الطريق.,2000.0,42.86,30.87,11.99
KED-ROAD-01402,شارع الماظ,residential,4,Casuarina,كازوارينا,نوع طريق ضيق/سكني (residential) — تم اختيار كازوارينا (Casuarina) لانخفاض مخاطر الجذور وصغر حجم المظلة المناسب لعرض الطريق.,2000.0,42.33,30.34,11.99
KED-ROAD-01359,شارع المستشفى الشامله,residential,4,Casuarina,كازوارينا,نوع طريق ضيق/سكني (residential) — تم اختيار كازوارينا (Casuarina) لانخفاض مخاطر الجذور وصغر حجم المظلة المناسب لعرض الطريق.,2000.0,44.49,32.49,11.99
KED-ROAD-01369,شارع محطة الصرف الصحى,residential,4,Casuarina,كازوارينا,نوع طريق ضيق/سكني (residential) — تم اختيار كازوارينا (Casuarina) لانخفاض مخاطر الجذور وصغر حجم المظلة المناسب لعرض الطريق.,2000.0,42.94,30.95,12.0
KED-ROAD-01370,شارع محطة الصرف الصحى,residential,4,Casuarina,كازوارينا,نوع طريق ضيق/سكني (residential) — تم اختيار كازوارينا (Casuarina) لانخفاض مخاطر الجذور وصغر حجم المظلة المناسب لعرض الطريق.,2000.0,42.94,30.95,12.0
KED-ROAD-01598,شارع حسونة,residential,4,Casuarina,كازوارينا,نوع طريق ضيق/سكني (residential) — تم اختيار كازوارينا (Casuarina) لانخفاض مخاطر الجذور وصغر حجم المظلة المناسب لعرض الطريق.,2000.0,44.83,32.84,12.0
KED-ROAD-01611,شارع لبيب,residential,4,Casuarina,كازوارينا,نوع طريق ضيق/سكني (residential) — تم اختيار كازوارينا (Casuarina) لانخفاض مخاطر الجذور وصغر حجم المظلة المناسب لعرض الطريق.,2000.0,41.83,29.84,11.99
KED-ROAD-03789,شارع سلام,residential,4,Casuarina,كازوارينا,نوع طريق ضيق/سكني (residential) — تم اختيار كازوارينا (Casuarina) لانخفاض مخاطر الجذور وصغر حجم المظلة المناسب لعرض الطريق.,2000.0,43.62,31.63,11.99
KED-ROAD-03790,شارع سلام,residential,4,Casuarina,كازوارينا,نوع طريق ضيق/سكني (residential) — تم اختيار كازوارينا (Casuarina) لانخفاض مخاطر الجذور وصغر حجم المظلة المناسب لعرض الطريق.,2000.0,43.62,31.63,11.99
KED-ROAD-02510,شارع ابو العزايم,residential,4,Casuarina,كازوارينا,نوع طريق ضيق/سكني (residential) — تم اختيار كازوارينا (Casuarina) لانخفاض مخاطر الجذور وصغر حجم المظلة المناسب لعرض الطريق.,2000.0,42.2,30.21,11.99
KED-ROAD-03797,شارع سلام,residential,4,Casuarina,كازوارينا,نوع طريق ضيق/سكني (residential) — تم اختيار كازوارينا (Casuarina) لانخفاض مخاطر الجذور وصغر حجم المظلة المناسب لعرض الطريق.,2000.0,43.37,31.38,11.99
KED-ROAD-03822,شارع الميزانية,residential,4,Casuarina,كازوارينا,نوع طريق ضيق/سكني (residential) — تم اختيار كازوارينا (Casuarina) لانخفاض مخاطر الجذور وصغر حجم المظلة المناسب لعرض الطريق.,2000.0,41.65,29.65,12.0
KED-ROAD-04396,شارع 19,residential,4,Casuarina,كازوارينا,نوع طريق ضيق/سكني (residential) — تم اختيار كازوارينا (Casuarina) لانخفاض مخاطر الجذور وصغر حجم المظلة المناسب لعرض الطريق.,2000.0,46.82,34.84,11.99
KED-ROAD-04397,شارع 19,residential,4,Casuarina,كازوارينا,نوع طريق ضيق/سكني (residential) — تم اختيار كازوارينا (Casuarina) لانخفاض مخاطر الجذور وصغر حجم المظلة المناسب لعرض الطريق.,2000.0,46.82,34.84,11.99
KED-ROAD-01304,شارع القنطره,residential,4,Casuarina,كازوارينا,نوع طريق ضيق/سكني (residential) — تم اختيار كازوارينا (Casuarina) لانخفاض مخاطر الجذور وصغر حجم المظلة المناسب لعرض الطريق.,2000.0,45.03,33.05,11.99
KED-ROAD-02714,شارع غريب,residential,4,Casuarina,كازوارينا,نوع طريق ضيق/سكني (residential) — تم اختيار كازوارينا (Casuarina) لانخفاض مخاطر الجذور وصغر حجم المظلة المناسب لعرض الطريق.,2000.0,42.74,30.76,11.99
KED-ROAD-02715,شارع غريب,residential,4,Casuarina,كازوارينا,نوع طريق ضيق/سكني (residential) — تم اختيار كازوارينا (Casuarina) لانخفاض مخاطر الجذور وصغر حجم المظلة المناسب لعرض الطريق.,2000.0,42.74,30.76,11.99
KED-ROAD-02716,شارع غريب,residential,4,Casuarina,كازوارينا,نوع طريق ضيق/سكني (residential) — تم اختيار كازوارينا (Casuarina) لانخفاض مخاطر الجذور وصغر حجم المظلة المناسب لعرض الطريق.,2000.0,41.14,29.15,11.99
KED-ROAD-02717,شارع غريب,residential,4,Casuarina,كازوارينا,نوع طريق ضيق/سكني (residential) — تم اختيار كازوارينا (Casuarina) لانخفاض مخاطر الجذور وصغر حجم المظلة المناسب لعرض الطريق.,2000.0,41.14,29.15,11.99
KED-ROAD-00382,عطفه السيدة عائشة,residential,4,Casuarina,كازوارينا,نوع طريق ضيق/سكني (residential) — تم اختيار كازوارينا (Casuarina) لانخفاض مخاطر الجذور وصغر حجم المظلة المناسب لعرض الطريق.,2000.0,45.03,33.04,11.99
KED-ROAD-00383,عطفه السيدة عائشة,residential,4,Casuarina,كازوارينا,نوع طريق ضيق/سكني (residential) — تم اختيار كازوارينا (Casuarina) لانخفاض مخاطر الجذور وصغر حجم المظلة المناسب لعرض الطريق.,2000.0,45.03,33.04,11.99
KED-ROAD-00331,شارع الجيش,secondary,4,Neem,نيم,نوع طريق رئيسي/متوسط (secondary) — تم اختيار نيم (Neem) لأعلى توافق موثّق (تحمل حراري مرتفع، احتياج مائي منخفض، ملاءمة عالية للطرق).,2000.0,48.22,36.23,11.99
KED-ROAD-01394,شارع الماظ,residential,4,Casuarina,كازوارينا,نوع طريق ضيق/سكني (residential) — تم اختيار كازوارينا (Casuarina) لانخفاض مخاطر الجذور وصغر حجم المظلة المناسب لعرض الطريق.,2000.0,40.08,28.09,11.99
KED-ROAD-03774,حارة خضير,residential,4,Casuarina,كازوارينا,نوع طريق ضيق/سكني (residential) — تم اختيار كازوارينا (Casuarina) لانخفاض مخاطر الجذور وصغر حجم المظلة المناسب لعرض الطريق.,2000.0,42.17,30.17,11.99
KED-ROAD-03775,شارع صبحى,residential,4,Casuarina,كازوارينا,نوع طريق ضيق/سكني (residential) — تم اختيار كازوارينا (Casuarina) لانخفاض مخاطر الجذور وصغر حجم المظلة المناسب لعرض الطريق.,2000.0,46.2,34.22,11.99
KED-ROAD-03776,شارع صبحى,residential,4,Casuarina,كازوارينا,نوع طريق ضيق/سكني (residential) — تم اختيار كازوارينا (Casuarina) لانخفاض مخاطر الجذور وصغر حجم المظلة المناسب لعرض الطريق.,2000.0,46.2,34.22,11.99
KED-ROAD-00220,"طريق كفر الدوار, ابو المطامير",secondary,4,Neem,نيم,نوع طريق رئيسي/متوسط (secondary) — تم اختيار نيم (Neem) لأعلى توافق موثّق (تحمل حراري مرتفع، احتياج مائي منخفض، ملاءمة عالية للطرق).,2000.0,50.79,38.8,11.99
KED-ROAD-00235,شارع دشودي,residential,4,Casuarina,كازوارينا,نوع طريق ضيق/سكني (residential) — تم اختيار كازوارينا (Casuarina) لانخفاض مخاطر الجذور وصغر حجم المظلة المناسب لعرض الطريق.,2000.0,44.25,32.26,11.99
KED-ROAD-00236,شارع دشودي,residential,4,Casuarina,كازوارينا,نوع طريق ضيق/سكني (residential) — تم اختيار كازوارينا (Casuarina) لانخفاض مخاطر الجذور وصغر حجم المظلة المناسب لعرض الطريق.,2000.0,44.25,32.26,11.99
KED-ROAD-00237,شارع الجيش,secondary,4,Neem,نيم,نوع طريق رئيسي/متوسط (secondary) — تم اختيار نيم (Neem) لأعلى توافق موثّق (تحمل حراري مرتفع، احتياج مائي منخفض، ملاءمة عالية للطرق).,2000.0,44.52,32.52,12.0
KED-ROAD-01636,شارع شتا,residential,4,Casuarina,كازوارينا,نوع طريق ضيق/سكني (residential) — تم اختيار كازوارينا (Casuarina) لانخفاض مخاطر الجذور وصغر حجم المظلة المناسب لعرض الطريق.,2000.0,42.12,30.13,11.99
KED-ROAD-01637,شارع مسلم,residential,4,Casuarina,كازوارينا,نوع طريق ضيق/سكني (residential) — تم اختيار كازوارينا (Casuarina) لانخفاض مخاطر الجذور وصغر حجم المظلة المناسب لعرض الطريق.,2000.0,46.48,34.49,12.0
KED-ROAD-01638,شارع مسلم,residential,4,Casuarina,كازوارينا,نوع طريق ضيق/سكني (residential) — تم اختيار كازوارينا (Casuarina) لانخفاض مخاطر الجذور وصغر حجم المظلة المناسب لعرض الطريق.,2000.0,46.48,34.49,12.0
KED-ROAD-01576,شارع راغب الكحيلي,residential,4,Casuarina,كازوارينا,نوع طريق ضيق/سكني (residential) — تم اختيار كازوارينا (Casuarina) لانخفاض مخاطر الجذور وصغر حجم المظلة المناسب لعرض الطريق.,2000.0,42.08,30.09,11.99
KED-ROAD-01597,شارع حسونة,residential,4,Casuarina,كازوارينا,نوع طريق ضيق/سكني (residential) — تم اختيار كازوارينا (Casuarina) لانخفاض مخاطر الجذور وصغر حجم المظلة المناسب لعرض الطريق.,2000.0,44.83,32.84,12.0
KED-ROAD-03752,شارع صبحى,residential,4,Casuarina,كازوارينا,نوع طريق ضيق/سكني (residential) — تم اختيار كازوارينا (Casuarina) لانخفاض مخاطر الجذور وصغر حجم المظلة المناسب لعرض الطريق.,2000.0,45.29,33.3,11.99
KED-ROAD-03753,شارع صبحى,residential,4,Casuarina,كازوارينا,نوع طريق ضيق/سكني (residential) — تم اختيار كازوارينا (Casuarina) لانخفاض مخاطر الجذور وصغر حجم المظلة المناسب لعرض الطريق.,2000.0,45.29,33.3,11.99
KED-ROAD-03756,شارع عدلى,residential,4,Casuarina,كازوارينا,نوع طريق ضيق/سكني (residential) — تم اختيار كازوارينا (Casuarina) لانخفاض مخاطر الجذور وصغر حجم المظلة المناسب لعرض الطريق.,2000.0,42.0,30.01,11.99
KED-ROAD-03757,شارع عدلى,residential,4,Casuarina,كازوارينا,نوع طريق ضيق/سكني (residential) — تم اختيار كازوارينا (Casuarina) لانخفاض مخاطر الجذور وصغر حجم المظلة المناسب لعرض الطريق.,2000.0,42.0,30.01,11.99
KED-ROAD-03761,شارع بيبرس,residential,4,Casuarina,كازوارينا,نوع طريق ضيق/سكني (residential) — تم اختيار كازوارينا (Casuarina) لانخفاض مخاطر الجذور وصغر حجم المظلة المناسب لعرض الطريق.,2000.0,45.98,33.99,11.99
KED-ROAD-03762,شارع بيبرس,residential,4,Casuarina,كازوارينا,نوع طريق ضيق/سكني (residential) — تم اختيار كازوارينا (Casuarina) لانخفاض مخاطر الجذور وصغر حجم المظلة المناسب لعرض الطريق.,2000.0,45.98,33.99,11.99
KED-ROAD-03763,شارع بيبرس,residential,4,Casuarina,كازوارينا,نوع طريق ضيق/سكني (residential) — تم اختيار كازوارينا (Casuarina) لانخفاض مخاطر الجذور وصغر حجم المظلة المناسب لعرض الطريق.,2000.0,46.11,34.12,11.99
KED-ROAD-03764,شارع بيبرس,residential,4,Casuarina,كازوارينا,نوع طريق ضيق/سكني (residential) — تم اختيار كازوارينا (Casuarina) لانخفاض مخاطر الجذور وصغر حجم المظلة المناسب لعرض الطريق.,2000.0,46.11,34.12,11.99
KED-ROAD-03767,شارع سلام,residential,4,Casuarina,كازوارينا,نوع طريق ضيق/سكني (residential) — تم اختيار كازوارينا (Casuarina) لانخفاض مخاطر الجذور وصغر حجم المظلة المناسب لعرض الطريق.,2000.0,43.37,31.38,11.99
KED-ROAD-03769,شارع عدلى,residential,4,Casuarina,كازوارينا,نوع طريق ضيق/سكني (residential) — تم اختيار كازوارينا (Casuarina) لانخفاض مخاطر الجذور وصغر حجم المظلة المناسب لعرض الطريق.,2000.0,42.64,30.65,11.99
KED-ROAD-03770,شارع عدلى,residential,4,Casuarina,كازوارينا,نوع طريق ضيق/سكني (residential) — تم اختيار كازوارينا (Casuarina) لانخفاض مخاطر الجذور وصغر حجم المظلة المناسب لعرض الطريق.,2000.0,42.64,30.65,11.99
KED-ROAD-02527,شارع خليل,residential,4,Casuarina,كازوارينا,نوع طريق ضيق/سكني (residential) — تم اختيار كازوارينا (Casuarina) لانخفاض مخاطر الجذور وصغر حجم المظلة المناسب لعرض الطريق.,2000.0,42.34,30.34,12.0
KED-ROAD-02528,شارع خليل,residential,4,Casuarina,كازوارينا,نوع طريق ضيق/سكني (residential) — تم اختيار كازوارينا (Casuarina) لانخفاض مخاطر الجذور وصغر حجم المظلة المناسب لعرض الطريق.,2000.0,42.34,30.34,12.0
KED-ROAD-03773,حارة خضير,residential,4,Casuarina,كازوارينا,نوع طريق ضيق/سكني (residential) — تم اختيار كازوارينا (Casuarina) لانخفاض مخاطر الجذور وصغر حجم المظلة المناسب لعرض الطريق.,2000.0,42.17,30.17,11.99
KED-ROAD-01401,شارع الماظ,residential,4,Casuarina,كازوارينا,نوع طريق ضيق/سكني (residential) — تم اختيار كازوارينا (Casuarina) لانخفاض مخاطر الجذور وصغر حجم المظلة المناسب لعرض الطريق.,2000.0,42.33,30.34,11.99
KED-ROAD-02698,شارع ابو حنيفه,residential,4,Casuarina,كازوارينا,نوع طريق ضيق/سكني (residential) — تم اختيار كازوارينا (Casuarina) لانخفاض مخاطر الجذور وصغر حجم المظلة المناسب لعرض الطريق.,2000.0,43.79,31.8,11.99
KED-ROAD-02699,شارع ابو حنيفه,residential,4,Casuarina,كازوارينا,نوع طريق ضيق/سكني (residential) — تم اختيار كازوارينا (Casuarina) لانخفاض مخاطر الجذور وصغر حجم المظلة المناسب لعرض الطريق.,2000.0,43.79,31.8,11.99
KED-ROAD-02702,شارع محمد بسيوني,residential,4,Casuarina,كازوارينا,نوع طريق ضيق/سكني (residential) — تم اختيار كازوارينا (Casuarina) لانخفاض مخاطر الجذور وصغر حجم المظلة المناسب لعرض الطريق.,2000.0,40.35,28.35,11.99
KED-ROAD-02703,شارع محمد بسيوني,residential,4,Casuarina,كازوارينا,نوع طريق ضيق/سكني (residential) — تم اختيار كازوارينا (Casuarina) لانخفاض مخاطر الجذور وصغر حجم المظلة المناسب لعرض الطريق.,2000.0,40.35,28.35,11.99
KED-ROAD-01393,شارع الماظ,residential,4,Casuarina,كازوارينا,نوع طريق ضيق/سكني (residential) — تم اختيار كازوارينا (Casuarina) لانخفاض مخاطر الجذور وصغر حجم المظلة المناسب لعرض الطريق.,2000.0,40.08,28.09,11.99
KED-ROAD-04443,شارع احمد عرابى,secondary,4,Neem,نيم,نوع طريق رئيسي/متوسط (secondary) — تم اختيار نيم (Neem) لأعلى توافق موثّق (تحمل حراري مرتفع، احتياج مائي منخفض، ملاءمة عالية للطرق).,2000.0,46.45,34.46,11.99
KED-ROAD-01551,شارع راغب الكحيلي,residential,4,Casuarina,كازوارينا,نوع طريق ضيق/سكني (residential) — تم اختيار كازوارينا (Casuarina) لانخفاض مخاطر الجذور وصغر حجم المظلة المناسب لعرض الطريق.,2000.0,40.43,28.44,11.99
KED-ROAD-01552,شارع راغب الكحيلي,residential,4,Casuarina,كازوارينا,نوع طريق ضيق/سكني (residential) — تم اختيار كازوارينا (Casuarina) لانخفاض مخاطر الجذور وصغر حجم المظلة المناسب لعرض الطريق.,2000.0,40.43,28.44,11.99
KED-ROAD-01575,شارع راغب الكحيلي,residential,4,Casuarina,كازوارينا,نوع طريق ضيق/سكني (residential) — تم اختيار كازوارينا (Casuarina) لانخفاض مخاطر الجذور وصغر حجم المظلة المناسب لعرض الطريق.,2000.0,42.08,30.09,11.99
KED-ROAD-02652,شارع الاتحاد,residential,4,Casuarina,كازوارينا,نوع طريق ضيق/سكني (residential) — تم اختيار كازوارينا (Casuarina) لانخفاض مخاطر الجذور وصغر حجم المظلة المناسب لعرض الطريق.,2000.0,44.96,32.97,11.99
KED-ROAD-02653,شارع الاتحاد,residential,4,Casuarina,كازوارينا,نوع طريق ضيق/سكني (residential) — تم اختيار كازوارينا (Casuarina) لانخفاض مخاطر الجذور وصغر حجم المظلة المناسب لعرض الطريق.,2000.0,44.96,32.97,11.99
KED-ROAD-02670,حارة النور,residential,4,Casuarina,كازوارينا,نوع طريق ضيق/سكني (residential) — تم اختيار كازوارينا (Casuarina) لانخفاض مخاطر الجذور وصغر حجم المظلة المناسب لعرض الطريق.,2000.0,46.9,34.91,11.99
KED-ROAD-04553,شارع بورسعيد,tertiary,4,Neem,نيم,نوع طريق رئيسي/متوسط (tertiary) — تم اختيار نيم (Neem) لأعلى توافق موثّق (تحمل حراري مرتفع، احتياج مائي منخفض، ملاءمة عالية للطرق).,2000.0,44.89,32.89,11.99
KED-ROAD-04559,شارع بورسعيد,tertiary,4,Neem,نيم,نوع طريق رئيسي/متوسط (tertiary) — تم اختيار نيم (Neem) لأعلى توافق موثّق (تحمل حراري مرتفع، احتياج مائي منخفض، ملاءمة عالية للطرق).,2000.0,51.63,39.64,11.99
KED-ROAD-01437,شارع علاء الدين,residential,4,Casuarina,كازوارينا,نوع طريق ضيق/سكني (residential) — تم اختيار كازوارينا (Casuarina) لانخفاض مخاطر الجذور وصغر حجم المظلة المناسب لعرض الطريق.,2000.0,46.26,34.27,11.99
KED-ROAD-01438,شارع علاء الدين,residential,4,Casuarina,كازوارينا,نوع طريق ضيق/سكني (residential) — تم اختيار كازوارينا (Casuarina) لانخفاض مخاطر الجذور وصغر حجم المظلة المناسب لعرض الطريق.,2000.0,46.26,34.27,11.99
KED-ROAD-01460,شارع شتا,residential,4,Casuarina,كازوارينا,نوع طريق ضيق/سكني (residential) — تم اختيار كازوارينا (Casuarina) لانخفاض مخاطر الجذور وصغر حجم المظلة المناسب لعرض الطريق.,2000.0,41.49,29.5,11.99
KED-ROAD-02600,شارع احمد يونس,residential,4,Casuarina,كازوارينا,نوع طريق ضيق/سكني (residential) — تم اختيار كازوارينا (Casuarina) لانخفاض مخاطر الجذور وصغر حجم المظلة المناسب لعرض الطريق.,2000.0,40.88,28.9,11.99
KED-ROAD-02607,شارع غريب,residential,4,Casuarina,كازوارينا,نوع طريق ضيق/سكني (residential) — تم اختيار كازوارينا (Casuarina) لانخفاض مخاطر الجذور وصغر حجم المظلة المناسب لعرض الطريق.,2000.0,41.05,29.07,11.99
KED-ROAD-02608,شارع غريب,residential,4,Casuarina,كازوارينا,نوع طريق ضيق/سكني (residential) — تم اختيار كازوارينا (Casuarina) لانخفاض مخاطر الجذور وصغر حجم المظلة المناسب لعرض الطريق.,2000.0,41.05,29.07,11.99
KED-ROAD-02612,شارع احمد يونس,residential,4,Casuarina,كازوارينا,نوع طريق ضيق/سكني (residential) — تم اختيار كازوارينا (Casuarina) لانخفاض مخاطر الجذور وصغر حجم المظلة المناسب لعرض الطريق.,2000.0,41.84,29.86,11.99
KED-ROAD-02613,شارع احمد يونس,residential,4,Casuarina,كازوارينا,نوع طريق ضيق/سكني (residential) — تم اختيار كازوارينا (Casuarina) لانخفاض مخاطر الجذور وصغر حجم المظلة المناسب لعرض الطريق.,2000.0,41.84,29.86,11.99
KED-ROAD-02614,شارع مسجد الرحمن,residential,4,Casuarina,كازوارينا,نوع طريق ضيق/سكني (residential) — تم اختيار كازوارينا (Casuarina) لانخفاض مخاطر الجذور وصغر حجم المظلة المناسب لعرض الطريق.,2000.0,40.45,28.47,11.99
KED-ROAD-02615,شارع مسجد الرحمن,residential,4,Casuarina,كازوارينا,نوع طريق ضيق/سكني (residential) — تم اختيار كازوارينا (Casuarina) لانخفاض مخاطر الجذور وصغر حجم المظلة المناسب لعرض الطريق.,2000.0,40.45,28.47,11.99
KED-ROAD-02551,شارع ابو العزايم,residential,4,Casuarina,كازوارينا,نوع طريق ضيق/سكني (residential) — تم اختيار كازوارينا (Casuarina) لانخفاض مخاطر الجذور وصغر حجم المظلة المناسب لعرض الطريق.,2000.0,42.2,30.21,11.99
KED-ROAD-01481,شارع شتا,residential,4,Casuarina,كازوارينا,نوع طريق ضيق/سكني (residential) — تم اختيار كازوارينا (Casuarina) لانخفاض مخاطر الجذور وصغر حجم المظلة المناسب لعرض الطريق.,2000.0,41.49,29.5,11.99
KED-ROAD-01484,شارع محروس,residential,4,Casuarina,كازوارينا,نوع طريق ضيق/سكني (residential) — تم اختيار كازوارينا (Casuarina) لانخفاض مخاطر الجذور وصغر حجم المظلة المناسب لعرض الطريق.,2000.0,41.7,29.71,11.99
KED-ROAD-01485,شارع محروس,residential,4,Casuarina,كازوارينا,نوع طريق ضيق/سكني (residential) — تم اختيار كازوارينا (Casuarina) لانخفاض مخاطر الجذور وصغر حجم المظلة المناسب لعرض الطريق.,2000.0,41.7,29.71,11.99
KED-ROAD-03743,شارع عاطف,residential,4,Casuarina,كازوارينا,نوع طريق ضيق/سكني (residential) — تم اختيار كازوارينا (Casuarina) لانخفاض مخاطر الجذور وصغر حجم المظلة المناسب لعرض الطريق.,2000.0,42.37,30.38,11.99
KED-ROAD-03744,شارع عاطف,residential,4,Casuarina,كازوارينا,نوع طريق ضيق/سكني (residential) — تم اختيار كازوارينا (Casuarina) لانخفاض مخاطر الجذور وصغر حجم المظلة المناسب لعرض الطريق.,2000.0,42.37,30.38,11.99
KED-ROAD-03745,حارة خضير,residential,4,Casuarina,كازوارينا,نوع طريق ضيق/سكني (residential) — تم اختيار كازوارينا (Casuarina) لانخفاض مخاطر الجذور وصغر حجم المظلة المناسب لعرض الطريق.,2000.0,45.17,33.18,11.99
KED-ROAD-03746,حارة خضير,residential,4,Casuarina,كازوارينا,نوع طريق ضيق/سكني (residential) — تم اختيار كازوارينا (Casuarina) لانخفاض مخاطر الجذور وصغر حجم المظلة المناسب لعرض الطريق.,2000.0,45.17,33.18,11.99
KED-ROAD-02636,شارع احمد يونس,residential,4,Casuarina,كازوارينا,نوع طريق ضيق/سكني (residential) — تم اختيار كازوارينا (Casuarina) لانخفاض مخاطر الجذور وصغر حجم المظلة المناسب لعرض الطريق.,2000.0,42.11,30.12,11.99
KED-ROAD-02637,شارع احمد يونس,residential,4,Casuarina,كازوارينا,نوع طريق ضيق/سكني (residential) — تم اختيار كازوارينا (Casuarina) لانخفاض مخاطر الجذور وصغر حجم المظلة المناسب لعرض الطريق.,2000.0,42.11,30.12,11.99
KED-ROAD-02616,شارع مسجد الرحمن,residential,4,Casuarina,كازوارينا,نوع طريق ضيق/سكني (residential) — تم اختيار كازوارينا (Casuarina) لانخفاض مخاطر الجذور وصغر حجم المظلة المناسب لعرض الطريق.,2000.0,43.42,31.44,11.99
KED-ROAD-02617,شارع مسجد الرحمن,residential,4,Casuarina,كازوارينا,نوع طريق ضيق/سكني (residential) — تم اختيار كازوارينا (Casuarina) لانخفاض مخاطر الجذور وصغر حجم المظلة المناسب لعرض الطريق.,2000.0,43.42,31.44,11.99
KED-ROAD-02622,شارع حمدى الترزى,residential,4,Casuarina,كازوارينا,نوع طريق ضيق/سكني (residential) — تم اختيار كازوارينا (Casuarina) لانخفاض مخاطر الجذور وصغر حجم المظلة المناسب لعرض الطريق.,2000.0,42.23,30.24,12.0
KED-ROAD-02623,شارع حمدى الترزى,residential,4,Casuarina,كازوارينا,نوع طريق ضيق/سكني (residential) — تم اختيار كازوارينا (Casuarina) لانخفاض مخاطر الجذور وصغر حجم المظلة المناسب لعرض الطريق.,2000.0,42.23,30.24,12.0
KED-ROAD-02626,شارع حمدى الترزى,residential,4,Casuarina,كازوارينا,نوع طريق ضيق/سكني (residential) — تم اختيار كازوارينا (Casuarina) لانخفاض مخاطر الجذور وصغر حجم المظلة المناسب لعرض الطريق.,2000.0,41.31,29.31,12.0
KED-ROAD-02627,شارع حمدى الترزى,residential,4,Casuarina,كازوارينا,نوع طريق ضيق/سكني (residential) — تم اختيار كازوارينا (Casuarina) لانخفاض مخاطر الجذور وصغر حجم المظلة المناسب لعرض الطريق.,2000.0,41.31,29.31,12.0
KED-ROAD-02631,شارع احمد يونس,residential,4,Casuarina,كازوارينا,نوع طريق ضيق/سكني (residential) — تم اختيار كازوارينا (Casuarina) لانخفاض مخاطر الجذور وصغر حجم المظلة المناسب لعرض الطريق.,2000.0,40.88,28.9,11.99
KED-ROAD-01536,شارع الاومباشي شفيق,residential,4,Casuarina,كازوارينا,نوع طريق ضيق/سكني (residential) — تم اختيار كازوارينا (Casuarina) لانخفاض مخاطر الجذور وصغر حجم المظلة المناسب لعرض الطريق.,2000.0,41.33,29.35,11.99
KED-ROAD-01537,شارع الاومباشي شفيق,residential,4,Casuarina,كازوارينا,نوع طريق ضيق/سكني (residential) — تم اختيار كازوارينا (Casuarina) لانخفاض مخاطر الجذور وصغر حجم المظلة المناسب لعرض الطريق.,2000.0,41.33,29.35,11.99
KED-ROAD-01544,شارع طه نجم,residential,4,Casuarina,كازوارينا,نوع طريق ضيق/سكني (residential) — تم اختيار كازوارينا (Casuarina) لانخفاض مخاطر الجذور وصغر حجم المظلة المناسب لعرض الطريق.,2000.0,43.03,31.03,12.0
KED-ROAD-01490,شارع لبيب,residential,4,Casuarina,كازوارينا,نوع طريق ضيق/سكني (residential) — تم اختيار كازوارينا (Casuarina) لانخفاض مخاطر الجذور وصغر حجم المظلة المناسب لعرض الطريق.,2000.0,41.83,29.84,11.99
KED-ROAD-00137,شارع سامى شميسة,residential,4,Casuarina,كازوارينا,نوع طريق ضيق/سكني (residential) — تم اختيار كازوارينا (Casuarina) لانخفاض مخاطر الجذور وصغر حجم المظلة المناسب لعرض الطريق.,2000.0,44.53,32.54,11.99
KED-ROAD-00138,شارع سامى شميسة,residential,4,Casuarina,كازوارينا,نوع طريق ضيق/سكني (residential) — تم اختيار كازوارينا (Casuarina) لانخفاض مخاطر الجذور وصغر حجم المظلة المناسب لعرض الطريق.,2000.0,44.53,32.54,11.99
KED-ROAD-00530,شارع الجنة,residential,4,Casuarina,كازوارينا,نوع طريق ضيق/سكني (residential) — تم اختيار كازوارينا (Casuarina) لانخفاض مخاطر الجذور وصغر حجم المظلة المناسب لعرض الطريق.,2000.0,42.78,30.79,11.99
KED-ROAD-00531,شارع 40,residential,4,Casuarina,كازوارينا,نوع طريق ضيق/سكني (residential) — تم اختيار كازوارينا (Casuarina) لانخفاض مخاطر الجذور وصغر حجم المظلة المناسب لعرض الطريق.,2000.0,40.51,28.51,12.0
KED-ROAD-00610,شارع مسجد الشهداء,residential,4,Casuarina,كازوارينا,نوع طريق ضيق/سكني (residential) — تم اختيار كازوارينا (Casuarina) لانخفاض مخاطر الجذور وصغر حجم المظلة المناسب لعرض الطريق.,2000.0,40.05,28.06,12.0
KED-ROAD-03347,شارع الشهيد حسنى كامل,residential,4,Casuarina,كازوارينا,نوع طريق ضيق/سكني (residential) — تم اختيار كازوارينا (Casuarina) لانخفاض مخاطر الجذور وصغر حجم المظلة المناسب لعرض الطريق.,2000.0,46.95,34.97,11.99
KED-ROAD-06362,شارع خلف المساكن,residential,4,Casuarina,كازوارينا,نوع طريق ضيق/سكني (residential) — تم اختيار كازوارينا (Casuarina) لانخفاض مخاطر الجذور وصغر حجم المظلة المناسب لعرض الطريق.,2000.0,41.48,29.48,11.99
KED-ROAD-00129,شارع محمد عبيد جنيدي,residential,4,Casuarina,كازوارينا,نوع طريق ضيق/سكني (residential) — تم اختيار كازوارينا (Casuarina) لانخفاض مخاطر الجذور وصغر حجم المظلة المناسب لعرض الطريق.,2000.0,40.21,28.22,11.99
KED-ROAD-00130,شارع محمد عبيد جنيدي,residential,4,Casuarina,كازوارينا,نوع طريق ضيق/سكني (residential) — تم اختيار كازوارينا (Casuarina) لانخفاض مخاطر الجذور وصغر حجم المظلة المناسب لعرض الطريق.,2000.0,40.21,28.22,11.99
KED-ROAD-06213,شارع خلف المساكن,residential,3,Casuarina,كازوارينا,نوع طريق ضيق/سكني (residential) — تم اختيار كازوارينا (Casuarina) لانخفاض مخاطر الجذور وصغر حجم المظلة المناسب لعرض الطريق.,1500.0,35.06,23.06,11.99
KED-ROAD-00093,"طريق كفر الدوار, ابو المطامير",secondary,3,Neem,نيم,نوع طريق رئيسي/متوسط (secondary) — تم اختيار نيم (Neem) لأعلى توافق موثّق (تحمل حراري مرتفع، احتياج مائي منخفض، ملاءمة عالية للطرق).,1500.0,40.18,28.19,11.99
KED-ROAD-03402,شارع مصطفى كحيل,residential,3,Casuarina,كازوارينا,نوع طريق ضيق/سكني (residential) — تم اختيار كازوارينا (Casuarina) لانخفاض مخاطر الجذور وصغر حجم المظلة المناسب لعرض الطريق.,1500.0,33.86,21.87,11.99
KED-ROAD-03401,شارع مصطفى كحيل,residential,3,Casuarina,كازوارينا,نوع طريق ضيق/سكني (residential) — تم اختيار كازوارينا (Casuarina) لانخفاض مخاطر الجذور وصغر حجم المظلة المناسب لعرض الطريق.,1500.0,33.86,21.87,11.99
KED-ROAD-04190,شارع الفقى,residential,3,Casuarina,كازوارينا,نوع طريق ضيق/سكني (residential) — تم اختيار كازوارينا (Casuarina) لانخفاض مخاطر الجذور وصغر حجم المظلة المناسب لعرض الطريق.,1500.0,37.15,25.16,11.99
KED-ROAD-04187,شارع السيد البحيري,residential,3,Casuarina,كازوارينا,نوع طريق ضيق/سكني (residential) — تم اختيار كازوارينا (Casuarina) لانخفاض مخاطر الجذور وصغر حجم المظلة المناسب لعرض الطريق.,1500.0,38.05,26.06,11.99
KED-ROAD-04186,شارع السيد البحيري,residential,3,Casuarina,كازوارينا,نوع طريق ضيق/سكني (residential) — تم اختيار كازوارينا (Casuarina) لانخفاض مخاطر الجذور وصغر حجم المظلة المناسب لعرض الطريق.,1500.0,38.05,26.06,11.99
KED-ROAD-04184,شارع بورسعيد,tertiary,3,Neem,نيم,نوع طريق رئيسي/متوسط (tertiary) — تم اختيار نيم (Neem) لأعلى توافق موثّق (تحمل حراري مرتفع، احتياج مائي منخفض، ملاءمة عالية للطرق).,1500.0,40.09,28.1,11.99
KED-ROAD-04183,شارع بورسعيد,tertiary,3,Neem,نيم,نوع طريق رئيسي/متوسط (tertiary) — تم اختيار نيم (Neem) لأعلى توافق موثّق (تحمل حراري مرتفع، احتياج مائي منخفض، ملاءمة عالية للطرق).,1500.0,42.0,30.01,11.99
KED-ROAD-04181,شارع الشيخ,residential,3,Casuarina,كازوارينا,نوع طريق ضيق/سكني (residential) — تم اختيار كازوارينا (Casuarina) لانخفاض مخاطر الجذور وصغر حجم المظلة المناسب لعرض الطريق.,1500.0,35.56,23.56,12.0
KED-ROAD-04180,شارع الشيخ,residential,3,Casuarina,كازوارينا,نوع طريق ضيق/سكني (residential) — تم اختيار كازوارينا (Casuarina) لانخفاض مخاطر الجذور وصغر حجم المظلة المناسب لعرض الطريق.,1500.0,35.56,23.56,12.0
KED-ROAD-04179,شارع بورسعيد,tertiary,3,Neem,نيم,نوع طريق رئيسي/متوسط (tertiary) — تم اختيار نيم (Neem) لأعلى توافق موثّق (تحمل حراري مرتفع، احتياج مائي منخفض، ملاءمة عالية للطرق).,1500.0,42.6,30.61,11.99
KED-ROAD-04178,شارع السجينى,residential,3,Casuarina,كازوارينا,نوع طريق ضيق/سكني (residential) — تم اختيار كازوارينا (Casuarina) لانخفاض مخاطر الجذور وصغر حجم المظلة المناسب لعرض الطريق.,1500.0,38.34,26.35,11.99
KED-ROAD-01956,شارع فوزي شعيب,residential,3,Casuarina,كازوارينا,نوع طريق ضيق/سكني (residential) — تم اختيار كازوارينا (Casuarina) لانخفاض مخاطر الجذور وصغر حجم المظلة المناسب لعرض الطريق.,1500.0,33.14,21.14,12.0
KED-ROAD-01970,شارع حميده,residential,3,Casuarina,كازوارينا,نوع طريق ضيق/سكني (residential) — تم اختيار كازوارينا (Casuarina) لانخفاض مخاطر الجذور وصغر حجم المظلة المناسب لعرض الطريق.,1500.0,36.94,24.94,12.0
KED-ROAD-01927,شارع فوزي شعيب,residential,3,Casuarina,كازوارينا,نوع طريق ضيق/سكني (residential) — تم اختيار كازوارينا (Casuarina) لانخفاض مخاطر الجذور وصغر حجم المظلة المناسب لعرض الطريق.,1500.0,37.16,25.16,12.0
KED-ROAD-01931,شارع غازي,residential,3,Casuarina,كازوارينا,نوع طريق ضيق/سكني (residential) — تم اختيار كازوارينا (Casuarina) لانخفاض مخاطر الجذور وصغر حجم المظلة المناسب لعرض الطريق.,1500.0,39.14,27.16,11.99
KED-ROAD-01932,شارع غازي,residential,3,Casuarina,كازوارينا,نوع طريق ضيق/سكني (residential) — تم اختيار كازوارينا (Casuarina) لانخفاض مخاطر الجذور وصغر حجم المظلة المناسب لعرض الطريق.,1500.0,39.14,27.16,11.99
KED-ROAD-01933,شارع السيد القعيد,residential,3,Casuarina,كازوارينا,نوع طريق ضيق/سكني (residential) — تم اختيار كازوارينا (Casuarina) لانخفاض مخاطر الجذور وصغر حجم المظلة المناسب لعرض الطريق.,1500.0,39.13,27.14,11.99
KED-ROAD-01934,شارع السيد القعيد,residential,3,Casuarina,كازوارينا,نوع طريق ضيق/سكني (residential) — تم اختيار كازوارينا (Casuarina) لانخفاض مخاطر الجذور وصغر حجم المظلة المناسب لعرض الطريق.,1500.0,39.13,27.14,11.99
KED-ROAD-01937,شارع عبد الرازق,residential,3,Casuarina,كازوارينا,نوع طريق ضيق/سكني (residential) — تم اختيار كازوارينا (Casuarina) لانخفاض مخاطر الجذور وصغر حجم المظلة المناسب لعرض الطريق.,1500.0,39.1,27.11,11.99
KED-ROAD-01938,شارع عبد الرازق,residential,3,Casuarina,كازوارينا,نوع طريق ضيق/سكني (residential) — تم اختيار كازوارينا (Casuarina) لانخفاض مخاطر الجذور وصغر حجم المظلة المناسب لعرض الطريق.,1500.0,39.1,27.11,11.99
KED-ROAD-05065,شارع جمعه جامع,residential,3,Casuarina,كازوارينا,نوع طريق ضيق/سكني (residential) — تم اختيار كازوارينا (Casuarina) لانخفاض مخاطر الجذور وصغر حجم المظلة المناسب لعرض الطريق.,1500.0,33.02,21.03,11.99
KED-ROAD-05066,شارع جمعه جامع,residential,3,Casuarina,كازوارينا,نوع طريق ضيق/سكني (residential) — تم اختيار كازوارينا (Casuarina) لانخفاض مخاطر الجذور وصغر حجم المظلة المناسب لعرض الطريق.,1500.0,33.02,21.03,11.99
KED-ROAD-05103,الطريق الدولي,tertiary,3,Neem,نيم,نوع طريق رئيسي/متوسط (tertiary) — تم اختيار نيم (Neem) لأعلى توافق موثّق (تحمل حراري مرتفع، احتياج مائي منخفض، ملاءمة عالية للطرق).,1500.0,38.22,26.23,11.99
KED-ROAD-00692,شارع الوحدة العربية,residential,3,Casuarina,كازوارينا,نوع طريق ضيق/سكني (residential) — تم اختيار كازوارينا (Casuarina) لانخفاض مخاطر الجذور وصغر حجم المظلة المناسب لعرض الطريق.,1500.0,34.13,22.14,11.99
KED-ROAD-00693,شارع الوحدة العربية,residential,3,Casuarina,كازوارينا,نوع طريق ضيق/سكني (residential) — تم اختيار كازوارينا (Casuarina) لانخفاض مخاطر الجذور وصغر حجم المظلة المناسب لعرض الطريق.,1500.0,34.13,22.14,11.99
KED-ROAD-05034,شارع على بركه,residential,3,Casuarina,كازوارينا,نوع طريق ضيق/سكني (residential) — تم اختيار كازوارينا (Casuarina) لانخفاض مخاطر الجذور وصغر حجم المظلة المناسب لعرض الطريق.,1500.0,34.42,22.42,12.0
KED-ROAD-05037,شارع شحاته,residential,3,Casuarina,كازوارينا,نوع طريق ضيق/سكني (residential) — تم اختيار كازوارينا (Casuarina) لانخفاض مخاطر الجذور وصغر حجم المظلة المناسب لعرض الطريق.,1500.0,38.51,26.51,11.99
KED-ROAD-04487,شارع صلاح سالم,residential,3,Casuarina,كازوارينا,نوع طريق ضيق/سكني (residential) — تم اختيار كازوارينا (Casuarina) لانخفاض مخاطر الجذور وصغر حجم المظلة المناسب لعرض الطريق.,1500.0,35.11,23.11,12.0
KED-ROAD-04488,شارع صلاح سالم,residential,3,Casuarina,كازوارينا,نوع طريق ضيق/سكني (residential) — تم اختيار كازوارينا (Casuarina) لانخفاض مخاطر الجذور وصغر حجم المظلة المناسب لعرض الطريق.,1500.0,35.11,23.11,12.0
KED-ROAD-01506,شارع مسلم,residential,3,Casuarina,كازوارينا,نوع طريق ضيق/سكني (residential) — تم اختيار كازوارينا (Casuarina) لانخفاض مخاطر الجذور وصغر حجم المظلة المناسب لعرض الطريق.,1500.0,35.61,23.62,12.0
KED-ROAD-01507,شارع مسلم,residential,3,Casuarina,كازوارينا,نوع طريق ضيق/سكني (residential) — تم اختيار كازوارينا (Casuarina) لانخفاض مخاطر الجذور وصغر حجم المظلة المناسب لعرض الطريق.,1500.0,35.61,23.62,12.0
KED-ROAD-01517,شارع احمد عرابى,secondary,3,Neem,نيم,نوع طريق رئيسي/متوسط (secondary) — تم اختيار نيم (Neem) لأعلى توافق موثّق (تحمل حراري مرتفع، احتياج مائي منخفض، ملاءمة عالية للطرق).,1500.0,42.75,30.75,12.0
KED-ROAD-00335,عطفه السيدة عائشة,residential,3,Casuarina,كازوارينا,نوع طريق ضيق/سكني (residential) — تم اختيار كازوارينا (Casuarina) لانخفاض مخاطر الجذور وصغر حجم المظلة المناسب لعرض الطريق.,1500.0,38.04,26.06,11.99
KED-ROAD-02605,شارع غريب,residential,3,Casuarina,كازوارينا,نوع طريق ضيق/سكني (residential) — تم اختيار كازوارينا (Casuarina) لانخفاض مخاطر الجذور وصغر حجم المظلة المناسب لعرض الطريق.,1500.0,36.89,24.91,11.99
KED-ROAD-02606,شارع غريب,residential,3,Casuarina,كازوارينا,نوع طريق ضيق/سكني (residential) — تم اختيار كازوارينا (Casuarina) لانخفاض مخاطر الجذور وصغر حجم المظلة المناسب لعرض الطريق.,1500.0,36.89,24.91,11.99
KED-ROAD-04420,حارة 4,residential,3,Casuarina,كازوارينا,نوع طريق ضيق/سكني (residential) — تم اختيار كازوارينا (Casuarina) لانخفاض مخاطر الجذور وصغر حجم المظلة المناسب لعرض الطريق.,1500.0,33.56,21.57,11.99
KED-ROAD-04421,شارع مسجد النور,residential,3,Casuarina,كازوارينا,نوع طريق ضيق/سكني (residential) — تم اختيار كازوارينا (Casuarina) لانخفاض مخاطر الجذور وصغر حجم المظلة المناسب لعرض الطريق.,1500.0,33.09,21.09,11.99
KED-ROAD-01467,شارع ابو ورده,residential,3,Casuarina,كازوارينا,نوع طريق ضيق/سكني (residential) — تم اختيار كازوارينا (Casuarina) لانخفاض مخاطر الجذور وصغر حجم المظلة المناسب لعرض الطريق.,1500.0,38.71,26.71,12.0
KED-ROAD-01468,شارع ابو ورده,residential,3,Casuarina,كازوارينا,نوع طريق ضيق/سكني (residential) — تم اختيار كازوارينا (Casuarina) لانخفاض مخاطر الجذور وصغر حجم المظلة المناسب لعرض الطريق.,1500.0,38.71,26.71,12.0
KED-ROAD-03747,شارع عدلى,residential,3,Casuarina,كازوارينا,نوع طريق ضيق/سكني (residential) — تم اختيار كازوارينا (Casuarina) لانخفاض مخاطر الجذور وصغر حجم المظلة المناسب لعرض الطريق.,1500.0,35.43,23.43,11.99
KED-ROAD-03750,شارع عاطف سالم,residential,3,Casuarina,كازوارينا,نوع طريق ضيق/سكني (residential) — تم اختيار كازوارينا (Casuarina) لانخفاض مخاطر الجذور وصغر حجم المظلة المناسب لعرض الطريق.,1500.0,36.2,24.22,11.99
KED-ROAD-03751,شارع عاطف سالم,residential,3,Casuarina,كازوارينا,نوع طريق ضيق/سكني (residential) — تم اختيار كازوارينا (Casuarina) لانخفاض مخاطر الجذور وصغر حجم المظلة المناسب لعرض الطريق.,1500.0,36.2,24.22,11.99
KED-ROAD-02634,شارع احمد يونس,residential,3,Casuarina,كازوارينا,نوع طريق ضيق/سكني (residential) — تم اختيار كازوارينا (Casuarina) لانخفاض مخاطر الجذور وصغر حجم المظلة المناسب لعرض الطريق.,1500.0,34.87,22.88,11.99
KED-ROAD-04445,شارع عبد اللطيف هيكل,residential,3,Casuarina,كازوارينا,نوع طريق ضيق/سكني (residential) — تم اختيار كازوارينا (Casuarina) لانخفاض مخاطر الجذور وصغر حجم المظلة المناسب لعرض الطريق.,1500.0,37.12,25.13,11.99
KED-ROAD-04446,شارع بورسعيد,secondary,3,Neem,نيم,نوع طريق رئيسي/متوسط (secondary) — تم اختيار نيم (Neem) لأعلى توافق موثّق (تحمل حراري مرتفع، احتياج مائي منخفض، ملاءمة عالية للطرق).,1500.0,41.03,29.04,11.99
KED-ROAD-04447,شارع بورسعيد,secondary,3,Neem,نيم,نوع طريق رئيسي/متوسط (secondary) — تم اختيار نيم (Neem) لأعلى توافق موثّق (تحمل حراري مرتفع، احتياج مائي منخفض، ملاءمة عالية للطرق).,1500.0,41.03,29.04,11.99
KED-ROAD-01571,شارع 1,residential,3,Casuarina,كازوارينا,نوع طريق ضيق/سكني (residential) — تم اختيار كازوارينا (Casuarina) لانخفاض مخاطر الجذور وصغر حجم المظلة المناسب لعرض الطريق.,1500.0,39.46,27.47,11.99
KED-ROAD-01572,شارع 1,residential,3,Casuarina,كازوارينا,نوع طريق ضيق/سكني (residential) — تم اختيار كازوارينا (Casuarina) لانخفاض مخاطر الجذور وصغر حجم المظلة المناسب لعرض الطريق.,1500.0,39.46,27.47,11.99
KED-ROAD-02572,شارع الجرجاوى,residential,3,Casuarina,كازوارينا,نوع طريق ضيق/سكني (residential) — تم اختيار كازوارينا (Casuarina) لانخفاض مخاطر الجذور وصغر حجم المظلة المناسب لعرض الطريق.,1500.0,34.82,22.84,11.99
KED-ROAD-02573,شارع الجرجاوى,residential,3,Casuarina,كازوارينا,نوع طريق ضيق/سكني (residential) — تم اختيار كازوارينا (Casuarina) لانخفاض مخاطر الجذور وصغر حجم المظلة المناسب لعرض الطريق.,1500.0,34.82,22.84,11.99
KED-ROAD-02584,شارع 10,residential,3,Casuarina,كازوارينا,نوع طريق ضيق/سكني (residential) — تم اختيار كازوارينا (Casuarina) لانخفاض مخاطر الجذور وصغر حجم المظلة المناسب لعرض الطريق.,1500.0,33.72,21.73,11.99
KED-ROAD-02585,شارع 10,residential,3,Casuarina,كازوارينا,نوع طريق ضيق/سكني (residential) — تم اختيار كازوارينا (Casuarina) لانخفاض مخاطر الجذور وصغر حجم المظلة المناسب لعرض الطريق.,1500.0,33.72,21.73,11.99
KED-ROAD-02592,شارع محمد كساب,residential,3,Casuarina,كازوارينا,نوع طريق ضيق/سكني (residential) — تم اختيار كازوارينا (Casuarina) لانخفاض مخاطر الجذور وصغر حجم المظلة المناسب لعرض الطريق.,1500.0,35.42,23.44,11.99
KED-ROAD-02688,شارع الإمام الشافعى,residential,3,Casuarina,كازوارينا,نوع طريق ضيق/سكني (residential) — تم اختيار كازوارينا (Casuarina) لانخفاض مخاطر الجذور وصغر حجم المظلة المناسب لعرض الطريق.,1500.0,33.5,21.51,11.99
KED-ROAD-02689,شارع الإمام الشافعى,residential,3,Casuarina,كازوارينا,نوع طريق ضيق/سكني (residential) — تم اختيار كازوارينا (Casuarina) لانخفاض مخاطر الجذور وصغر حجم المظلة المناسب لعرض الطريق.,1500.0,33.5,21.51,11.99
KED-ROAD-02654,شارع 26 يوليو,residential,3,Casuarina,كازوارينا,نوع طريق ضيق/سكني (residential) — تم اختيار كازوارينا (Casuarina) لانخفاض مخاطر الجذور وصغر حجم المظلة المناسب لعرض الطريق.,1500.0,36.35,24.36,11.99
KED-ROAD-02655,شارع 26 يوليو,residential,3,Casuarina,كازوارينا,نوع طريق ضيق/سكني (residential) — تم اختيار كازوارينا (Casuarina) لانخفاض مخاطر الجذور وصغر حجم المظلة المناسب لعرض الطريق.,1500.0,36.35,24.36,11.99
KED-ROAD-01435,شارع تميم,residential,3,Casuarina,كازوارينا,نوع طريق ضيق/سكني (residential) — تم اختيار كازوارينا (Casuarina) لانخفاض مخاطر الجذور وصغر حجم المظلة المناسب لعرض الطريق.,1500.0,39.11,27.12,11.99
KED-ROAD-01436,شارع تميم,residential,3,Casuarina,كازوارينا,نوع طريق ضيق/سكني (residential) — تم اختيار كازوارينا (Casuarina) لانخفاض مخاطر الجذور وصغر حجم المظلة المناسب لعرض الطريق.,1500.0,39.11,27.12,11.99
KED-ROAD-00200,شارع 102,residential,3,Casuarina,كازوارينا,نوع طريق ضيق/سكني (residential) — تم اختيار كازوارينا (Casuarina) لانخفاض مخاطر الجذور وصغر حجم المظلة المناسب لعرض الطريق.,1500.0,39.27,27.28,11.99
KED-ROAD-00201,شارع على مبروك خفاجه,residential,3,Casuarina,كازوارينا,نوع طريق ضيق/سكني (residential) — تم اختيار كازوارينا (Casuarina) لانخفاض مخاطر الجذور وصغر حجم المظلة المناسب لعرض الطريق.,1500.0,36.76,24.77,11.99
KED-ROAD-03768,شارع عدلى,residential,3,Casuarina,كازوارينا,نوع طريق ضيق/سكني (residential) — تم اختيار كازوارينا (Casuarina) لانخفاض مخاطر الجذور وصغر حجم المظلة المناسب لعرض الطريق.,1500.0,35.43,23.43,11.99
KED-ROAD-02526,حارة خضير,residential,3,Casuarina,كازوارينا,نوع طريق ضيق/سكني (residential) — تم اختيار كازوارينا (Casuarina) لانخفاض مخاطر الجذور وصغر حجم المظلة المناسب لعرض الطريق.,1500.0,39.1,27.11,11.99
KED-ROAD-01398,شارع علاء الدين,residential,3,Casuarina,كازوارينا,نوع طريق ضيق/سكني (residential) — تم اختيار كازوارينا (Casuarina) لانخفاض مخاطر الجذور وصغر حجم المظلة المناسب لعرض الطريق.,1500.0,37.01,25.02,11.99
KED-ROAD-02695,شارع 7,residential,3,Casuarina,كازوارينا,نوع طريق ضيق/سكني (residential) — تم اختيار كازوارينا (Casuarina) لانخفاض مخاطر الجذور وصغر حجم المظلة المناسب لعرض الطريق.,1500.0,34.19,22.19,12.0
KED-ROAD-02678,شارع حفنى ضيف,residential,3,Casuarina,كازوارينا,نوع طريق ضيق/سكني (residential) — تم اختيار كازوارينا (Casuarina) لانخفاض مخاطر الجذور وصغر حجم المظلة المناسب لعرض الطريق.,1500.0,35.31,23.32,11.99
KED-ROAD-02679,شارع جمال الدين الافغانى,residential,3,Casuarina,كازوارينا,نوع طريق ضيق/سكني (residential) — تم اختيار كازوارينا (Casuarina) لانخفاض مخاطر الجذور وصغر حجم المظلة المناسب لعرض الطريق.,1500.0,35.31,23.32,11.99
KED-ROAD-01409,شارع تميم,residential,3,Casuarina,كازوارينا,نوع طريق ضيق/سكني (residential) — تم اختيار كازوارينا (Casuarina) لانخفاض مخاطر الجذور وصغر حجم المظلة المناسب لعرض الطريق.,1500.0,36.53,24.54,11.99
KED-ROAD-01410,شارع تميم,residential,3,Casuarina,كازوارينا,نوع طريق ضيق/سكني (residential) — تم اختيار كازوارينا (Casuarina) لانخفاض مخاطر الجذور وصغر حجم المظلة المناسب لعرض الطريق.,1500.0,36.53,24.54,11.99
KED-ROAD-01413,شارع حمزه,residential,3,Casuarina,كازوارينا,نوع طريق ضيق/سكني (residential) — تم اختيار كازوارينا (Casuarina) لانخفاض مخاطر الجذور وصغر حجم المظلة المناسب لعرض الطريق.,1500.0,33.36,21.37,11.99
KED-ROAD-01414,شارع حمزه,residential,3,Casuarina,كازوارينا,نوع طريق ضيق/سكني (residential) — تم اختيار كازوارينا (Casuarina) لانخفاض مخاطر الجذور وصغر حجم المظلة المناسب لعرض الطريق.,1500.0,33.36,21.37,11.99
KED-ROAD-01418,شارع العيسوي,residential,3,Casuarina,كازوارينا,نوع طريق ضيق/سكني (residential) — تم اختيار كازوارينا (Casuarina) لانخفاض مخاطر الجذور وصغر حجم المظلة المناسب لعرض الطريق.,1500.0,36.08,24.1,11.99
KED-ROAD-01419,شارع العيسوي,residential,3,Casuarina,كازوارينا,نوع طريق ضيق/سكني (residential) — تم اختيار كازوارينا (Casuarina) لانخفاض مخاطر الجذور وصغر حجم المظلة المناسب لعرض الطريق.,1500.0,36.08,24.1,11.99
KED-ROAD-04422,شارع مسجد النور,residential,3,Casuarina,كازوارينا,نوع طريق ضيق/سكني (residential) — تم اختيار كازوارينا (Casuarina) لانخفاض مخاطر الجذور وصغر حجم المظلة المناسب لعرض الطريق.,1500.0,33.09,21.09,11.99
KED-ROAD-04444,شارع عبد اللطيف هيكل,residential,3,Casuarina,كازوارينا,نوع طريق ضيق/سكني (residential) — تم اختيار كازوارينا (Casuarina) لانخفاض مخاطر الجذور وصغر حجم المظلة المناسب لعرض الطريق.,1500.0,37.12,25.13,11.99
KED-ROAD-01609,شارع مسلم,residential,3,Casuarina,كازوارينا,نوع طريق ضيق/سكني (residential) — تم اختيار كازوارينا (Casuarina) لانخفاض مخاطر الجذور وصغر حجم المظلة المناسب لعرض الطريق.,1500.0,38.32,26.32,12.0
KED-ROAD-01610,شارع مسلم,residential,3,Casuarina,كازوارينا,نوع طريق ضيق/سكني (residential) — تم اختيار كازوارينا (Casuarina) لانخفاض مخاطر الجذور وصغر حجم المظلة المناسب لعرض الطريق.,1500.0,38.32,26.32,12.0
KED-ROAD-04419,حارة 4,residential,3,Casuarina,كازوارينا,نوع طريق ضيق/سكني (residential) — تم اختيار كازوارينا (Casuarina) لانخفاض مخاطر الجذور وصغر حجم المظلة المناسب لعرض الطريق.,1500.0,33.56,21.57,11.99
KED-ROAD-03795,الطريق الدولي,tertiary,3,Neem,نيم,نوع طريق رئيسي/متوسط (tertiary) — تم اختيار نيم (Neem) لأعلى توافق موثّق (تحمل حراري مرتفع، احتياج مائي منخفض، ملاءمة عالية للطرق).,1500.0,37.85,25.86,11.99
KED-ROAD-02525,حارة خضير,residential,3,Casuarina,كازوارينا,نوع طريق ضيق/سكني (residential) — تم اختيار كازوارينا (Casuarina) لانخفاض مخاطر الجذور وصغر حجم المظلة المناسب لعرض الطريق.,1500.0,39.1,27.11,11.99
KED-ROAD-03802,شارع الاداره الصحيه,residential,3,Casuarina,كازوارينا,نوع طريق ضيق/سكني (residential) — تم اختيار كازوارينا (Casuarina) لانخفاض مخاطر الجذور وصغر حجم المظلة المناسب لعرض الطريق.,1500.0,38.53,26.55,11.99
KED-ROAD-03803,شارع الاداره الصحيه,residential,3,Casuarina,كازوارينا,نوع طريق ضيق/سكني (residential) — تم اختيار كازوارينا (Casuarina) لانخفاض مخاطر الجذور وصغر حجم المظلة المناسب لعرض الطريق.,1500.0,38.53,26.55,11.99
KED-ROAD-01320,شارع 28,residential,3,Casuarina,كازوارينا,نوع طريق ضيق/سكني (residential) — تم اختيار كازوارينا (Casuarina) لانخفاض مخاطر الجذور وصغر حجم المظلة المناسب لعرض الطريق.,1500.0,39.44,27.45,11.99
KED-ROAD-01321,شارع 28,residential,3,Casuarina,كازوارينا,نوع طريق ضيق/سكني (residential) — تم اختيار كازوارينا (Casuarina) لانخفاض مخاطر الجذور وصغر حجم المظلة المناسب لعرض الطريق.,1500.0,39.44,27.45,11.99
KED-ROAD-03732,شارع بورسعيد,secondary,3,Neem,نيم,نوع طريق رئيسي/متوسط (secondary) — تم اختيار نيم (Neem) لأعلى توافق موثّق (تحمل حراري مرتفع، احتياج مائي منخفض، ملاءمة عالية للطرق).,1500.0,41.58,29.59,11.99
KED-ROAD-02694,شارع 7,residential,3,Casuarina,كازوارينا,نوع طريق ضيق/سكني (residential) — تم اختيار كازوارينا (Casuarina) لانخفاض مخاطر الجذور وصغر حجم المظلة المناسب لعرض الطريق.,1500.0,34.19,22.19,12.0
KED-ROAD-05331,شارع مسجد السلام,residential,3,Casuarina,كازوارينا,نوع طريق ضيق/سكني (residential) — تم اختيار كازوارينا (Casuarina) لانخفاض مخاطر الجذور وصغر حجم المظلة المناسب لعرض الطريق.,1500.0,33.54,21.13,12.41
KED-ROAD-00334,عطفه السيدة عائشة,residential,3,Casuarina,كازوارينا,نوع طريق ضيق/سكني (residential) — تم اختيار كازوارينا (Casuarina) لانخفاض مخاطر الجذور وصغر حجم المظلة المناسب لعرض الطريق.,1500.0,38.04,26.06,11.99
KED-ROAD-01397,شارع علاء الدين,residential,3,Casuarina,كازوارينا,نوع طريق ضيق/سكني (residential) — تم اختيار كازوارينا (Casuarina) لانخفاض مخاطر الجذور وصغر حجم المظلة المناسب لعرض الطريق.,1500.0,37.01,25.02,11.99
KED-ROAD-03780,شارع عدلى,residential,3,Casuarina,كازوارينا,نوع طريق ضيق/سكني (residential) — تم اختيار كازوارينا (Casuarina) لانخفاض مخاطر الجذور وصغر حجم المظلة المناسب لعرض الطريق.,1500.0,35.89,23.9,11.99
KED-ROAD-03781,شارع عدلى,residential,3,Casuarina,كازوارينا,نوع طريق ضيق/سكني (residential) — تم اختيار كازوارينا (Casuarina) لانخفاض مخاطر الجذور وصغر حجم المظلة المناسب لعرض الطريق.,1500.0,35.89,23.9,11.99
KED-ROAD-05330,شارع مسجد السلام,residential,3,Casuarina,كازوارينا,نوع طريق ضيق/سكني (residential) — تم اختيار كازوارينا (Casuarina) لانخفاض مخاطر الجذور وصغر حجم المظلة المناسب لعرض الطريق.,1500.0,33.54,21.13,12.41
KED-ROAD-02484,شارع العمرجي,residential,3,Casuarina,كازوارينا,نوع طريق ضيق/سكني (residential) — تم اختيار كازوارينا (Casuarina) لانخفاض مخاطر الجذور وصغر حجم المظلة المناسب لعرض الطريق.,1500.0,38.57,26.58,11.99
KED-ROAD-02485,شارع العمرجي,residential,3,Casuarina,كازوارينا,نوع طريق ضيق/سكني (residential) — تم اختيار كازوارينا (Casuarina) لانخفاض مخاطر الجذور وصغر حجم المظلة المناسب لعرض الطريق.,1500.0,38.57,26.58,11.99
KED-ROAD-04411,شارع مسجد التقوى,residential,3,Casuarina,كازوارينا,نوع طريق ضيق/سكني (residential) — تم اختيار كازوارينا (Casuarina) لانخفاض مخاطر الجذور وصغر حجم المظلة المناسب لعرض الطريق.,1500.0,34.43,22.44,11.99
KED-ROAD-04412,شارع مسجد التقوى,residential,3,Casuarina,كازوارينا,نوع طريق ضيق/سكني (residential) — تم اختيار كازوارينا (Casuarina) لانخفاض مخاطر الجذور وصغر حجم المظلة المناسب لعرض الطريق.,1500.0,34.43,22.44,11.99
KED-ROAD-01621,شارع حمزه,residential,3,Casuarina,كازوارينا,نوع طريق ضيق/سكني (residential) — تم اختيار كازوارينا (Casuarina) لانخفاض مخاطر الجذور وصغر حجم المظلة المناسب لعرض الطريق.,1500.0,34.98,23.0,11.99
KED-ROAD-02754,شارع 5,residential,3,Casuarina,كازوارينا,نوع طريق ضيق/سكني (residential) — تم اختيار كازوارينا (Casuarina) لانخفاض مخاطر الجذور وصغر حجم المظلة المناسب لعرض الطريق.,1500.0,38.37,26.38,11.99
KED-ROAD-02755,شارع 5,residential,3,Casuarina,كازوارينا,نوع طريق ضيق/سكني (residential) — تم اختيار كازوارينا (Casuarina) لانخفاض مخاطر الجذور وصغر حجم المظلة المناسب لعرض الطريق.,1500.0,38.37,26.38,11.99
KED-ROAD-03724,شارع التأمين الصحى,residential,3,Casuarina,كازوارينا,نوع طريق ضيق/سكني (residential) — تم اختيار كازوارينا (Casuarina) لانخفاض مخاطر الجذور وصغر حجم المظلة المناسب لعرض الطريق.,1500.0,36.25,24.26,11.99
KED-ROAD-03725,شارع التأمين الصحى,residential,3,Casuarina,كازوارينا,نوع طريق ضيق/سكني (residential) — تم اختيار كازوارينا (Casuarina) لانخفاض مخاطر الجذور وصغر حجم المظلة المناسب لعرض الطريق.,1500.0,36.25,24.26,11.99
KED-ROAD-03728,شارع الشهيد حسنى كامل,residential,3,Casuarina,كازوارينا,نوع طريق ضيق/سكني (residential) — تم اختيار كازوارينا (Casuarina) لانخفاض مخاطر الجذور وصغر حجم المظلة المناسب لعرض الطريق.,1500.0,37.0,25.02,11.99
KED-ROAD-03731,شارع بورسعيد,secondary,3,Neem,نيم,نوع طريق رئيسي/متوسط (secondary) — تم اختيار نيم (Neem) لأعلى توافق موثّق (تحمل حراري مرتفع، احتياج مائي منخفض، ملاءمة عالية للطرق).,1500.0,41.58,29.59,11.99
KED-ROAD-01405,شارع علاء الدين,residential,3,Casuarina,كازوارينا,نوع طريق ضيق/سكني (residential) — تم اختيار كازوارينا (Casuarina) لانخفاض مخاطر الجذور وصغر حجم المظلة المناسب لعرض الطريق.,1500.0,39.59,27.6,11.99
KED-ROAD-01406,شارع علاء الدين,residential,3,Casuarina,كازوارينا,نوع طريق ضيق/سكني (residential) — تم اختيار كازوارينا (Casuarina) لانخفاض مخاطر الجذور وصغر حجم المظلة المناسب لعرض الطريق.,1500.0,39.59,27.6,11.99
KED-ROAD-01379,شارع بكر الدكراوي,residential,3,Casuarina,كازوارينا,نوع طريق ضيق/سكني (residential) — تم اختيار كازوارينا (Casuarina) لانخفاض مخاطر الجذور وصغر حجم المظلة المناسب لعرض الطريق.,1500.0,39.07,27.08,11.99
KED-ROAD-01380,شارع بكر الدكراوي,residential,3,Casuarina,كازوارينا,نوع طريق ضيق/سكني (residential) — تم اختيار كازوارينا (Casuarina) لانخفاض مخاطر الجذور وصغر حجم المظلة المناسب لعرض الطريق.,1500.0,39.07,27.08,11.99
KED-ROAD-02771,شارع 5,residential,3,Casuarina,كازوارينا,نوع طريق ضيق/سكني (residential) — تم اختيار كازوارينا (Casuarina) لانخفاض مخاطر الجذور وصغر حجم المظلة المناسب لعرض الطريق.,1500.0,34.08,22.1,11.99
KED-ROAD-04672,شارع صلاح سالم,residential,3,Casuarina,كازوارينا,نوع طريق ضيق/سكني (residential) — تم اختيار كازوارينا (Casuarina) لانخفاض مخاطر الجذور وصغر حجم المظلة المناسب لعرض الطريق.,1500.0,34.23,22.23,12.0
KED-ROAD-04673,شارع صلاح سالم,residential,3,Casuarina,كازوارينا,نوع طريق ضيق/سكني (residential) — تم اختيار كازوارينا (Casuarina) لانخفاض مخاطر الجذور وصغر حجم المظلة المناسب لعرض الطريق.,1500.0,34.23,22.23,12.0
KED-ROAD-01663,شارع الترعه القديمة,residential,3,Casuarina,كازوارينا,نوع طريق ضيق/سكني (residential) — تم اختيار كازوارينا (Casuarina) لانخفاض مخاطر الجذور وصغر حجم المظلة المناسب لعرض الطريق.,1500.0,37.78,25.79,11.99
KED-ROAD-01664,شارع الترعه القديمة,residential,3,Casuarina,كازوارينا,نوع طريق ضيق/سكني (residential) — تم اختيار كازوارينا (Casuarina) لانخفاض مخاطر الجذور وصغر حجم المظلة المناسب لعرض الطريق.,1500.0,37.78,25.79,11.99
KED-ROAD-04394,شارع الزربة,residential,3,Casuarina,كازوارينا,نوع طريق ضيق/سكني (residential) — تم اختيار كازوارينا (Casuarina) لانخفاض مخاطر الجذور وصغر حجم المظلة المناسب لعرض الطريق.,1500.0,34.35,22.37,11.99
KED-ROAD-04395,شارع الزربة,residential,3,Casuarina,كازوارينا,نوع طريق ضيق/سكني (residential) — تم اختيار كازوارينا (Casuarina) لانخفاض مخاطر الجذور وصغر حجم المظلة المناسب لعرض الطريق.,1500.0,34.35,22.37,11.99
KED-ROAD-03850,شارع عدلى,residential,3,Casuarina,كازوارينا,نوع طريق ضيق/سكني (residential) — تم اختيار كازوارينا (Casuarina) لانخفاض مخاطر الجذور وصغر حجم المظلة المناسب لعرض الطريق.,1500.0,39.37,27.38,11.99
KED-ROAD-03851,شارع عدلى,residential,3,Casuarina,كازوارينا,نوع طريق ضيق/سكني (residential) — تم اختيار كازوارينا (Casuarina) لانخفاض مخاطر الجذور وصغر حجم المظلة المناسب لعرض الطريق.,1500.0,39.37,27.38,11.99
KED-ROAD-03854,شارع سلام,residential,3,Casuarina,كازوارينا,نوع طريق ضيق/سكني (residential) — تم اختيار كازوارينا (Casuarina) لانخفاض مخاطر الجذور وصغر حجم المظلة المناسب لعرض الطريق.,1500.0,37.45,25.46,11.99
KED-ROAD-01281,شارع براني,residential,3,Casuarina,كازوارينا,نوع طريق ضيق/سكني (residential) — تم اختيار كازوارينا (Casuarina) لانخفاض مخاطر الجذور وصغر حجم المظلة المناسب لعرض الطريق.,1500.0,34.71,22.72,12.0
KED-ROAD-01282,شارع براني,residential,3,Casuarina,كازوارينا,نوع طريق ضيق/سكني (residential) — تم اختيار كازوارينا (Casuarina) لانخفاض مخاطر الجذور وصغر حجم المظلة المناسب لعرض الطريق.,1500.0,34.71,22.72,12.0
KED-ROAD-02750,شارع 5,residential,3,Casuarina,كازوارينا,نوع طريق ضيق/سكني (residential) — تم اختيار كازوارينا (Casuarina) لانخفاض مخاطر الجذور وصغر حجم المظلة المناسب لعرض الطريق.,1500.0,34.08,22.1,11.99
KED-ROAD-00202,شارع على مبروك خفاجه,residential,3,Casuarina,كازوارينا,نوع طريق ضيق/سكني (residential) — تم اختيار كازوارينا (Casuarina) لانخفاض مخاطر الجذور وصغر حجم المظلة المناسب لعرض الطريق.,1500.0,36.76,24.77,11.99
KED-ROAD-05310,شارع مسجد السلام,residential,3,Casuarina,كازوارينا,نوع طريق ضيق/سكني (residential) — تم اختيار كازوارينا (Casuarina) لانخفاض مخاطر الجذور وصغر حجم المظلة المناسب لعرض الطريق.,1500.0,33.14,21.14,12.0
KED-ROAD-05311,شارع مسجد السلام,residential,3,Casuarina,كازوارينا,نوع طريق ضيق/سكني (residential) — تم اختيار كازوارينا (Casuarina) لانخفاض مخاطر الجذور وصغر حجم المظلة المناسب لعرض الطريق.,1500.0,33.14,21.14,12.0
KED-ROAD-02389,شارع سعد خليل,residential,3,Casuarina,كازوارينا,نوع طريق ضيق/سكني (residential) — تم اختيار كازوارينا (Casuarina) لانخفاض مخاطر الجذور وصغر حجم المظلة المناسب لعرض الطريق.,1500.0,38.64,26.65,11.99
KED-ROAD-02390,شارع سعد خليل,residential,3,Casuarina,كازوارينا,نوع طريق ضيق/سكني (residential) — تم اختيار كازوارينا (Casuarina) لانخفاض مخاطر الجذور وصغر حجم المظلة المناسب لعرض الطريق.,1500.0,38.64,26.65,11.99
KED-ROAD-03855,شارع سلام,residential,3,Casuarina,كازوارينا,نوع طريق ضيق/سكني (residential) — تم اختيار كازوارينا (Casuarina) لانخفاض مخاطر الجذور وصغر حجم المظلة المناسب لعرض الطريق.,1500.0,37.45,25.46,11.99
KED-ROAD-02396,شارع 33,residential,3,Casuarina,كازوارينا,نوع طريق ضيق/سكني (residential) — تم اختيار كازوارينا (Casuarina) لانخفاض مخاطر الجذور وصغر حجم المظلة المناسب لعرض الطريق.,1500.0,34.44,22.45,11.99
KED-ROAD-02397,شارع 33,residential,3,Casuarina,كازوارينا,نوع طريق ضيق/سكني (residential) — تم اختيار كازوارينا (Casuarina) لانخفاض مخاطر الجذور وصغر حجم المظلة المناسب لعرض الطريق.,1500.0,34.44,22.45,11.99
KED-ROAD-02401,شارع نجم,residential,3,Casuarina,كازوارينا,نوع طريق ضيق/سكني (residential) — تم اختيار كازوارينا (Casuarina) لانخفاض مخاطر الجذور وصغر حجم المظلة المناسب لعرض الطريق.,1500.0,36.55,24.56,11.99
KED-ROAD-02402,شارع 32,residential,3,Casuarina,كازوارينا,نوع طريق ضيق/سكني (residential) — تم اختيار كازوارينا (Casuarina) لانخفاض مخاطر الجذور وصغر حجم المظلة المناسب لعرض الطريق.,1500.0,36.31,24.31,12.0
KED-ROAD-02403,شارع 32,residential,3,Casuarina,كازوارينا,نوع طريق ضيق/سكني (residential) — تم اختيار كازوارينا (Casuarina) لانخفاض مخاطر الجذور وصغر حجم المظلة المناسب لعرض الطريق.,1500.0,36.31,24.31,12.0
KED-ROAD-02411,شارع الحاج مسعود خليل,residential,3,Casuarina,كازوارينا,نوع طريق ضيق/سكني (residential) — تم اختيار كازوارينا (Casuarina) لانخفاض مخاطر الجذور وصغر حجم المظلة المناسب لعرض الطريق.,1500.0,39.24,27.26,11.99
KED-ROAD-04361,شارع رياض,residential,3,Casuarina,كازوارينا,نوع طريق ضيق/سكني (residential) — تم اختيار كازوارينا (Casuarina) لانخفاض مخاطر الجذور وصغر حجم المظلة المناسب لعرض الطريق.,1500.0,36.5,24.51,11.99
KED-ROAD-04362,شارع رياض,residential,3,Casuarina,كازوارينا,نوع طريق ضيق/سكني (residential) — تم اختيار كازوارينا (Casuarina) لانخفاض مخاطر الجذور وصغر حجم المظلة المناسب لعرض الطريق.,1500.0,36.5,24.51,11.99
KED-ROAD-04685,شارع مبره محمد على,residential,3,Casuarina,كازوارينا,نوع طريق ضيق/سكني (residential) — تم اختيار كازوارينا (Casuarina) لانخفاض مخاطر الجذور وصغر حجم المظلة المناسب لعرض الطريق.,1500.0,33.37,21.39,11.99
KED-ROAD-03710,شارع بورسعيد,secondary,3,Neem,نيم,نوع طريق رئيسي/متوسط (secondary) — تم اختيار نيم (Neem) لأعلى توافق موثّق (تحمل حراري مرتفع، احتياج مائي منخفض، ملاءمة عالية للطرق).,1500.0,38.71,26.72,11.99
KED-ROAD-03711,شارع بورسعيد,secondary,3,Neem,نيم,نوع طريق رئيسي/متوسط (secondary) — تم اختيار نيم (Neem) لأعلى توافق موثّق (تحمل حراري مرتفع، احتياج مائي منخفض، ملاءمة عالية للطرق).,1500.0,38.71,26.72,11.99
KED-ROAD-02768,شارع صلاح عبد العزيز,residential,3,Casuarina,كازوارينا,نوع طريق ضيق/سكني (residential) — تم اختيار كازوارينا (Casuarina) لانخفاض مخاطر الجذور وصغر حجم المظلة المناسب لعرض الطريق.,1500.0,38.99,27.0,11.99
KED-ROAD-02769,شارع صلاح عبد العزيز,residential,3,Casuarina,كازوارينا,نوع طريق ضيق/سكني (residential) — تم اختيار كازوارينا (Casuarina) لانخفاض مخاطر الجذور وصغر حجم المظلة المناسب لعرض الطريق.,1500.0,38.99,27.0,11.99
KED-ROAD-02335,شارع 4,residential,3,Casuarina,كازوارينا,نوع طريق ضيق/سكني (residential) — تم اختيار كازوارينا (Casuarina) لانخفاض مخاطر الجذور وصغر حجم المظلة المناسب لعرض الطريق.,1500.0,35.88,23.89,11.99
KED-ROAD-03929,شارع الشيخ,residential,3,Casuarina,كازوارينا,نوع طريق ضيق/سكني (residential) — تم اختيار كازوارينا (Casuarina) لانخفاض مخاطر الجذور وصغر حجم المظلة المناسب لعرض الطريق.,1500.0,39.0,27.01,12.0
KED-ROAD-03930,شارع الشيخ,residential,3,Casuarina,كازوارينا,نوع طريق ضيق/سكني (residential) — تم اختيار كازوارينا (Casuarina) لانخفاض مخاطر الجذور وصغر حجم المظلة المناسب لعرض الطريق.,1500.0,39.0,27.01,12.0
KED-ROAD-03917,شارع المحكمه,residential,3,Casuarina,كازوارينا,نوع طريق ضيق/سكني (residential) — تم اختيار كازوارينا (Casuarina) لانخفاض مخاطر الجذور وصغر حجم المظلة المناسب لعرض الطريق.,1500.0,38.06,25.94,12.12
KED-ROAD-03918,شارع المحكمه,residential,3,Casuarina,كازوارينا,نوع طريق ضيق/سكني (residential) — تم اختيار كازوارينا (Casuarina) لانخفاض مخاطر الجذور وصغر حجم المظلة المناسب لعرض الطريق.,1500.0,38.06,25.94,12.12
KED-ROAD-03921,شارع عراقى,residential,3,Casuarina,كازوارينا,نوع طريق ضيق/سكني (residential) — تم اختيار كازوارينا (Casuarina) لانخفاض مخاطر الجذور وصغر حجم المظلة المناسب لعرض الطريق.,1500.0,37.94,25.94,12.0
KED-ROAD-03922,شارع عراقى,residential,3,Casuarina,كازوارينا,نوع طريق ضيق/سكني (residential) — تم اختيار كازوارينا (Casuarina) لانخفاض مخاطر الجذور وصغر حجم المظلة المناسب لعرض الطريق.,1500.0,37.94,25.94,12.0
KED-ROAD-02336,شارع 4,residential,3,Casuarina,كازوارينا,نوع طريق ضيق/سكني (residential) — تم اختيار كازوارينا (Casuarina) لانخفاض مخاطر الجذور وصغر حجم المظلة المناسب لعرض الطريق.,1500.0,35.88,23.89,11.99
KED-ROAD-02819,شارع عبد الرزاق عبد الحميد,residential,3,Casuarina,كازوارينا,نوع طريق ضيق/سكني (residential) — تم اختيار كازوارينا (Casuarina) لانخفاض مخاطر الجذور وصغر حجم المظلة المناسب لعرض الطريق.,1500.0,33.47,21.47,12.0
KED-ROAD-02820,شارع عبد الرزاق عبد الحميد,residential,3,Casuarina,كازوارينا,نوع طريق ضيق/سكني (residential) — تم اختيار كازوارينا (Casuarina) لانخفاض مخاطر الجذور وصغر حجم المظلة المناسب لعرض الطريق.,1500.0,33.47,21.47,12.0
KED-ROAD-02412,شارع الحاج مسعود خليل,residential,3,Casuarina,كازوارينا,نوع طريق ضيق/سكني (residential) — تم اختيار كازوارينا (Casuarina) لانخفاض مخاطر الجذور وصغر حجم المظلة المناسب لعرض الطريق.,1500.0,39.24,27.26,11.99
KED-ROAD-02376,شارع نجم,residential,3,Casuarina,كازوارينا,نوع طريق ضيق/سكني (residential) — تم اختيار كازوارينا (Casuarina) لانخفاض مخاطر الجذور وصغر حجم المظلة المناسب لعرض الطريق.,1500.0,38.04,26.05,11.99
KED-ROAD-02377,شارع نجم,residential,3,Casuarina,كازوارينا,نوع طريق ضيق/سكني (residential) — تم اختيار كازوارينا (Casuarina) لانخفاض مخاطر الجذور وصغر حجم المظلة المناسب لعرض الطريق.,1500.0,38.04,26.05,11.99
KED-ROAD-02380,شارع نجم,residential,3,Casuarina,كازوارينا,نوع طريق ضيق/سكني (residential) — تم اختيار كازوارينا (Casuarina) لانخفاض مخاطر الجذور وصغر حجم المظلة المناسب لعرض الطريق.,1500.0,36.55,24.56,11.99
KED-ROAD-02385,شارع 2,residential,3,Casuarina,كازوارينا,نوع طريق ضيق/سكني (residential) — تم اختيار كازوارينا (Casuarina) لانخفاض مخاطر الجذور وصغر حجم المظلة المناسب لعرض الطريق.,1500.0,39.07,27.08,11.99
KED-ROAD-02386,شارع 2,residential,3,Casuarina,كازوارينا,نوع طريق ضيق/سكني (residential) — تم اختيار كازوارينا (Casuarina) لانخفاض مخاطر الجذور وصغر حجم المظلة المناسب لعرض الطريق.,1500.0,39.07,27.08,11.99
KED-ROAD-02840,شارع احمد عرابى,secondary,3,Neem,نيم,نوع طريق رئيسي/متوسط (secondary) — تم اختيار نيم (Neem) لأعلى توافق موثّق (تحمل حراري مرتفع، احتياج مائي منخفض، ملاءمة عالية للطرق).,1500.0,43.2,31.21,11.99
KED-ROAD-03664,شارع الرزق,residential,3,Casuarina,كازوارينا,نوع طريق ضيق/سكني (residential) — تم اختيار كازوارينا (Casuarina) لانخفاض مخاطر الجذور وصغر حجم المظلة المناسب لعرض الطريق.,1500.0,34.49,22.5,11.99
KED-ROAD-03665,شارع الرزق,residential,3,Casuarina,كازوارينا,نوع طريق ضيق/سكني (residential) — تم اختيار كازوارينا (Casuarina) لانخفاض مخاطر الجذور وصغر حجم المظلة المناسب لعرض الطريق.,1500.0,34.49,22.5,11.99
KED-ROAD-04686,شارع مبره محمد على,residential,3,Casuarina,كازوارينا,نوع طريق ضيق/سكني (residential) — تم اختيار كازوارينا (Casuarina) لانخفاض مخاطر الجذور وصغر حجم المظلة المناسب لعرض الطريق.,1500.0,33.37,21.39,11.99
KED-ROAD-04704,شارع اللواء محمود ابراهيم الكومى,residential,3,Casuarina,كازوارينا,نوع طريق ضيق/سكني (residential) — تم اختيار كازوارينا (Casuarina) لانخفاض مخاطر الجذور وصغر حجم المظلة المناسب لعرض الطريق.,1500.0,36.4,24.41,11.99
KED-ROAD-04705,شارع اللواء محمود ابراهيم الكومى,residential,3,Casuarina,كازوارينا,نوع طريق ضيق/سكني (residential) — تم اختيار كازوارينا (Casuarina) لانخفاض مخاطر الجذور وصغر حجم المظلة المناسب لعرض الطريق.,1500.0,36.4,24.41,11.99
KED-ROAD-01244,شارع مسجد ابى بكر الصديق,residential,3,Casuarina,كازوارينا,نوع طريق ضيق/سكني (residential) — تم اختيار كازوارينا (Casuarina) لانخفاض مخاطر الجذور وصغر حجم المظلة المناسب لعرض الطريق.,1500.0,35.96,23.97,11.99
KED-ROAD-01245,شارع مسجد ابى بكر الصديق,residential,3,Casuarina,كازوارينا,نوع طريق ضيق/سكني (residential) — تم اختيار كازوارينا (Casuarina) لانخفاض مخاطر الجذور وصغر حجم المظلة المناسب لعرض الطريق.,1500.0,35.96,23.97,11.99
KED-ROAD-03674,شارع خلف السنترال,residential,3,Casuarina,كازوارينا,نوع طريق ضيق/سكني (residential) — تم اختيار كازوارينا (Casuarina) لانخفاض مخاطر الجذور وصغر حجم المظلة المناسب لعرض الطريق.,1500.0,36.33,24.34,11.99
KED-ROAD-03675,شارع خلف السنترال,residential,3,Casuarina,كازوارينا,نوع طريق ضيق/سكني (residential) — تم اختيار كازوارينا (Casuarina) لانخفاض مخاطر الجذور وصغر حجم المظلة المناسب لعرض الطريق.,1500.0,36.33,24.34,11.99
KED-ROAD-02810,شارع مدخل كفر الدوار,residential,3,Casuarina,كازوارينا,نوع طريق ضيق/سكني (residential) — تم اختيار كازوارينا (Casuarina) لانخفاض مخاطر الجذور وصغر حجم المظلة المناسب لعرض الطريق.,1500.0,33.71,21.73,11.99
KED-ROAD-02817,شارع حمدى الترزى,residential,3,Casuarina,كازوارينا,نوع طريق ضيق/سكني (residential) — تم اختيار كازوارينا (Casuarina) لانخفاض مخاطر الجذور وصغر حجم المظلة المناسب لعرض الطريق.,1500.0,39.47,27.47,12.0
KED-ROAD-02818,شارع حمدى الترزى,residential,3,Casuarina,كازوارينا,نوع طريق ضيق/سكني (residential) — تم اختيار كازوارينا (Casuarina) لانخفاض مخاطر الجذور وصغر حجم المظلة المناسب لعرض الطريق.,1500.0,39.47,27.47,12.0
KED-ROAD-01718,شارع الترعه القديمة,residential,3,Casuarina,كازوارينا,نوع طريق ضيق/سكني (residential) — تم اختيار كازوارينا (Casuarina) لانخفاض مخاطر الجذور وصغر حجم المظلة المناسب لعرض الطريق.,1500.0,34.81,22.82,11.99
KED-ROAD-01719,شارع الترعه القديمة,residential,3,Casuarina,كازوارينا,نوع طريق ضيق/سكني (residential) — تم اختيار كازوارينا (Casuarina) لانخفاض مخاطر الجذور وصغر حجم المظلة المناسب لعرض الطريق.,1500.0,34.81,22.82,11.99
KED-ROAD-02278,شارع مدخل كفر الدوار,residential,3,Casuarina,كازوارينا,نوع طريق ضيق/سكني (residential) — تم اختيار كازوارينا (Casuarina) لانخفاض مخاطر الجذور وصغر حجم المظلة المناسب لعرض الطريق.,1500.0,33.25,21.26,11.99
KED-ROAD-03937,شارع سعيد جاد,residential,3,Casuarina,كازوارينا,نوع طريق ضيق/سكني (residential) — تم اختيار كازوارينا (Casuarina) لانخفاض مخاطر الجذور وصغر حجم المظلة المناسب لعرض الطريق.,1500.0,38.21,26.22,11.99
KED-ROAD-03938,شارع سعيد جاد,residential,3,Casuarina,كازوارينا,نوع طريق ضيق/سكني (residential) — تم اختيار كازوارينا (Casuarina) لانخفاض مخاطر الجذور وصغر حجم المظلة المناسب لعرض الطريق.,1500.0,38.21,26.22,11.99
KED-ROAD-03939,شارع المنايفة,residential,3,Casuarina,كازوارينا,نوع طريق ضيق/سكني (residential) — تم اختيار كازوارينا (Casuarina) لانخفاض مخاطر الجذور وصغر حجم المظلة المناسب لعرض الطريق.,1500.0,38.5,26.52,11.99
KED-ROAD-03940,شارع المنايفة,residential,3,Casuarina,كازوارينا,نوع طريق ضيق/سكني (residential) — تم اختيار كازوارينا (Casuarina) لانخفاض مخاطر الجذور وصغر حجم المظلة المناسب لعرض الطريق.,1500.0,38.5,26.52,11.99
KED-ROAD-03946,شارع محروس,residential,3,Casuarina,كازوارينا,نوع طريق ضيق/سكني (residential) — تم اختيار كازوارينا (Casuarina) لانخفاض مخاطر الجذور وصغر حجم المظلة المناسب لعرض الطريق.,1500.0,37.06,25.06,12.0
KED-ROAD-03947,شارع محروس,residential,3,Casuarina,كازوارينا,نوع طريق ضيق/سكني (residential) — تم اختيار كازوارينا (Casuarina) لانخفاض مخاطر الجذور وصغر حجم المظلة المناسب لعرض الطريق.,1500.0,37.06,25.06,12.0
KED-ROAD-02221,شارع سعيد حمادة,residential,3,Casuarina,كازوارينا,نوع طريق ضيق/سكني (residential) — تم اختيار كازوارينا (Casuarina) لانخفاض مخاطر الجذور وصغر حجم المظلة المناسب لعرض الطريق.,1500.0,39.45,27.46,12.0
KED-ROAD-02222,شارع سعيد حمادة,residential,3,Casuarina,كازوارينا,نوع طريق ضيق/سكني (residential) — تم اختيار كازوارينا (Casuarina) لانخفاض مخاطر الجذور وصغر حجم المظلة المناسب لعرض الطريق.,1500.0,39.45,27.46,12.0
KED-ROAD-01770,شارع الوزير,residential,3,Casuarina,كازوارينا,نوع طريق ضيق/سكني (residential) — تم اختيار كازوارينا (Casuarina) لانخفاض مخاطر الجذور وصغر حجم المظلة المناسب لعرض الطريق.,1500.0,39.97,27.98,11.99
KED-ROAD-01774,شارع 11,residential,3,Casuarina,كازوارينا,نوع طريق ضيق/سكني (residential) — تم اختيار كازوارينا (Casuarina) لانخفاض مخاطر الجذور وصغر حجم المظلة المناسب لعرض الطريق.,1500.0,37.52,25.53,11.99
KED-ROAD-01775,شارع 11,residential,3,Casuarina,كازوارينا,نوع طريق ضيق/سكني (residential) — تم اختيار كازوارينا (Casuarina) لانخفاض مخاطر الجذور وصغر حجم المظلة المناسب لعرض الطريق.,1500.0,37.52,25.53,11.99
KED-ROAD-04333,شارع محمد رفاعى,residential,3,Casuarina,كازوارينا,نوع طريق ضيق/سكني (residential) — تم اختيار كازوارينا (Casuarina) لانخفاض مخاطر الجذور وصغر حجم المظلة المناسب لعرض الطريق.,1500.0,39.09,27.1,11.99
KED-ROAD-01218,شارع بكر الدكراوي,residential,3,Casuarina,كازوارينا,نوع طريق ضيق/سكني (residential) — تم اختيار كازوارينا (Casuarina) لانخفاض مخاطر الجذور وصغر حجم المظلة المناسب لعرض الطريق.,1500.0,34.35,22.37,11.99
KED-ROAD-01219,شارع بكر الدكراوي,residential,3,Casuarina,كازوارينا,نوع طريق ضيق/سكني (residential) — تم اختيار كازوارينا (Casuarina) لانخفاض مخاطر الجذور وصغر حجم المظلة المناسب لعرض الطريق.,1500.0,34.35,22.37,11.99
KED-ROAD-02836,شارع المستشفى الشامله,residential,3,Casuarina,كازوارينا,نوع طريق ضيق/سكني (residential) — تم اختيار كازوارينا (Casuarina) لانخفاض مخاطر الجذور وصغر حجم المظلة المناسب لعرض الطريق.,1500.0,36.53,24.54,11.99
KED-ROAD-02837,شارع المستشفى الشامله,residential,3,Casuarina,كازوارينا,نوع طريق ضيق/سكني (residential) — تم اختيار كازوارينا (Casuarina) لانخفاض مخاطر الجذور وصغر حجم المظلة المناسب لعرض الطريق.,1500.0,36.53,24.54,11.99
KED-ROAD-06015,شارع اللواء محمود ابراهيم الكومى,residential,3,Casuarina,كازوارينا,نوع طريق ضيق/سكني (residential) — تم اختيار كازوارينا (Casuarina) لانخفاض مخاطر الجذور وصغر حجم المظلة المناسب لعرض الطريق.,1500.0,33.24,21.25,12.0
KED-ROAD-06016,شارع اللواء محمود ابراهيم الكومى,residential,3,Casuarina,كازوارينا,نوع طريق ضيق/سكني (residential) — تم اختيار كازوارينا (Casuarina) لانخفاض مخاطر الجذور وصغر حجم المظلة المناسب لعرض الطريق.,1500.0,33.24,21.25,12.0
KED-ROAD-04713,شارع محفوظ,residential,3,Casuarina,كازوارينا,نوع طريق ضيق/سكني (residential) — تم اختيار كازوارينا (Casuarina) لانخفاض مخاطر الجذور وصغر حجم المظلة المناسب لعرض الطريق.,1500.0,38.54,26.55,11.99
KED-ROAD-04714,شارع محفوظ,residential,3,Casuarina,كازوارينا,نوع طريق ضيق/سكني (residential) — تم اختيار كازوارينا (Casuarina) لانخفاض مخاطر الجذور وصغر حجم المظلة المناسب لعرض الطريق.,1500.0,38.54,26.55,11.99
KED-ROAD-04715,شارع خلف مسجد محفوظ,residential,3,Casuarina,كازوارينا,نوع طريق ضيق/سكني (residential) — تم اختيار كازوارينا (Casuarina) لانخفاض مخاطر الجذور وصغر حجم المظلة المناسب لعرض الطريق.,1500.0,33.15,21.17,11.99
KED-ROAD-04716,شارع خلف مسجد محفوظ,residential,3,Casuarina,كازوارينا,نوع طريق ضيق/سكني (residential) — تم اختيار كازوارينا (Casuarina) لانخفاض مخاطر الجذور وصغر حجم المظلة المناسب لعرض الطريق.,1500.0,33.15,21.17,11.99
KED-ROAD-04736,شارع السواقين,residential,3,Casuarina,كازوارينا,نوع طريق ضيق/سكني (residential) — تم اختيار كازوارينا (Casuarina) لانخفاض مخاطر الجذور وصغر حجم المظلة المناسب لعرض الطريق.,1500.0,36.81,24.82,11.99
KED-ROAD-04737,شارع السواقين,residential,3,Casuarina,كازوارينا,نوع طريق ضيق/سكني (residential) — تم اختيار كازوارينا (Casuarina) لانخفاض مخاطر الجذور وصغر حجم المظلة المناسب لعرض الطريق.,1500.0,36.81,24.82,11.99
KED-ROAD-01169,شارع اللبان,residential,3,Casuarina,كازوارينا,نوع طريق ضيق/سكني (residential) — تم اختيار كازوارينا (Casuarina) لانخفاض مخاطر الجذور وصغر حجم المظلة المناسب لعرض الطريق.,1500.0,38.13,26.15,11.99
KED-ROAD-01170,شارع اللبان,residential,3,Casuarina,كازوارينا,نوع طريق ضيق/سكني (residential) — تم اختيار كازوارينا (Casuarina) لانخفاض مخاطر الجذور وصغر حجم المظلة المناسب لعرض الطريق.,1500.0,38.13,26.15,11.99
KED-ROAD-01181,شارع بكر الدكراوي,residential,3,Casuarina,كازوارينا,نوع طريق ضيق/سكني (residential) — تم اختيار كازوارينا (Casuarina) لانخفاض مخاطر الجذور وصغر حجم المظلة المناسب لعرض الطريق.,1500.0,36.04,24.06,11.99
KED-ROAD-02857,شارع محطة الصرف الصحى,residential,3,Casuarina,كازوارينا,نوع طريق ضيق/سكني (residential) — تم اختيار كازوارينا (Casuarina) لانخفاض مخاطر الجذور وصغر حجم المظلة المناسب لعرض الطريق.,1500.0,35.24,23.24,12.0
KED-ROAD-02858,شارع محطة الصرف الصحى,residential,3,Casuarina,كازوارينا,نوع طريق ضيق/سكني (residential) — تم اختيار كازوارينا (Casuarina) لانخفاض مخاطر الجذور وصغر حجم المظلة المناسب لعرض الطريق.,1500.0,35.24,23.24,12.0
KED-ROAD-00411,شارع الوقار,residential,3,Casuarina,كازوارينا,نوع طريق ضيق/سكني (residential) — تم اختيار كازوارينا (Casuarina) لانخفاض مخاطر الجذور وصغر حجم المظلة المناسب لعرض الطريق.,1500.0,38.21,26.22,11.99
KED-ROAD-00424,شارع عبد الله نديم,residential,3,Casuarina,كازوارينا,نوع طريق ضيق/سكني (residential) — تم اختيار كازوارينا (Casuarina) لانخفاض مخاطر الجذور وصغر حجم المظلة المناسب لعرض الطريق.,1500.0,36.46,24.48,11.99
KED-ROAD-00425,شارع عبد الله نديم,residential,3,Casuarina,كازوارينا,نوع طريق ضيق/سكني (residential) — تم اختيار كازوارينا (Casuarina) لانخفاض مخاطر الجذور وصغر حجم المظلة المناسب لعرض الطريق.,1500.0,36.46,24.48,11.99
KED-ROAD-05255,شارع حامد عبد المحسن,residential,3,Casuarina,كازوارينا,نوع طريق ضيق/سكني (residential) — تم اختيار كازوارينا (Casuarina) لانخفاض مخاطر الجذور وصغر حجم المظلة المناسب لعرض الطريق.,1500.0,33.08,21.09,11.99
KED-ROAD-05256,شارع حامد عبد المحسن,residential,3,Casuarina,كازوارينا,نوع طريق ضيق/سكني (residential) — تم اختيار كازوارينا (Casuarina) لانخفاض مخاطر الجذور وصغر حجم المظلة المناسب لعرض الطريق.,1500.0,33.08,21.09,11.99
KED-ROAD-03656,شارع خلف السنترال,residential,3,Casuarina,كازوارينا,نوع طريق ضيق/سكني (residential) — تم اختيار كازوارينا (Casuarina) لانخفاض مخاطر الجذور وصغر حجم المظلة المناسب لعرض الطريق.,1500.0,33.57,21.58,11.99
KED-ROAD-04355,شارع عبد الرازق,residential,3,Casuarina,كازوارينا,نوع طريق ضيق/سكني (residential) — تم اختيار كازوارينا (Casuarina) لانخفاض مخاطر الجذور وصغر حجم المظلة المناسب لعرض الطريق.,1500.0,36.8,24.82,11.99
KED-ROAD-04356,شارع عبد الرازق,residential,3,Casuarina,كازوارينا,نوع طريق ضيق/سكني (residential) — تم اختيار كازوارينا (Casuarina) لانخفاض مخاطر الجذور وصغر حجم المظلة المناسب لعرض الطريق.,1500.0,36.8,24.82,11.99
KED-ROAD-05959,شارع الترعه,residential,3,Casuarina,كازوارينا,نوع طريق ضيق/سكني (residential) — تم اختيار كازوارينا (Casuarina) لانخفاض مخاطر الجذور وصغر حجم المظلة المناسب لعرض الطريق.,1500.0,34.44,22.45,11.99
KED-ROAD-05960,شارع الترعه,residential,3,Casuarina,كازوارينا,نوع طريق ضيق/سكني (residential) — تم اختيار كازوارينا (Casuarina) لانخفاض مخاطر الجذور وصغر حجم المظلة المناسب لعرض الطريق.,1500.0,34.44,22.45,11.99
KED-ROAD-05965,شارع الترعه,residential,3,Casuarina,كازوارينا,نوع طريق ضيق/سكني (residential) — تم اختيار كازوارينا (Casuarina) لانخفاض مخاطر الجذور وصغر حجم المظلة المناسب لعرض الطريق.,1500.0,35.0,23.02,11.99
KED-ROAD-05966,شارع الترعه,residential,3,Casuarina,كازوارينا,نوع طريق ضيق/سكني (residential) — تم اختيار كازوارينا (Casuarina) لانخفاض مخاطر الجذور وصغر حجم المظلة المناسب لعرض الطريق.,1500.0,35.0,23.02,11.99
KED-ROAD-03955,شارع لبيب,residential,3,Casuarina,كازوارينا,نوع طريق ضيق/سكني (residential) — تم اختيار كازوارينا (Casuarina) لانخفاض مخاطر الجذور وصغر حجم المظلة المناسب لعرض الطريق.,1500.0,37.09,25.1,11.99
KED-ROAD-02890,شارع طاهر,residential,3,Casuarina,كازوارينا,نوع طريق ضيق/سكني (residential) — تم اختيار كازوارينا (Casuarina) لانخفاض مخاطر الجذور وصغر حجم المظلة المناسب لعرض الطريق.,1500.0,38.95,26.95,12.0
KED-ROAD-02912,شارع الإمام الشافعى,residential,3,Casuarina,كازوارينا,نوع طريق ضيق/سكني (residential) — تم اختيار كازوارينا (Casuarina) لانخفاض مخاطر الجذور وصغر حجم المظلة المناسب لعرض الطريق.,1500.0,34.92,22.93,11.99
KED-ROAD-02913,شارع الإمام الشافعى,residential,3,Casuarina,كازوارينا,نوع طريق ضيق/سكني (residential) — تم اختيار كازوارينا (Casuarina) لانخفاض مخاطر الجذور وصغر حجم المظلة المناسب لعرض الطريق.,1500.0,34.92,22.93,11.99
KED-ROAD-02871,شارع احمد عرابى,secondary,3,Neem,نيم,نوع طريق رئيسي/متوسط (secondary) — تم اختيار نيم (Neem) لأعلى توافق موثّق (تحمل حراري مرتفع، احتياج مائي منخفض، ملاءمة عالية للطرق).,1500.0,43.2,31.21,11.99
KED-ROAD-00192,شارع المصرف,residential,3,Casuarina,كازوارينا,نوع طريق ضيق/سكني (residential) — تم اختيار كازوارينا (Casuarina) لانخفاض مخاطر الجذور وصغر حجم المظلة المناسب لعرض الطريق.,1500.0,34.84,22.85,11.99
KED-ROAD-00193,شارع المصرف,residential,3,Casuarina,كازوارينا,نوع طريق ضيق/سكني (residential) — تم اختيار كازوارينا (Casuarina) لانخفاض مخاطر الجذور وصغر حجم المظلة المناسب لعرض الطريق.,1500.0,34.84,22.85,11.99
KED-ROAD-03962,شارع محمد رفاعى,residential,3,Casuarina,كازوارينا,نوع طريق ضيق/سكني (residential) — تم اختيار كازوارينا (Casuarina) لانخفاض مخاطر الجذور وصغر حجم المظلة المناسب لعرض الطريق.,1500.0,33.5,21.51,11.99
KED-ROAD-03967,شارع المحكمه,residential,3,Casuarina,كازوارينا,نوع طريق ضيق/سكني (residential) — تم اختيار كازوارينا (Casuarina) لانخفاض مخاطر الجذور وصغر حجم المظلة المناسب لعرض الطريق.,1500.0,37.9,25.9,12.0
KED-ROAD-03968,شارع المحكمه,residential,3,Casuarina,كازوارينا,نوع طريق ضيق/سكني (residential) — تم اختيار كازوارينا (Casuarina) لانخفاض مخاطر الجذور وصغر حجم المظلة المناسب لعرض الطريق.,1500.0,37.9,25.9,12.0
KED-ROAD-03976,شارع لبيب,residential,3,Casuarina,كازوارينا,نوع طريق ضيق/سكني (residential) — تم اختيار كازوارينا (Casuarina) لانخفاض مخاطر الجذور وصغر حجم المظلة المناسب لعرض الطريق.,1500.0,37.09,25.1,11.99
KED-ROAD-02207,شارع فرج فراج,residential,3,Casuarina,كازوارينا,نوع طريق ضيق/سكني (residential) — تم اختيار كازوارينا (Casuarina) لانخفاض مخاطر الجذور وصغر حجم المظلة المناسب لعرض الطريق.,1500.0,39.8,27.81,11.99
KED-ROAD-02208,شارع فرج فراج,residential,3,Casuarina,كازوارينا,نوع طريق ضيق/سكني (residential) — تم اختيار كازوارينا (Casuarina) لانخفاض مخاطر الجذور وصغر حجم المظلة المناسب لعرض الطريق.,1500.0,39.8,27.81,11.99
KED-ROAD-01789,شارع عراقى,residential,3,Casuarina,كازوارينا,نوع طريق ضيق/سكني (residential) — تم اختيار كازوارينا (Casuarina) لانخفاض مخاطر الجذور وصغر حجم المظلة المناسب لعرض الطريق.,1500.0,38.98,26.99,11.99
KED-ROAD-01791,شارع الوزير,residential,3,Casuarina,كازوارينا,نوع طريق ضيق/سكني (residential) — تم اختيار كازوارينا (Casuarina) لانخفاض مخاطر الجذور وصغر حجم المظلة المناسب لعرض الطريق.,1500.0,39.97,27.98,11.99
KED-ROAD-00460,شارع 23,residential,3,Casuarina,كازوارينا,نوع طريق ضيق/سكني (residential) — تم اختيار كازوارينا (Casuarina) لانخفاض مخاطر الجذور وصغر حجم المظلة المناسب لعرض الطريق.,1500.0,33.33,21.33,11.99
KED-ROAD-00461,شارع 23,residential,3,Casuarina,كازوارينا,نوع طريق ضيق/سكني (residential) — تم اختيار كازوارينا (Casuarina) لانخفاض مخاطر الجذور وصغر حجم المظلة المناسب لعرض الطريق.,1500.0,33.33,21.33,11.99
KED-ROAD-05246,شارع عبد القادر عباده,residential,3,Casuarina,كازوارينا,نوع طريق ضيق/سكني (residential) — تم اختيار كازوارينا (Casuarina) لانخفاض مخاطر الجذور وصغر حجم المظلة المناسب لعرض الطريق.,1500.0,34.5,22.5,12.0
KED-ROAD-05247,شارع عبد القادر عباده,residential,3,Casuarina,كازوارينا,نوع طريق ضيق/سكني (residential) — تم اختيار كازوارينا (Casuarina) لانخفاض مخاطر الجذور وصغر حجم المظلة المناسب لعرض الطريق.,1500.0,34.5,22.5,12.0
KED-ROAD-05250,شارع عبد العزيز الزمراني,residential,3,Casuarina,كازوارينا,نوع طريق ضيق/سكني (residential) — تم اختيار كازوارينا (Casuarina) لانخفاض مخاطر الجذور وصغر حجم المظلة المناسب لعرض الطريق.,1500.0,35.63,23.65,11.99
KED-ROAD-05251,شارع عبد العزيز الزمراني,residential,3,Casuarina,كازوارينا,نوع طريق ضيق/سكني (residential) — تم اختيار كازوارينا (Casuarina) لانخفاض مخاطر الجذور وصغر حجم المظلة المناسب لعرض الطريق.,1500.0,35.63,23.65,11.99
KED-ROAD-05253,شارع 200,residential,3,Casuarina,كازوارينا,نوع طريق ضيق/سكني (residential) — تم اختيار كازوارينا (Casuarina) لانخفاض مخاطر الجذور وصغر حجم المظلة المناسب لعرض الطريق.,1500.0,36.22,24.23,11.99
KED-ROAD-05254,شارع 200,residential,3,Casuarina,كازوارينا,نوع طريق ضيق/سكني (residential) — تم اختيار كازوارينا (Casuarina) لانخفاض مخاطر الجذور وصغر حجم المظلة المناسب لعرض الطريق.,1500.0,36.22,24.23,11.99
KED-ROAD-01829,شارع احمد بكر,residential,3,Casuarina,كازوارينا,نوع طريق ضيق/سكني (residential) — تم اختيار كازوارينا (Casuarina) لانخفاض مخاطر الجذور وصغر حجم المظلة المناسب لعرض الطريق.,1500.0,35.84,23.85,11.99
KED-ROAD-01794,شارع ادم,residential,3,Casuarina,كازوارينا,نوع طريق ضيق/سكني (residential) — تم اختيار كازوارينا (Casuarina) لانخفاض مخاطر الجذور وصغر حجم المظلة المناسب لعرض الطريق.,1500.0,39.77,27.78,11.99
KED-ROAD-01795,شارع ادم,residential,3,Casuarina,كازوارينا,نوع طريق ضيق/سكني (residential) — تم اختيار كازوارينا (Casuarina) لانخفاض مخاطر الجذور وصغر حجم المظلة المناسب لعرض الطريق.,1500.0,39.77,27.78,11.99
KED-ROAD-01798,شارع محمود الجندى,residential,3,Casuarina,كازوارينا,نوع طريق ضيق/سكني (residential) — تم اختيار كازوارينا (Casuarina) لانخفاض مخاطر الجذور وصغر حجم المظلة المناسب لعرض الطريق.,1500.0,39.49,27.5,11.99
KED-ROAD-01799,شارع محمود الجندى,residential,3,Casuarina,كازوارينا,نوع طريق ضيق/سكني (residential) — تم اختيار كازوارينا (Casuarina) لانخفاض مخاطر الجذور وصغر حجم المظلة المناسب لعرض الطريق.,1500.0,39.49,27.5,11.99
KED-ROAD-00280,شارع الوقار,residential,3,Casuarina,كازوارينا,نوع طريق ضيق/سكني (residential) — تم اختيار كازوارينا (Casuarina) لانخفاض مخاطر الجذور وصغر حجم المظلة المناسب لعرض الطريق.,1500.0,38.21,26.22,11.99
KED-ROAD-02964,شارع على بركه,residential,3,Casuarina,كازوارينا,نوع طريق ضيق/سكني (residential) — تم اختيار كازوارينا (Casuarina) لانخفاض مخاطر الجذور وصغر حجم المظلة المناسب لعرض الطريق.,1500.0,37.66,25.66,12.0
KED-ROAD-02965,شارع على بركه,residential,3,Casuarina,كازوارينا,نوع طريق ضيق/سكني (residential) — تم اختيار كازوارينا (Casuarina) لانخفاض مخاطر الجذور وصغر حجم المظلة المناسب لعرض الطريق.,1500.0,37.66,25.66,12.0
KED-ROAD-02928,شارع 6,residential,3,Casuarina,كازوارينا,نوع طريق ضيق/سكني (residential) — تم اختيار كازوارينا (Casuarina) لانخفاض مخاطر الجذور وصغر حجم المظلة المناسب لعرض الطريق.,1500.0,36.8,24.82,11.99
KED-ROAD-02929,شارع 6,residential,3,Casuarina,كازوارينا,نوع طريق ضيق/سكني (residential) — تم اختيار كازوارينا (Casuarina) لانخفاض مخاطر الجذور وصغر حجم المظلة المناسب لعرض الطريق.,1500.0,36.8,24.82,11.99
KED-ROAD-03648,شارع السيدة عائشة,residential,3,Casuarina,كازوارينا,نوع طريق ضيق/سكني (residential) — تم اختيار كازوارينا (Casuarina) لانخفاض مخاطر الجذور وصغر حجم المظلة المناسب لعرض الطريق.,1500.0,39.1,27.1,11.99
KED-ROAD-03649,شارع السيدة عائشة,residential,3,Casuarina,كازوارينا,نوع طريق ضيق/سكني (residential) — تم اختيار كازوارينا (Casuarina) لانخفاض مخاطر الجذور وصغر حجم المظلة المناسب لعرض الطريق.,1500.0,39.1,27.1,11.99
KED-ROAD-03655,شارع خلف السنترال,residential,3,Casuarina,كازوارينا,نوع طريق ضيق/سكني (residential) — تم اختيار كازوارينا (Casuarina) لانخفاض مخاطر الجذور وصغر حجم المظلة المناسب لعرض الطريق.,1500.0,33.57,21.58,11.99
KED-ROAD-01143,شارع احمد بكر,residential,3,Casuarina,كازوارينا,نوع طريق ضيق/سكني (residential) — تم اختيار كازوارينا (Casuarina) لانخفاض مخاطر الجذور وصغر حجم المظلة المناسب لعرض الطريق.,1500.0,35.0,23.01,11.99
KED-ROAD-01144,شارع احمد بكر,residential,3,Casuarina,كازوارينا,نوع طريق ضيق/سكني (residential) — تم اختيار كازوارينا (Casuarina) لانخفاض مخاطر الجذور وصغر حجم المظلة المناسب لعرض الطريق.,1500.0,35.0,23.01,11.99
KED-ROAD-03961,شارع محمد رفاعى,residential,3,Casuarina,كازوارينا,نوع طريق ضيق/سكني (residential) — تم اختيار كازوارينا (Casuarina) لانخفاض مخاطر الجذور وصغر حجم المظلة المناسب لعرض الطريق.,1500.0,33.5,21.51,11.99
KED-ROAD-03639,شارع خلف السنترال,residential,3,Casuarina,كازوارينا,نوع طريق ضيق/سكني (residential) — تم اختيار كازوارينا (Casuarina) لانخفاض مخاطر الجذور وصغر حجم المظلة المناسب لعرض الطريق.,1500.0,36.19,24.2,11.99
KED-ROAD-01155,شارع الماظ,residential,3,Casuarina,كازوارينا,نوع طريق ضيق/سكني (residential) — تم اختيار كازوارينا (Casuarina) لانخفاض مخاطر الجذور وصغر حجم المظلة المناسب لعرض الطريق.,1500.0,37.54,25.55,11.99
KED-ROAD-01156,شارع الماظ,residential,3,Casuarina,كازوارينا,نوع طريق ضيق/سكني (residential) — تم اختيار كازوارينا (Casuarina) لانخفاض مخاطر الجذور وصغر حجم المظلة المناسب لعرض الطريق.,1500.0,37.54,25.55,11.99
KED-ROAD-01159,شارع بدران,residential,3,Casuarina,كازوارينا,نوع طريق ضيق/سكني (residential) — تم اختيار كازوارينا (Casuarina) لانخفاض مخاطر الجذور وصغر حجم المظلة المناسب لعرض الطريق.,1500.0,37.41,25.42,11.99
KED-ROAD-01160,شارع بدران,residential,3,Casuarina,كازوارينا,نوع طريق ضيق/سكني (residential) — تم اختيار كازوارينا (Casuarina) لانخفاض مخاطر الجذور وصغر حجم المظلة المناسب لعرض الطريق.,1500.0,37.41,25.42,11.99
KED-ROAD-01163,شارع لبيب,residential,3,Casuarina,كازوارينا,نوع طريق ضيق/سكني (residential) — تم اختيار كازوارينا (Casuarina) لانخفاض مخاطر الجذور وصغر حجم المظلة المناسب لعرض الطريق.,1500.0,38.72,26.72,11.99
KED-ROAD-01164,شارع لبيب,residential,3,Casuarina,كازوارينا,نوع طريق ضيق/سكني (residential) — تم اختيار كازوارينا (Casuarina) لانخفاض مخاطر الجذور وصغر حجم المظلة المناسب لعرض الطريق.,1500.0,38.72,26.72,11.99
KED-ROAD-01133,شارع بدران,residential,3,Casuarina,كازوارينا,نوع طريق ضيق/سكني (residential) — تم اختيار كازوارينا (Casuarina) لانخفاض مخاطر الجذور وصغر حجم المظلة المناسب لعرض الطريق.,1500.0,38.03,26.04,11.99
KED-ROAD-02984,شارع شحاته,residential,3,Casuarina,كازوارينا,نوع طريق ضيق/سكني (residential) — تم اختيار كازوارينا (Casuarina) لانخفاض مخاطر الجذور وصغر حجم المظلة المناسب لعرض الطريق.,1500.0,36.53,24.54,12.0
KED-ROAD-02985,شارع شحاته,residential,3,Casuarina,كازوارينا,نوع طريق ضيق/سكني (residential) — تم اختيار كازوارينا (Casuarina) لانخفاض مخاطر الجذور وصغر حجم المظلة المناسب لعرض الطريق.,1500.0,36.53,24.54,12.0
KED-ROAD-02990,شارع غطاس تادرس,residential,3,Casuarina,كازوارينا,نوع طريق ضيق/سكني (residential) — تم اختيار كازوارينا (Casuarina) لانخفاض مخاطر الجذور وصغر حجم المظلة المناسب لعرض الطريق.,1500.0,35.83,23.84,11.99
KED-ROAD-02946,شارع المستقبل,residential,3,Casuarina,كازوارينا,نوع طريق ضيق/سكني (residential) — تم اختيار كازوارينا (Casuarina) لانخفاض مخاطر الجذور وصغر حجم المظلة المناسب لعرض الطريق.,1500.0,36.45,24.46,11.99
KED-ROAD-02947,شارع المستقبل,residential,3,Casuarina,كازوارينا,نوع طريق ضيق/سكني (residential) — تم اختيار كازوارينا (Casuarina) لانخفاض مخاطر الجذور وصغر حجم المظلة المناسب لعرض الطريق.,1500.0,36.45,24.46,11.99
KED-ROAD-05750,الطريق الدولي,tertiary,3,Neem,نيم,نوع طريق رئيسي/متوسط (tertiary) — تم اختيار نيم (Neem) لأعلى توافق موثّق (تحمل حراري مرتفع، احتياج مائي منخفض، ملاءمة عالية للطرق).,1500.0,42.77,30.78,11.99
KED-ROAD-02123,شارع 105,residential,3,Casuarina,كازوارينا,نوع طريق ضيق/سكني (residential) — تم اختيار كازوارينا (Casuarina) لانخفاض مخاطر الجذور وصغر حجم المظلة المناسب لعرض الطريق.,1500.0,35.47,23.48,11.99
KED-ROAD-02124,شارع 105,residential,3,Casuarina,كازوارينا,نوع طريق ضيق/سكني (residential) — تم اختيار كازوارينا (Casuarina) لانخفاض مخاطر الجذور وصغر حجم المظلة المناسب لعرض الطريق.,1500.0,35.47,23.48,11.99
KED-ROAD-04754,شارع الشهيد طلعت ابراهيم عبد الحميد,residential,3,Casuarina,كازوارينا,نوع طريق ضيق/سكني (residential) — تم اختيار كازوارينا (Casuarina) لانخفاض مخاطر الجذور وصغر حجم المظلة المناسب لعرض الطريق.,1500.0,34.98,22.99,12.0
KED-ROAD-04755,شارع الشهيد طلعت ابراهيم عبد الحميد,residential,3,Casuarina,كازوارينا,نوع طريق ضيق/سكني (residential) — تم اختيار كازوارينا (Casuarina) لانخفاض مخاطر الجذور وصغر حجم المظلة المناسب لعرض الطريق.,1500.0,34.98,22.99,12.0
KED-ROAD-04289,شارع 16,residential,3,Casuarina,كازوارينا,نوع طريق ضيق/سكني (residential) — تم اختيار كازوارينا (Casuarina) لانخفاض مخاطر الجذور وصغر حجم المظلة المناسب لعرض الطريق.,1500.0,37.98,25.98,12.0
KED-ROAD-04290,شارع 16,residential,3,Casuarina,كازوارينا,نوع طريق ضيق/سكني (residential) — تم اختيار كازوارينا (Casuarina) لانخفاض مخاطر الجذور وصغر حجم المظلة المناسب لعرض الطريق.,1500.0,37.98,25.98,12.0
KED-ROAD-04304,شارع محمد رفاعى,residential,3,Casuarina,كازوارينا,نوع طريق ضيق/سكني (residential) — تم اختيار كازوارينا (Casuarina) لانخفاض مخاطر الجذور وصغر حجم المظلة المناسب لعرض الطريق.,1500.0,39.09,27.1,11.99
KED-ROAD-04307,شارع على منسى,residential,3,Casuarina,كازوارينا,نوع طريق ضيق/سكني (residential) — تم اختيار كازوارينا (Casuarina) لانخفاض مخاطر الجذور وصغر حجم المظلة المناسب لعرض الطريق.,1500.0,38.43,26.44,11.99
KED-ROAD-04308,شارع على منسى,residential,3,Casuarina,كازوارينا,نوع طريق ضيق/سكني (residential) — تم اختيار كازوارينا (Casuarina) لانخفاض مخاطر الجذور وصغر حجم المظلة المناسب لعرض الطريق.,1500.0,38.43,26.44,11.99
KED-ROAD-01788,شارع عراقى,residential,3,Casuarina,كازوارينا,نوع طريق ضيق/سكني (residential) — تم اختيار كازوارينا (Casuarina) لانخفاض مخاطر الجذور وصغر حجم المظلة المناسب لعرض الطريق.,1500.0,38.98,26.99,11.99
KED-ROAD-03983,شارع احمد بكر,residential,3,Casuarina,كازوارينا,نوع طريق ضيق/سكني (residential) — تم اختيار كازوارينا (Casuarina) لانخفاض مخاطر الجذور وصغر حجم المظلة المناسب لعرض الطريق.,1500.0,39.43,27.44,11.99
KED-ROAD-03997,شارع عراقى,residential,3,Casuarina,كازوارينا,نوع طريق ضيق/سكني (residential) — تم اختيار كازوارينا (Casuarina) لانخفاض مخاطر الجذور وصغر حجم المظلة المناسب لعرض الطريق.,1500.0,38.45,26.45,12.0
KED-ROAD-03998,شارع عراقى,residential,3,Casuarina,كازوارينا,نوع طريق ضيق/سكني (residential) — تم اختيار كازوارينا (Casuarina) لانخفاض مخاطر الجذور وصغر حجم المظلة المناسب لعرض الطريق.,1500.0,38.45,26.45,12.0
KED-ROAD-04760,شارع الشهيد طلعت ابراهيم عبد الحميد,residential,3,Casuarina,كازوارينا,نوع طريق ضيق/سكني (residential) — تم اختيار كازوارينا (Casuarina) لانخفاض مخاطر الجذور وصغر حجم المظلة المناسب لعرض الطريق.,1500.0,33.71,21.71,12.0
KED-ROAD-04761,شارع الشهيد طلعت ابراهيم عبد الحميد,residential,3,Casuarina,كازوارينا,نوع طريق ضيق/سكني (residential) — تم اختيار كازوارينا (Casuarina) لانخفاض مخاطر الجذور وصغر حجم المظلة المناسب لعرض الطريق.,1500.0,33.71,21.71,12.0
KED-ROAD-04774,شارع مساكن غزل كفر الدوار الجديدة,residential,3,Casuarina,كازوارينا,نوع طريق ضيق/سكني (residential) — تم اختيار كازوارينا (Casuarina) لانخفاض مخاطر الجذور وصغر حجم المظلة المناسب لعرض الطريق.,1500.0,36.98,24.98,12.0
KED-ROAD-04775,شارع مساكن غزل كفر الدوار الجديدة,residential,3,Casuarina,كازوارينا,نوع طريق ضيق/سكني (residential) — تم اختيار كازوارينا (Casuarina) لانخفاض مخاطر الجذور وصغر حجم المظلة المناسب لعرض الطريق.,1500.0,36.98,24.98,12.0
KED-ROAD-03638,شارع خلف السنترال,residential,3,Casuarina,كازوارينا,نوع طريق ضيق/سكني (residential) — تم اختيار كازوارينا (Casuarina) لانخفاض مخاطر الجذور وصغر حجم المظلة المناسب لعرض الطريق.,1500.0,36.19,24.2,11.99
KED-ROAD-03081,شارع الجيش,secondary,3,Neem,نيم,نوع طريق رئيسي/متوسط (secondary) — تم اختيار نيم (Neem) لأعلى توافق موثّق (تحمل حراري مرتفع، احتياج مائي منخفض، ملاءمة عالية للطرق).,1500.0,41.14,29.16,11.99
KED-ROAD-03082,شارع الجيش,secondary,3,Neem,نيم,نوع طريق رئيسي/متوسط (secondary) — تم اختيار نيم (Neem) لأعلى توافق موثّق (تحمل حراري مرتفع، احتياج مائي منخفض، ملاءمة عالية للطرق).,1500.0,41.14,29.16,11.99
KED-ROAD-03040,شارع الجيش,secondary,3,Neem,نيم,نوع طريق رئيسي/متوسط (secondary) — تم اختيار نيم (Neem) لأعلى توافق موثّق (تحمل حراري مرتفع، احتياج مائي منخفض، ملاءمة عالية للطرق).,1500.0,37.44,25.45,11.99
KED-ROAD-01108,شارع المنايفة,residential,3,Casuarina,كازوارينا,نوع طريق ضيق/سكني (residential) — تم اختيار كازوارينا (Casuarina) لانخفاض مخاطر الجذور وصغر حجم المظلة المناسب لعرض الطريق.,1500.0,33.7,21.71,11.99
KED-ROAD-01109,شارع المنايفة,residential,3,Casuarina,كازوارينا,نوع طريق ضيق/سكني (residential) — تم اختيار كازوارينا (Casuarina) لانخفاض مخاطر الجذور وصغر حجم المظلة المناسب لعرض الطريق.,1500.0,33.7,21.71,11.99
KED-ROAD-01110,شارع بكر الدكراوي,residential,3,Casuarina,كازوارينا,نوع طريق ضيق/سكني (residential) — تم اختيار كازوارينا (Casuarina) لانخفاض مخاطر الجذور وصغر حجم المظلة المناسب لعرض الطريق.,1500.0,36.04,24.06,11.99
KED-ROAD-01035,شارع دشودي,residential,3,Casuarina,كازوارينا,نوع طريق ضيق/سكني (residential) — تم اختيار كازوارينا (Casuarina) لانخفاض مخاطر الجذور وصغر حجم المظلة المناسب لعرض الطريق.,1500.0,34.8,22.81,11.99
KED-ROAD-01036,شارع دشودي,residential,3,Casuarina,كازوارينا,نوع طريق ضيق/سكني (residential) — تم اختيار كازوارينا (Casuarina) لانخفاض مخاطر الجذور وصغر حجم المظلة المناسب لعرض الطريق.,1500.0,34.8,22.81,11.99
KED-ROAD-00995,شارع جلال الدسوقي,residential,3,Casuarina,كازوارينا,نوع طريق ضيق/سكني (residential) — تم اختيار كازوارينا (Casuarina) لانخفاض مخاطر الجذور وصغر حجم المظلة المناسب لعرض الطريق.,1500.0,36.24,24.25,11.99
KED-ROAD-03013,شارع الجميل,residential,3,Casuarina,كازوارينا,نوع طريق ضيق/سكني (residential) — تم اختيار كازوارينا (Casuarina) لانخفاض مخاطر الجذور وصغر حجم المظلة المناسب لعرض الطريق.,1500.0,39.0,27.01,11.99
KED-ROAD-03014,شارع الجميل,residential,3,Casuarina,كازوارينا,نوع طريق ضيق/سكني (residential) — تم اختيار كازوارينا (Casuarina) لانخفاض مخاطر الجذور وصغر حجم المظلة المناسب لعرض الطريق.,1500.0,39.0,27.01,11.99
KED-ROAD-03035,شارع الاتوبيس,residential,3,Casuarina,كازوارينا,نوع طريق ضيق/سكني (residential) — تم اختيار كازوارينا (Casuarina) لانخفاض مخاطر الجذور وصغر حجم المظلة المناسب لعرض الطريق.,1500.0,35.6,23.62,11.99
KED-ROAD-03036,شارع الاتوبيس,residential,3,Casuarina,كازوارينا,نوع طريق ضيق/سكني (residential) — تم اختيار كازوارينا (Casuarina) لانخفاض مخاطر الجذور وصغر حجم المظلة المناسب لعرض الطريق.,1500.0,35.6,23.62,11.99
KED-ROAD-03039,شارع الجيش,secondary,3,Neem,نيم,نوع طريق رئيسي/متوسط (secondary) — تم اختيار نيم (Neem) لأعلى توافق موثّق (تحمل حراري مرتفع، احتياج مائي منخفض، ملاءمة عالية للطرق).,1500.0,37.44,25.45,11.99
KED-ROAD-03580,شارع الشهيد حسنى كامل,residential,3,Casuarina,كازوارينا,نوع طريق ضيق/سكني (residential) — تم اختيار كازوارينا (Casuarina) لانخفاض مخاطر الجذور وصغر حجم المظلة المناسب لعرض الطريق.,1500.0,37.0,25.02,11.99
KED-ROAD-01134,شارع بدران,residential,3,Casuarina,كازوارينا,نوع طريق ضيق/سكني (residential) — تم اختيار كازوارينا (Casuarina) لانخفاض مخاطر الجذور وصغر حجم المظلة المناسب لعرض الطريق.,1500.0,38.03,26.04,11.99
KED-ROAD-03999,شارع سعيد جاد,residential,3,Casuarina,كازوارينا,نوع طريق ضيق/سكني (residential) — تم اختيار كازوارينا (Casuarina) لانخفاض مخاطر الجذور وصغر حجم المظلة المناسب لعرض الطريق.,1500.0,38.9,26.9,11.99
KED-ROAD-04000,شارع سعيد جاد,residential,3,Casuarina,كازوارينا,نوع طريق ضيق/سكني (residential) — تم اختيار كازوارينا (Casuarina) لانخفاض مخاطر الجذور وصغر حجم المظلة المناسب لعرض الطريق.,1500.0,38.9,26.9,11.99
KED-ROAD-02103,شارع حامد النداف,residential,3,Casuarina,كازوارينا,نوع طريق ضيق/سكني (residential) — تم اختيار كازوارينا (Casuarina) لانخفاض مخاطر الجذور وصغر حجم المظلة المناسب لعرض الطريق.,1500.0,37.54,25.56,11.99
KED-ROAD-02104,شارع حامد النداف,residential,3,Casuarina,كازوارينا,نوع طريق ضيق/سكني (residential) — تم اختيار كازوارينا (Casuarina) لانخفاض مخاطر الجذور وصغر حجم المظلة المناسب لعرض الطريق.,1500.0,37.54,25.56,11.99
KED-ROAD-04003,شارع المنايفة,residential,3,Casuarina,كازوارينا,نوع طريق ضيق/سكني (residential) — تم اختيار كازوارينا (Casuarina) لانخفاض مخاطر الجذور وصغر حجم المظلة المناسب لعرض الطريق.,1500.0,39.39,27.4,11.99
KED-ROAD-04004,شارع المنايفة,residential,3,Casuarina,كازوارينا,نوع طريق ضيق/سكني (residential) — تم اختيار كازوارينا (Casuarina) لانخفاض مخاطر الجذور وصغر حجم المظلة المناسب لعرض الطريق.,1500.0,39.39,27.4,11.99
KED-ROAD-04006,شارع احمد بكر,residential,3,Casuarina,كازوارينا,نوع طريق ضيق/سكني (residential) — تم اختيار كازوارينا (Casuarina) لانخفاض مخاطر الجذور وصغر حجم المظلة المناسب لعرض الطريق.,1500.0,39.91,27.91,12.0
KED-ROAD-04272,شارع على منسى,residential,3,Casuarina,كازوارينا,نوع طريق ضيق/سكني (residential) — تم اختيار كازوارينا (Casuarina) لانخفاض مخاطر الجذور وصغر حجم المظلة المناسب لعرض الطريق.,1500.0,38.23,26.23,11.99
KED-ROAD-04273,شارع على منسى,residential,3,Casuarina,كازوارينا,نوع طريق ضيق/سكني (residential) — تم اختيار كازوارينا (Casuarina) لانخفاض مخاطر الجذور وصغر حجم المظلة المناسب لعرض الطريق.,1500.0,38.23,26.23,11.99
KED-ROAD-01836,شارع عراقى,residential,3,Casuarina,كازوارينا,نوع طريق ضيق/سكني (residential) — تم اختيار كازوارينا (Casuarina) لانخفاض مخاطر الجذور وصغر حجم المظلة المناسب لعرض الطريق.,1500.0,37.52,25.54,11.99
KED-ROAD-01837,شارع عراقى,residential,3,Casuarina,كازوارينا,نوع طريق ضيق/سكني (residential) — تم اختيار كازوارينا (Casuarina) لانخفاض مخاطر الجذور وصغر حجم المظلة المناسب لعرض الطريق.,1500.0,37.52,25.54,11.99
KED-ROAD-01845,شارع الشعراوى,residential,3,Casuarina,كازوارينا,نوع طريق ضيق/سكني (residential) — تم اختيار كازوارينا (Casuarina) لانخفاض مخاطر الجذور وصغر حجم المظلة المناسب لعرض الطريق.,1500.0,39.17,27.18,11.99
KED-ROAD-01846,شارع الشعراوى,residential,3,Casuarina,كازوارينا,نوع طريق ضيق/سكني (residential) — تم اختيار كازوارينا (Casuarina) لانخفاض مخاطر الجذور وصغر حجم المظلة المناسب لعرض الطريق.,1500.0,39.17,27.18,11.99
KED-ROAD-01849,شارع الحناوي,residential,3,Casuarina,كازوارينا,نوع طريق ضيق/سكني (residential) — تم اختيار كازوارينا (Casuarina) لانخفاض مخاطر الجذور وصغر حجم المظلة المناسب لعرض الطريق.,1500.0,39.16,27.18,11.99
KED-ROAD-00497,شارع 44,residential,3,Casuarina,كازوارينا,نوع طريق ضيق/سكني (residential) — تم اختيار كازوارينا (Casuarina) لانخفاض مخاطر الجذور وصغر حجم المظلة المناسب لعرض الطريق.,1500.0,37.18,25.19,11.99
KED-ROAD-00504,شارع فلسطين,residential,3,Casuarina,كازوارينا,نوع طريق ضيق/سكني (residential) — تم اختيار كازوارينا (Casuarina) لانخفاض مخاطر الجذور وصغر حجم المظلة المناسب لعرض الطريق.,1500.0,38.65,26.65,12.0
KED-ROAD-03087,شارع 26 يوليو,residential,3,Casuarina,كازوارينا,نوع طريق ضيق/سكني (residential) — تم اختيار كازوارينا (Casuarina) لانخفاض مخاطر الجذور وصغر حجم المظلة المناسب لعرض الطريق.,1500.0,36.8,24.81,11.99
KED-ROAD-03088,شارع 26 يوليو,residential,3,Casuarina,كازوارينا,نوع طريق ضيق/سكني (residential) — تم اختيار كازوارينا (Casuarina) لانخفاض مخاطر الجذور وصغر حجم المظلة المناسب لعرض الطريق.,1500.0,36.8,24.81,11.99
KED-ROAD-05242,شارع مبره محمد على,residential,3,Casuarina,كازوارينا,نوع طريق ضيق/سكني (residential) — تم اختيار كازوارينا (Casuarina) لانخفاض مخاطر الجذور وصغر حجم المظلة المناسب لعرض الطريق.,1500.0,38.58,26.59,11.99
KED-ROAD-05243,شارع مبره محمد على,residential,3,Casuarina,كازوارينا,نوع طريق ضيق/سكني (residential) — تم اختيار كازوارينا (Casuarina) لانخفاض مخاطر الجذور وصغر حجم المظلة المناسب لعرض الطريق.,1500.0,38.58,26.59,11.99
KED-ROAD-01013,شارع مدخل كفر الدوار,secondary,3,Neem,نيم,نوع طريق رئيسي/متوسط (secondary) — تم اختيار نيم (Neem) لأعلى توافق موثّق (تحمل حراري مرتفع، احتياج مائي منخفض، ملاءمة عالية للطرق).,1500.0,38.0,26.01,11.99
KED-ROAD-00991,شارع جلال الدسوقي,residential,3,Casuarina,كازوارينا,نوع طريق ضيق/سكني (residential) — تم اختيار كازوارينا (Casuarina) لانخفاض مخاطر الجذور وصغر حجم المظلة المناسب لعرض الطريق.,1500.0,36.76,24.77,11.99
KED-ROAD-00992,شارع جلال الدسوقي,residential,3,Casuarina,كازوارينا,نوع طريق ضيق/سكني (residential) — تم اختيار كازوارينا (Casuarina) لانخفاض مخاطر الجذور وصغر حجم المظلة المناسب لعرض الطريق.,1500.0,36.76,24.77,11.99
KED-ROAD-03109,شارع دنشواى,residential,3,Casuarina,كازوارينا,نوع طريق ضيق/سكني (residential) — تم اختيار كازوارينا (Casuarina) لانخفاض مخاطر الجذور وصغر حجم المظلة المناسب لعرض الطريق.,1500.0,37.52,25.53,11.99
KED-ROAD-03067,حارة أرابيسك,residential,3,Casuarina,كازوارينا,نوع طريق ضيق/سكني (residential) — تم اختيار كازوارينا (Casuarina) لانخفاض مخاطر الجذور وصغر حجم المظلة المناسب لعرض الطريق.,1500.0,33.74,21.74,12.0
KED-ROAD-03068,حارة أرابيسك,residential,3,Casuarina,كازوارينا,نوع طريق ضيق/سكني (residential) — تم اختيار كازوارينا (Casuarina) لانخفاض مخاطر الجذور وصغر حجم المظلة المناسب لعرض الطريق.,1500.0,33.74,21.74,12.0
KED-ROAD-03075,شارع الاتوبيس,residential,3,Casuarina,كازوارينا,نوع طريق ضيق/سكني (residential) — تم اختيار كازوارينا (Casuarina) لانخفاض مخاطر الجذور وصغر حجم المظلة المناسب لعرض الطريق.,1500.0,39.98,28.0,11.99
KED-ROAD-03076,شارع الاتوبيس,residential,3,Casuarina,كازوارينا,نوع طريق ضيق/سكني (residential) — تم اختيار كازوارينا (Casuarina) لانخفاض مخاطر الجذور وصغر حجم المظلة المناسب لعرض الطريق.,1500.0,39.98,28.0,11.99
KED-ROAD-00996,شارع جلال الدسوقي,residential,3,Casuarina,كازوارينا,نوع طريق ضيق/سكني (residential) — تم اختيار كازوارينا (Casuarina) لانخفاض مخاطر الجذور وصغر حجم المظلة المناسب لعرض الطريق.,1500.0,36.24,24.25,11.99
KED-ROAD-00999,شارع القاهر,residential,3,Casuarina,كازوارينا,نوع طريق ضيق/سكني (residential) — تم اختيار كازوارينا (Casuarina) لانخفاض مخاطر الجذور وصغر حجم المظلة المناسب لعرض الطريق.,1500.0,36.16,24.18,11.99
KED-ROAD-01000,شارع القاهر,residential,3,Casuarina,كازوارينا,نوع طريق ضيق/سكني (residential) — تم اختيار كازوارينا (Casuarina) لانخفاض مخاطر الجذور وصغر حجم المظلة المناسب لعرض الطريق.,1500.0,36.16,24.18,11.99
KED-ROAD-00496,شارع 44,residential,3,Casuarina,كازوارينا,نوع طريق ضيق/سكني (residential) — تم اختيار كازوارينا (Casuarina) لانخفاض مخاطر الجذور وصغر حجم المظلة المناسب لعرض الطريق.,1500.0,37.18,25.19,11.99
KED-ROAD-04832,شارع الاداره الصحيه,residential,3,Casuarina,كازوارينا,نوع طريق ضيق/سكني (residential) — تم اختيار كازوارينا (Casuarina) لانخفاض مخاطر الجذور وصغر حجم المظلة المناسب لعرض الطريق.,1500.0,34.45,22.47,11.99
KED-ROAD-04833,شارع الاداره الصحيه,residential,3,Casuarina,كازوارينا,نوع طريق ضيق/سكني (residential) — تم اختيار كازوارينا (Casuarina) لانخفاض مخاطر الجذور وصغر حجم المظلة المناسب لعرض الطريق.,1500.0,34.45,22.47,11.99
KED-ROAD-00951,شارع جلال الدسوقي,residential,3,Casuarina,كازوارينا,نوع طريق ضيق/سكني (residential) — تم اختيار كازوارينا (Casuarina) لانخفاض مخاطر الجذور وصغر حجم المظلة المناسب لعرض الطريق.,1500.0,36.11,24.12,11.99
KED-ROAD-01850,شارع الحناوي,residential,3,Casuarina,كازوارينا,نوع طريق ضيق/سكني (residential) — تم اختيار كازوارينا (Casuarina) لانخفاض مخاطر الجذور وصغر حجم المظلة المناسب لعرض الطريق.,1500.0,39.16,27.18,11.99
KED-ROAD-01814,شارع سليمان,residential,3,Casuarina,كازوارينا,نوع طريق ضيق/سكني (residential) — تم اختيار كازوارينا (Casuarina) لانخفاض مخاطر الجذور وصغر حجم المظلة المناسب لعرض الطريق.,1500.0,39.18,27.19,11.99
KED-ROAD-01815,شارع سليمان,residential,3,Casuarina,كازوارينا,نوع طريق ضيق/سكني (residential) — تم اختيار كازوارينا (Casuarina) لانخفاض مخاطر الجذور وصغر حجم المظلة المناسب لعرض الطريق.,1500.0,39.18,27.19,11.99
KED-ROAD-02065,شارع 104,residential,3,Casuarina,كازوارينا,نوع طريق ضيق/سكني (residential) — تم اختيار كازوارينا (Casuarina) لانخفاض مخاطر الجذور وصغر حجم المظلة المناسب لعرض الطريق.,1500.0,34.8,22.81,11.99
KED-ROAD-02066,شارع 104,residential,3,Casuarina,كازوارينا,نوع طريق ضيق/سكني (residential) — تم اختيار كازوارينا (Casuarina) لانخفاض مخاطر الجذور وصغر حجم المظلة المناسب لعرض الطريق.,1500.0,34.8,22.81,11.99
KED-ROAD-02015,شارع حامد النداف,residential,3,Casuarina,كازوارينا,نوع طريق ضيق/سكني (residential) — تم اختيار كازوارينا (Casuarina) لانخفاض مخاطر الجذور وصغر حجم المظلة المناسب لعرض الطريق.,1500.0,38.44,26.44,12.0
KED-ROAD-04231,شارع على منسى,residential,3,Casuarina,كازوارينا,نوع طريق ضيق/سكني (residential) — تم اختيار كازوارينا (Casuarina) لانخفاض مخاطر الجذور وصغر حجم المظلة المناسب لعرض الطريق.,1500.0,33.14,21.15,11.99
KED-ROAD-00952,شارع جلال الدسوقي,residential,3,Casuarina,كازوارينا,نوع طريق ضيق/سكني (residential) — تم اختيار كازوارينا (Casuarina) لانخفاض مخاطر الجذور وصغر حجم المظلة المناسب لعرض الطريق.,1500.0,36.11,24.12,11.99
KED-ROAD-03110,شارع دنشواى,residential,3,Casuarina,كازوارينا,نوع طريق ضيق/سكني (residential) — تم اختيار كازوارينا (Casuarina) لانخفاض مخاطر الجذور وصغر حجم المظلة المناسب لعرض الطريق.,1500.0,37.52,25.53,11.99
KED-ROAD-03137,شارع الاعراب,residential,3,Casuarina,كازوارينا,نوع طريق ضيق/سكني (residential) — تم اختيار كازوارينا (Casuarina) لانخفاض مخاطر الجذور وصغر حجم المظلة المناسب لعرض الطريق.,1500.0,34.16,22.17,11.99
KED-ROAD-03138,شارع الاعراب,residential,3,Casuarina,كازوارينا,نوع طريق ضيق/سكني (residential) — تم اختيار كازوارينا (Casuarina) لانخفاض مخاطر الجذور وصغر حجم المظلة المناسب لعرض الطريق.,1500.0,34.16,22.17,11.99
KED-ROAD-03085,شارع محمود الصباغ,residential,3,Casuarina,كازوارينا,نوع طريق ضيق/سكني (residential) — تم اختيار كازوارينا (Casuarina) لانخفاض مخاطر الجذور وصغر حجم المظلة المناسب لعرض الطريق.,1500.0,35.69,23.69,11.99
KED-ROAD-03086,شارع محمود الصباغ,residential,3,Casuarina,كازوارينا,نوع طريق ضيق/سكني (residential) — تم اختيار كازوارينا (Casuarina) لانخفاض مخاطر الجذور وصغر حجم المظلة المناسب لعرض الطريق.,1500.0,35.69,23.69,11.99
KED-ROAD-01865,شارع شتا,residential,3,Casuarina,كازوارينا,نوع طريق ضيق/سكني (residential) — تم اختيار كازوارينا (Casuarina) لانخفاض مخاطر الجذور وصغر حجم المظلة المناسب لعرض الطريق.,1500.0,36.32,24.33,11.99
KED-ROAD-01867,شارع محروس,residential,3,Casuarina,كازوارينا,نوع طريق ضيق/سكني (residential) — تم اختيار كازوارينا (Casuarina) لانخفاض مخاطر الجذور وصغر حجم المظلة المناسب لعرض الطريق.,1500.0,36.69,24.69,12.0
KED-ROAD-01868,شارع محروس,residential,3,Casuarina,كازوارينا,نوع طريق ضيق/سكني (residential) — تم اختيار كازوارينا (Casuarina) لانخفاض مخاطر الجذور وصغر حجم المظلة المناسب لعرض الطريق.,1500.0,36.69,24.69,12.0
KED-ROAD-04245,شارع احمد مزروع,residential,3,Casuarina,كازوارينا,نوع طريق ضيق/سكني (residential) — تم اختيار كازوارينا (Casuarina) لانخفاض مخاطر الجذور وصغر حجم المظلة المناسب لعرض الطريق.,1500.0,39.27,27.28,11.99
KED-ROAD-04246,شارع احمد مزروع,residential,3,Casuarina,كازوارينا,نوع طريق ضيق/سكني (residential) — تم اختيار كازوارينا (Casuarina) لانخفاض مخاطر الجذور وصغر حجم المظلة المناسب لعرض الطريق.,1500.0,39.27,27.28,11.99
KED-ROAD-02016,شارع حامد النداف,residential,3,Casuarina,كازوارينا,نوع طريق ضيق/سكني (residential) — تم اختيار كازوارينا (Casuarina) لانخفاض مخاطر الجذور وصغر حجم المظلة المناسب لعرض الطريق.,1500.0,38.44,26.44,12.0
KED-ROAD-04042,شارع عبد الرازق,residential,3,Casuarina,كازوارينا,نوع طريق ضيق/سكني (residential) — تم اختيار كازوارينا (Casuarina) لانخفاض مخاطر الجذور وصغر حجم المظلة المناسب لعرض الطريق.,1500.0,39.24,27.25,11.99
KED-ROAD-06181,شارع خلف المساكن,residential,3,Casuarina,كازوارينا,نوع طريق ضيق/سكني (residential) — تم اختيار كازوارينا (Casuarina) لانخفاض مخاطر الجذور وصغر حجم المظلة المناسب لعرض الطريق.,1500.0,39.44,27.44,12.0
KED-ROAD-06182,شارع خلف المساكن,residential,3,Casuarina,كازوارينا,نوع طريق ضيق/سكني (residential) — تم اختيار كازوارينا (Casuarina) لانخفاض مخاطر الجذور وصغر حجم المظلة المناسب لعرض الطريق.,1500.0,39.44,27.44,12.0
KED-ROAD-06183,شارع خلف المساكن,residential,3,Casuarina,كازوارينا,نوع طريق ضيق/سكني (residential) — تم اختيار كازوارينا (Casuarina) لانخفاض مخاطر الجذور وصغر حجم المظلة المناسب لعرض الطريق.,1500.0,35.06,23.06,11.99
KED-ROAD-06189,شارع اللواء محمود ابراهيم الكومى,residential,3,Casuarina,كازوارينا,نوع طريق ضيق/سكني (residential) — تم اختيار كازوارينا (Casuarina) لانخفاض مخاطر الجذور وصغر حجم المظلة المناسب لعرض الطريق.,1500.0,38.88,26.88,12.0
KED-ROAD-06190,شارع اللواء محمود ابراهيم الكومى,residential,3,Casuarina,كازوارينا,نوع طريق ضيق/سكني (residential) — تم اختيار كازوارينا (Casuarina) لانخفاض مخاطر الجذور وصغر حجم المظلة المناسب لعرض الطريق.,1500.0,38.88,26.88,12.0
KED-ROAD-06195,شارع اللواء محمود ابراهيم الكومى,residential,3,Casuarina,كازوارينا,نوع طريق ضيق/سكني (residential) — تم اختيار كازوارينا (Casuarina) لانخفاض مخاطر الجذور وصغر حجم المظلة المناسب لعرض الطريق.,1500.0,36.01,24.02,11.99
KED-ROAD-06196,شارع اللواء محمود ابراهيم الكومى,residential,3,Casuarina,كازوارينا,نوع طريق ضيق/سكني (residential) — تم اختيار كازوارينا (Casuarina) لانخفاض مخاطر الجذور وصغر حجم المظلة المناسب لعرض الطريق.,1500.0,36.01,24.02,11.99
KED-ROAD-00127,شارع المدينه المنورة,residential,3,Casuarina,كازوارينا,نوع طريق ضيق/سكني (residential) — تم اختيار كازوارينا (Casuarina) لانخفاض مخاطر الجذور وصغر حجم المظلة المناسب لعرض الطريق.,1500.0,35.28,23.29,11.99
KED-ROAD-00128,شارع المدينه المنورة,residential,3,Casuarina,كازوارينا,نوع طريق ضيق/سكني (residential) — تم اختيار كازوارينا (Casuarina) لانخفاض مخاطر الجذور وصغر حجم المظلة المناسب لعرض الطريق.,1500.0,35.28,23.29,11.99
KED-ROAD-01891,شارع لبيب,residential,3,Casuarina,كازوارينا,نوع طريق ضيق/سكني (residential) — تم اختيار كازوارينا (Casuarina) لانخفاض مخاطر الجذور وصغر حجم المظلة المناسب لعرض الطريق.,1500.0,36.82,24.83,11.99
KED-ROAD-01892,شارع لبيب,residential,3,Casuarina,كازوارينا,نوع طريق ضيق/سكني (residential) — تم اختيار كازوارينا (Casuarina) لانخفاض مخاطر الجذور وصغر حجم المظلة المناسب لعرض الطريق.,1500.0,36.82,24.83,11.99
KED-ROAD-01895,شارع احمد بكر,residential,3,Casuarina,كازوارينا,نوع طريق ضيق/سكني (residential) — تم اختيار كازوارينا (Casuarina) لانخفاض مخاطر الجذور وصغر حجم المظلة المناسب لعرض الطريق.,1500.0,36.08,24.08,11.99
KED-ROAD-04209,شارع غازي,residential,3,Casuarina,كازوارينا,نوع طريق ضيق/سكني (residential) — تم اختيار كازوارينا (Casuarina) لانخفاض مخاطر الجذور وصغر حجم المظلة المناسب لعرض الطريق.,1500.0,36.27,24.28,11.99
KED-ROAD-04210,شارع غازي,residential,3,Casuarina,كازوارينا,نوع طريق ضيق/سكني (residential) — تم اختيار كازوارينا (Casuarina) لانخفاض مخاطر الجذور وصغر حجم المظلة المناسب لعرض الطريق.,1500.0,36.27,24.28,11.99
KED-ROAD-03202,شارع 26 يوليو,residential,3,Casuarina,كازوارينا,نوع طريق ضيق/سكني (residential) — تم اختيار كازوارينا (Casuarina) لانخفاض مخاطر الجذور وصغر حجم المظلة المناسب لعرض الطريق.,1500.0,39.46,27.48,11.99
KED-ROAD-00965,شارع جلال الدسوقي,residential,3,Casuarina,كازوارينا,نوع طريق ضيق/سكني (residential) — تم اختيار كازوارينا (Casuarina) لانخفاض مخاطر الجذور وصغر حجم المظلة المناسب لعرض الطريق.,1500.0,36.54,24.55,11.99
KED-ROAD-00966,شارع جلال الدسوقي,residential,3,Casuarina,كازوارينا,نوع طريق ضيق/سكني (residential) — تم اختيار كازوارينا (Casuarina) لانخفاض مخاطر الجذور وصغر حجم المظلة المناسب لعرض الطريق.,1500.0,36.54,24.55,11.99
KED-ROAD-00967,شارع جلال الدسوقي,residential,3,Casuarina,كازوارينا,نوع طريق ضيق/سكني (residential) — تم اختيار كازوارينا (Casuarina) لانخفاض مخاطر الجذور وصغر حجم المظلة المناسب لعرض الطريق.,1500.0,35.44,23.46,11.99
KED-ROAD-00968,شارع جلال الدسوقي,residential,3,Casuarina,كازوارينا,نوع طريق ضيق/سكني (residential) — تم اختيار كازوارينا (Casuarina) لانخفاض مخاطر الجذور وصغر حجم المظلة المناسب لعرض الطريق.,1500.0,35.44,23.46,11.99
KED-ROAD-00937,شارع جلال الدسوقي,residential,3,Casuarina,كازوارينا,نوع طريق ضيق/سكني (residential) — تم اختيار كازوارينا (Casuarina) لانخفاض مخاطر الجذور وصغر حجم المظلة المناسب لعرض الطريق.,1500.0,37.91,25.92,11.99
KED-ROAD-00938,شارع جلال الدسوقي,residential,3,Casuarina,كازوارينا,نوع طريق ضيق/سكني (residential) — تم اختيار كازوارينا (Casuarina) لانخفاض مخاطر الجذور وصغر حجم المظلة المناسب لعرض الطريق.,1500.0,37.91,25.92,11.99
KED-ROAD-00939,شارع خفاجه,residential,3,Casuarina,كازوارينا,نوع طريق ضيق/سكني (residential) — تم اختيار كازوارينا (Casuarina) لانخفاض مخاطر الجذور وصغر حجم المظلة المناسب لعرض الطريق.,1500.0,37.98,25.99,11.99
KED-ROAD-00940,شارع خفاجه,residential,3,Casuarina,كازوارينا,نوع طريق ضيق/سكني (residential) — تم اختيار كازوارينا (Casuarina) لانخفاض مخاطر الجذور وصغر حجم المظلة المناسب لعرض الطريق.,1500.0,37.98,25.99,11.99
KED-ROAD-04852,شارع طاهر,residential,3,Casuarina,كازوارينا,نوع طريق ضيق/سكني (residential) — تم اختيار كازوارينا (Casuarina) لانخفاض مخاطر الجذور وصغر حجم المظلة المناسب لعرض الطريق.,1500.0,38.95,26.95,12.0
KED-ROAD-01864,شارع شتا,residential,3,Casuarina,كازوارينا,نوع طريق ضيق/سكني (residential) — تم اختيار كازوارينا (Casuarina) لانخفاض مخاطر الجذور وصغر حجم المظلة المناسب لعرض الطريق.,1500.0,36.32,24.33,11.99
KED-ROAD-03249,شارع الجيش,secondary,3,Neem,نيم,نوع طريق رئيسي/متوسط (secondary) — تم اختيار نيم (Neem) لأعلى توافق موثّق (تحمل حراري مرتفع، احتياج مائي منخفض، ملاءمة عالية للطرق).,1500.0,38.82,26.84,11.99
KED-ROAD-03461,شارع الشعراء,residential,3,Casuarina,كازوارينا,نوع طريق ضيق/سكني (residential) — تم اختيار كازوارينا (Casuarina) لانخفاض مخاطر الجذور وصغر حجم المظلة المناسب لعرض الطريق.,1500.0,33.6,21.62,11.99
KED-ROAD-03486,شارع مصطفى كحيل,residential,3,Casuarina,كازوارينا,نوع طريق ضيق/سكني (residential) — تم اختيار كازوارينا (Casuarina) لانخفاض مخاطر الجذور وصغر حجم المظلة المناسب لعرض الطريق.,1500.0,38.98,27.0,11.99
KED-ROAD-03487,شارع مصطفى كحيل,residential,3,Casuarina,كازوارينا,نوع طريق ضيق/سكني (residential) — تم اختيار كازوارينا (Casuarina) لانخفاض مخاطر الجذور وصغر حجم المظلة المناسب لعرض الطريق.,1500.0,38.98,27.0,11.99
KED-ROAD-00889,شارع محمد عبده,residential,3,Casuarina,كازوارينا,نوع طريق ضيق/سكني (residential) — تم اختيار كازوارينا (Casuarina) لانخفاض مخاطر الجذور وصغر حجم المظلة المناسب لعرض الطريق.,1500.0,35.04,23.05,11.99
KED-ROAD-04906,شارع مبره محمد على,residential,3,Casuarina,كازوارينا,نوع طريق ضيق/سكني (residential) — تم اختيار كازوارينا (Casuarina) لانخفاض مخاطر الجذور وصغر حجم المظلة المناسب لعرض الطريق.,1500.0,37.6,25.61,12.0
KED-ROAD-04907,شارع مبره محمد على,residential,3,Casuarina,كازوارينا,نوع طريق ضيق/سكني (residential) — تم اختيار كازوارينا (Casuarina) لانخفاض مخاطر الجذور وصغر حجم المظلة المناسب لعرض الطريق.,1500.0,37.6,25.61,12.0
KED-ROAD-04902,شارع مسجد ابو الحمد,residential,3,Casuarina,كازوارينا,نوع طريق ضيق/سكني (residential) — تم اختيار كازوارينا (Casuarina) لانخفاض مخاطر الجذور وصغر حجم المظلة المناسب لعرض الطريق.,1500.0,37.45,25.45,11.99
KED-ROAD-04903,شارع مسجد ابو الحمد,residential,3,Casuarina,كازوارينا,نوع طريق ضيق/سكني (residential) — تم اختيار كازوارينا (Casuarina) لانخفاض مخاطر الجذور وصغر حجم المظلة المناسب لعرض الطريق.,1500.0,37.45,25.45,11.99
KED-ROAD-00890,شارع محمد عبده,residential,3,Casuarina,كازوارينا,نوع طريق ضيق/سكني (residential) — تم اختيار كازوارينا (Casuarina) لانخفاض مخاطر الجذور وصغر حجم المظلة المناسب لعرض الطريق.,1500.0,35.04,23.05,11.99
KED-ROAD-00915,شارع السبكى,residential,3,Casuarina,كازوارينا,نوع طريق ضيق/سكني (residential) — تم اختيار كازوارينا (Casuarina) لانخفاض مخاطر الجذور وصغر حجم المظلة المناسب لعرض الطريق.,1500.0,34.27,22.28,11.99
KED-ROAD-00916,شارع السبكى,residential,3,Casuarina,كازوارينا,نوع طريق ضيق/سكني (residential) — تم اختيار كازوارينا (Casuarina) لانخفاض مخاطر الجذور وصغر حجم المظلة المناسب لعرض الطريق.,1500.0,34.27,22.28,11.99
KED-ROAD-03201,شارع 26 يوليو,residential,3,Casuarina,كازوارينا,نوع طريق ضيق/سكني (residential) — تم اختيار كازوارينا (Casuarina) لانخفاض مخاطر الجذور وصغر حجم المظلة المناسب لعرض الطريق.,1500.0,39.46,27.48,11.99
KED-ROAD-04043,شارع عبد الرازق,residential,3,Casuarina,كازوارينا,نوع طريق ضيق/سكني (residential) — تم اختيار كازوارينا (Casuarina) لانخفاض مخاطر الجذور وصغر حجم المظلة المناسب لعرض الطريق.,1500.0,39.24,27.25,11.99
KED-ROAD-01888,شارع القصاص,residential,3,Casuarina,كازوارينا,نوع طريق ضيق/سكني (residential) — تم اختيار كازوارينا (Casuarina) لانخفاض مخاطر الجذور وصغر حجم المظلة المناسب لعرض الطريق.,1500.0,38.48,26.49,11.99
KED-ROAD-01889,شارع القصاص,residential,3,Casuarina,كازوارينا,نوع طريق ضيق/سكني (residential) — تم اختيار كازوارينا (Casuarina) لانخفاض مخاطر الجذور وصغر حجم المظلة المناسب لعرض الطريق.,1500.0,38.48,26.49,11.99
KED-ROAD-04213,شارع السيد القعيد,residential,3,Casuarina,كازوارينا,نوع طريق ضيق/سكني (residential) — تم اختيار كازوارينا (Casuarina) لانخفاض مخاطر الجذور وصغر حجم المظلة المناسب لعرض الطريق.,1500.0,36.58,24.59,11.99
KED-ROAD-04214,شارع السيد القعيد,residential,3,Casuarina,كازوارينا,نوع طريق ضيق/سكني (residential) — تم اختيار كازوارينا (Casuarina) لانخفاض مخاطر الجذور وصغر حجم المظلة المناسب لعرض الطريق.,1500.0,36.58,24.59,11.99
KED-ROAD-04228,شارع احمد مزروع,residential,3,Casuarina,كازوارينا,نوع طريق ضيق/سكني (residential) — تم اختيار كازوارينا (Casuarina) لانخفاض مخاطر الجذور وصغر حجم المظلة المناسب لعرض الطريق.,1500.0,37.74,25.75,11.99
KED-ROAD-04229,شارع احمد مزروع,residential,3,Casuarina,كازوارينا,نوع طريق ضيق/سكني (residential) — تم اختيار كازوارينا (Casuarina) لانخفاض مخاطر الجذور وصغر حجم المظلة المناسب لعرض الطريق.,1500.0,37.74,25.75,11.99
KED-ROAD-04230,شارع على منسى,residential,3,Casuarina,كازوارينا,نوع طريق ضيق/سكني (residential) — تم اختيار كازوارينا (Casuarina) لانخفاض مخاطر الجذور وصغر حجم المظلة المناسب لعرض الطريق.,1500.0,33.14,21.15,11.99
KED-ROAD-04067,شارع بسيوني,residential,3,Casuarina,كازوارينا,نوع طريق ضيق/سكني (residential) — تم اختيار كازوارينا (Casuarina) لانخفاض مخاطر الجذور وصغر حجم المظلة المناسب لعرض الطريق.,1500.0,35.69,23.7,11.99
KED-ROAD-04068,شارع بسيوني,residential,3,Casuarina,كازوارينا,نوع طريق ضيق/سكني (residential) — تم اختيار كازوارينا (Casuarina) لانخفاض مخاطر الجذور وصغر حجم المظلة المناسب لعرض الطريق.,1500.0,35.69,23.7,11.99
KED-ROAD-01998,شارع الاحمر,residential,3,Casuarina,كازوارينا,نوع طريق ضيق/سكني (residential) — تم اختيار كازوارينا (Casuarina) لانخفاض مخاطر الجذور وصغر حجم المظلة المناسب لعرض الطريق.,1500.0,35.92,23.92,11.99
KED-ROAD-01999,شارع الاحمر,residential,3,Casuarina,كازوارينا,نوع طريق ضيق/سكني (residential) — تم اختيار كازوارينا (Casuarina) لانخفاض مخاطر الجذور وصغر حجم المظلة المناسب لعرض الطريق.,1500.0,35.92,23.92,11.99
KED-ROAD-04097,شارع بسيوني,residential,3,Casuarina,كازوارينا,نوع طريق ضيق/سكني (residential) — تم اختيار كازوارينا (Casuarina) لانخفاض مخاطر الجذور وصغر حجم المظلة المناسب لعرض الطريق.,1500.0,36.61,24.61,11.99
KED-ROAD-04098,شارع بسيوني,residential,3,Casuarina,كازوارينا,نوع طريق ضيق/سكني (residential) — تم اختيار كازوارينا (Casuarina) لانخفاض مخاطر الجذور وصغر حجم المظلة المناسب لعرض الطريق.,1500.0,36.61,24.61,11.99
KED-ROAD-04099,شارع احمد مزروع,residential,3,Casuarina,كازوارينا,نوع طريق ضيق/سكني (residential) — تم اختيار كازوارينا (Casuarina) لانخفاض مخاطر الجذور وصغر حجم المظلة المناسب لعرض الطريق.,1500.0,33.57,21.58,11.99
KED-ROAD-00516,شارع الجمهوريه,residential,3,Casuarina,كازوارينا,نوع طريق ضيق/سكني (residential) — تم اختيار كازوارينا (Casuarina) لانخفاض مخاطر الجذور وصغر حجم المظلة المناسب لعرض الطريق.,1500.0,38.2,26.21,12.0
KED-ROAD-00517,شارع الجمهوريه,residential,3,Casuarina,كازوارينا,نوع طريق ضيق/سكني (residential) — تم اختيار كازوارينا (Casuarina) لانخفاض مخاطر الجذور وصغر حجم المظلة المناسب لعرض الطريق.,1500.0,38.2,26.21,12.0
KED-ROAD-03245,شارع الكرنك,residential,3,Casuarina,كازوارينا,نوع طريق ضيق/سكني (residential) — تم اختيار كازوارينا (Casuarina) لانخفاض مخاطر الجذور وصغر حجم المظلة المناسب لعرض الطريق.,1500.0,39.29,27.31,11.99
KED-ROAD-03246,شارع الكرنك,residential,3,Casuarina,كازوارينا,نوع طريق ضيق/سكني (residential) — تم اختيار كازوارينا (Casuarina) لانخفاض مخاطر الجذور وصغر حجم المظلة المناسب لعرض الطريق.,1500.0,39.29,27.31,11.99
KED-ROAD-04934,شارع عمر بن عبد العزيز,residential,3,Casuarina,كازوارينا,نوع طريق ضيق/سكني (residential) — تم اختيار كازوارينا (Casuarina) لانخفاض مخاطر الجذور وصغر حجم المظلة المناسب لعرض الطريق.,1500.0,34.11,22.11,12.0
KED-ROAD-03435,شارع التحرير,residential,3,Casuarina,كازوارينا,نوع طريق ضيق/سكني (residential) — تم اختيار كازوارينا (Casuarina) لانخفاض مخاطر الجذور وصغر حجم المظلة المناسب لعرض الطريق.,1500.0,36.05,24.07,11.99
KED-ROAD-03438,شارع الامه,residential,3,Casuarina,كازوارينا,نوع طريق ضيق/سكني (residential) — تم اختيار كازوارينا (Casuarina) لانخفاض مخاطر الجذور وصغر حجم المظلة المناسب لعرض الطريق.,1500.0,39.1,26.76,12.34
KED-ROAD-03439,شارع الامه,residential,3,Casuarina,كازوارينا,نوع طريق ضيق/سكني (residential) — تم اختيار كازوارينا (Casuarina) لانخفاض مخاطر الجذور وصغر حجم المظلة المناسب لعرض الطريق.,1500.0,39.1,26.76,12.34
KED-ROAD-03441,شارع ابو الدرداء,residential,3,Casuarina,كازوارينا,نوع طريق ضيق/سكني (residential) — تم اختيار كازوارينا (Casuarina) لانخفاض مخاطر الجذور وصغر حجم المظلة المناسب لعرض الطريق.,1500.0,36.52,24.54,11.99
KED-ROAD-03442,شارع ابو الدرداء,residential,3,Casuarina,كازوارينا,نوع طريق ضيق/سكني (residential) — تم اختيار كازوارينا (Casuarina) لانخفاض مخاطر الجذور وصغر حجم المظلة المناسب لعرض الطريق.,1500.0,36.52,24.54,11.99
KED-ROAD-05135,الطريق الدولي,tertiary,3,Neem,نيم,نوع طريق رئيسي/متوسط (tertiary) — تم اختيار نيم (Neem) لأعلى توافق موثّق (تحمل حراري مرتفع، احتياج مائي منخفض، ملاءمة عالية للطرق).,1500.0,37.69,25.7,11.99
KED-ROAD-00841,شارع عمر مكرم,residential,3,Casuarina,كازوارينا,نوع طريق ضيق/سكني (residential) — تم اختيار كازوارينا (Casuarina) لانخفاض مخاطر الجذور وصغر حجم المظلة المناسب لعرض الطريق.,1500.0,35.73,23.74,11.99
KED-ROAD-00842,شارع عمر مكرم,residential,3,Casuarina,كازوارينا,نوع طريق ضيق/سكني (residential) — تم اختيار كازوارينا (Casuarina) لانخفاض مخاطر الجذور وصغر حجم المظلة المناسب لعرض الطريق.,1500.0,35.73,23.74,11.99
KED-ROAD-03460,شارع الشعراء,residential,3,Casuarina,كازوارينا,نوع طريق ضيق/سكني (residential) — تم اختيار كازوارينا (Casuarina) لانخفاض مخاطر الجذور وصغر حجم المظلة المناسب لعرض الطريق.,1500.0,33.6,21.62,11.99
KED-ROAD-03250,شارع الجيش,secondary,3,Neem,نيم,نوع طريق رئيسي/متوسط (secondary) — تم اختيار نيم (Neem) لأعلى توافق موثّق (تحمل حراري مرتفع، احتياج مائي منخفض، ملاءمة عالية للطرق).,1500.0,38.82,26.84,11.99
KED-ROAD-03239,شارع الاتوبيس,residential,3,Casuarina,كازوارينا,نوع طريق ضيق/سكني (residential) — تم اختيار كازوارينا (Casuarina) لانخفاض مخاطر الجذور وصغر حجم المظلة المناسب لعرض الطريق.,1500.0,39.68,27.69,11.99
KED-ROAD-03240,شارع الاتوبيس,residential,3,Casuarina,كازوارينا,نوع طريق ضيق/سكني (residential) — تم اختيار كازوارينا (Casuarina) لانخفاض مخاطر الجذور وصغر حجم المظلة المناسب لعرض الطريق.,1500.0,39.68,27.69,11.99
KED-ROAD-05120,شارع مساكن التمليك,residential,3,Casuarina,كازوارينا,نوع طريق ضيق/سكني (residential) — تم اختيار كازوارينا (Casuarina) لانخفاض مخاطر الجذور وصغر حجم المظلة المناسب لعرض الطريق.,1500.0,35.85,23.86,11.99
KED-ROAD-05121,شارع مساكن التمليك,residential,3,Casuarina,كازوارينا,نوع طريق ضيق/سكني (residential) — تم اختيار كازوارينا (Casuarina) لانخفاض مخاطر الجذور وصغر حجم المظلة المناسب لعرض الطريق.,1500.0,35.85,23.86,11.99
KED-ROAD-00505,شارع فلسطين,residential,3,Casuarina,كازوارينا,نوع طريق ضيق/سكني (residential) — تم اختيار كازوارينا (Casuarina) لانخفاض مخاطر الجذور وصغر حجم المظلة المناسب لعرض الطريق.,1500.0,38.65,26.65,12.0
KED-ROAD-03274,شارع الرزق,residential,3,Casuarina,كازوارينا,نوع طريق ضيق/سكني (residential) — تم اختيار كازوارينا (Casuarina) لانخفاض مخاطر الجذور وصغر حجم المظلة المناسب لعرض الطريق.,1500.0,34.51,22.52,11.99
KED-ROAD-04100,شارع احمد مزروع,residential,3,Casuarina,كازوارينا,نوع طريق ضيق/سكني (residential) — تم اختيار كازوارينا (Casuarina) لانخفاض مخاطر الجذور وصغر حجم المظلة المناسب لعرض الطريق.,1500.0,33.57,21.58,11.99
KED-ROAD-01989,شارع حميده,residential,3,Casuarina,كازوارينا,نوع طريق ضيق/سكني (residential) — تم اختيار كازوارينا (Casuarina) لانخفاض مخاطر الجذور وصغر حجم المظلة المناسب لعرض الطريق.,1500.0,33.01,21.02,12.0
KED-ROAD-01990,شارع حميده,residential,3,Casuarina,كازوارينا,نوع طريق ضيق/سكني (residential) — تم اختيار كازوارينا (Casuarina) لانخفاض مخاطر الجذور وصغر حجم المظلة المناسب لعرض الطريق.,1500.0,33.01,21.02,12.0
KED-ROAD-01991,شارع حميده,residential,3,Casuarina,كازوارينا,نوع طريق ضيق/سكني (residential) — تم اختيار كازوارينا (Casuarina) لانخفاض مخاطر الجذور وصغر حجم المظلة المناسب لعرض الطريق.,1500.0,36.94,24.94,12.0
KED-ROAD-04139,شارع السجينى,residential,3,Casuarina,كازوارينا,نوع طريق ضيق/سكني (residential) — تم اختيار كازوارينا (Casuarina) لانخفاض مخاطر الجذور وصغر حجم المظلة المناسب لعرض الطريق.,1500.0,39.79,27.8,11.99
KED-ROAD-04140,شارع السجينى,residential,3,Casuarina,كازوارينا,نوع طريق ضيق/سكني (residential) — تم اختيار كازوارينا (Casuarina) لانخفاض مخاطر الجذور وصغر حجم المظلة المناسب لعرض الطريق.,1500.0,39.79,27.8,11.99
KED-ROAD-04147,شارع 4,residential,3,Casuarina,كازوارينا,نوع طريق ضيق/سكني (residential) — تم اختيار كازوارينا (Casuarina) لانخفاض مخاطر الجذور وصغر حجم المظلة المناسب لعرض الطريق.,1500.0,36.4,24.42,11.99
KED-ROAD-04148,شارع 4,residential,3,Casuarina,كازوارينا,نوع طريق ضيق/سكني (residential) — تم اختيار كازوارينا (Casuarina) لانخفاض مخاطر الجذور وصغر حجم المظلة المناسب لعرض الطريق.,1500.0,36.4,24.42,11.99
KED-ROAD-04191,شارع الفقى,residential,3,Casuarina,كازوارينا,نوع طريق ضيق/سكني (residential) — تم اختيار كازوارينا (Casuarina) لانخفاض مخاطر الجذور وصغر حجم المظلة المناسب لعرض الطريق.,1500.0,37.15,25.16,11.99
KED-ROAD-04194,شارع البنا,residential,3,Casuarina,كازوارينا,نوع طريق ضيق/سكني (residential) — تم اختيار كازوارينا (Casuarina) لانخفاض مخاطر الجذور وصغر حجم المظلة المناسب لعرض الطريق.,1500.0,33.99,22.0,11.99
KED-ROAD-04926,شارع جمعه جامع,residential,3,Casuarina,كازوارينا,نوع طريق ضيق/سكني (residential) — تم اختيار كازوارينا (Casuarina) لانخفاض مخاطر الجذور وصغر حجم المظلة المناسب لعرض الطريق.,1500.0,35.82,23.82,12.0
KED-ROAD-04927,شارع جمعه جامع,residential,3,Casuarina,كازوارينا,نوع طريق ضيق/سكني (residential) — تم اختيار كازوارينا (Casuarina) لانخفاض مخاطر الجذور وصغر حجم المظلة المناسب لعرض الطريق.,1500.0,35.82,23.82,12.0
KED-ROAD-04928,شارع مبره محمد على,residential,3,Casuarina,كازوارينا,نوع طريق ضيق/سكني (residential) — تم اختيار كازوارينا (Casuarina) لانخفاض مخاطر الجذور وصغر حجم المظلة المناسب لعرض الطريق.,1500.0,34.6,22.61,11.99
KED-ROAD-04929,شارع مبره محمد على,residential,3,Casuarina,كازوارينا,نوع طريق ضيق/سكني (residential) — تم اختيار كازوارينا (Casuarina) لانخفاض مخاطر الجذور وصغر حجم المظلة المناسب لعرض الطريق.,1500.0,34.6,22.61,11.99
KED-ROAD-04933,شارع عمر بن عبد العزيز,residential,3,Casuarina,كازوارينا,نوع طريق ضيق/سكني (residential) — تم اختيار كازوارينا (Casuarina) لانخفاض مخاطر الجذور وصغر حجم المظلة المناسب لعرض الطريق.,1500.0,34.11,22.11,12.0
KED-ROAD-04198,شارع الوزير,residential,3,Casuarina,كازوارينا,نوع طريق ضيق/سكني (residential) — تم اختيار كازوارينا (Casuarina) لانخفاض مخاطر الجذور وصغر حجم المظلة المناسب لعرض الطريق.,1500.0,33.74,21.75,11.99
KED-ROAD-04199,شارع الوزير,residential,3,Casuarina,كازوارينا,نوع طريق ضيق/سكني (residential) — تم اختيار كازوارينا (Casuarina) لانخفاض مخاطر الجذور وصغر حجم المظلة المناسب لعرض الطريق.,1500.0,33.74,21.75,11.99
KED-ROAD-04200,شارع الحناوي,residential,3,Casuarina,كازوارينا,نوع طريق ضيق/سكني (residential) — تم اختيار كازوارينا (Casuarina) لانخفاض مخاطر الجذور وصغر حجم المظلة المناسب لعرض الطريق.,1500.0,35.32,23.33,11.99
KED-ROAD-04201,شارع الحناوي,residential,3,Casuarina,كازوارينا,نوع طريق ضيق/سكني (residential) — تم اختيار كازوارينا (Casuarina) لانخفاض مخاطر الجذور وصغر حجم المظلة المناسب لعرض الطريق.,1500.0,35.32,23.33,11.99
KED-ROAD-01896,شارع احمد بكر,residential,3,Casuarina,كازوارينا,نوع طريق ضيق/سكني (residential) — تم اختيار كازوارينا (Casuarina) لانخفاض مخاطر الجذور وصغر حجم المظلة المناسب لعرض الطريق.,1500.0,34.87,22.88,11.99
KED-ROAD-01899,شارع شتا,residential,3,Casuarina,كازوارينا,نوع طريق ضيق/سكني (residential) — تم اختيار كازوارينا (Casuarina) لانخفاض مخاطر الجذور وصغر حجم المظلة المناسب لعرض الطريق.,1500.0,36.61,24.62,11.99
KED-ROAD-01900,شارع شتا,residential,3,Casuarina,كازوارينا,نوع طريق ضيق/سكني (residential) — تم اختيار كازوارينا (Casuarina) لانخفاض مخاطر الجذور وصغر حجم المظلة المناسب لعرض الطريق.,1500.0,36.61,24.62,11.99
KED-ROAD-01926,شارع فوزي شعيب,residential,3,Casuarina,كازوارينا,نوع طريق ضيق/سكني (residential) — تم اختيار كازوارينا (Casuarina) لانخفاض مخاطر الجذور وصغر حجم المظلة المناسب لعرض الطريق.,1500.0,37.16,25.16,12.0
KED-ROAD-01876,شارع السجينى,residential,3,Casuarina,كازوارينا,نوع طريق ضيق/سكني (residential) — تم اختيار كازوارينا (Casuarina) لانخفاض مخاطر الجذور وصغر حجم المظلة المناسب لعرض الطريق.,1500.0,37.98,25.99,11.99
KED-ROAD-01877,شارع السجينى,residential,3,Casuarina,كازوارينا,نوع طريق ضيق/سكني (residential) — تم اختيار كازوارينا (Casuarina) لانخفاض مخاطر الجذور وصغر حجم المظلة المناسب لعرض الطريق.,1500.0,37.98,25.99,11.99
KED-ROAD-05001,شارع شحاته,residential,3,Casuarina,كازوارينا,نوع طريق ضيق/سكني (residential) — تم اختيار كازوارينا (Casuarina) لانخفاض مخاطر الجذور وصغر حجم المظلة المناسب لعرض الطريق.,1500.0,33.17,21.18,11.99
KED-ROAD-03315,شارع عزيز المصري,residential,3,Casuarina,كازوارينا,نوع طريق ضيق/سكني (residential) — تم اختيار كازوارينا (Casuarina) لانخفاض مخاطر الجذور وصغر حجم المظلة المناسب لعرض الطريق.,1500.0,38.85,26.87,11.99
KED-ROAD-03316,شارع عزيز المصري,residential,3,Casuarina,كازوارينا,نوع طريق ضيق/سكني (residential) — تم اختيار كازوارينا (Casuarina) لانخفاض مخاطر الجذور وصغر حجم المظلة المناسب لعرض الطريق.,1500.0,38.85,26.87,11.99
KED-ROAD-03317,شارع القنال,residential,3,Casuarina,كازوارينا,نوع طريق ضيق/سكني (residential) — تم اختيار كازوارينا (Casuarina) لانخفاض مخاطر الجذور وصغر حجم المظلة المناسب لعرض الطريق.,1500.0,34.69,22.7,11.99
KED-ROAD-03318,شارع القنال,residential,3,Casuarina,كازوارينا,نوع طريق ضيق/سكني (residential) — تم اختيار كازوارينا (Casuarina) لانخفاض مخاطر الجذور وصغر حجم المظلة المناسب لعرض الطريق.,1500.0,34.69,22.7,11.99
KED-ROAD-03273,شارع الرزق,residential,3,Casuarina,كازوارينا,نوع طريق ضيق/سكني (residential) — تم اختيار كازوارينا (Casuarina) لانخفاض مخاطر الجذور وصغر حجم المظلة المناسب لعرض الطريق.,1500.0,34.51,22.52,11.99
KED-ROAD-05038,شارع شحاته,residential,3,Casuarina,كازوارينا,نوع طريق ضيق/سكني (residential) — تم اختيار كازوارينا (Casuarina) لانخفاض مخاطر الجذور وصغر حجم المظلة المناسب لعرض الطريق.,1500.0,38.51,26.51,11.99
KED-ROAD-05049,شارع العدوى,residential,3,Casuarina,كازوارينا,نوع طريق ضيق/سكني (residential) — تم اختيار كازوارينا (Casuarina) لانخفاض مخاطر الجذور وصغر حجم المظلة المناسب لعرض الطريق.,1500.0,37.1,25.11,11.99
KED-ROAD-05050,شارع العدوى,residential,3,Casuarina,كازوارينا,نوع طريق ضيق/سكني (residential) — تم اختيار كازوارينا (Casuarina) لانخفاض مخاطر الجذور وصغر حجم المظلة المناسب لعرض الطريق.,1500.0,37.1,25.11,11.99
KED-ROAD-05051,شارع حسن مرزوق,residential,3,Casuarina,كازوارينا,نوع طريق ضيق/سكني (residential) — تم اختيار كازوارينا (Casuarina) لانخفاض مخاطر الجذور وصغر حجم المظلة المناسب لعرض الطريق.,1500.0,34.98,23.0,11.99
KED-ROAD-03434,شارع التحرير,residential,3,Casuarina,كازوارينا,نوع طريق ضيق/سكني (residential) — تم اختيار كازوارينا (Casuarina) لانخفاض مخاطر الجذور وصغر حجم المظلة المناسب لعرض الطريق.,1500.0,36.05,24.07,11.99
KED-ROAD-00761,شارع الخير,residential,3,Casuarina,كازوارينا,نوع طريق ضيق/سكني (residential) — تم اختيار كازوارينا (Casuarina) لانخفاض مخاطر الجذور وصغر حجم المظلة المناسب لعرض الطريق.,1500.0,33.19,21.2,11.99
KED-ROAD-00762,شارع الخير,residential,3,Casuarina,كازوارينا,نوع طريق ضيق/سكني (residential) — تم اختيار كازوارينا (Casuarina) لانخفاض مخاطر الجذور وصغر حجم المظلة المناسب لعرض الطريق.,1500.0,33.19,21.2,11.99
KED-ROAD-05005,شارع شحاته,residential,3,Casuarina,كازوارينا,نوع طريق ضيق/سكني (residential) — تم اختيار كازوارينا (Casuarina) لانخفاض مخاطر الجذور وصغر حجم المظلة المناسب لعرض الطريق.,1500.0,35.96,23.97,11.99
KED-ROAD-05006,شارع شحاته,residential,3,Casuarina,كازوارينا,نوع طريق ضيق/سكني (residential) — تم اختيار كازوارينا (Casuarina) لانخفاض مخاطر الجذور وصغر حجم المظلة المناسب لعرض الطريق.,1500.0,35.96,23.97,11.99
KED-ROAD-05022,شارع شحاته,residential,3,Casuarina,كازوارينا,نوع طريق ضيق/سكني (residential) — تم اختيار كازوارينا (Casuarina) لانخفاض مخاطر الجذور وصغر حجم المظلة المناسب لعرض الطريق.,1500.0,33.17,21.18,11.99
KED-ROAD-05029,شارع مساكن المجلس,residential,3,Casuarina,كازوارينا,نوع طريق ضيق/سكني (residential) — تم اختيار كازوارينا (Casuarina) لانخفاض مخاطر الجذور وصغر حجم المظلة المناسب لعرض الطريق.,1500.0,39.67,27.67,12.0
KED-ROAD-05030,شارع مساكن المجلس,residential,3,Casuarina,كازوارينا,نوع طريق ضيق/سكني (residential) — تم اختيار كازوارينا (Casuarina) لانخفاض مخاطر الجذور وصغر حجم المظلة المناسب لعرض الطريق.,1500.0,39.67,27.67,12.0
KED-ROAD-05033,شارع على بركه,residential,3,Casuarina,كازوارينا,نوع طريق ضيق/سكني (residential) — تم اختيار كازوارينا (Casuarina) لانخفاض مخاطر الجذور وصغر حجم المظلة المناسب لعرض الطريق.,1500.0,34.42,22.42,12.0
KED-ROAD-00679,شارع ابو بكر الصديق,residential,3,Casuarina,كازوارينا,نوع طريق ضيق/سكني (residential) — تم اختيار كازوارينا (Casuarina) لانخفاض مخاطر الجذور وصغر حجم المظلة المناسب لعرض الطريق.,1500.0,33.48,21.49,12.0
KED-ROAD-00680,شارع ابو بكر الصديق,residential,3,Casuarina,كازوارينا,نوع طريق ضيق/سكني (residential) — تم اختيار كازوارينا (Casuarina) لانخفاض مخاطر الجذور وصغر حجم المظلة المناسب لعرض الطريق.,1500.0,33.48,21.49,12.0
KED-ROAD-04195,شارع البنا,residential,3,Casuarina,كازوارينا,نوع طريق ضيق/سكني (residential) — تم اختيار كازوارينا (Casuarina) لانخفاض مخاطر الجذور وصغر حجم المظلة المناسب لعرض الطريق.,1500.0,33.99,22.0,11.99
KED-ROAD-04177,شارع السجينى,residential,3,Casuarina,كازوارينا,نوع طريق ضيق/سكني (residential) — تم اختيار كازوارينا (Casuarina) لانخفاض مخاطر الجذور وصغر حجم المظلة المناسب لعرض الطريق.,1500.0,38.34,26.35,11.99
KED-ROAD-06205,شارع خلف المساكن,residential,3,Casuarina,كازوارينا,نوع طريق ضيق/سكني (residential) — تم اختيار كازوارينا (Casuarina) لانخفاض مخاطر الجذور وصغر حجم المظلة المناسب لعرض الطريق.,1500.0,35.55,23.56,11.99
KED-ROAD-06204,شارع خلف المساكن,residential,3,Casuarina,كازوارينا,نوع طريق ضيق/سكني (residential) — تم اختيار كازوارينا (Casuarina) لانخفاض مخاطر الجذور وصغر حجم المظلة المناسب لعرض الطريق.,1500.0,35.55,23.56,11.99
KED-ROAD-06355,شارع خلف المساكن,residential,3,Casuarina,كازوارينا,نوع طريق ضيق/سكني (residential) — تم اختيار كازوارينا (Casuarina) لانخفاض مخاطر الجذور وصغر حجم المظلة المناسب لعرض الطريق.,1500.0,36.57,24.58,11.99
KED-ROAD-05072,شارع حسن مرزوق,residential,3,Casuarina,كازوارينا,نوع طريق ضيق/سكني (residential) — تم اختيار كازوارينا (Casuarina) لانخفاض مخاطر الجذور وصغر حجم المظلة المناسب لعرض الطريق.,1500.0,34.98,23.0,11.99
KED-ROAD-05073,شارع العدوى,residential,3,Casuarina,كازوارينا,نوع طريق ضيق/سكني (residential) — تم اختيار كازوارينا (Casuarina) لانخفاض مخاطر الجذور وصغر حجم المظلة المناسب لعرض الطريق.,1500.0,36.13,24.13,11.99
KED-ROAD-05074,شارع العدوى,residential,3,Casuarina,كازوارينا,نوع طريق ضيق/سكني (residential) — تم اختيار كازوارينا (Casuarina) لانخفاض مخاطر الجذور وصغر حجم المظلة المناسب لعرض الطريق.,1500.0,36.13,24.13,11.99
KED-ROAD-00631,شارع 102,residential,3,Casuarina,كازوارينا,نوع طريق ضيق/سكني (residential) — تم اختيار كازوارينا (Casuarina) لانخفاض مخاطر الجذور وصغر حجم المظلة المناسب لعرض الطريق.,1500.0,39.27,27.28,11.99
KED-ROAD-00632,شارع المقابر,residential,3,Casuarina,كازوارينا,نوع طريق ضيق/سكني (residential) — تم اختيار كازوارينا (Casuarina) لانخفاض مخاطر الجذور وصغر حجم المظلة المناسب لعرض الطريق.,1500.0,38.84,26.85,11.99
KED-ROAD-00633,شارع المقابر,residential,3,Casuarina,كازوارينا,نوع طريق ضيق/سكني (residential) — تم اختيار كازوارينا (Casuarina) لانخفاض مخاطر الجذور وصغر حجم المظلة المناسب لعرض الطريق.,1500.0,38.84,26.85,11.99
KED-ROAD-00655,شارع 2,residential,3,Casuarina,كازوارينا,نوع طريق ضيق/سكني (residential) — تم اختيار كازوارينا (Casuarina) لانخفاض مخاطر الجذور وصغر حجم المظلة المناسب لعرض الطريق.,1500.0,38.17,26.18,11.99
KED-ROAD-00656,شارع 2,residential,3,Casuarina,كازوارينا,نوع طريق ضيق/سكني (residential) — تم اختيار كازوارينا (Casuarina) لانخفاض مخاطر الجذور وصغر حجم المظلة المناسب لعرض الطريق.,1500.0,38.17,26.18,11.99
KED-ROAD-00673,حارة ذكى مبارك,residential,3,Casuarina,كازوارينا,نوع طريق ضيق/سكني (residential) — تم اختيار كازوارينا (Casuarina) لانخفاض مخاطر الجذور وصغر حجم المظلة المناسب لعرض الطريق.,1500.0,36.5,24.51,11.99
KED-ROAD-00674,حارة ذكى مبارك,residential,3,Casuarina,كازوارينا,نوع طريق ضيق/سكني (residential) — تم اختيار كازوارينا (Casuarina) لانخفاض مخاطر الجذور وصغر حجم المظلة المناسب لعرض الطريق.,1500.0,36.5,24.51,11.99
KED-ROAD-05062,شارع غطاس تادرس,residential,3,Casuarina,كازوارينا,نوع طريق ضيق/سكني (residential) — تم اختيار كازوارينا (Casuarina) لانخفاض مخاطر الجذور وصغر حجم المظلة المناسب لعرض الطريق.,1500.0,35.83,23.84,11.99
KED-ROAD-01955,شارع فوزي شعيب,residential,3,Casuarina,كازوارينا,نوع طريق ضيق/سكني (residential) — تم اختيار كازوارينا (Casuarina) لانخفاض مخاطر الجذور وصغر حجم المظلة المناسب لعرض الطريق.,1500.0,33.14,21.14,12.0
KED-ROAD-02635,شارع احمد يونس,residential,3,Casuarina,كازوارينا,نوع طريق ضيق/سكني (residential) — تم اختيار كازوارينا (Casuarina) لانخفاض مخاطر الجذور وصغر حجم المظلة المناسب لعرض الطريق.,1500.0,34.87,22.88,11.99
KED-ROAD-02593,شارع محمد كساب,residential,3,Casuarina,كازوارينا,نوع طريق ضيق/سكني (residential) — تم اختيار كازوارينا (Casuarina) لانخفاض مخاطر الجذور وصغر حجم المظلة المناسب لعرض الطريق.,1500.0,35.42,23.44,11.99
KED-ROAD-01518,شارع احمد عرابى,secondary,3,Neem,نيم,نوع طريق رئيسي/متوسط (secondary) — تم اختيار نيم (Neem) لأعلى توافق موثّق (تحمل حراري مرتفع، احتياج مائي منخفض، ملاءمة عالية للطرق).,1500.0,42.75,30.75,12.0
KED-ROAD-04459,شارع عبد اللطيف هيكل,residential,3,Casuarina,كازوارينا,نوع طريق ضيق/سكني (residential) — تم اختيار كازوارينا (Casuarina) لانخفاض مخاطر الجذور وصغر حجم المظلة المناسب لعرض الطريق.,1500.0,38.51,26.52,11.99
KED-ROAD-04460,شارع عبد اللطيف هيكل,residential,3,Casuarina,كازوارينا,نوع طريق ضيق/سكني (residential) — تم اختيار كازوارينا (Casuarina) لانخفاض مخاطر الجذور وصغر حجم المظلة المناسب لعرض الطريق.,1500.0,38.51,26.52,11.99
KED-ROAD-01500,شارع حمزه,residential,3,Casuarina,كازوارينا,نوع طريق ضيق/سكني (residential) — تم اختيار كازوارينا (Casuarina) لانخفاض مخاطر الجذور وصغر حجم المظلة المناسب لعرض الطريق.,1500.0,34.98,23.0,11.99
KED-ROAD-06354,شارع خلف المساكن,residential,3,Casuarina,كازوارينا,نوع طريق ضيق/سكني (residential) — تم اختيار كازوارينا (Casuarina) لانخفاض مخاطر الجذور وصغر حجم المظلة المناسب لعرض الطريق.,1500.0,36.57,24.58,11.99
KED-ROAD-00139,شارع سامى شميسة,residential,3,Casuarina,كازوارينا,نوع طريق ضيق/سكني (residential) — تم اختيار كازوارينا (Casuarina) لانخفاض مخاطر الجذور وصغر حجم المظلة المناسب لعرض الطريق.,1500.0,35.68,23.69,11.99
KED-ROAD-00140,شارع سامى شميسة,residential,3,Casuarina,كازوارينا,نوع طريق ضيق/سكني (residential) — تم اختيار كازوارينا (Casuarina) لانخفاض مخاطر الجذور وصغر حجم المظلة المناسب لعرض الطريق.,1500.0,35.68,23.69,11.99
KED-ROAD-00143,شارع على مبروك خفاجه,residential,3,Casuarina,كازوارينا,نوع طريق ضيق/سكني (residential) — تم اختيار كازوارينا (Casuarina) لانخفاض مخاطر الجذور وصغر حجم المظلة المناسب لعرض الطريق.,1500.0,38.01,26.02,11.99
KED-ROAD-00144,شارع على مبروك خفاجه,residential,3,Casuarina,كازوارينا,نوع طريق ضيق/سكني (residential) — تم اختيار كازوارينا (Casuarina) لانخفاض مخاطر الجذور وصغر حجم المظلة المناسب لعرض الطريق.,1500.0,38.01,26.02,11.99
KED-ROAD-00094,"طريق كفر الدوار, ابو المطامير",secondary,3,Neem,نيم,نوع طريق رئيسي/متوسط (secondary) — تم اختيار نيم (Neem) لأعلى توافق موثّق (تحمل حراري مرتفع، احتياج مائي منخفض، ملاءمة عالية للطرق).,1500.0,40.18,28.19,11.99
KED-ROAD-05083,شارع العدوى,residential,3,Casuarina,كازوارينا,نوع طريق ضيق/سكني (residential) — تم اختيار كازوارينا (Casuarina) لانخفاض مخاطر الجذور وصغر حجم المظلة المناسب لعرض الطريق.,1500.0,33.17,21.18,11.99
KED-ROAD-05084,شارع العدوى,residential,3,Casuarina,كازوارينا,نوع طريق ضيق/سكني (residential) — تم اختيار كازوارينا (Casuarina) لانخفاض مخاطر الجذور وصغر حجم المظلة المناسب لعرض الطريق.,1500.0,33.17,21.18,11.99
KED-ROAD-05085,شارع عبد العزيز الزمراني,residential,3,Casuarina,كازوارينا,نوع طريق ضيق/سكني (residential) — تم اختيار كازوارينا (Casuarina) لانخفاض مخاطر الجذور وصغر حجم المظلة المناسب لعرض الطريق.,1500.0,35.79,23.8,11.99
KED-ROAD-05086,شارع عبد العزيز الزمراني,residential,3,Casuarina,كازوارينا,نوع طريق ضيق/سكني (residential) — تم اختيار كازوارينا (Casuarina) لانخفاض مخاطر الجذور وصغر حجم المظلة المناسب لعرض الطريق.,1500.0,35.79,23.8,11.99
KED-ROAD-00005,طريق البردلة الرئيسى,residential,2,Casuarina,كازوارينا,نوع طريق ضيق/سكني (residential) — تم اختيار كازوارينا (Casuarina) لانخفاض مخاطر الجذور وصغر حجم المظلة المناسب لعرض الطريق.,1000.0,31.78,19.79,11.99
KED-ROAD-03397,شارع التأمين الصحى,residential,2,Casuarina,كازوارينا,نوع طريق ضيق/سكني (residential) — تم اختيار كازوارينا (Casuarina) لانخفاض مخاطر الجذور وصغر حجم المظلة المناسب لعرض الطريق.,1000.0,29.91,17.92,11.99
KED-ROAD-03398,شارع التأمين الصحى,residential,2,Casuarina,كازوارينا,نوع طريق ضيق/سكني (residential) — تم اختيار كازوارينا (Casuarina) لانخفاض مخاطر الجذور وصغر حجم المظلة المناسب لعرض الطريق.,1000.0,29.91,17.92,11.99
KED-ROAD-00006,طريق البردلة الرئيسى,residential,2,Casuarina,كازوارينا,نوع طريق ضيق/سكني (residential) — تم اختيار كازوارينا (Casuarina) لانخفاض مخاطر الجذور وصغر حجم المظلة المناسب لعرض الطريق.,1000.0,31.78,19.79,11.99
KED-ROAD-06254,شارع مسجد الهدي,residential,2,Casuarina,كازوارينا,نوع طريق ضيق/سكني (residential) — تم اختيار كازوارينا (Casuarina) لانخفاض مخاطر الجذور وصغر حجم المظلة المناسب لعرض الطريق.,1000.0,27.15,15.15,12.0
KED-ROAD-06253,شارع مسجد الهدي,residential,2,Casuarina,كازوارينا,نوع طريق ضيق/سكني (residential) — تم اختيار كازوارينا (Casuarina) لانخفاض مخاطر الجذور وصغر حجم المظلة المناسب لعرض الطريق.,1000.0,27.15,15.15,12.0
KED-ROAD-03411,شارع محمود الصباغ,residential,2,Casuarina,كازوارينا,نوع طريق ضيق/سكني (residential) — تم اختيار كازوارينا (Casuarina) لانخفاض مخاطر الجذور وصغر حجم المظلة المناسب لعرض الطريق.,1000.0,29.48,17.49,11.99
KED-ROAD-03412,شارع محمود الصباغ,residential,2,Casuarina,كازوارينا,نوع طريق ضيق/سكني (residential) — تم اختيار كازوارينا (Casuarina) لانخفاض مخاطر الجذور وصغر حجم المظلة المناسب لعرض الطريق.,1000.0,29.48,17.49,11.99
KED-ROAD-00173,شارع 107,residential,2,Casuarina,كازوارينا,نوع طريق ضيق/سكني (residential) — تم اختيار كازوارينا (Casuarina) لانخفاض مخاطر الجذور وصغر حجم المظلة المناسب لعرض الطريق.,1000.0,32.58,20.59,11.99
KED-ROAD-00172,شارع خليفه,residential,2,Casuarina,كازوارينا,نوع طريق ضيق/سكني (residential) — تم اختيار كازوارينا (Casuarina) لانخفاض مخاطر الجذور وصغر حجم المظلة المناسب لعرض الطريق.,1000.0,31.39,19.4,11.99
KED-ROAD-00171,شارع خليفه,residential,2,Casuarina,كازوارينا,نوع طريق ضيق/سكني (residential) — تم اختيار كازوارينا (Casuarina) لانخفاض مخاطر الجذور وصغر حجم المظلة المناسب لعرض الطريق.,1000.0,31.39,19.4,11.99
KED-ROAD-00168,شارع المصرف,residential,2,Casuarina,كازوارينا,نوع طريق ضيق/سكني (residential) — تم اختيار كازوارينا (Casuarina) لانخفاض مخاطر الجذور وصغر حجم المظلة المناسب لعرض الطريق.,1000.0,27.38,15.39,11.99
KED-ROAD-00167,شارع المصرف,residential,2,Casuarina,كازوارينا,نوع طريق ضيق/سكني (residential) — تم اختيار كازوارينا (Casuarina) لانخفاض مخاطر الجذور وصغر حجم المظلة المناسب لعرض الطريق.,1000.0,27.38,15.39,11.99
KED-ROAD-00160,شارع 108,residential,2,Casuarina,كازوارينا,نوع طريق ضيق/سكني (residential) — تم اختيار كازوارينا (Casuarina) لانخفاض مخاطر الجذور وصغر حجم المظلة المناسب لعرض الطريق.,1000.0,30.77,18.78,11.99
KED-ROAD-06186,شارع اللواء محمود ابراهيم الكومى,residential,2,Casuarina,كازوارينا,نوع طريق ضيق/سكني (residential) — تم اختيار كازوارينا (Casuarina) لانخفاض مخاطر الجذور وصغر حجم المظلة المناسب لعرض الطريق.,1000.0,28.19,16.2,11.99
KED-ROAD-06185,شارع اللواء محمود ابراهيم الكومى,residential,2,Casuarina,كازوارينا,نوع طريق ضيق/سكني (residential) — تم اختيار كازوارينا (Casuarina) لانخفاض مخاطر الجذور وصغر حجم المظلة المناسب لعرض الطريق.,1000.0,28.19,16.2,11.99
KED-ROAD-06184,شارع اللواء محمود ابراهيم الكومى,residential,2,Casuarina,كازوارينا,نوع طريق ضيق/سكني (residential) — تم اختيار كازوارينا (Casuarina) لانخفاض مخاطر الجذور وصغر حجم المظلة المناسب لعرض الطريق.,1000.0,26.98,14.99,11.99
KED-ROAD-03455,شارع الأدباء,residential,2,Casuarina,كازوارينا,نوع طريق ضيق/سكني (residential) — تم اختيار كازوارينا (Casuarina) لانخفاض مخاطر الجذور وصغر حجم المظلة المناسب لعرض الطريق.,1000.0,32.74,20.75,11.99
KED-ROAD-03454,شارع الأدباء,residential,2,Casuarina,كازوارينا,نوع طريق ضيق/سكني (residential) — تم اختيار كازوارينا (Casuarina) لانخفاض مخاطر الجذور وصغر حجم المظلة المناسب لعرض الطريق.,1000.0,32.74,20.75,11.99
KED-ROAD-03268,شارع القوى,residential,2,Casuarina,كازوارينا,نوع طريق ضيق/سكني (residential) — تم اختيار كازوارينا (Casuarina) لانخفاض مخاطر الجذور وصغر حجم المظلة المناسب لعرض الطريق.,1000.0,31.08,19.09,11.99
KED-ROAD-03322,شارع إسماعيل شحاتة,residential,2,Casuarina,كازوارينا,نوع طريق ضيق/سكني (residential) — تم اختيار كازوارينا (Casuarina) لانخفاض مخاطر الجذور وصغر حجم المظلة المناسب لعرض الطريق.,1000.0,28.66,16.66,12.0
KED-ROAD-03321,شارع إسماعيل شحاتة,residential,2,Casuarina,كازوارينا,نوع طريق ضيق/سكني (residential) — تم اختيار كازوارينا (Casuarina) لانخفاض مخاطر الجذور وصغر حجم المظلة المناسب لعرض الطريق.,1000.0,28.66,16.66,12.0
KED-ROAD-06083,شارع اللواء محمود ابراهيم الكومى,residential,2,Casuarina,كازوارينا,نوع طريق ضيق/سكني (residential) — تم اختيار كازوارينا (Casuarina) لانخفاض مخاطر الجذور وصغر حجم المظلة المناسب لعرض الطريق.,1000.0,26.98,14.99,11.99
KED-ROAD-06082,شارع اللواء محمود ابراهيم الكومى,residential,2,Casuarina,كازوارينا,نوع طريق ضيق/سكني (residential) — تم اختيار كازوارينا (Casuarina) لانخفاض مخاطر الجذور وصغر حجم المظلة المناسب لعرض الطريق.,1000.0,28.25,16.25,11.99
KED-ROAD-06081,شارع اللواء محمود ابراهيم الكومى,residential,2,Casuarina,كازوارينا,نوع طريق ضيق/سكني (residential) — تم اختيار كازوارينا (Casuarina) لانخفاض مخاطر الجذور وصغر حجم المظلة المناسب لعرض الطريق.,1000.0,28.25,16.25,11.99
KED-ROAD-03482,شارع السيدة عائشة,residential,2,Casuarina,كازوارينا,نوع طريق ضيق/سكني (residential) — تم اختيار كازوارينا (Casuarina) لانخفاض مخاطر الجذور وصغر حجم المظلة المناسب لعرض الطريق.,1000.0,28.27,16.28,11.99
KED-ROAD-03478,شارع الاتوبيس,residential,2,Casuarina,كازوارينا,نوع طريق ضيق/سكني (residential) — تم اختيار كازوارينا (Casuarina) لانخفاض مخاطر الجذور وصغر حجم المظلة المناسب لعرض الطريق.,1000.0,30.38,18.39,11.99
KED-ROAD-03477,شارع الاتوبيس,residential,2,Casuarina,كازوارينا,نوع طريق ضيق/سكني (residential) — تم اختيار كازوارينا (Casuarina) لانخفاض مخاطر الجذور وصغر حجم المظلة المناسب لعرض الطريق.,1000.0,30.38,18.39,11.99
KED-ROAD-03474,شارع النهضة,residential,2,Casuarina,كازوارينا,نوع طريق ضيق/سكني (residential) — تم اختيار كازوارينا (Casuarina) لانخفاض مخاطر الجذور وصغر حجم المظلة المناسب لعرض الطريق.,1000.0,30.29,18.3,11.99
KED-ROAD-03473,شارع النهضة,residential,2,Casuarina,كازوارينا,نوع طريق ضيق/سكني (residential) — تم اختيار كازوارينا (Casuarina) لانخفاض مخاطر الجذور وصغر حجم المظلة المناسب لعرض الطريق.,1000.0,30.29,18.3,11.99
KED-ROAD-03472,شارع النهضة,residential,2,Casuarina,كازوارينا,نوع طريق ضيق/سكني (residential) — تم اختيار كازوارينا (Casuarina) لانخفاض مخاطر الجذور وصغر حجم المظلة المناسب لعرض الطريق.,1000.0,31.47,19.48,11.99
KED-ROAD-03471,شارع النهضة,residential,2,Casuarina,كازوارينا,نوع طريق ضيق/سكني (residential) — تم اختيار كازوارينا (Casuarina) لانخفاض مخاطر الجذور وصغر حجم المظلة المناسب لعرض الطريق.,1000.0,31.47,19.48,11.99
KED-ROAD-03465,شارع الامه,residential,2,Casuarina,كازوارينا,نوع طريق ضيق/سكني (residential) — تم اختيار كازوارينا (Casuarina) لانخفاض مخاطر الجذور وصغر حجم المظلة المناسب لعرض الطريق.,1000.0,29.86,17.87,11.99
KED-ROAD-03464,شارع الامه,residential,2,Casuarina,كازوارينا,نوع طريق ضيق/سكني (residential) — تم اختيار كازوارينا (Casuarina) لانخفاض مخاطر الجذور وصغر حجم المظلة المناسب لعرض الطريق.,1000.0,29.86,17.87,11.99
KED-ROAD-03267,شارع القوى,residential,2,Casuarina,كازوارينا,نوع طريق ضيق/سكني (residential) — تم اختيار كازوارينا (Casuarina) لانخفاض مخاطر الجذور وصغر حجم المظلة المناسب لعرض الطريق.,1000.0,31.08,19.09,11.99
KED-ROAD-03264,شارع الترعه,residential,2,Casuarina,كازوارينا,نوع طريق ضيق/سكني (residential) — تم اختيار كازوارينا (Casuarina) لانخفاض مخاطر الجذور وصغر حجم المظلة المناسب لعرض الطريق.,1000.0,28.43,16.42,12.01
KED-ROAD-03263,شارع الترعه,residential,2,Casuarina,كازوارينا,نوع طريق ضيق/سكني (residential) — تم اختيار كازوارينا (Casuarina) لانخفاض مخاطر الجذور وصغر حجم المظلة المناسب لعرض الطريق.,1000.0,28.43,16.42,12.01
KED-ROAD-06004,شارع مساكن الإسكان الصناعى,residential,2,Casuarina,كازوارينا,نوع طريق ضيق/سكني (residential) — تم اختيار كازوارينا (Casuarina) لانخفاض مخاطر الجذور وصغر حجم المظلة المناسب لعرض الطريق.,1000.0,26.0,14.01,11.99
KED-ROAD-00190,شارع الوقار,residential,2,Casuarina,كازوارينا,نوع طريق ضيق/سكني (residential) — تم اختيار كازوارينا (Casuarina) لانخفاض مخاطر الجذور وصغر حجم المظلة المناسب لعرض الطريق.,1000.0,29.42,17.42,11.99
KED-ROAD-00189,شارع الوقار,residential,2,Casuarina,كازوارينا,نوع طريق ضيق/سكني (residential) — تم اختيار كازوارينا (Casuarina) لانخفاض مخاطر الجذور وصغر حجم المظلة المناسب لعرض الطريق.,1000.0,29.42,17.42,11.99
KED-ROAD-00180,شارع محمد متولي الشعراوى,residential,2,Casuarina,كازوارينا,نوع طريق ضيق/سكني (residential) — تم اختيار كازوارينا (Casuarina) لانخفاض مخاطر الجذور وصغر حجم المظلة المناسب لعرض الطريق.,1000.0,31.92,19.93,11.99
KED-ROAD-00179,شارع محمد متولي الشعراوى,residential,2,Casuarina,كازوارينا,نوع طريق ضيق/سكني (residential) — تم اختيار كازوارينا (Casuarina) لانخفاض مخاطر الجذور وصغر حجم المظلة المناسب لعرض الطريق.,1000.0,31.92,19.93,11.99
KED-ROAD-00212,"طريق كفر الدوار, ابو المطامير",secondary,2,Neem,نيم,نوع طريق رئيسي/متوسط (secondary) — تم اختيار نيم (Neem) لأعلى توافق موثّق (تحمل حراري مرتفع، احتياج مائي منخفض، ملاءمة عالية للطرق).,1000.0,35.21,23.22,11.99
KED-ROAD-00211,"طريق كفر الدوار, ابو المطامير",secondary,2,Neem,نيم,نوع طريق رئيسي/متوسط (secondary) — تم اختيار نيم (Neem) لأعلى توافق موثّق (تحمل حراري مرتفع، احتياج مائي منخفض، ملاءمة عالية للطرق).,1000.0,35.21,23.22,11.99
KED-ROAD-00210,شارع سامى شميسة,residential,2,Casuarina,كازوارينا,نوع طريق ضيق/سكني (residential) — تم اختيار كازوارينا (Casuarina) لانخفاض مخاطر الجذور وصغر حجم المظلة المناسب لعرض الطريق.,1000.0,27.92,15.94,11.99
KED-ROAD-00209,شارع سامى شميسة,residential,2,Casuarina,كازوارينا,نوع طريق ضيق/سكني (residential) — تم اختيار كازوارينا (Casuarina) لانخفاض مخاطر الجذور وصغر حجم المظلة المناسب لعرض الطريق.,1000.0,27.92,15.94,11.99
KED-ROAD-00240,شارع المصرف,residential,2,Casuarina,كازوارينا,نوع طريق ضيق/سكني (residential) — تم اختيار كازوارينا (Casuarina) لانخفاض مخاطر الجذور وصغر حجم المظلة المناسب لعرض الطريق.,1000.0,31.58,19.59,11.99
KED-ROAD-00239,شارع المصرف,residential,2,Casuarina,كازوارينا,نوع طريق ضيق/سكني (residential) — تم اختيار كازوارينا (Casuarina) لانخفاض مخاطر الجذور وصغر حجم المظلة المناسب لعرض الطريق.,1000.0,31.58,19.59,11.99
KED-ROAD-03516,شارع لواء الاسلام,residential,2,Casuarina,كازوارينا,نوع طريق ضيق/سكني (residential) — تم اختيار كازوارينا (Casuarina) لانخفاض مخاطر الجذور وصغر حجم المظلة المناسب لعرض الطريق.,1000.0,26.18,14.19,11.99
KED-ROAD-03515,شارع لواء الاسلام,residential,2,Casuarina,كازوارينا,نوع طريق ضيق/سكني (residential) — تم اختيار كازوارينا (Casuarina) لانخفاض مخاطر الجذور وصغر حجم المظلة المناسب لعرض الطريق.,1000.0,26.18,14.19,11.99
KED-ROAD-03509,شارع السيدة عائشة,residential,2,Casuarina,كازوارينا,نوع طريق ضيق/سكني (residential) — تم اختيار كازوارينا (Casuarina) لانخفاض مخاطر الجذور وصغر حجم المظلة المناسب لعرض الطريق.,1000.0,29.79,17.8,11.99
KED-ROAD-03508,شارع السيدة عائشة,residential,2,Casuarina,كازوارينا,نوع طريق ضيق/سكني (residential) — تم اختيار كازوارينا (Casuarina) لانخفاض مخاطر الجذور وصغر حجم المظلة المناسب لعرض الطريق.,1000.0,29.79,17.8,11.99
KED-ROAD-03483,شارع السيدة عائشة,residential,2,Casuarina,كازوارينا,نوع طريق ضيق/سكني (residential) — تم اختيار كازوارينا (Casuarina) لانخفاض مخاطر الجذور وصغر حجم المظلة المناسب لعرض الطريق.,1000.0,28.27,16.28,11.99
KED-ROAD-05979,شارع الترعه,residential,2,Casuarina,كازوارينا,نوع طريق ضيق/سكني (residential) — تم اختيار كازوارينا (Casuarina) لانخفاض مخاطر الجذور وصغر حجم المظلة المناسب لعرض الطريق.,1000.0,27.41,15.42,11.99
KED-ROAD-05978,شارع الترعه,residential,2,Casuarina,كازوارينا,نوع طريق ضيق/سكني (residential) — تم اختيار كازوارينا (Casuarina) لانخفاض مخاطر الجذور وصغر حجم المظلة المناسب لعرض الطريق.,1000.0,27.41,15.42,11.99
KED-ROAD-05937,شارع الترعه,residential,2,Casuarina,كازوارينا,نوع طريق ضيق/سكني (residential) — تم اختيار كازوارينا (Casuarina) لانخفاض مخاطر الجذور وصغر حجم المظلة المناسب لعرض الطريق.,1000.0,28.13,16.14,11.99
KED-ROAD-05936,شارع الترعه,residential,2,Casuarina,كازوارينا,نوع طريق ضيق/سكني (residential) — تم اختيار كازوارينا (Casuarina) لانخفاض مخاطر الجذور وصغر حجم المظلة المناسب لعرض الطريق.,1000.0,28.13,16.14,11.99
KED-ROAD-00267,شارع 109,residential,2,Casuarina,كازوارينا,نوع طريق ضيق/سكني (residential) — تم اختيار كازوارينا (Casuarina) لانخفاض مخاطر الجذور وصغر حجم المظلة المناسب لعرض الطريق.,1000.0,29.64,17.65,11.99
KED-ROAD-00266,شارع 110,residential,2,Casuarina,كازوارينا,نوع طريق ضيق/سكني (residential) — تم اختيار كازوارينا (Casuarina) لانخفاض مخاطر الجذور وصغر حجم المظلة المناسب لعرض الطريق.,1000.0,27.41,15.42,11.99
KED-ROAD-00265,شارع 110,residential,2,Casuarina,كازوارينا,نوع طريق ضيق/سكني (residential) — تم اختيار كازوارينا (Casuarina) لانخفاض مخاطر الجذور وصغر حجم المظلة المناسب لعرض الطريق.,1000.0,27.41,15.42,11.99
KED-ROAD-03195,شارع 26 يوليو,residential,2,Casuarina,كازوارينا,نوع طريق ضيق/سكني (residential) — تم اختيار كازوارينا (Casuarina) لانخفاض مخاطر الجذور وصغر حجم المظلة المناسب لعرض الطريق.,1000.0,29.72,17.73,11.99
KED-ROAD-03194,شارع 26 يوليو,residential,2,Casuarina,كازوارينا,نوع طريق ضيق/سكني (residential) — تم اختيار كازوارينا (Casuarina) لانخفاض مخاطر الجذور وصغر حجم المظلة المناسب لعرض الطريق.,1000.0,29.72,17.73,11.99
KED-ROAD-03529,شارع لواء الاسلام,residential,2,Casuarina,كازوارينا,نوع طريق ضيق/سكني (residential) — تم اختيار كازوارينا (Casuarina) لانخفاض مخاطر الجذور وصغر حجم المظلة المناسب لعرض الطريق.,1000.0,29.18,17.18,12.0
KED-ROAD-03528,شارع لواء الاسلام,residential,2,Casuarina,كازوارينا,نوع طريق ضيق/سكني (residential) — تم اختيار كازوارينا (Casuarina) لانخفاض مخاطر الجذور وصغر حجم المظلة المناسب لعرض الطريق.,1000.0,29.18,17.18,12.0
KED-ROAD-03523,شارع لواء الاسلام,residential,2,Casuarina,كازوارينا,نوع طريق ضيق/سكني (residential) — تم اختيار كازوارينا (Casuarina) لانخفاض مخاطر الجذور وصغر حجم المظلة المناسب لعرض الطريق.,1000.0,29.17,17.18,11.99
KED-ROAD-03522,شارع لواء الاسلام,residential,2,Casuarina,كازوارينا,نوع طريق ضيق/سكني (residential) — تم اختيار كازوارينا (Casuarina) لانخفاض مخاطر الجذور وصغر حجم المظلة المناسب لعرض الطريق.,1000.0,29.17,17.18,11.99
KED-ROAD-00249,شارع الجيش,secondary,2,Neem,نيم,نوع طريق رئيسي/متوسط (secondary) — تم اختيار نيم (Neem) لأعلى توافق موثّق (تحمل حراري مرتفع، احتياج مائي منخفض، ملاءمة عالية للطرق).,1000.0,31.29,19.3,11.99
KED-ROAD-05935,شارع الترعه,residential,2,Casuarina,كازوارينا,نوع طريق ضيق/سكني (residential) — تم اختيار كازوارينا (Casuarina) لانخفاض مخاطر الجذور وصغر حجم المظلة المناسب لعرض الطريق.,1000.0,29.48,17.49,11.99
KED-ROAD-05934,شارع الترعه,residential,2,Casuarina,كازوارينا,نوع طريق ضيق/سكني (residential) — تم اختيار كازوارينا (Casuarina) لانخفاض مخاطر الجذور وصغر حجم المظلة المناسب لعرض الطريق.,1000.0,29.48,17.49,11.99
KED-ROAD-05866,شارع الترعه,residential,2,Casuarina,كازوارينا,نوع طريق ضيق/سكني (residential) — تم اختيار كازوارينا (Casuarina) لانخفاض مخاطر الجذور وصغر حجم المظلة المناسب لعرض الطريق.,1000.0,27.43,15.44,11.99
KED-ROAD-05865,شارع الترعه,residential,2,Casuarina,كازوارينا,نوع طريق ضيق/سكني (residential) — تم اختيار كازوارينا (Casuarina) لانخفاض مخاطر الجذور وصغر حجم المظلة المناسب لعرض الطريق.,1000.0,27.43,15.44,11.99
KED-ROAD-05782,شارع مساكن المجلس,residential,2,Casuarina,كازوارينا,نوع طريق ضيق/سكني (residential) — تم اختيار كازوارينا (Casuarina) لانخفاض مخاطر الجذور وصغر حجم المظلة المناسب لعرض الطريق.,1000.0,30.77,18.77,12.0
KED-ROAD-05772,الطريق الدولي,tertiary,2,Neem,نيم,نوع طريق رئيسي/متوسط (tertiary) — تم اختيار نيم (Neem) لأعلى توافق موثّق (تحمل حراري مرتفع، احتياج مائي منخفض، ملاءمة عالية للطرق).,1000.0,30.43,18.45,11.99
KED-ROAD-03564,شارع التحرير,residential,2,Casuarina,كازوارينا,نوع طريق ضيق/سكني (residential) — تم اختيار كازوارينا (Casuarina) لانخفاض مخاطر الجذور وصغر حجم المظلة المناسب لعرض الطريق.,1000.0,29.59,17.6,11.99
KED-ROAD-03563,شارع التحرير,residential,2,Casuarina,كازوارينا,نوع طريق ضيق/سكني (residential) — تم اختيار كازوارينا (Casuarina) لانخفاض مخاطر الجذور وصغر حجم المظلة المناسب لعرض الطريق.,1000.0,29.59,17.6,11.99
KED-ROAD-03562,شارع التحرير,residential,2,Casuarina,كازوارينا,نوع طريق ضيق/سكني (residential) — تم اختيار كازوارينا (Casuarina) لانخفاض مخاطر الجذور وصغر حجم المظلة المناسب لعرض الطريق.,1000.0,27.95,15.96,11.99
KED-ROAD-03561,شارع التحرير,residential,2,Casuarina,كازوارينا,نوع طريق ضيق/سكني (residential) — تم اختيار كازوارينا (Casuarina) لانخفاض مخاطر الجذور وصغر حجم المظلة المناسب لعرض الطريق.,1000.0,27.95,15.96,11.99
KED-ROAD-03553,شارع التحرير,residential,2,Casuarina,كازوارينا,نوع طريق ضيق/سكني (residential) — تم اختيار كازوارينا (Casuarina) لانخفاض مخاطر الجذور وصغر حجم المظلة المناسب لعرض الطريق.,1000.0,26.46,14.47,11.99
KED-ROAD-03552,شارع التحرير,residential,2,Casuarina,كازوارينا,نوع طريق ضيق/سكني (residential) — تم اختيار كازوارينا (Casuarina) لانخفاض مخاطر الجذور وصغر حجم المظلة المناسب لعرض الطريق.,1000.0,26.46,14.47,11.99
KED-ROAD-03159,شارع جلال الدسوقي,residential,2,Casuarina,كازوارينا,نوع طريق ضيق/سكني (residential) — تم اختيار كازوارينا (Casuarina) لانخفاض مخاطر الجذور وصغر حجم المظلة المناسب لعرض الطريق.,1000.0,26.28,14.3,11.99
KED-ROAD-03158,شارع جلال الدسوقي,residential,2,Casuarina,كازوارينا,نوع طريق ضيق/سكني (residential) — تم اختيار كازوارينا (Casuarina) لانخفاض مخاطر الجذور وصغر حجم المظلة المناسب لعرض الطريق.,1000.0,26.28,14.3,11.99
KED-ROAD-03204,شارع 26 يوليو,residential,2,Casuarina,كازوارينا,نوع طريق ضيق/سكني (residential) — تم اختيار كازوارينا (Casuarina) لانخفاض مخاطر الجذور وصغر حجم المظلة المناسب لعرض الطريق.,1000.0,26.15,14.14,12.01
KED-ROAD-03203,شارع 26 يوليو,residential,2,Casuarina,كازوارينا,نوع طريق ضيق/سكني (residential) — تم اختيار كازوارينا (Casuarina) لانخفاض مخاطر الجذور وصغر حجم المظلة المناسب لعرض الطريق.,1000.0,26.15,14.14,12.01
KED-ROAD-03199,شارع 26 يوليو,residential,2,Casuarina,كازوارينا,نوع طريق ضيق/سكني (residential) — تم اختيار كازوارينا (Casuarina) لانخفاض مخاطر الجذور وصغر حجم المظلة المناسب لعرض الطريق.,1000.0,26.11,14.12,11.99
KED-ROAD-03198,شارع 26 يوليو,residential,2,Casuarina,كازوارينا,نوع طريق ضيق/سكني (residential) — تم اختيار كازوارينا (Casuarina) لانخفاض مخاطر الجذور وصغر حجم المظلة المناسب لعرض الطريق.,1000.0,26.11,14.12,11.99
KED-ROAD-05736,شارع الترعه,residential,2,Casuarina,كازوارينا,نوع طريق ضيق/سكني (residential) — تم اختيار كازوارينا (Casuarina) لانخفاض مخاطر الجذور وصغر حجم المظلة المناسب لعرض الطريق.,1000.0,26.36,14.37,11.99
KED-ROAD-05735,شارع الترعه,residential,2,Casuarina,كازوارينا,نوع طريق ضيق/سكني (residential) — تم اختيار كازوارينا (Casuarina) لانخفاض مخاطر الجذور وصغر حجم المظلة المناسب لعرض الطريق.,1000.0,26.36,14.37,11.99
KED-ROAD-05683,شارع محمد انور السادات,residential,2,Casuarina,كازوارينا,نوع طريق ضيق/سكني (residential) — تم اختيار كازوارينا (Casuarina) لانخفاض مخاطر الجذور وصغر حجم المظلة المناسب لعرض الطريق.,1000.0,26.41,14.42,12.0
KED-ROAD-05682,شارع محمد انور السادات,residential,2,Casuarina,كازوارينا,نوع طريق ضيق/سكني (residential) — تم اختيار كازوارينا (Casuarina) لانخفاض مخاطر الجذور وصغر حجم المظلة المناسب لعرض الطريق.,1000.0,26.41,14.42,12.0
KED-ROAD-05677,شارع محمد انور السادات,residential,2,Casuarina,كازوارينا,نوع طريق ضيق/سكني (residential) — تم اختيار كازوارينا (Casuarina) لانخفاض مخاطر الجذور وصغر حجم المظلة المناسب لعرض الطريق.,1000.0,28.21,16.22,11.99
KED-ROAD-00281,شارع 108,residential,2,Casuarina,كازوارينا,نوع طريق ضيق/سكني (residential) — تم اختيار كازوارينا (Casuarina) لانخفاض مخاطر الجذور وصغر حجم المظلة المناسب لعرض الطريق.,1000.0,30.77,18.78,11.99
KED-ROAD-03018,شارع جلال الدسوقي,residential,2,Casuarina,كازوارينا,نوع طريق ضيق/سكني (residential) — تم اختيار كازوارينا (Casuarina) لانخفاض مخاطر الجذور وصغر حجم المظلة المناسب لعرض الطريق.,1000.0,31.62,19.63,11.99
KED-ROAD-03017,شارع جلال الدسوقي,residential,2,Casuarina,كازوارينا,نوع طريق ضيق/سكني (residential) — تم اختيار كازوارينا (Casuarina) لانخفاض مخاطر الجذور وصغر حجم المظلة المناسب لعرض الطريق.,1000.0,31.62,19.63,11.99
KED-ROAD-03010,شارع جوده,residential,2,Casuarina,كازوارينا,نوع طريق ضيق/سكني (residential) — تم اختيار كازوارينا (Casuarina) لانخفاض مخاطر الجذور وصغر حجم المظلة المناسب لعرض الطريق.,1000.0,28.32,16.33,11.99
KED-ROAD-03056,شارع القاهر,residential,2,Casuarina,كازوارينا,نوع طريق ضيق/سكني (residential) — تم اختيار كازوارينا (Casuarina) لانخفاض مخاطر الجذور وصغر حجم المظلة المناسب لعرض الطريق.,1000.0,27.48,15.48,12.0
KED-ROAD-03055,شارع القاهر,residential,2,Casuarina,كازوارينا,نوع طريق ضيق/سكني (residential) — تم اختيار كازوارينا (Casuarina) لانخفاض مخاطر الجذور وصغر حجم المظلة المناسب لعرض الطريق.,1000.0,27.48,15.48,12.0
KED-ROAD-03106,شارع غزه,residential,2,Casuarina,كازوارينا,نوع طريق ضيق/سكني (residential) — تم اختيار كازوارينا (Casuarina) لانخفاض مخاطر الجذور وصغر حجم المظلة المناسب لعرض الطريق.,1000.0,30.58,18.59,11.99
KED-ROAD-03105,شارع غزه,residential,2,Casuarina,كازوارينا,نوع طريق ضيق/سكني (residential) — تم اختيار كازوارينا (Casuarina) لانخفاض مخاطر الجذور وصغر حجم المظلة المناسب لعرض الطريق.,1000.0,30.58,18.59,11.99
KED-ROAD-03136,شارع الجميل,residential,2,Casuarina,كازوارينا,نوع طريق ضيق/سكني (residential) — تم اختيار كازوارينا (Casuarina) لانخفاض مخاطر الجذور وصغر حجم المظلة المناسب لعرض الطريق.,1000.0,28.85,16.85,12.0
KED-ROAD-03135,شارع الجميل,residential,2,Casuarina,كازوارينا,نوع طريق ضيق/سكني (residential) — تم اختيار كازوارينا (Casuarina) لانخفاض مخاطر الجذور وصغر حجم المظلة المناسب لعرض الطريق.,1000.0,28.85,16.85,12.0
KED-ROAD-03134,شارع التراث,residential,2,Casuarina,كازوارينا,نوع طريق ضيق/سكني (residential) — تم اختيار كازوارينا (Casuarina) لانخفاض مخاطر الجذور وصغر حجم المظلة المناسب لعرض الطريق.,1000.0,29.06,17.07,12.0
KED-ROAD-03133,شارع التراث,residential,2,Casuarina,كازوارينا,نوع طريق ضيق/سكني (residential) — تم اختيار كازوارينا (Casuarina) لانخفاض مخاطر الجذور وصغر حجم المظلة المناسب لعرض الطريق.,1000.0,29.06,17.07,12.0
KED-ROAD-03132,شارع المدينه,residential,2,Casuarina,كازوارينا,نوع طريق ضيق/سكني (residential) — تم اختيار كازوارينا (Casuarina) لانخفاض مخاطر الجذور وصغر حجم المظلة المناسب لعرض الطريق.,1000.0,26.58,14.6,11.99
KED-ROAD-03131,شارع المدينه,residential,2,Casuarina,كازوارينا,نوع طريق ضيق/سكني (residential) — تم اختيار كازوارينا (Casuarina) لانخفاض مخاطر الجذور وصغر حجم المظلة المناسب لعرض الطريق.,1000.0,26.58,14.6,11.99
KED-ROAD-00268,شارع 109,residential,2,Casuarina,كازوارينا,نوع طريق ضيق/سكني (residential) — تم اختيار كازوارينا (Casuarina) لانخفاض مخاطر الجذور وصغر حجم المظلة المناسب لعرض الطريق.,1000.0,29.64,17.65,11.99
KED-ROAD-05676,شارع محمد انور السادات,residential,2,Casuarina,كازوارينا,نوع طريق ضيق/سكني (residential) — تم اختيار كازوارينا (Casuarina) لانخفاض مخاطر الجذور وصغر حجم المظلة المناسب لعرض الطريق.,1000.0,28.21,16.22,11.99
KED-ROAD-05651,شارع محمد انور السادات,residential,2,Casuarina,كازوارينا,نوع طريق ضيق/سكني (residential) — تم اختيار كازوارينا (Casuarina) لانخفاض مخاطر الجذور وصغر حجم المظلة المناسب لعرض الطريق.,1000.0,26.29,14.31,11.99
KED-ROAD-05650,شارع محمد انور السادات,residential,2,Casuarina,كازوارينا,نوع طريق ضيق/سكني (residential) — تم اختيار كازوارينا (Casuarina) لانخفاض مخاطر الجذور وصغر حجم المظلة المناسب لعرض الطريق.,1000.0,26.29,14.31,11.99
KED-ROAD-05647,شارع مساكن الرحمن,residential,2,Casuarina,كازوارينا,نوع طريق ضيق/سكني (residential) — تم اختيار كازوارينا (Casuarina) لانخفاض مخاطر الجذور وصغر حجم المظلة المناسب لعرض الطريق.,1000.0,28.21,16.22,11.99
KED-ROAD-05646,شارع مساكن الرحمن,residential,2,Casuarina,كازوارينا,نوع طريق ضيق/سكني (residential) — تم اختيار كازوارينا (Casuarina) لانخفاض مخاطر الجذور وصغر حجم المظلة المناسب لعرض الطريق.,1000.0,28.21,16.22,11.99
KED-ROAD-05645,شارع محمد انور السادات,residential,2,Casuarina,كازوارينا,نوع طريق ضيق/سكني (residential) — تم اختيار كازوارينا (Casuarina) لانخفاض مخاطر الجذور وصغر حجم المظلة المناسب لعرض الطريق.,1000.0,26.3,14.31,11.99
KED-ROAD-05644,شارع محمد انور السادات,residential,2,Casuarina,كازوارينا,نوع طريق ضيق/سكني (residential) — تم اختيار كازوارينا (Casuarina) لانخفاض مخاطر الجذور وصغر حجم المظلة المناسب لعرض الطريق.,1000.0,26.3,14.31,11.99
KED-ROAD-03000,شارع مينا يونس,residential,2,Casuarina,كازوارينا,نوع طريق ضيق/سكني (residential) — تم اختيار كازوارينا (Casuarina) لانخفاض مخاطر الجذور وصغر حجم المظلة المناسب لعرض الطريق.,1000.0,28.79,16.8,11.99
KED-ROAD-02989,شارع المستقبل,residential,2,Casuarina,كازوارينا,نوع طريق ضيق/سكني (residential) — تم اختيار كازوارينا (Casuarina) لانخفاض مخاطر الجذور وصغر حجم المظلة المناسب لعرض الطريق.,1000.0,27.54,15.55,11.99
KED-ROAD-02988,شارع المستقبل,residential,2,Casuarina,كازوارينا,نوع طريق ضيق/سكني (residential) — تم اختيار كازوارينا (Casuarina) لانخفاض مخاطر الجذور وصغر حجم المظلة المناسب لعرض الطريق.,1000.0,27.54,15.55,11.99
KED-ROAD-03642,شارع مصطفى كحيل,residential,2,Casuarina,كازوارينا,نوع طريق ضيق/سكني (residential) — تم اختيار كازوارينا (Casuarina) لانخفاض مخاطر الجذور وصغر حجم المظلة المناسب لعرض الطريق.,1000.0,26.12,14.14,11.99
KED-ROAD-03629,شارع الامه,residential,2,Casuarina,كازوارينا,نوع طريق ضيق/سكني (residential) — تم اختيار كازوارينا (Casuarina) لانخفاض مخاطر الجذور وصغر حجم المظلة المناسب لعرض الطريق.,1000.0,27.91,15.92,11.99
KED-ROAD-03628,شارع الامه,residential,2,Casuarina,كازوارينا,نوع طريق ضيق/سكني (residential) — تم اختيار كازوارينا (Casuarina) لانخفاض مخاطر الجذور وصغر حجم المظلة المناسب لعرض الطريق.,1000.0,27.91,15.92,11.99
KED-ROAD-03623,شارع الامه,residential,2,Casuarina,كازوارينا,نوع طريق ضيق/سكني (residential) — تم اختيار كازوارينا (Casuarina) لانخفاض مخاطر الجذور وصغر حجم المظلة المناسب لعرض الطريق.,1000.0,33.61,19.36,14.25
KED-ROAD-03622,شارع الامه,residential,2,Casuarina,كازوارينا,نوع طريق ضيق/سكني (residential) — تم اختيار كازوارينا (Casuarina) لانخفاض مخاطر الجذور وصغر حجم المظلة المناسب لعرض الطريق.,1000.0,33.61,19.36,14.25
KED-ROAD-03620,شارع خلف السنترال,residential,2,Casuarina,كازوارينا,نوع طريق ضيق/سكني (residential) — تم اختيار كازوارينا (Casuarina) لانخفاض مخاطر الجذور وصغر حجم المظلة المناسب لعرض الطريق.,1000.0,31.84,19.86,11.99
KED-ROAD-03619,شارع خلف السنترال,residential,2,Casuarina,كازوارينا,نوع طريق ضيق/سكني (residential) — تم اختيار كازوارينا (Casuarina) لانخفاض مخاطر الجذور وصغر حجم المظلة المناسب لعرض الطريق.,1000.0,31.84,19.86,11.99
KED-ROAD-03616,شارع الاتوبيس,residential,2,Casuarina,كازوارينا,نوع طريق ضيق/سكني (residential) — تم اختيار كازوارينا (Casuarina) لانخفاض مخاطر الجذور وصغر حجم المظلة المناسب لعرض الطريق.,1000.0,28.85,16.86,11.99
KED-ROAD-03615,شارع الاتوبيس,residential,2,Casuarina,كازوارينا,نوع طريق ضيق/سكني (residential) — تم اختيار كازوارينا (Casuarina) لانخفاض مخاطر الجذور وصغر حجم المظلة المناسب لعرض الطريق.,1000.0,28.85,16.86,11.99
KED-ROAD-03654,شارع خلف السنترال,residential,2,Casuarina,كازوارينا,نوع طريق ضيق/سكني (residential) — تم اختيار كازوارينا (Casuarina) لانخفاض مخاطر الجذور وصغر حجم المظلة المناسب لعرض الطريق.,1000.0,31.36,19.37,11.99
KED-ROAD-03653,شارع خلف السنترال,residential,2,Casuarina,كازوارينا,نوع طريق ضيق/سكني (residential) — تم اختيار كازوارينا (Casuarina) لانخفاض مخاطر الجذور وصغر حجم المظلة المناسب لعرض الطريق.,1000.0,31.36,19.37,11.99
KED-ROAD-03652,شارع خلف السنترال,residential,2,Casuarina,كازوارينا,نوع طريق ضيق/سكني (residential) — تم اختيار كازوارينا (Casuarina) لانخفاض مخاطر الجذور وصغر حجم المظلة المناسب لعرض الطريق.,1000.0,29.87,17.89,11.99
KED-ROAD-03651,شارع خلف السنترال,residential,2,Casuarina,كازوارينا,نوع طريق ضيق/سكني (residential) — تم اختيار كازوارينا (Casuarina) لانخفاض مخاطر الجذور وصغر حجم المظلة المناسب لعرض الطريق.,1000.0,29.87,17.89,11.99
KED-ROAD-03643,شارع مصطفى كحيل,residential,2,Casuarina,كازوارينا,نوع طريق ضيق/سكني (residential) — تم اختيار كازوارينا (Casuarina) لانخفاض مخاطر الجذور وصغر حجم المظلة المناسب لعرض الطريق.,1000.0,26.12,14.14,11.99
KED-ROAD-02942,شارع الاداره الصحيه,residential,2,Casuarina,كازوارينا,نوع طريق ضيق/سكني (residential) — تم اختيار كازوارينا (Casuarina) لانخفاض مخاطر الجذور وصغر حجم المظلة المناسب لعرض الطريق.,1000.0,28.2,16.21,11.99
KED-ROAD-02941,شارع جمال الدين الافغانى,residential,2,Casuarina,كازوارينا,نوع طريق ضيق/سكني (residential) — تم اختيار كازوارينا (Casuarina) لانخفاض مخاطر الجذور وصغر حجم المظلة المناسب لعرض الطريق.,1000.0,32.4,20.41,11.99
KED-ROAD-02930,شارع جمال الدين الافغانى,residential,2,Casuarina,كازوارينا,نوع طريق ضيق/سكني (residential) — تم اختيار كازوارينا (Casuarina) لانخفاض مخاطر الجذور وصغر حجم المظلة المناسب لعرض الطريق.,1000.0,32.4,20.41,11.99
KED-ROAD-02960,شارع ماجد,residential,2,Casuarina,كازوارينا,نوع طريق ضيق/سكني (residential) — تم اختيار كازوارينا (Casuarina) لانخفاض مخاطر الجذور وصغر حجم المظلة المناسب لعرض الطريق.,1000.0,28.58,16.58,12.0
KED-ROAD-02943,شارع الاداره الصحيه,residential,2,Casuarina,كازوارينا,نوع طريق ضيق/سكني (residential) — تم اختيار كازوارينا (Casuarina) لانخفاض مخاطر الجذور وصغر حجم المظلة المناسب لعرض الطريق.,1000.0,28.2,16.21,11.99
KED-ROAD-03009,شارع جوده,residential,2,Casuarina,كازوارينا,نوع طريق ضيق/سكني (residential) — تم اختيار كازوارينا (Casuarina) لانخفاض مخاطر الجذور وصغر حجم المظلة المناسب لعرض الطريق.,1000.0,28.32,16.33,11.99
KED-ROAD-05583,شارع عمارات التمليك,residential,2,Casuarina,كازوارينا,نوع طريق ضيق/سكني (residential) — تم اختيار كازوارينا (Casuarina) لانخفاض مخاطر الجذور وصغر حجم المظلة المناسب لعرض الطريق.,1000.0,27.09,15.1,11.99
KED-ROAD-05582,شارع عمارات التمليك,residential,2,Casuarina,كازوارينا,نوع طريق ضيق/سكني (residential) — تم اختيار كازوارينا (Casuarina) لانخفاض مخاطر الجذور وصغر حجم المظلة المناسب لعرض الطريق.,1000.0,27.09,15.1,11.99
KED-ROAD-02842,شارع المستشفى الشامله,residential,2,Casuarina,كازوارينا,نوع طريق ضيق/سكني (residential) — تم اختيار كازوارينا (Casuarina) لانخفاض مخاطر الجذور وصغر حجم المظلة المناسب لعرض الطريق.,1000.0,27.72,15.73,11.99
KED-ROAD-02849,شارع 26 يوليو,residential,2,Casuarina,كازوارينا,نوع طريق ضيق/سكني (residential) — تم اختيار كازوارينا (Casuarina) لانخفاض مخاطر الجذور وصغر حجم المظلة المناسب لعرض الطريق.,1000.0,27.72,15.72,11.99
KED-ROAD-02848,شارع 26 يوليو,residential,2,Casuarina,كازوارينا,نوع طريق ضيق/سكني (residential) — تم اختيار كازوارينا (Casuarina) لانخفاض مخاطر الجذور وصغر حجم المظلة المناسب لعرض الطريق.,1000.0,27.72,15.72,11.99
KED-ROAD-02889,شارع طاهر,residential,2,Casuarina,كازوارينا,نوع طريق ضيق/سكني (residential) — تم اختيار كازوارينا (Casuarina) لانخفاض مخاطر الجذور وصغر حجم المظلة المناسب لعرض الطريق.,1000.0,31.72,19.72,12.0
KED-ROAD-02888,شارع طاهر,residential,2,Casuarina,كازوارينا,نوع طريق ضيق/سكني (residential) — تم اختيار كازوارينا (Casuarina) لانخفاض مخاطر الجذور وصغر حجم المظلة المناسب لعرض الطريق.,1000.0,31.72,19.72,12.0
KED-ROAD-05448,شارع مساكن التمليك,residential,2,Casuarina,كازوارينا,نوع طريق ضيق/سكني (residential) — تم اختيار كازوارينا (Casuarina) لانخفاض مخاطر الجذور وصغر حجم المظلة المناسب لعرض الطريق.,1000.0,31.9,19.92,11.99
KED-ROAD-05447,شارع مساكن التمليك,residential,2,Casuarina,كازوارينا,نوع طريق ضيق/سكني (residential) — تم اختيار كازوارينا (Casuarina) لانخفاض مخاطر الجذور وصغر حجم المظلة المناسب لعرض الطريق.,1000.0,31.9,19.92,11.99
KED-ROAD-05440,شارع عمرو بن العاص,residential,2,Casuarina,كازوارينا,نوع طريق ضيق/سكني (residential) — تم اختيار كازوارينا (Casuarina) لانخفاض مخاطر الجذور وصغر حجم المظلة المناسب لعرض الطريق.,1000.0,29.34,17.34,12.0
KED-ROAD-05439,شارع عمرو بن العاص,residential,2,Casuarina,كازوارينا,نوع طريق ضيق/سكني (residential) — تم اختيار كازوارينا (Casuarina) لانخفاض مخاطر الجذور وصغر حجم المظلة المناسب لعرض الطريق.,1000.0,29.34,17.34,12.0
KED-ROAD-05412,شارع محمد انور السادات,residential,2,Casuarina,كازوارينا,نوع طريق ضيق/سكني (residential) — تم اختيار كازوارينا (Casuarina) لانخفاض مخاطر الجذور وصغر حجم المظلة المناسب لعرض الطريق.,1000.0,28.73,16.74,11.99
KED-ROAD-00300,شارع 41,residential,2,Casuarina,كازوارينا,نوع طريق ضيق/سكني (residential) — تم اختيار كازوارينا (Casuarina) لانخفاض مخاطر الجذور وصغر حجم المظلة المناسب لعرض الطريق.,1000.0,31.97,19.99,11.99
KED-ROAD-00361,عطفه والي,residential,2,Casuarina,كازوارينا,نوع طريق ضيق/سكني (residential) — تم اختيار كازوارينا (Casuarina) لانخفاض مخاطر الجذور وصغر حجم المظلة المناسب لعرض الطريق.,1000.0,31.66,19.67,11.99
KED-ROAD-00350,عطفه والي,residential,2,Casuarina,كازوارينا,نوع طريق ضيق/سكني (residential) — تم اختيار كازوارينا (Casuarina) لانخفاض مخاطر الجذور وصغر حجم المظلة المناسب لعرض الطريق.,1000.0,31.66,19.67,11.99
KED-ROAD-00333,شارع الجيش,secondary,2,Neem,نيم,نوع طريق رئيسي/متوسط (secondary) — تم اختيار نيم (Neem) لأعلى توافق موثّق (تحمل حراري مرتفع، احتياج مائي منخفض، ملاءمة عالية للطرق).,1000.0,30.46,18.47,11.99
KED-ROAD-00375,عطفه والي,residential,2,Casuarina,كازوارينا,نوع طريق ضيق/سكني (residential) — تم اختيار كازوارينا (Casuarina) لانخفاض مخاطر الجذور وصغر حجم المظلة المناسب لعرض الطريق.,1000.0,32.44,20.45,11.99
KED-ROAD-00374,عطفه والي,residential,2,Casuarina,كازوارينا,نوع طريق ضيق/سكني (residential) — تم اختيار كازوارينا (Casuarina) لانخفاض مخاطر الجذور وصغر حجم المظلة المناسب لعرض الطريق.,1000.0,32.44,20.45,11.99
KED-ROAD-03687,شارع بورسعيد,secondary,2,Neem,نيم,نوع طريق رئيسي/متوسط (secondary) — تم اختيار نيم (Neem) لأعلى توافق موثّق (تحمل حراري مرتفع، احتياج مائي منخفض، ملاءمة عالية للطرق).,1000.0,32.72,20.73,11.99
KED-ROAD-03686,شارع بورسعيد,secondary,2,Neem,نيم,نوع طريق رئيسي/متوسط (secondary) — تم اختيار نيم (Neem) لأعلى توافق موثّق (تحمل حراري مرتفع، احتياج مائي منخفض، ملاءمة عالية للطرق).,1000.0,32.72,20.73,11.99
KED-ROAD-02800,شارع رفاعه الطهطاوى,residential,2,Casuarina,كازوارينا,نوع طريق ضيق/سكني (residential) — تم اختيار كازوارينا (Casuarina) لانخفاض مخاطر الجذور وصغر حجم المظلة المناسب لعرض الطريق.,1000.0,27.57,15.58,11.99
KED-ROAD-02791,شارع الترعه,residential,2,Casuarina,كازوارينا,نوع طريق ضيق/سكني (residential) — تم اختيار كازوارينا (Casuarina) لانخفاض مخاطر الجذور وصغر حجم المظلة المناسب لعرض الطريق.,1000.0,30.39,18.4,11.99
KED-ROAD-02826,شارع الحاج يوسف صديق,residential,2,Casuarina,كازوارينا,نوع طريق ضيق/سكني (residential) — تم اختيار كازوارينا (Casuarina) لانخفاض مخاطر الجذور وصغر حجم المظلة المناسب لعرض الطريق.,1000.0,27.98,15.99,11.99
KED-ROAD-02825,شارع الحاج يوسف صديق,residential,2,Casuarina,كازوارينا,نوع طريق ضيق/سكني (residential) — تم اختيار كازوارينا (Casuarina) لانخفاض مخاطر الجذور وصغر حجم المظلة المناسب لعرض الطريق.,1000.0,27.98,15.99,11.99
KED-ROAD-02822,شارع الشهيد احمد مبروك,residential,2,Casuarina,كازوارينا,نوع طريق ضيق/سكني (residential) — تم اختيار كازوارينا (Casuarina) لانخفاض مخاطر الجذور وصغر حجم المظلة المناسب لعرض الطريق.,1000.0,27.93,15.95,11.99
KED-ROAD-02821,شارع الشهيد احمد مبروك,residential,2,Casuarina,كازوارينا,نوع طريق ضيق/سكني (residential) — تم اختيار كازوارينا (Casuarina) لانخفاض مخاطر الجذور وصغر حجم المظلة المناسب لعرض الطريق.,1000.0,27.93,15.95,11.99
KED-ROAD-02843,شارع المستشفى الشامله,residential,2,Casuarina,كازوارينا,نوع طريق ضيق/سكني (residential) — تم اختيار كازوارينا (Casuarina) لانخفاض مخاطر الجذور وصغر حجم المظلة المناسب لعرض الطريق.,1000.0,27.72,15.73,11.99
KED-ROAD-05327,شارع 57,residential,2,Casuarina,كازوارينا,نوع طريق ضيق/سكني (residential) — تم اختيار كازوارينا (Casuarina) لانخفاض مخاطر الجذور وصغر حجم المظلة المناسب لعرض الطريق.,1000.0,30.41,18.42,11.99
KED-ROAD-05326,شارع 57,residential,2,Casuarina,كازوارينا,نوع طريق ضيق/سكني (residential) — تم اختيار كازوارينا (Casuarina) لانخفاض مخاطر الجذور وصغر حجم المظلة المناسب لعرض الطريق.,1000.0,30.41,18.42,11.99
KED-ROAD-00407,شارع المعز,residential,2,Casuarina,كازوارينا,نوع طريق ضيق/سكني (residential) — تم اختيار كازوارينا (Casuarina) لانخفاض مخاطر الجذور وصغر حجم المظلة المناسب لعرض الطريق.,1000.0,26.17,14.19,11.99
KED-ROAD-00406,شارع المعز,residential,2,Casuarina,كازوارينا,نوع طريق ضيق/سكني (residential) — تم اختيار كازوارينا (Casuarina) لانخفاض مخاطر الجذور وصغر حجم المظلة المناسب لعرض الطريق.,1000.0,26.17,14.19,11.99
KED-ROAD-00402,شارع الجيش,secondary,2,Neem,نيم,نوع طريق رئيسي/متوسط (secondary) — تم اختيار نيم (Neem) لأعلى توافق موثّق (تحمل حراري مرتفع، احتياج مائي منخفض، ملاءمة عالية للطرق).,1000.0,29.74,17.74,12.0
KED-ROAD-00397,شارع الخير,residential,2,Casuarina,كازوارينا,نوع طريق ضيق/سكني (residential) — تم اختيار كازوارينا (Casuarina) لانخفاض مخاطر الجذور وصغر حجم المظلة المناسب لعرض الطريق.,1000.0,30.1,18.11,11.99
KED-ROAD-00396,شارع الخير,residential,2,Casuarina,كازوارينا,نوع طريق ضيق/سكني (residential) — تم اختيار كازوارينا (Casuarina) لانخفاض مخاطر الجذور وصغر حجم المظلة المناسب لعرض الطريق.,1000.0,30.1,18.11,11.99
KED-ROAD-00395,عطفه والي,residential,2,Casuarina,كازوارينا,نوع طريق ضيق/سكني (residential) — تم اختيار كازوارينا (Casuarina) لانخفاض مخاطر الجذور وصغر حجم المظلة المناسب لعرض الطريق.,1000.0,27.85,15.87,11.99
KED-ROAD-00394,عطفه والي,residential,2,Casuarina,كازوارينا,نوع طريق ضيق/سكني (residential) — تم اختيار كازوارينا (Casuarina) لانخفاض مخاطر الجذور وصغر حجم المظلة المناسب لعرض الطريق.,1000.0,27.85,15.87,11.99
KED-ROAD-00388,شارع صقر,residential,2,Casuarina,كازوارينا,نوع طريق ضيق/سكني (residential) — تم اختيار كازوارينا (Casuarina) لانخفاض مخاطر الجذور وصغر حجم المظلة المناسب لعرض الطريق.,1000.0,28.26,16.27,11.99
KED-ROAD-02773,شارع ابو العلاء المعري,residential,2,Casuarina,كازوارينا,نوع طريق ضيق/سكني (residential) — تم اختيار كازوارينا (Casuarina) لانخفاض مخاطر الجذور وصغر حجم المظلة المناسب لعرض الطريق.,1000.0,28.34,16.34,12.0
KED-ROAD-02772,شارع ابو العلاء المعري,residential,2,Casuarina,كازوارينا,نوع طريق ضيق/سكني (residential) — تم اختيار كازوارينا (Casuarina) لانخفاض مخاطر الجذور وصغر حجم المظلة المناسب لعرض الطريق.,1000.0,28.34,16.34,12.0
KED-ROAD-02770,امتداد شارع الخليج الاعظم,residential,2,Casuarina,كازوارينا,نوع طريق ضيق/سكني (residential) — تم اختيار كازوارينا (Casuarina) لانخفاض مخاطر الجذور وصغر حجم المظلة المناسب لعرض الطريق.,1000.0,31.17,19.19,11.99
KED-ROAD-02767,شارع حافظ ابراهيم,residential,2,Casuarina,كازوارينا,نوع طريق ضيق/سكني (residential) — تم اختيار كازوارينا (Casuarina) لانخفاض مخاطر الجذور وصغر حجم المظلة المناسب لعرض الطريق.,1000.0,30.86,18.86,12.0
KED-ROAD-02766,شارع حافظ ابراهيم,residential,2,Casuarina,كازوارينا,نوع طريق ضيق/سكني (residential) — تم اختيار كازوارينا (Casuarina) لانخفاض مخاطر الجذور وصغر حجم المظلة المناسب لعرض الطريق.,1000.0,30.86,18.86,12.0
KED-ROAD-02760,شارع الترعه,residential,2,Casuarina,كازوارينا,نوع طريق ضيق/سكني (residential) — تم اختيار كازوارينا (Casuarina) لانخفاض مخاطر الجذور وصغر حجم المظلة المناسب لعرض الطريق.,1000.0,30.39,18.4,11.99
KED-ROAD-03715,شارع عمر افندى,residential,2,Casuarina,كازوارينا,نوع طريق ضيق/سكني (residential) — تم اختيار كازوارينا (Casuarina) لانخفاض مخاطر الجذور وصغر حجم المظلة المناسب لعرض الطريق.,1000.0,28.81,16.78,12.03
KED-ROAD-03714,شارع عمر افندى,residential,2,Casuarina,كازوارينا,نوع طريق ضيق/سكني (residential) — تم اختيار كازوارينا (Casuarina) لانخفاض مخاطر الجذور وصغر حجم المظلة المناسب لعرض الطريق.,1000.0,28.81,16.78,12.03
KED-ROAD-03705,"طريق دمنهور, كفر الدوار",secondary,2,Neem,نيم,نوع طريق رئيسي/متوسط (secondary) — تم اختيار نيم (Neem) لأعلى توافق موثّق (تحمل حراري مرتفع، احتياج مائي منخفض، ملاءمة عالية للطرق).,1000.0,32.83,20.85,11.99
KED-ROAD-03704,"طريق دمنهور, كفر الدوار",secondary,2,Neem,نيم,نوع طريق رئيسي/متوسط (secondary) — تم اختيار نيم (Neem) لأعلى توافق موثّق (تحمل حراري مرتفع، احتياج مائي منخفض، ملاءمة عالية للطرق).,1000.0,32.83,20.85,11.99
KED-ROAD-03689,شارع بورسعيد,secondary,2,Neem,نيم,نوع طريق رئيسي/متوسط (secondary) — تم اختيار نيم (Neem) لأعلى توافق موثّق (تحمل حراري مرتفع، احتياج مائي منخفض، ملاءمة عالية للطرق).,1000.0,29.48,17.5,11.99
KED-ROAD-03688,شارع بورسعيد,secondary,2,Neem,نيم,نوع طريق رئيسي/متوسط (secondary) — تم اختيار نيم (Neem) لأعلى توافق موثّق (تحمل حراري مرتفع، احتياج مائي منخفض، ملاءمة عالية للطرق).,1000.0,29.48,17.5,11.99
KED-ROAD-00387,شارع صقر,residential,2,Casuarina,كازوارينا,نوع طريق ضيق/سكني (residential) — تم اختيار كازوارينا (Casuarina) لانخفاض مخاطر الجذور وصغر حجم المظلة المناسب لعرض الطريق.,1000.0,28.26,16.27,11.99
KED-ROAD-05303,شارع بالي,residential,2,Casuarina,كازوارينا,نوع طريق ضيق/سكني (residential) — تم اختيار كازوارينا (Casuarina) لانخفاض مخاطر الجذور وصغر حجم المظلة المناسب لعرض الطريق.,1000.0,32.91,20.93,11.99
KED-ROAD-05302,شارع بالي,residential,2,Casuarina,كازوارينا,نوع طريق ضيق/سكني (residential) — تم اختيار كازوارينا (Casuarina) لانخفاض مخاطر الجذور وصغر حجم المظلة المناسب لعرض الطريق.,1000.0,32.91,20.93,11.99
KED-ROAD-05301,الطريق الدولي,tertiary,2,Neem,نيم,نوع طريق رئيسي/متوسط (tertiary) — تم اختيار نيم (Neem) لأعلى توافق موثّق (تحمل حراري مرتفع، احتياج مائي منخفض، ملاءمة عالية للطرق).,1000.0,28.35,16.35,12.0
KED-ROAD-05296,شارع عبد العزيز الزمراني,residential,2,Casuarina,كازوارينا,نوع طريق ضيق/سكني (residential) — تم اختيار كازوارينا (Casuarina) لانخفاض مخاطر الجذور وصغر حجم المظلة المناسب لعرض الطريق.,1000.0,30.75,18.76,11.99
KED-ROAD-05295,شارع عبد العزيز الزمراني,residential,2,Casuarina,كازوارينا,نوع طريق ضيق/سكني (residential) — تم اختيار كازوارينا (Casuarina) لانخفاض مخاطر الجذور وصغر حجم المظلة المناسب لعرض الطريق.,1000.0,30.75,18.76,11.99
KED-ROAD-05289,شارع 57,residential,2,Casuarina,كازوارينا,نوع طريق ضيق/سكني (residential) — تم اختيار كازوارينا (Casuarina) لانخفاض مخاطر الجذور وصغر حجم المظلة المناسب لعرض الطريق.,1000.0,31.97,19.98,11.99
KED-ROAD-05288,شارع 57,residential,2,Casuarina,كازوارينا,نوع طريق ضيق/سكني (residential) — تم اختيار كازوارينا (Casuarina) لانخفاض مخاطر الجذور وصغر حجم المظلة المناسب لعرض الطريق.,1000.0,31.97,19.98,11.99
KED-ROAD-00431,شارع 41,residential,2,Casuarina,كازوارينا,نوع طريق ضيق/سكني (residential) — تم اختيار كازوارينا (Casuarina) لانخفاض مخاطر الجذور وصغر حجم المظلة المناسب لعرض الطريق.,1000.0,31.97,19.99,11.99
KED-ROAD-00423,شارع 36,residential,2,Casuarina,كازوارينا,نوع طريق ضيق/سكني (residential) — تم اختيار كازوارينا (Casuarina) لانخفاض مخاطر الجذور وصغر حجم المظلة المناسب لعرض الطريق.,1000.0,26.6,14.61,11.99
KED-ROAD-00422,شارع 36,residential,2,Casuarina,كازوارينا,نوع طريق ضيق/سكني (residential) — تم اختيار كازوارينا (Casuarina) لانخفاض مخاطر الجذور وصغر حجم المظلة المناسب لعرض الطريق.,1000.0,26.6,14.61,11.99
KED-ROAD-00421,حارة النجوم,residential,2,Casuarina,كازوارينا,نوع طريق ضيق/سكني (residential) — تم اختيار كازوارينا (Casuarina) لانخفاض مخاطر الجذور وصغر حجم المظلة المناسب لعرض الطريق.,1000.0,26.35,14.35,12.0
KED-ROAD-00420,شارع 38,residential,2,Casuarina,كازوارينا,نوع طريق ضيق/سكني (residential) — تم اختيار كازوارينا (Casuarina) لانخفاض مخاطر الجذور وصغر حجم المظلة المناسب لعرض الطريق.,1000.0,27.46,15.47,11.99
KED-ROAD-00417,حارة الياقوت,residential,2,Casuarina,كازوارينا,نوع طريق ضيق/سكني (residential) — تم اختيار كازوارينا (Casuarina) لانخفاض مخاطر الجذور وصغر حجم المظلة المناسب لعرض الطريق.,1000.0,26.79,14.79,12.0
KED-ROAD-00416,حارة الياقوت,residential,2,Casuarina,كازوارينا,نوع طريق ضيق/سكني (residential) — تم اختيار كازوارينا (Casuarina) لانخفاض مخاطر الجذور وصغر حجم المظلة المناسب لعرض الطريق.,1000.0,26.79,14.79,12.0
KED-ROAD-03726,شارع صبحى,residential,2,Casuarina,كازوارينا,نوع طريق ضيق/سكني (residential) — تم اختيار كازوارينا (Casuarina) لانخفاض مخاطر الجذور وصغر حجم المظلة المناسب لعرض الطريق.,1000.0,29.49,17.5,11.99
KED-ROAD-03723,شارع صبحى,residential,2,Casuarina,كازوارينا,نوع طريق ضيق/سكني (residential) — تم اختيار كازوارينا (Casuarina) لانخفاض مخاطر الجذور وصغر حجم المظلة المناسب لعرض الطريق.,1000.0,30.06,18.07,11.99
KED-ROAD-03722,شارع صبحى,residential,2,Casuarina,كازوارينا,نوع طريق ضيق/سكني (residential) — تم اختيار كازوارينا (Casuarina) لانخفاض مخاطر الجذور وصغر حجم المظلة المناسب لعرض الطريق.,1000.0,30.06,18.07,11.99
KED-ROAD-02757,شارع الترعه,residential,2,Casuarina,كازوارينا,نوع طريق ضيق/سكني (residential) — تم اختيار كازوارينا (Casuarina) لانخفاض مخاطر الجذور وصغر حجم المظلة المناسب لعرض الطريق.,1000.0,27.0,15.01,11.99
KED-ROAD-02756,شارع الترعه,residential,2,Casuarina,كازوارينا,نوع طريق ضيق/سكني (residential) — تم اختيار كازوارينا (Casuarina) لانخفاض مخاطر الجذور وصغر حجم المظلة المناسب لعرض الطريق.,1000.0,27.0,15.01,11.99
KED-ROAD-02747,شارع الشهيد احمد عبد العزيز,residential,2,Casuarina,كازوارينا,نوع طريق ضيق/سكني (residential) — تم اختيار كازوارينا (Casuarina) لانخفاض مخاطر الجذور وصغر حجم المظلة المناسب لعرض الطريق.,1000.0,30.96,18.97,11.99
KED-ROAD-02746,شارع الشهيد احمد عبد العزيز,residential,2,Casuarina,كازوارينا,نوع طريق ضيق/سكني (residential) — تم اختيار كازوارينا (Casuarina) لانخفاض مخاطر الجذور وصغر حجم المظلة المناسب لعرض الطريق.,1000.0,30.96,18.97,11.99
KED-ROAD-02735,شارع حافظ ابراهيم,residential,2,Casuarina,كازوارينا,نوع طريق ضيق/سكني (residential) — تم اختيار كازوارينا (Casuarina) لانخفاض مخاطر الجذور وصغر حجم المظلة المناسب لعرض الطريق.,1000.0,27.16,15.17,11.99
KED-ROAD-02734,شارع حافظ ابراهيم,residential,2,Casuarina,كازوارينا,نوع طريق ضيق/سكني (residential) — تم اختيار كازوارينا (Casuarina) لانخفاض مخاطر الجذور وصغر حجم المظلة المناسب لعرض الطريق.,1000.0,27.16,15.17,11.99
KED-ROAD-02779,شارع حافظ ابراهيم,residential,2,Casuarina,كازوارينا,نوع طريق ضيق/سكني (residential) — تم اختيار كازوارينا (Casuarina) لانخفاض مخاطر الجذور وصغر حجم المظلة المناسب لعرض الطريق.,1000.0,31.49,19.49,12.0
KED-ROAD-02778,شارع حافظ ابراهيم,residential,2,Casuarina,كازوارينا,نوع طريق ضيق/سكني (residential) — تم اختيار كازوارينا (Casuarina) لانخفاض مخاطر الجذور وصغر حجم المظلة المناسب لعرض الطريق.,1000.0,31.49,19.49,12.0
KED-ROAD-02777,شارع ابو العلاء المعري,residential,2,Casuarina,كازوارينا,نوع طريق ضيق/سكني (residential) — تم اختيار كازوارينا (Casuarina) لانخفاض مخاطر الجذور وصغر حجم المظلة المناسب لعرض الطريق.,1000.0,30.61,18.62,11.99
KED-ROAD-02776,شارع ابو العلاء المعري,residential,2,Casuarina,كازوارينا,نوع طريق ضيق/سكني (residential) — تم اختيار كازوارينا (Casuarina) لانخفاض مخاطر الجذور وصغر حجم المظلة المناسب لعرض الطريق.,1000.0,30.61,18.62,11.99
KED-ROAD-02775,شارع صلاح عبد العزيز,residential,2,Casuarina,كازوارينا,نوع طريق ضيق/سكني (residential) — تم اختيار كازوارينا (Casuarina) لانخفاض مخاطر الجذور وصغر حجم المظلة المناسب لعرض الطريق.,1000.0,27.88,15.88,12.0
KED-ROAD-02774,شارع صلاح عبد العزيز,residential,2,Casuarina,كازوارينا,نوع طريق ضيق/سكني (residential) — تم اختيار كازوارينا (Casuarina) لانخفاض مخاطر الجذور وصغر حجم المظلة المناسب لعرض الطريق.,1000.0,27.88,15.88,12.0
KED-ROAD-03737,شارع بيبرس,residential,2,Casuarina,كازوارينا,نوع طريق ضيق/سكني (residential) — تم اختيار كازوارينا (Casuarina) لانخفاض مخاطر الجذور وصغر حجم المظلة المناسب لعرض الطريق.,1000.0,29.74,17.74,11.99
KED-ROAD-03734,شارع بيبرس,residential,2,Casuarina,كازوارينا,نوع طريق ضيق/سكني (residential) — تم اختيار كازوارينا (Casuarina) لانخفاض مخاطر الجذور وصغر حجم المظلة المناسب لعرض الطريق.,1000.0,31.08,19.09,11.99
KED-ROAD-02672,شارع الكفاح,residential,2,Casuarina,كازوارينا,نوع طريق ضيق/سكني (residential) — تم اختيار كازوارينا (Casuarina) لانخفاض مخاطر الجذور وصغر حجم المظلة المناسب لعرض الطريق.,1000.0,28.41,16.43,11.99
KED-ROAD-02661,شارع 26 يوليو,residential,2,Casuarina,كازوارينا,نوع طريق ضيق/سكني (residential) — تم اختيار كازوارينا (Casuarina) لانخفاض مخاطر الجذور وصغر حجم المظلة المناسب لعرض الطريق.,1000.0,30.63,18.63,12.0
KED-ROAD-02691,شارع غزوه بدر,residential,2,Casuarina,كازوارينا,نوع طريق ضيق/سكني (residential) — تم اختيار كازوارينا (Casuarina) لانخفاض مخاطر الجذور وصغر حجم المظلة المناسب لعرض الطريق.,1000.0,27.79,15.72,12.07
KED-ROAD-02680,شارع غزوه بدر,residential,2,Casuarina,كازوارينا,نوع طريق ضيق/سكني (residential) — تم اختيار كازوارينا (Casuarina) لانخفاض مخاطر الجذور وصغر حجم المظلة المناسب لعرض الطريق.,1000.0,27.79,15.72,12.07
KED-ROAD-02673,شارع الكفاح,residential,2,Casuarina,كازوارينا,نوع طريق ضيق/سكني (residential) — تم اختيار كازوارينا (Casuarina) لانخفاض مخاطر الجذور وصغر حجم المظلة المناسب لعرض الطريق.,1000.0,28.41,16.43,11.99
KED-ROAD-02726,شارع 26 يوليو,residential,2,Casuarina,كازوارينا,نوع طريق ضيق/سكني (residential) — تم اختيار كازوارينا (Casuarina) لانخفاض مخاطر الجذور وصغر حجم المظلة المناسب لعرض الطريق.,1000.0,29.25,17.25,11.99
KED-ROAD-02725,شارع 26 يوليو,residential,2,Casuarina,كازوارينا,نوع طريق ضيق/سكني (residential) — تم اختيار كازوارينا (Casuarina) لانخفاض مخاطر الجذور وصغر حجم المظلة المناسب لعرض الطريق.,1000.0,29.25,17.25,11.99
KED-ROAD-03733,شارع بيبرس,residential,2,Casuarina,كازوارينا,نوع طريق ضيق/سكني (residential) — تم اختيار كازوارينا (Casuarina) لانخفاض مخاطر الجذور وصغر حجم المظلة المناسب لعرض الطريق.,1000.0,31.08,19.09,11.99
KED-ROAD-03727,شارع صبحى,residential,2,Casuarina,كازوارينا,نوع طريق ضيق/سكني (residential) — تم اختيار كازوارينا (Casuarina) لانخفاض مخاطر الجذور وصغر حجم المظلة المناسب لعرض الطريق.,1000.0,29.49,17.5,11.99
KED-ROAD-02566,شارع السد العالى,residential,2,Casuarina,كازوارينا,نوع طريق ضيق/سكني (residential) — تم اختيار كازوارينا (Casuarina) لانخفاض مخاطر الجذور وصغر حجم المظلة المناسب لعرض الطريق.,1000.0,26.5,14.5,12.0
KED-ROAD-02565,شارع السد العالى,residential,2,Casuarina,كازوارينا,نوع طريق ضيق/سكني (residential) — تم اختيار كازوارينا (Casuarina) لانخفاض مخاطر الجذور وصغر حجم المظلة المناسب لعرض الطريق.,1000.0,26.5,14.5,12.0
KED-ROAD-02629,شارع حسن يونس,residential,2,Casuarina,كازوارينا,نوع طريق ضيق/سكني (residential) — تم اختيار كازوارينا (Casuarina) لانخفاض مخاطر الجذور وصغر حجم المظلة المناسب لعرض الطريق.,1000.0,28.04,16.05,11.99
KED-ROAD-02628,شارع حسن يونس,residential,2,Casuarina,كازوارينا,نوع طريق ضيق/سكني (residential) — تم اختيار كازوارينا (Casuarina) لانخفاض مخاطر الجذور وصغر حجم المظلة المناسب لعرض الطريق.,1000.0,28.04,16.05,11.99
KED-ROAD-02619,شارع مسجد الرحمن,residential,2,Casuarina,كازوارينا,نوع طريق ضيق/سكني (residential) — تم اختيار كازوارينا (Casuarina) لانخفاض مخاطر الجذور وصغر حجم المظلة المناسب لعرض الطريق.,1000.0,31.27,18.97,12.3
KED-ROAD-02618,شارع مسجد الرحمن,residential,2,Casuarina,كازوارينا,نوع طريق ضيق/سكني (residential) — تم اختيار كازوارينا (Casuarina) لانخفاض مخاطر الجذور وصغر حجم المظلة المناسب لعرض الطريق.,1000.0,31.27,18.97,12.3
KED-ROAD-02647,شارع 26 يوليو,residential,2,Casuarina,كازوارينا,نوع طريق ضيق/سكني (residential) — تم اختيار كازوارينا (Casuarina) لانخفاض مخاطر الجذور وصغر حجم المظلة المناسب لعرض الطريق.,1000.0,27.09,15.09,12.0
KED-ROAD-02646,شارع 26 يوليو,residential,2,Casuarina,كازوارينا,نوع طريق ضيق/سكني (residential) — تم اختيار كازوارينا (Casuarina) لانخفاض مخاطر الجذور وصغر حجم المظلة المناسب لعرض الطريق.,1000.0,27.09,15.09,12.0
KED-ROAD-02640,شارع 26 يوليو,residential,2,Casuarina,كازوارينا,نوع طريق ضيق/سكني (residential) — تم اختيار كازوارينا (Casuarina) لانخفاض مخاطر الجذور وصغر حجم المظلة المناسب لعرض الطريق.,1000.0,30.63,18.63,12.0
KED-ROAD-03792,شارع صبحى,residential,2,Casuarina,كازوارينا,نوع طريق ضيق/سكني (residential) — تم اختيار كازوارينا (Casuarina) لانخفاض مخاطر الجذور وصغر حجم المظلة المناسب لعرض الطريق.,1000.0,28.02,16.03,11.99
KED-ROAD-03791,شارع صبحى,residential,2,Casuarina,كازوارينا,نوع طريق ضيق/سكني (residential) — تم اختيار كازوارينا (Casuarina) لانخفاض مخاطر الجذور وصغر حجم المظلة المناسب لعرض الطريق.,1000.0,28.02,16.03,11.99
KED-ROAD-02539,حارة عواد,residential,2,Casuarina,كازوارينا,نوع طريق ضيق/سكني (residential) — تم اختيار كازوارينا (Casuarina) لانخفاض مخاطر الجذور وصغر حجم المظلة المناسب لعرض الطريق.,1000.0,27.97,15.98,11.99
KED-ROAD-02538,حارة عواد,residential,2,Casuarina,كازوارينا,نوع طريق ضيق/سكني (residential) — تم اختيار كازوارينا (Casuarina) لانخفاض مخاطر الجذور وصغر حجم المظلة المناسب لعرض الطريق.,1000.0,27.97,15.98,11.99
KED-ROAD-03758,شارع بيبرس,residential,2,Casuarina,كازوارينا,نوع طريق ضيق/سكني (residential) — تم اختيار كازوارينا (Casuarina) لانخفاض مخاطر الجذور وصغر حجم المظلة المناسب لعرض الطريق.,1000.0,29.74,17.74,11.99
KED-ROAD-00410,حارة النجوم,residential,2,Casuarina,كازوارينا,نوع طريق ضيق/سكني (residential) — تم اختيار كازوارينا (Casuarina) لانخفاض مخاطر الجذور وصغر حجم المظلة المناسب لعرض الطريق.,1000.0,26.35,14.35,12.0
KED-ROAD-00409,شارع داير البندر,residential,2,Casuarina,كازوارينا,نوع طريق ضيق/سكني (residential) — تم اختيار كازوارينا (Casuarina) لانخفاض مخاطر الجذور وصغر حجم المظلة المناسب لعرض الطريق.,1000.0,30.56,18.57,12.0
KED-ROAD-00408,شارع داير البندر,residential,2,Casuarina,كازوارينا,نوع طريق ضيق/سكني (residential) — تم اختيار كازوارينا (Casuarina) لانخفاض مخاطر الجذور وصغر حجم المظلة المناسب لعرض الطريق.,1000.0,30.56,18.57,12.0
KED-ROAD-05279,شارع مدبولى,residential,2,Casuarina,كازوارينا,نوع طريق ضيق/سكني (residential) — تم اختيار كازوارينا (Casuarina) لانخفاض مخاطر الجذور وصغر حجم المظلة المناسب لعرض الطريق.,1000.0,26.13,14.13,11.99
KED-ROAD-05278,شارع مدبولى,residential,2,Casuarina,كازوارينا,نوع طريق ضيق/سكني (residential) — تم اختيار كازوارينا (Casuarina) لانخفاض مخاطر الجذور وصغر حجم المظلة المناسب لعرض الطريق.,1000.0,26.13,14.13,11.99
KED-ROAD-05277,شارع 58,residential,2,Casuarina,كازوارينا,نوع طريق ضيق/سكني (residential) — تم اختيار كازوارينا (Casuarina) لانخفاض مخاطر الجذور وصغر حجم المظلة المناسب لعرض الطريق.,1000.0,27.72,15.72,12.0
KED-ROAD-05276,شارع 58,residential,2,Casuarina,كازوارينا,نوع طريق ضيق/سكني (residential) — تم اختيار كازوارينا (Casuarina) لانخفاض مخاطر الجذور وصغر حجم المظلة المناسب لعرض الطريق.,1000.0,27.72,15.72,12.0
KED-ROAD-05275,شارع مدبولى,residential,2,Casuarina,كازوارينا,نوع طريق ضيق/سكني (residential) — تم اختيار كازوارينا (Casuarina) لانخفاض مخاطر الجذور وصغر حجم المظلة المناسب لعرض الطريق.,1000.0,27.93,15.94,11.99
KED-ROAD-05274,شارع مدبولى,residential,2,Casuarina,كازوارينا,نوع طريق ضيق/سكني (residential) — تم اختيار كازوارينا (Casuarina) لانخفاض مخاطر الجذور وصغر حجم المظلة المناسب لعرض الطريق.,1000.0,27.93,15.94,11.99
KED-ROAD-05268,شارع 57,residential,2,Casuarina,كازوارينا,نوع طريق ضيق/سكني (residential) — تم اختيار كازوارينا (Casuarina) لانخفاض مخاطر الجذور وصغر حجم المظلة المناسب لعرض الطريق.,1000.0,31.71,19.72,11.99
KED-ROAD-05267,شارع 57,residential,2,Casuarina,كازوارينا,نوع طريق ضيق/سكني (residential) — تم اختيار كازوارينا (Casuarina) لانخفاض مخاطر الجذور وصغر حجم المظلة المناسب لعرض الطريق.,1000.0,31.71,19.72,11.99
KED-ROAD-05264,شارع عبد العزيز الزمراني,residential,2,Casuarina,كازوارينا,نوع طريق ضيق/سكني (residential) — تم اختيار كازوارينا (Casuarina) لانخفاض مخاطر الجذور وصغر حجم المظلة المناسب لعرض الطريق.,1000.0,32.77,20.79,11.99
KED-ROAD-05263,شارع عبد العزيز الزمراني,residential,2,Casuarina,كازوارينا,نوع طريق ضيق/سكني (residential) — تم اختيار كازوارينا (Casuarina) لانخفاض مخاطر الجذور وصغر حجم المظلة المناسب لعرض الطريق.,1000.0,32.77,20.79,11.99
KED-ROAD-05260,شارع حسن مرزوق,residential,2,Casuarina,كازوارينا,نوع طريق ضيق/سكني (residential) — تم اختيار كازوارينا (Casuarina) لانخفاض مخاطر الجذور وصغر حجم المظلة المناسب لعرض الطريق.,1000.0,32.86,20.88,11.99
KED-ROAD-02495,شارع محمد ذكى,residential,2,Casuarina,كازوارينا,نوع طريق ضيق/سكني (residential) — تم اختيار كازوارينا (Casuarina) لانخفاض مخاطر الجذور وصغر حجم المظلة المناسب لعرض الطريق.,1000.0,26.13,14.14,11.99
KED-ROAD-02494,شارع محمد ذكى,residential,2,Casuarina,كازوارينا,نوع طريق ضيق/سكني (residential) — تم اختيار كازوارينا (Casuarina) لانخفاض مخاطر الجذور وصغر حجم المظلة المناسب لعرض الطريق.,1000.0,26.13,14.14,11.99
KED-ROAD-03830,شارع دسوقي,residential,2,Casuarina,كازوارينا,نوع طريق ضيق/سكني (residential) — تم اختيار كازوارينا (Casuarina) لانخفاض مخاطر الجذور وصغر حجم المظلة المناسب لعرض الطريق.,1000.0,28.71,16.71,12.0
KED-ROAD-03829,شارع دسوقي,residential,2,Casuarina,كازوارينا,نوع طريق ضيق/سكني (residential) — تم اختيار كازوارينا (Casuarina) لانخفاض مخاطر الجذور وصغر حجم المظلة المناسب لعرض الطريق.,1000.0,28.71,16.71,12.0
KED-ROAD-03817,شارع يوسف,residential,2,Casuarina,كازوارينا,نوع طريق ضيق/سكني (residential) — تم اختيار كازوارينا (Casuarina) لانخفاض مخاطر الجذور وصغر حجم المظلة المناسب لعرض الطريق.,1000.0,30.16,18.17,11.99
KED-ROAD-03816,شارع يوسف,residential,2,Casuarina,كازوارينا,نوع طريق ضيق/سكني (residential) — تم اختيار كازوارينا (Casuarina) لانخفاض مخاطر الجذور وصغر حجم المظلة المناسب لعرض الطريق.,1000.0,30.16,18.17,11.99
KED-ROAD-03801,شارع بيبرس,residential,2,Casuarina,كازوارينا,نوع طريق ضيق/سكني (residential) — تم اختيار كازوارينا (Casuarina) لانخفاض مخاطر الجذور وصغر حجم المظلة المناسب لعرض الطريق.,1000.0,28.81,16.81,11.99
KED-ROAD-03800,شارع بيبرس,residential,2,Casuarina,كازوارينا,نوع طريق ضيق/سكني (residential) — تم اختيار كازوارينا (Casuarina) لانخفاض مخاطر الجذور وصغر حجم المظلة المناسب لعرض الطريق.,1000.0,28.81,16.81,11.99
KED-ROAD-02524,شارع سلطان,residential,2,Casuarina,كازوارينا,نوع طريق ضيق/سكني (residential) — تم اختيار كازوارينا (Casuarina) لانخفاض مخاطر الجذور وصغر حجم المظلة المناسب لعرض الطريق.,1000.0,26.16,14.17,11.99
KED-ROAD-02523,شارع سلطان,residential,2,Casuarina,كازوارينا,نوع طريق ضيق/سكني (residential) — تم اختيار كازوارينا (Casuarina) لانخفاض مخاطر الجذور وصغر حجم المظلة المناسب لعرض الطريق.,1000.0,26.16,14.17,11.99
KED-ROAD-05259,شارع حسن مرزوق,residential,2,Casuarina,كازوارينا,نوع طريق ضيق/سكني (residential) — تم اختيار كازوارينا (Casuarina) لانخفاض مخاطر الجذور وصغر حجم المظلة المناسب لعرض الطريق.,1000.0,32.86,20.88,11.99
KED-ROAD-00473,شارع 37,residential,2,Casuarina,كازوارينا,نوع طريق ضيق/سكني (residential) — تم اختيار كازوارينا (Casuarina) لانخفاض مخاطر الجذور وصغر حجم المظلة المناسب لعرض الطريق.,1000.0,28.66,16.66,11.99
KED-ROAD-00472,شارع 37,residential,2,Casuarina,كازوارينا,نوع طريق ضيق/سكني (residential) — تم اختيار كازوارينا (Casuarina) لانخفاض مخاطر الجذور وصغر حجم المظلة المناسب لعرض الطريق.,1000.0,28.66,16.66,11.99
KED-ROAD-00455,شارع المعز,residential,2,Casuarina,كازوارينا,نوع طريق ضيق/سكني (residential) — تم اختيار كازوارينا (Casuarina) لانخفاض مخاطر الجذور وصغر حجم المظلة المناسب لعرض الطريق.,1000.0,32.92,20.93,11.99
KED-ROAD-00454,شارع المعز,residential,2,Casuarina,كازوارينا,نوع طريق ضيق/سكني (residential) — تم اختيار كازوارينا (Casuarina) لانخفاض مخاطر الجذور وصغر حجم المظلة المناسب لعرض الطريق.,1000.0,32.92,20.93,11.99
KED-ROAD-00447,شارع فلسطين,residential,2,Casuarina,كازوارينا,نوع طريق ضيق/سكني (residential) — تم اختيار كازوارينا (Casuarina) لانخفاض مخاطر الجذور وصغر حجم المظلة المناسب لعرض الطريق.,1000.0,28.13,16.14,11.99
KED-ROAD-00446,شارع فلسطين,residential,2,Casuarina,كازوارينا,نوع طريق ضيق/سكني (residential) — تم اختيار كازوارينا (Casuarina) لانخفاض مخاطر الجذور وصغر حجم المظلة المناسب لعرض الطريق.,1000.0,28.13,16.14,11.99
KED-ROAD-00441,شارع 38,residential,2,Casuarina,كازوارينا,نوع طريق ضيق/سكني (residential) — تم اختيار كازوارينا (Casuarina) لانخفاض مخاطر الجذور وصغر حجم المظلة المناسب لعرض الطريق.,1000.0,27.46,15.47,11.99
KED-ROAD-00437,حارة النجوم,residential,2,Casuarina,كازوارينا,نوع طريق ضيق/سكني (residential) — تم اختيار كازوارينا (Casuarina) لانخفاض مخاطر الجذور وصغر حجم المظلة المناسب لعرض الطريق.,1000.0,30.77,18.78,11.99
KED-ROAD-00436,حارة النجوم,residential,2,Casuarina,كازوارينا,نوع طريق ضيق/سكني (residential) — تم اختيار كازوارينا (Casuarina) لانخفاض مخاطر الجذور وصغر حجم المظلة المناسب لعرض الطريق.,1000.0,30.77,18.78,11.99
KED-ROAD-05236,شارع حامد عبد المحسن,residential,2,Casuarina,كازوارينا,نوع طريق ضيق/سكني (residential) — تم اختيار كازوارينا (Casuarina) لانخفاض مخاطر الجذور وصغر حجم المظلة المناسب لعرض الطريق.,1000.0,32.63,20.64,11.99
KED-ROAD-02493,شارع محمد بسيوني,residential,2,Casuarina,كازوارينا,نوع طريق ضيق/سكني (residential) — تم اختيار كازوارينا (Casuarina) لانخفاض مخاطر الجذور وصغر حجم المظلة المناسب لعرض الطريق.,1000.0,32.58,20.59,11.99
KED-ROAD-02492,شارع محمد بسيوني,residential,2,Casuarina,كازوارينا,نوع طريق ضيق/سكني (residential) — تم اختيار كازوارينا (Casuarina) لانخفاض مخاطر الجذور وصغر حجم المظلة المناسب لعرض الطريق.,1000.0,32.58,20.59,11.99
KED-ROAD-02491,شارع نجم,residential,2,Casuarina,كازوارينا,نوع طريق ضيق/سكني (residential) — تم اختيار كازوارينا (Casuarina) لانخفاض مخاطر الجذور وصغر حجم المظلة المناسب لعرض الطريق.,1000.0,29.69,17.7,11.99
KED-ROAD-02483,شارع السد العالى,residential,2,Casuarina,كازوارينا,نوع طريق ضيق/سكني (residential) — تم اختيار كازوارينا (Casuarina) لانخفاض مخاطر الجذور وصغر حجم المظلة المناسب لعرض الطريق.,1000.0,29.47,17.47,12.0
KED-ROAD-02482,شارع السد العالى,residential,2,Casuarina,كازوارينا,نوع طريق ضيق/سكني (residential) — تم اختيار كازوارينا (Casuarina) لانخفاض مخاطر الجذور وصغر حجم المظلة المناسب لعرض الطريق.,1000.0,29.47,17.47,12.0
KED-ROAD-02480,شارع نجم,residential,2,Casuarina,كازوارينا,نوع طريق ضيق/سكني (residential) — تم اختيار كازوارينا (Casuarina) لانخفاض مخاطر الجذور وصغر حجم المظلة المناسب لعرض الطريق.,1000.0,29.69,17.7,11.99
KED-ROAD-02475,شارع نجم,residential,2,Casuarina,كازوارينا,نوع طريق ضيق/سكني (residential) — تم اختيار كازوارينا (Casuarina) لانخفاض مخاطر الجذور وصغر حجم المظلة المناسب لعرض الطريق.,1000.0,27.85,15.86,11.99
KED-ROAD-02474,شارع نجم,residential,2,Casuarina,كازوارينا,نوع طريق ضيق/سكني (residential) — تم اختيار كازوارينا (Casuarina) لانخفاض مخاطر الجذور وصغر حجم المظلة المناسب لعرض الطريق.,1000.0,27.85,15.86,11.99
KED-ROAD-02509,شارع سلطان,residential,2,Casuarina,كازوارينا,نوع طريق ضيق/سكني (residential) — تم اختيار كازوارينا (Casuarina) لانخفاض مخاطر الجذور وصغر حجم المظلة المناسب لعرض الطريق.,1000.0,27.08,15.1,11.99
KED-ROAD-02508,شارع سلطان,residential,2,Casuarina,كازوارينا,نوع طريق ضيق/سكني (residential) — تم اختيار كازوارينا (Casuarina) لانخفاض مخاطر الجذور وصغر حجم المظلة المناسب لعرض الطريق.,1000.0,27.08,15.1,11.99
KED-ROAD-02501,شارع الخطيب,residential,2,Casuarina,كازوارينا,نوع طريق ضيق/سكني (residential) — تم اختيار كازوارينا (Casuarina) لانخفاض مخاطر الجذور وصغر حجم المظلة المناسب لعرض الطريق.,1000.0,27.17,15.18,11.99
KED-ROAD-03863,شارع يوسف,residential,2,Casuarina,كازوارينا,نوع طريق ضيق/سكني (residential) — تم اختيار كازوارينا (Casuarina) لانخفاض مخاطر الجذور وصغر حجم المظلة المناسب لعرض الطريق.,1000.0,29.66,17.67,11.99
KED-ROAD-03862,شارع يوسف,residential,2,Casuarina,كازوارينا,نوع طريق ضيق/سكني (residential) — تم اختيار كازوارينا (Casuarina) لانخفاض مخاطر الجذور وصغر حجم المظلة المناسب لعرض الطريق.,1000.0,29.66,17.67,11.99
KED-ROAD-02469,حارة عواد,residential,2,Casuarina,كازوارينا,نوع طريق ضيق/سكني (residential) — تم اختيار كازوارينا (Casuarina) لانخفاض مخاطر الجذور وصغر حجم المظلة المناسب لعرض الطريق.,1000.0,30.39,18.39,12.0
KED-ROAD-02468,حارة عواد,residential,2,Casuarina,كازوارينا,نوع طريق ضيق/سكني (residential) — تم اختيار كازوارينا (Casuarina) لانخفاض مخاطر الجذور وصغر حجم المظلة المناسب لعرض الطريق.,1000.0,30.39,18.39,12.0
KED-ROAD-05235,شارع حامد عبد المحسن,residential,2,Casuarina,كازوارينا,نوع طريق ضيق/سكني (residential) — تم اختيار كازوارينا (Casuarina) لانخفاض مخاطر الجذور وصغر حجم المظلة المناسب لعرض الطريق.,1000.0,32.63,20.64,11.99
KED-ROAD-00487,شارع 41,residential,2,Casuarina,كازوارينا,نوع طريق ضيق/سكني (residential) — تم اختيار كازوارينا (Casuarina) لانخفاض مخاطر الجذور وصغر حجم المظلة المناسب لعرض الطريق.,1000.0,31.2,19.18,12.02
KED-ROAD-00486,شارع 41,residential,2,Casuarina,كازوارينا,نوع طريق ضيق/سكني (residential) — تم اختيار كازوارينا (Casuarina) لانخفاض مخاطر الجذور وصغر حجم المظلة المناسب لعرض الطريق.,1000.0,31.2,19.18,12.02
KED-ROAD-00483,حارة النجوم,residential,2,Casuarina,كازوارينا,نوع طريق ضيق/سكني (residential) — تم اختيار كازوارينا (Casuarina) لانخفاض مخاطر الجذور وصغر حجم المظلة المناسب لعرض الطريق.,1000.0,31.13,19.14,11.99
KED-ROAD-00482,حارة النجوم,residential,2,Casuarina,كازوارينا,نوع طريق ضيق/سكني (residential) — تم اختيار كازوارينا (Casuarina) لانخفاض مخاطر الجذور وصغر حجم المظلة المناسب لعرض الطريق.,1000.0,31.13,19.14,11.99
KED-ROAD-05220,شارع مساكن التمليك,residential,2,Casuarina,كازوارينا,نوع طريق ضيق/سكني (residential) — تم اختيار كازوارينا (Casuarina) لانخفاض مخاطر الجذور وصغر حجم المظلة المناسب لعرض الطريق.,1000.0,27.0,15.01,11.99
KED-ROAD-05219,شارع مساكن التمليك,residential,2,Casuarina,كازوارينا,نوع طريق ضيق/سكني (residential) — تم اختيار كازوارينا (Casuarina) لانخفاض مخاطر الجذور وصغر حجم المظلة المناسب لعرض الطريق.,1000.0,27.0,15.01,11.99
KED-ROAD-05131,شارع محمد انور السادات,residential,2,Casuarina,كازوارينا,نوع طريق ضيق/سكني (residential) — تم اختيار كازوارينا (Casuarina) لانخفاض مخاطر الجذور وصغر حجم المظلة المناسب لعرض الطريق.,1000.0,28.73,16.74,11.99
KED-ROAD-05130,شارع مساكن التمليك,residential,2,Casuarina,كازوارينا,نوع طريق ضيق/سكني (residential) — تم اختيار كازوارينا (Casuarina) لانخفاض مخاطر الجذور وصغر حجم المظلة المناسب لعرض الطريق.,1000.0,29.35,17.36,11.99
KED-ROAD-05129,شارع مساكن التمليك,residential,2,Casuarina,كازوارينا,نوع طريق ضيق/سكني (residential) — تم اختيار كازوارينا (Casuarina) لانخفاض مخاطر الجذور وصغر حجم المظلة المناسب لعرض الطريق.,1000.0,29.35,17.36,11.99
KED-ROAD-00529,شارع داير البندر,residential,2,Casuarina,كازوارينا,نوع طريق ضيق/سكني (residential) — تم اختيار كازوارينا (Casuarina) لانخفاض مخاطر الجذور وصغر حجم المظلة المناسب لعرض الطريق.,1000.0,26.47,14.47,12.0
KED-ROAD-00528,شارع داير البندر,residential,2,Casuarina,كازوارينا,نوع طريق ضيق/سكني (residential) — تم اختيار كازوارينا (Casuarina) لانخفاض مخاطر الجذور وصغر حجم المظلة المناسب لعرض الطريق.,1000.0,26.47,14.47,12.0
KED-ROAD-00527,عطفه المأمون,residential,2,Casuarina,كازوارينا,نوع طريق ضيق/سكني (residential) — تم اختيار كازوارينا (Casuarina) لانخفاض مخاطر الجذور وصغر حجم المظلة المناسب لعرض الطريق.,1000.0,30.6,18.61,12.0
KED-ROAD-00526,عطفه المأمون,residential,2,Casuarina,كازوارينا,نوع طريق ضيق/سكني (residential) — تم اختيار كازوارينا (Casuarina) لانخفاض مخاطر الجذور وصغر حجم المظلة المناسب لعرض الطريق.,1000.0,30.6,18.61,12.0
KED-ROAD-00523,شارع الجنة,residential,2,Casuarina,كازوارينا,نوع طريق ضيق/سكني (residential) — تم اختيار كازوارينا (Casuarina) لانخفاض مخاطر الجذور وصغر حجم المظلة المناسب لعرض الطريق.,1000.0,30.14,18.15,11.99
KED-ROAD-03920,شارع محمد رفاعى,residential,2,Casuarina,كازوارينا,نوع طريق ضيق/سكني (residential) — تم اختيار كازوارينا (Casuarina) لانخفاض مخاطر الجذور وصغر حجم المظلة المناسب لعرض الطريق.,1000.0,30.03,18.04,11.99
KED-ROAD-03919,شارع محمد رفاعى,residential,2,Casuarina,كازوارينا,نوع طريق ضيق/سكني (residential) — تم اختيار كازوارينا (Casuarina) لانخفاض مخاطر الجذور وصغر حجم المظلة المناسب لعرض الطريق.,1000.0,30.03,18.04,11.99
KED-ROAD-03895,الطريق الدولي,tertiary,2,Neem,نيم,نوع طريق رئيسي/متوسط (tertiary) — تم اختيار نيم (Neem) لأعلى توافق موثّق (تحمل حراري مرتفع، احتياج مائي منخفض، ملاءمة عالية للطرق).,1000.0,34.38,22.4,11.99
KED-ROAD-02421,شارع 34,residential,2,Casuarina,كازوارينا,نوع طريق ضيق/سكني (residential) — تم اختيار كازوارينا (Casuarina) لانخفاض مخاطر الجذور وصغر حجم المظلة المناسب لعرض الطريق.,1000.0,32.6,20.62,11.99
KED-ROAD-02418,شارع الخطيب,residential,2,Casuarina,كازوارينا,نوع طريق ضيق/سكني (residential) — تم اختيار كازوارينا (Casuarina) لانخفاض مخاطر الجذور وصغر حجم المظلة المناسب لعرض الطريق.,1000.0,27.49,15.49,11.99
KED-ROAD-02417,شارع الخطيب,residential,2,Casuarina,كازوارينا,نوع طريق ضيق/سكني (residential) — تم اختيار كازوارينا (Casuarina) لانخفاض مخاطر الجذور وصغر حجم المظلة المناسب لعرض الطريق.,1000.0,27.49,15.49,11.99
KED-ROAD-02400,شارع 34,residential,2,Casuarina,كازوارينا,نوع طريق ضيق/سكني (residential) — تم اختيار كازوارينا (Casuarina) لانخفاض مخاطر الجذور وصغر حجم المظلة المناسب لعرض الطريق.,1000.0,32.6,20.62,11.99
KED-ROAD-02443,شارع نجم,residential,2,Casuarina,كازوارينا,نوع طريق ضيق/سكني (residential) — تم اختيار كازوارينا (Casuarina) لانخفاض مخاطر الجذور وصغر حجم المظلة المناسب لعرض الطريق.,1000.0,26.24,14.26,11.99
KED-ROAD-02442,شارع نجم,residential,2,Casuarina,كازوارينا,نوع طريق ضيق/سكني (residential) — تم اختيار كازوارينا (Casuarina) لانخفاض مخاطر الجذور وصغر حجم المظلة المناسب لعرض الطريق.,1000.0,26.24,14.26,11.99
KED-ROAD-03951,شارع السيد البحيري,residential,2,Casuarina,كازوارينا,نوع طريق ضيق/سكني (residential) — تم اختيار كازوارينا (Casuarina) لانخفاض مخاطر الجذور وصغر حجم المظلة المناسب لعرض الطريق.,1000.0,29.16,17.16,11.99
KED-ROAD-03942,شارع البسطاويسي,residential,2,Casuarina,كازوارينا,نوع طريق ضيق/سكني (residential) — تم اختيار كازوارينا (Casuarina) لانخفاض مخاطر الجذور وصغر حجم المظلة المناسب لعرض الطريق.,1000.0,26.97,14.98,11.99
KED-ROAD-03941,شارع البسطاويسي,residential,2,Casuarina,كازوارينا,نوع طريق ضيق/سكني (residential) — تم اختيار كازوارينا (Casuarina) لانخفاض مخاطر الجذور وصغر حجم المظلة المناسب لعرض الطريق.,1000.0,26.97,14.98,11.99
KED-ROAD-02300,شارع ابو المكارم,residential,2,Casuarina,كازوارينا,نوع طريق ضيق/سكني (residential) — تم اختيار كازوارينا (Casuarina) لانخفاض مخاطر الجذور وصغر حجم المظلة المناسب لعرض الطريق.,1000.0,29.9,17.91,11.99
KED-ROAD-02299,شارع ابو المكارم,residential,2,Casuarina,كازوارينا,نوع طريق ضيق/سكني (residential) — تم اختيار كازوارينا (Casuarina) لانخفاض مخاطر الجذور وصغر حجم المظلة المناسب لعرض الطريق.,1000.0,29.9,17.91,11.99
KED-ROAD-02353,شارع نجم,residential,2,Casuarina,كازوارينا,نوع طريق ضيق/سكني (residential) — تم اختيار كازوارينا (Casuarina) لانخفاض مخاطر الجذور وصغر حجم المظلة المناسب لعرض الطريق.,1000.0,31.94,19.95,11.99
KED-ROAD-02352,شارع نجم,residential,2,Casuarina,كازوارينا,نوع طريق ضيق/سكني (residential) — تم اختيار كازوارينا (Casuarina) لانخفاض مخاطر الجذور وصغر حجم المظلة المناسب لعرض الطريق.,1000.0,31.94,19.95,11.99
KED-ROAD-02349,شارع المقابر,residential,2,Casuarina,كازوارينا,نوع طريق ضيق/سكني (residential) — تم اختيار كازوارينا (Casuarina) لانخفاض مخاطر الجذور وصغر حجم المظلة المناسب لعرض الطريق.,1000.0,27.14,15.14,12.01
KED-ROAD-02348,شارع المقابر,residential,2,Casuarina,كازوارينا,نوع طريق ضيق/سكني (residential) — تم اختيار كازوارينا (Casuarina) لانخفاض مخاطر الجذور وصغر حجم المظلة المناسب لعرض الطريق.,1000.0,27.14,15.14,12.01
KED-ROAD-00522,شارع الجنة,residential,2,Casuarina,كازوارينا,نوع طريق ضيق/سكني (residential) — تم اختيار كازوارينا (Casuarina) لانخفاض مخاطر الجذور وصغر حجم المظلة المناسب لعرض الطريق.,1000.0,30.14,18.15,11.99
KED-ROAD-05119,شارع عمرو بن العاص,residential,2,Casuarina,كازوارينا,نوع طريق ضيق/سكني (residential) — تم اختيار كازوارينا (Casuarina) لانخفاض مخاطر الجذور وصغر حجم المظلة المناسب لعرض الطريق.,1000.0,30.66,18.66,12.0
KED-ROAD-05118,شارع عمرو بن العاص,residential,2,Casuarina,كازوارينا,نوع طريق ضيق/سكني (residential) — تم اختيار كازوارينا (Casuarina) لانخفاض مخاطر الجذور وصغر حجم المظلة المناسب لعرض الطريق.,1000.0,30.66,18.66,12.0
KED-ROAD-05110,شارع عمرو بن العاص,residential,2,Casuarina,كازوارينا,نوع طريق ضيق/سكني (residential) — تم اختيار كازوارينا (Casuarina) لانخفاض مخاطر الجذور وصغر حجم المظلة المناسب لعرض الطريق.,1000.0,26.97,14.97,12.0
KED-ROAD-05109,شارع عمرو بن العاص,residential,2,Casuarina,كازوارينا,نوع طريق ضيق/سكني (residential) — تم اختيار كازوارينا (Casuarina) لانخفاض مخاطر الجذور وصغر حجم المظلة المناسب لعرض الطريق.,1000.0,26.97,14.97,12.0
KED-ROAD-05098,شارع عمرو بن العاص,residential,2,Casuarina,كازوارينا,نوع طريق ضيق/سكني (residential) — تم اختيار كازوارينا (Casuarina) لانخفاض مخاطر الجذور وصغر حجم المظلة المناسب لعرض الطريق.,1000.0,31.16,19.17,11.99
KED-ROAD-05097,شارع عمرو بن العاص,residential,2,Casuarina,كازوارينا,نوع طريق ضيق/سكني (residential) — تم اختيار كازوارينا (Casuarina) لانخفاض مخاطر الجذور وصغر حجم المظلة المناسب لعرض الطريق.,1000.0,31.16,19.17,11.99
KED-ROAD-03975,شارع البسطاويسي,residential,2,Casuarina,كازوارينا,نوع طريق ضيق/سكني (residential) — تم اختيار كازوارينا (Casuarina) لانخفاض مخاطر الجذور وصغر حجم المظلة المناسب لعرض الطريق.,1000.0,29.8,17.81,11.99
KED-ROAD-02270,شارع ابو المكارم,residential,2,Casuarina,كازوارينا,نوع طريق ضيق/سكني (residential) — تم اختيار كازوارينا (Casuarina) لانخفاض مخاطر الجذور وصغر حجم المظلة المناسب لعرض الطريق.,1000.0,28.18,16.19,11.99
KED-ROAD-02269,شارع ابو المكارم,residential,2,Casuarina,كازوارينا,نوع طريق ضيق/سكني (residential) — تم اختيار كازوارينا (Casuarina) لانخفاض مخاطر الجذور وصغر حجم المظلة المناسب لعرض الطريق.,1000.0,28.18,16.19,11.99
KED-ROAD-02264,شارع 7,residential,2,Casuarina,كازوارينا,نوع طريق ضيق/سكني (residential) — تم اختيار كازوارينا (Casuarina) لانخفاض مخاطر الجذور وصغر حجم المظلة المناسب لعرض الطريق.,1000.0,26.02,14.03,11.99
KED-ROAD-02263,شارع 7,residential,2,Casuarina,كازوارينا,نوع طريق ضيق/سكني (residential) — تم اختيار كازوارينا (Casuarina) لانخفاض مخاطر الجذور وصغر حجم المظلة المناسب لعرض الطريق.,1000.0,26.02,14.03,11.99
KED-ROAD-02247,شارع الحاج مسعود خليل,residential,2,Casuarina,كازوارينا,نوع طريق ضيق/سكني (residential) — تم اختيار كازوارينا (Casuarina) لانخفاض مخاطر الجذور وصغر حجم المظلة المناسب لعرض الطريق.,1000.0,28.59,16.6,11.99
KED-ROAD-02246,شارع الحاج مسعود خليل,residential,2,Casuarina,كازوارينا,نوع طريق ضيق/سكني (residential) — تم اختيار كازوارينا (Casuarina) لانخفاض مخاطر الجذور وصغر حجم المظلة المناسب لعرض الطريق.,1000.0,28.59,16.6,11.99
KED-ROAD-03952,شارع السيد البحيري,residential,2,Casuarina,كازوارينا,نوع طريق ضيق/سكني (residential) — تم اختيار كازوارينا (Casuarina) لانخفاض مخاطر الجذور وصغر حجم المظلة المناسب لعرض الطريق.,1000.0,29.16,17.16,11.99
KED-ROAD-00572,شارع عثمان بن عفان,residential,2,Casuarina,كازوارينا,نوع طريق ضيق/سكني (residential) — تم اختيار كازوارينا (Casuarina) لانخفاض مخاطر الجذور وصغر حجم المظلة المناسب لعرض الطريق.,1000.0,28.6,16.6,12.0
KED-ROAD-00571,شارع عثمان بن عفان,residential,2,Casuarina,كازوارينا,نوع طريق ضيق/سكني (residential) — تم اختيار كازوارينا (Casuarina) لانخفاض مخاطر الجذور وصغر حجم المظلة المناسب لعرض الطريق.,1000.0,28.6,16.6,12.0
KED-ROAD-05096,شارع مدرسه طلعت حرب,tertiary,2,Neem,نيم,نوع طريق رئيسي/متوسط (tertiary) — تم اختيار نيم (Neem) لأعلى توافق موثّق (تحمل حراري مرتفع، احتياج مائي منخفض، ملاءمة عالية للطرق).,1000.0,30.75,18.75,12.0
KED-ROAD-05095,شارع مدرسه طلعت حرب,tertiary,2,Neem,نيم,نوع طريق رئيسي/متوسط (tertiary) — تم اختيار نيم (Neem) لأعلى توافق موثّق (تحمل حراري مرتفع، احتياج مائي منخفض، ملاءمة عالية للطرق).,1000.0,30.75,18.75,12.0
KED-ROAD-05093,الطريق الدولي,tertiary,2,Neem,نيم,نوع طريق رئيسي/متوسط (tertiary) — تم اختيار نيم (Neem) لأعلى توافق موثّق (تحمل حراري مرتفع، احتياج مائي منخفض، ملاءمة عالية للطرق).,1000.0,34.58,22.58,11.99
KED-ROAD-05088,شارع العدوى,residential,2,Casuarina,كازوارينا,نوع طريق ضيق/سكني (residential) — تم اختيار كازوارينا (Casuarina) لانخفاض مخاطر الجذور وصغر حجم المظلة المناسب لعرض الطريق.,1000.0,31.85,19.86,11.99
KED-ROAD-05087,شارع العدوى,residential,2,Casuarina,كازوارينا,نوع طريق ضيق/سكني (residential) — تم اختيار كازوارينا (Casuarina) لانخفاض مخاطر الجذور وصغر حجم المظلة المناسب لعرض الطريق.,1000.0,31.85,19.86,11.99
KED-ROAD-00604,شارع محمد متولي الشعراوى,residential,2,Casuarina,كازوارينا,نوع طريق ضيق/سكني (residential) — تم اختيار كازوارينا (Casuarina) لانخفاض مخاطر الجذور وصغر حجم المظلة المناسب لعرض الطريق.,1000.0,26.34,14.35,11.99
KED-ROAD-00603,شارع محمد متولي الشعراوى,residential,2,Casuarina,كازوارينا,نوع طريق ضيق/سكني (residential) — تم اختيار كازوارينا (Casuarina) لانخفاض مخاطر الجذور وصغر حجم المظلة المناسب لعرض الطريق.,1000.0,26.34,14.35,11.99
KED-ROAD-00652,عطفه الشهداء,residential,2,Casuarina,كازوارينا,نوع طريق ضيق/سكني (residential) — تم اختيار كازوارينا (Casuarina) لانخفاض مخاطر الجذور وصغر حجم المظلة المناسب لعرض الطريق.,1000.0,27.28,15.29,11.99
KED-ROAD-00651,عطفه الشهداء,residential,2,Casuarina,كازوارينا,نوع طريق ضيق/سكني (residential) — تم اختيار كازوارينا (Casuarina) لانخفاض مخاطر الجذور وصغر حجم المظلة المناسب لعرض الطريق.,1000.0,27.28,15.29,11.99
KED-ROAD-04001,شارع البسطاويسي,residential,2,Casuarina,كازوارينا,نوع طريق ضيق/سكني (residential) — تم اختيار كازوارينا (Casuarina) لانخفاض مخاطر الجذور وصغر حجم المظلة المناسب لعرض الطريق.,1000.0,28.78,16.79,11.99
KED-ROAD-03996,شارع البسطاويسي,residential,2,Casuarina,كازوارينا,نوع طريق ضيق/سكني (residential) — تم اختيار كازوارينا (Casuarina) لانخفاض مخاطر الجذور وصغر حجم المظلة المناسب لعرض الطريق.,1000.0,29.8,17.81,11.99
KED-ROAD-03980,شارع السيد البحيري,residential,2,Casuarina,كازوارينا,نوع طريق ضيق/سكني (residential) — تم اختيار كازوارينا (Casuarina) لانخفاض مخاطر الجذور وصغر حجم المظلة المناسب لعرض الطريق.,1000.0,27.31,15.32,11.99
KED-ROAD-02190,شارع الخطيب,residential,2,Casuarina,كازوارينا,نوع طريق ضيق/سكني (residential) — تم اختيار كازوارينا (Casuarina) لانخفاض مخاطر الجذور وصغر حجم المظلة المناسب لعرض الطريق.,1000.0,27.17,15.18,11.99
KED-ROAD-02179,شارع 2,residential,2,Casuarina,كازوارينا,نوع طريق ضيق/سكني (residential) — تم اختيار كازوارينا (Casuarina) لانخفاض مخاطر الجذور وصغر حجم المظلة المناسب لعرض الطريق.,1000.0,29.47,17.48,11.99
KED-ROAD-02178,شارع 2,residential,2,Casuarina,كازوارينا,نوع طريق ضيق/سكني (residential) — تم اختيار كازوارينا (Casuarina) لانخفاض مخاطر الجذور وصغر حجم المظلة المناسب لعرض الطريق.,1000.0,29.47,17.48,11.99
KED-ROAD-03979,شارع السيد البحيري,residential,2,Casuarina,كازوارينا,نوع طريق ضيق/سكني (residential) — تم اختيار كازوارينا (Casuarina) لانخفاض مخاطر الجذور وصغر حجم المظلة المناسب لعرض الطريق.,1000.0,27.31,15.32,11.99
KED-ROAD-00639,شارع إسماعيل شحاتة,residential,2,Casuarina,كازوارينا,نوع طريق ضيق/سكني (residential) — تم اختيار كازوارينا (Casuarina) لانخفاض مخاطر الجذور وصغر حجم المظلة المناسب لعرض الطريق.,1000.0,26.73,14.74,11.99
KED-ROAD-00638,شارع إسماعيل شحاتة,residential,2,Casuarina,كازوارينا,نوع طريق ضيق/سكني (residential) — تم اختيار كازوارينا (Casuarina) لانخفاض مخاطر الجذور وصغر حجم المظلة المناسب لعرض الطريق.,1000.0,26.73,14.74,11.99
KED-ROAD-00637,شارع 35,residential,2,Casuarina,كازوارينا,نوع طريق ضيق/سكني (residential) — تم اختيار كازوارينا (Casuarina) لانخفاض مخاطر الجذور وصغر حجم المظلة المناسب لعرض الطريق.,1000.0,30.82,18.83,12.0
KED-ROAD-00636,شارع 35,residential,2,Casuarina,كازوارينا,نوع طريق ضيق/سكني (residential) — تم اختيار كازوارينا (Casuarina) لانخفاض مخاطر الجذور وصغر حجم المظلة المناسب لعرض الطريق.,1000.0,30.82,18.83,12.0
KED-ROAD-05070,شارع حسن مرزوق,residential,2,Casuarina,كازوارينا,نوع طريق ضيق/سكني (residential) — تم اختيار كازوارينا (Casuarina) لانخفاض مخاطر الجذور وصغر حجم المظلة المناسب لعرض الطريق.,1000.0,32.89,20.91,11.99
KED-ROAD-05069,شارع حسن مرزوق,residential,2,Casuarina,كازوارينا,نوع طريق ضيق/سكني (residential) — تم اختيار كازوارينا (Casuarina) لانخفاض مخاطر الجذور وصغر حجم المظلة المناسب لعرض الطريق.,1000.0,32.89,20.91,11.99
KED-ROAD-00678,شارع إسماعيل شحاتة,residential,2,Casuarina,كازوارينا,نوع طريق ضيق/سكني (residential) — تم اختيار كازوارينا (Casuarina) لانخفاض مخاطر الجذور وصغر حجم المظلة المناسب لعرض الطريق.,1000.0,31.87,19.88,11.99
KED-ROAD-00677,شارع إسماعيل شحاتة,residential,2,Casuarina,كازوارينا,نوع طريق ضيق/سكني (residential) — تم اختيار كازوارينا (Casuarina) لانخفاض مخاطر الجذور وصغر حجم المظلة المناسب لعرض الطريق.,1000.0,31.87,19.88,11.99
KED-ROAD-00676,حارة ضياء الدين,residential,2,Casuarina,كازوارينا,نوع طريق ضيق/سكني (residential) — تم اختيار كازوارينا (Casuarina) لانخفاض مخاطر الجذور وصغر حجم المظلة المناسب لعرض الطريق.,1000.0,30.63,18.64,11.99
KED-ROAD-00675,حارة ضياء الدين,residential,2,Casuarina,كازوارينا,نوع طريق ضيق/سكني (residential) — تم اختيار كازوارينا (Casuarina) لانخفاض مخاطر الجذور وصغر حجم المظلة المناسب لعرض الطريق.,1000.0,30.63,18.64,11.99
KED-ROAD-00666,شارع 2,residential,2,Casuarina,كازوارينا,نوع طريق ضيق/سكني (residential) — تم اختيار كازوارينا (Casuarina) لانخفاض مخاطر الجذور وصغر حجم المظلة المناسب لعرض الطريق.,1000.0,32.85,20.86,11.99
KED-ROAD-00665,شارع 2,residential,2,Casuarina,كازوارينا,نوع طريق ضيق/سكني (residential) — تم اختيار كازوارينا (Casuarina) لانخفاض مخاطر الجذور وصغر حجم المظلة المناسب لعرض الطريق.,1000.0,32.85,20.86,11.99
KED-ROAD-02093,"طريق كفر الدوار, ابو المطامير",secondary,2,Neem,نيم,نوع طريق رئيسي/متوسط (secondary) — تم اختيار نيم (Neem) لأعلى توافق موثّق (تحمل حراري مرتفع، احتياج مائي منخفض، ملاءمة عالية للطرق).,1000.0,28.72,16.74,11.99
KED-ROAD-04005,شارع السيد البحيري,residential,2,Casuarina,كازوارينا,نوع طريق ضيق/سكني (residential) — تم اختيار كازوارينا (Casuarina) لانخفاض مخاطر الجذور وصغر حجم المظلة المناسب لعرض الطريق.,1000.0,27.03,15.03,12.0
KED-ROAD-04002,شارع البسطاويسي,residential,2,Casuarina,كازوارينا,نوع طريق ضيق/سكني (residential) — تم اختيار كازوارينا (Casuarina) لانخفاض مخاطر الجذور وصغر حجم المظلة المناسب لعرض الطريق.,1000.0,28.78,16.79,11.99
KED-ROAD-02116,"طريق كفر الدوار, ابو المطامير",secondary,2,Neem,نيم,نوع طريق رئيسي/متوسط (secondary) — تم اختيار نيم (Neem) لأعلى توافق موثّق (تحمل حراري مرتفع، احتياج مائي منخفض، ملاءمة عالية للطرق).,1000.0,33.4,21.41,11.99
KED-ROAD-02115,"طريق كفر الدوار, ابو المطامير",secondary,2,Neem,نيم,نوع طريق رئيسي/متوسط (secondary) — تم اختيار نيم (Neem) لأعلى توافق موثّق (تحمل حراري مرتفع، احتياج مائي منخفض، ملاءمة عالية للطرق).,1000.0,33.4,21.41,11.99
KED-ROAD-00658,عطفه الشهداء,residential,2,Casuarina,كازوارينا,نوع طريق ضيق/سكني (residential) — تم اختيار كازوارينا (Casuarina) لانخفاض مخاطر الجذور وصغر حجم المظلة المناسب لعرض الطريق.,1000.0,30.05,18.06,11.99
KED-ROAD-00657,عطفه الشهداء,residential,2,Casuarina,كازوارينا,نوع طريق ضيق/سكني (residential) — تم اختيار كازوارينا (Casuarina) لانخفاض مخاطر الجذور وصغر حجم المظلة المناسب لعرض الطريق.,1000.0,30.05,18.06,11.99
KED-ROAD-00691,شارع ابو بكر الصديق,residential,2,Casuarina,كازوارينا,نوع طريق ضيق/سكني (residential) — تم اختيار كازوارينا (Casuarina) لانخفاض مخاطر الجذور وصغر حجم المظلة المناسب لعرض الطريق.,1000.0,26.25,14.25,12.0
KED-ROAD-00682,شارع إسماعيل شحاتة,residential,2,Casuarina,كازوارينا,نوع طريق ضيق/سكني (residential) — تم اختيار كازوارينا (Casuarina) لانخفاض مخاطر الجذور وصغر حجم المظلة المناسب لعرض الطريق.,1000.0,30.61,18.62,11.99
KED-ROAD-00681,شارع إسماعيل شحاتة,residential,2,Casuarina,كازوارينا,نوع طريق ضيق/سكني (residential) — تم اختيار كازوارينا (Casuarina) لانخفاض مخاطر الجذور وصغر حجم المظلة المناسب لعرض الطريق.,1000.0,30.61,18.62,11.99
KED-ROAD-00730,شارع خفاجه,residential,2,Casuarina,كازوارينا,نوع طريق ضيق/سكني (residential) — تم اختيار كازوارينا (Casuarina) لانخفاض مخاطر الجذور وصغر حجم المظلة المناسب لعرض الطريق.,1000.0,30.2,18.22,11.99
KED-ROAD-00729,شارع خفاجه,residential,2,Casuarina,كازوارينا,نوع طريق ضيق/سكني (residential) — تم اختيار كازوارينا (Casuarina) لانخفاض مخاطر الجذور وصغر حجم المظلة المناسب لعرض الطريق.,1000.0,30.2,18.22,11.99
KED-ROAD-00716,شارع محمد الصاوى,residential,2,Casuarina,كازوارينا,نوع طريق ضيق/سكني (residential) — تم اختيار كازوارينا (Casuarina) لانخفاض مخاطر الجذور وصغر حجم المظلة المناسب لعرض الطريق.,1000.0,27.89,15.9,11.99
KED-ROAD-00715,شارع محمد الصاوى,residential,2,Casuarina,كازوارينا,نوع طريق ضيق/سكني (residential) — تم اختيار كازوارينا (Casuarina) لانخفاض مخاطر الجذور وصغر حجم المظلة المناسب لعرض الطريق.,1000.0,27.89,15.9,11.99
KED-ROAD-00714,شارع التراث,residential,2,Casuarina,كازوارينا,نوع طريق ضيق/سكني (residential) — تم اختيار كازوارينا (Casuarina) لانخفاض مخاطر الجذور وصغر حجم المظلة المناسب لعرض الطريق.,1000.0,30.58,18.59,12.0
KED-ROAD-00713,شارع التراث,residential,2,Casuarina,كازوارينا,نوع طريق ضيق/سكني (residential) — تم اختيار كازوارينا (Casuarina) لانخفاض مخاطر الجذور وصغر حجم المظلة المناسب لعرض الطريق.,1000.0,30.58,18.59,12.0
KED-ROAD-05032,شارع ماجد,residential,2,Casuarina,كازوارينا,نوع طريق ضيق/سكني (residential) — تم اختيار كازوارينا (Casuarina) لانخفاض مخاطر الجذور وصغر حجم المظلة المناسب لعرض الطريق.,1000.0,28.58,16.58,12.0
KED-ROAD-04056,شارع الاحمر,residential,2,Casuarina,كازوارينا,نوع طريق ضيق/سكني (residential) — تم اختيار كازوارينا (Casuarina) لانخفاض مخاطر الجذور وصغر حجم المظلة المناسب لعرض الطريق.,1000.0,31.0,19.01,12.0
KED-ROAD-02038,شارع حامد النداف,residential,2,Casuarina,كازوارينا,نوع طريق ضيق/سكني (residential) — تم اختيار كازوارينا (Casuarina) لانخفاض مخاطر الجذور وصغر حجم المظلة المناسب لعرض الطريق.,1000.0,30.3,18.31,11.99
KED-ROAD-02037,شارع حامد النداف,residential,2,Casuarina,كازوارينا,نوع طريق ضيق/سكني (residential) — تم اختيار كازوارينا (Casuarina) لانخفاض مخاطر الجذور وصغر حجم المظلة المناسب لعرض الطريق.,1000.0,30.3,18.31,11.99
KED-ROAD-02050,شارع سعد رخا,residential,2,Casuarina,كازوارينا,نوع طريق ضيق/سكني (residential) — تم اختيار كازوارينا (Casuarina) لانخفاض مخاطر الجذور وصغر حجم المظلة المناسب لعرض الطريق.,1000.0,27.09,15.11,11.99
KED-ROAD-02049,شارع سعد رخا,residential,2,Casuarina,كازوارينا,نوع طريق ضيق/سكني (residential) — تم اختيار كازوارينا (Casuarina) لانخفاض مخاطر الجذور وصغر حجم المظلة المناسب لعرض الطريق.,1000.0,27.09,15.11,11.99
KED-ROAD-02096,"طريق كفر الدوار, ابو المطامير",secondary,2,Neem,نيم,نوع طريق رئيسي/متوسط (secondary) — تم اختيار نيم (Neem) لأعلى توافق موثّق (تحمل حراري مرتفع، احتياج مائي منخفض، ملاءمة عالية للطرق).,1000.0,30.09,18.1,11.99
KED-ROAD-02095,"طريق كفر الدوار, ابو المطامير",secondary,2,Neem,نيم,نوع طريق رئيسي/متوسط (secondary) — تم اختيار نيم (Neem) لأعلى توافق موثّق (تحمل حراري مرتفع، احتياج مائي منخفض، ملاءمة عالية للطرق).,1000.0,30.09,18.1,11.99
KED-ROAD-02094,"طريق كفر الدوار, ابو المطامير",secondary,2,Neem,نيم,نوع طريق رئيسي/متوسط (secondary) — تم اختيار نيم (Neem) لأعلى توافق موثّق (تحمل حراري مرتفع، احتياج مائي منخفض، ملاءمة عالية للطرق).,1000.0,28.72,16.74,11.99
KED-ROAD-05026,شارع مساكن المجلس,residential,2,Casuarina,كازوارينا,نوع طريق ضيق/سكني (residential) — تم اختيار كازوارينا (Casuarina) لانخفاض مخاطر الجذور وصغر حجم المظلة المناسب لعرض الطريق.,1000.0,31.09,19.09,12.0
KED-ROAD-05025,شارع مساكن المجلس,residential,2,Casuarina,كازوارينا,نوع طريق ضيق/سكني (residential) — تم اختيار كازوارينا (Casuarina) لانخفاض مخاطر الجذور وصغر حجم المظلة المناسب لعرض الطريق.,1000.0,31.09,19.09,12.0
KED-ROAD-05024,شارع مساكن المجلس,residential,2,Casuarina,كازوارينا,نوع طريق ضيق/سكني (residential) — تم اختيار كازوارينا (Casuarina) لانخفاض مخاطر الجذور وصغر حجم المظلة المناسب لعرض الطريق.,1000.0,30.77,18.77,12.0
KED-ROAD-00766,شارع مصطفى كامل,residential,2,Casuarina,كازوارينا,نوع طريق ضيق/سكني (residential) — تم اختيار كازوارينا (Casuarina) لانخفاض مخاطر الجذور وصغر حجم المظلة المناسب لعرض الطريق.,1000.0,31.19,19.2,11.99
KED-ROAD-00765,شارع مصطفى كامل,residential,2,Casuarina,كازوارينا,نوع طريق ضيق/سكني (residential) — تم اختيار كازوارينا (Casuarina) لانخفاض مخاطر الجذور وصغر حجم المظلة المناسب لعرض الطريق.,1000.0,31.19,19.2,11.99
KED-ROAD-00764,عطفه جلال الدسوقي,residential,2,Casuarina,كازوارينا,نوع طريق ضيق/سكني (residential) — تم اختيار كازوارينا (Casuarina) لانخفاض مخاطر الجذور وصغر حجم المظلة المناسب لعرض الطريق.,1000.0,29.31,17.32,11.99
KED-ROAD-00763,عطفه جلال الدسوقي,residential,2,Casuarina,كازوارينا,نوع طريق ضيق/سكني (residential) — تم اختيار كازوارينا (Casuarina) لانخفاض مخاطر الجذور وصغر حجم المظلة المناسب لعرض الطريق.,1000.0,29.31,17.32,11.99
KED-ROAD-00758,شارع التراث,residential,2,Casuarina,كازوارينا,نوع طريق ضيق/سكني (residential) — تم اختيار كازوارينا (Casuarina) لانخفاض مخاطر الجذور وصغر حجم المظلة المناسب لعرض الطريق.,1000.0,27.98,15.98,12.0
KED-ROAD-00757,شارع التراث,residential,2,Casuarina,كازوارينا,نوع طريق ضيق/سكني (residential) — تم اختيار كازوارينا (Casuarina) لانخفاض مخاطر الجذور وصغر حجم المظلة المناسب لعرض الطريق.,1000.0,27.98,15.98,12.0
KED-ROAD-00756,شارع خفاجه,residential,2,Casuarina,كازوارينا,نوع طريق ضيق/سكني (residential) — تم اختيار كازوارينا (Casuarina) لانخفاض مخاطر الجذور وصغر حجم المظلة المناسب لعرض الطريق.,1000.0,27.98,16.0,11.99
KED-ROAD-00755,شارع خفاجه,residential,2,Casuarina,كازوارينا,نوع طريق ضيق/سكني (residential) — تم اختيار كازوارينا (Casuarina) لانخفاض مخاطر الجذور وصغر حجم المظلة المناسب لعرض الطريق.,1000.0,27.98,16.0,11.99
KED-ROAD-00788,شارع مصطفى كامل,residential,2,Casuarina,كازوارينا,نوع طريق ضيق/سكني (residential) — تم اختيار كازوارينا (Casuarina) لانخفاض مخاطر الجذور وصغر حجم المظلة المناسب لعرض الطريق.,1000.0,30.77,18.78,11.99
KED-ROAD-00787,شارع مصطفى كامل,residential,2,Casuarina,كازوارينا,نوع طريق ضيق/سكني (residential) — تم اختيار كازوارينا (Casuarina) لانخفاض مخاطر الجذور وصغر حجم المظلة المناسب لعرض الطريق.,1000.0,30.77,18.78,11.99
KED-ROAD-00786,شارع الجواهر,residential,2,Casuarina,كازوارينا,نوع طريق ضيق/سكني (residential) — تم اختيار كازوارينا (Casuarina) لانخفاض مخاطر الجذور وصغر حجم المظلة المناسب لعرض الطريق.,1000.0,28.46,16.47,11.99
KED-ROAD-04077,شارع احمد مزروع,residential,2,Casuarina,كازوارينا,نوع طريق ضيق/سكني (residential) — تم اختيار كازوارينا (Casuarina) لانخفاض مخاطر الجذور وصغر حجم المظلة المناسب لعرض الطريق.,1000.0,29.56,17.57,11.99
KED-ROAD-04076,شارع احمد مزروع,residential,2,Casuarina,كازوارينا,نوع طريق ضيق/سكني (residential) — تم اختيار كازوارينا (Casuarina) لانخفاض مخاطر الجذور وصغر حجم المظلة المناسب لعرض الطريق.,1000.0,29.56,17.57,11.99
KED-ROAD-04057,شارع الاحمر,residential,2,Casuarina,كازوارينا,نوع طريق ضيق/سكني (residential) — تم اختيار كازوارينا (Casuarina) لانخفاض مخاطر الجذور وصغر حجم المظلة المناسب لعرض الطريق.,1000.0,31.0,19.01,12.0
KED-ROAD-01979,شارع الاحمر,residential,2,Casuarina,كازوارينا,نوع طريق ضيق/سكني (residential) — تم اختيار كازوارينا (Casuarina) لانخفاض مخاطر الجذور وصغر حجم المظلة المناسب لعرض الطريق.,1000.0,28.67,16.68,11.99
KED-ROAD-04111,شارع على منسى,residential,2,Casuarina,كازوارينا,نوع طريق ضيق/سكني (residential) — تم اختيار كازوارينا (Casuarina) لانخفاض مخاطر الجذور وصغر حجم المظلة المناسب لعرض الطريق.,1000.0,30.09,18.09,11.99
KED-ROAD-04110,شارع على منسى,residential,2,Casuarina,كازوارينا,نوع طريق ضيق/سكني (residential) — تم اختيار كازوارينا (Casuarina) لانخفاض مخاطر الجذور وصغر حجم المظلة المناسب لعرض الطريق.,1000.0,30.09,18.09,11.99
KED-ROAD-02012,طريق البردلة الرئيسى,residential,2,Casuarina,كازوارينا,نوع طريق ضيق/سكني (residential) — تم اختيار كازوارينا (Casuarina) لانخفاض مخاطر الجذور وصغر حجم المظلة المناسب لعرض الطريق.,1000.0,32.16,20.17,11.99
KED-ROAD-02011,طريق البردلة الرئيسى,residential,2,Casuarina,كازوارينا,نوع طريق ضيق/سكني (residential) — تم اختيار كازوارينا (Casuarina) لانخفاض مخاطر الجذور وصغر حجم المظلة المناسب لعرض الطريق.,1000.0,32.16,20.17,11.99
KED-ROAD-00785,شارع الجواهر,residential,2,Casuarina,كازوارينا,نوع طريق ضيق/سكني (residential) — تم اختيار كازوارينا (Casuarina) لانخفاض مخاطر الجذور وصغر حجم المظلة المناسب لعرض الطريق.,1000.0,28.46,16.47,11.99
KED-ROAD-00784,شارع الخير,residential,2,Casuarina,كازوارينا,نوع طريق ضيق/سكني (residential) — تم اختيار كازوارينا (Casuarina) لانخفاض مخاطر الجذور وصغر حجم المظلة المناسب لعرض الطريق.,1000.0,31.4,19.4,11.99
KED-ROAD-00783,شارع الخير,residential,2,Casuarina,كازوارينا,نوع طريق ضيق/سكني (residential) — تم اختيار كازوارينا (Casuarina) لانخفاض مخاطر الجذور وصغر حجم المظلة المناسب لعرض الطريق.,1000.0,31.4,19.4,11.99
KED-ROAD-00782,عطفه جلال الدسوقي,residential,2,Casuarina,كازوارينا,نوع طريق ضيق/سكني (residential) — تم اختيار كازوارينا (Casuarina) لانخفاض مخاطر الجذور وصغر حجم المظلة المناسب لعرض الطريق.,1000.0,28.08,16.1,11.99
KED-ROAD-00781,عطفه جلال الدسوقي,residential,2,Casuarina,كازوارينا,نوع طريق ضيق/سكني (residential) — تم اختيار كازوارينا (Casuarina) لانخفاض مخاطر الجذور وصغر حجم المظلة المناسب لعرض الطريق.,1000.0,28.08,16.1,11.99
KED-ROAD-00776,شارع التراث,residential,2,Casuarina,كازوارينا,نوع طريق ضيق/سكني (residential) — تم اختيار كازوارينا (Casuarina) لانخفاض مخاطر الجذور وصغر حجم المظلة المناسب لعرض الطريق.,1000.0,32.83,20.83,12.0
KED-ROAD-00775,شارع التراث,residential,2,Casuarina,كازوارينا,نوع طريق ضيق/سكني (residential) — تم اختيار كازوارينا (Casuarina) لانخفاض مخاطر الجذور وصغر حجم المظلة المناسب لعرض الطريق.,1000.0,32.83,20.83,12.0
KED-ROAD-00774,شارع خفاجه,residential,2,Casuarina,كازوارينا,نوع طريق ضيق/سكني (residential) — تم اختيار كازوارينا (Casuarina) لانخفاض مخاطر الجذور وصغر حجم المظلة المناسب لعرض الطريق.,1000.0,30.78,18.79,11.99
KED-ROAD-00773,شارع خفاجه,residential,2,Casuarina,كازوارينا,نوع طريق ضيق/سكني (residential) — تم اختيار كازوارينا (Casuarina) لانخفاض مخاطر الجذور وصغر حجم المظلة المناسب لعرض الطريق.,1000.0,30.78,18.79,11.99
KED-ROAD-00772,شارع ابو عجوز,residential,2,Casuarina,كازوارينا,نوع طريق ضيق/سكني (residential) — تم اختيار كازوارينا (Casuarina) لانخفاض مخاطر الجذور وصغر حجم المظلة المناسب لعرض الطريق.,1000.0,32.05,20.06,11.99
KED-ROAD-00771,شارع ابو عجوز,residential,2,Casuarina,كازوارينا,نوع طريق ضيق/سكني (residential) — تم اختيار كازوارينا (Casuarina) لانخفاض مخاطر الجذور وصغر حجم المظلة المناسب لعرض الطريق.,1000.0,32.05,20.06,11.99
KED-ROAD-00770,شارع الانوار,residential,2,Casuarina,كازوارينا,نوع طريق ضيق/سكني (residential) — تم اختيار كازوارينا (Casuarina) لانخفاض مخاطر الجذور وصغر حجم المظلة المناسب لعرض الطريق.,1000.0,30.55,18.55,12.0
KED-ROAD-00769,شارع الانوار,residential,2,Casuarina,كازوارينا,نوع طريق ضيق/سكني (residential) — تم اختيار كازوارينا (Casuarina) لانخفاض مخاطر الجذور وصغر حجم المظلة المناسب لعرض الطريق.,1000.0,30.55,18.55,12.0
KED-ROAD-04992,امتداد شارع الخليج الاعظم,residential,2,Casuarina,كازوارينا,نوع طريق ضيق/سكني (residential) — تم اختيار كازوارينا (Casuarina) لانخفاض مخاطر الجذور وصغر حجم المظلة المناسب لعرض الطريق.,1000.0,32.24,20.25,11.99
KED-ROAD-04990,امتداد شارع الخليج الاعظم,residential,2,Casuarina,كازوارينا,نوع طريق ضيق/سكني (residential) — تم اختيار كازوارينا (Casuarina) لانخفاض مخاطر الجذور وصغر حجم المظلة المناسب لعرض الطريق.,1000.0,28.41,16.42,12.0
KED-ROAD-04989,امتداد شارع الخليج الاعظم,residential,2,Casuarina,كازوارينا,نوع طريق ضيق/سكني (residential) — تم اختيار كازوارينا (Casuarina) لانخفاض مخاطر الجذور وصغر حجم المظلة المناسب لعرض الطريق.,1000.0,28.41,16.42,12.0
KED-ROAD-04151,شارع الفقى,residential,2,Casuarina,كازوارينا,نوع طريق ضيق/سكني (residential) — تم اختيار كازوارينا (Casuarina) لانخفاض مخاطر الجذور وصغر حجم المظلة المناسب لعرض الطريق.,1000.0,28.28,16.29,11.99
KED-ROAD-04142,شارع 4,residential,2,Casuarina,كازوارينا,نوع طريق ضيق/سكني (residential) — تم اختيار كازوارينا (Casuarina) لانخفاض مخاطر الجذور وصغر حجم المظلة المناسب لعرض الطريق.,1000.0,32.45,20.46,11.99
KED-ROAD-04141,شارع 4,residential,2,Casuarina,كازوارينا,نوع طريق ضيق/سكني (residential) — تم اختيار كازوارينا (Casuarina) لانخفاض مخاطر الجذور وصغر حجم المظلة المناسب لعرض الطريق.,1000.0,32.45,20.46,11.99
KED-ROAD-04136,شارع السيد البحيري,residential,2,Casuarina,كازوارينا,نوع طريق ضيق/سكني (residential) — تم اختيار كازوارينا (Casuarina) لانخفاض مخاطر الجذور وصغر حجم المظلة المناسب لعرض الطريق.,1000.0,27.03,15.03,12.0
KED-ROAD-04126,شارع الشيخ,residential,2,Casuarina,كازوارينا,نوع طريق ضيق/سكني (residential) — تم اختيار كازوارينا (Casuarina) لانخفاض مخاطر الجذور وصغر حجم المظلة المناسب لعرض الطريق.,1000.0,26.15,14.15,12.0
KED-ROAD-04125,شارع الشيخ,residential,2,Casuarina,كازوارينا,نوع طريق ضيق/سكني (residential) — تم اختيار كازوارينا (Casuarina) لانخفاض مخاطر الجذور وصغر حجم المظلة المناسب لعرض الطريق.,1000.0,26.15,14.15,12.0
KED-ROAD-01980,شارع الاحمر,residential,2,Casuarina,كازوارينا,نوع طريق ضيق/سكني (residential) — تم اختيار كازوارينا (Casuarina) لانخفاض مخاطر الجذور وصغر حجم المظلة المناسب لعرض الطريق.,1000.0,28.67,16.68,11.99
KED-ROAD-04974,شارع حسين سلام,residential,2,Casuarina,كازوارينا,نوع طريق ضيق/سكني (residential) — تم اختيار كازوارينا (Casuarina) لانخفاض مخاطر الجذور وصغر حجم المظلة المناسب لعرض الطريق.,1000.0,30.46,18.47,11.99
KED-ROAD-04973,شارع حسين سلام,residential,2,Casuarina,كازوارينا,نوع طريق ضيق/سكني (residential) — تم اختيار كازوارينا (Casuarina) لانخفاض مخاطر الجذور وصغر حجم المظلة المناسب لعرض الطريق.,1000.0,30.46,18.47,11.99
KED-ROAD-04970,شارع الاداره الصحيه,residential,2,Casuarina,كازوارينا,نوع طريق ضيق/سكني (residential) — تم اختيار كازوارينا (Casuarina) لانخفاض مخاطر الجذور وصغر حجم المظلة المناسب لعرض الطريق.,1000.0,31.7,19.71,11.99
KED-ROAD-04969,شارع الاداره الصحيه,residential,2,Casuarina,كازوارينا,نوع طريق ضيق/سكني (residential) — تم اختيار كازوارينا (Casuarina) لانخفاض مخاطر الجذور وصغر حجم المظلة المناسب لعرض الطريق.,1000.0,31.7,19.71,11.99
KED-ROAD-04964,شارع ابو العلاء المعري,residential,2,Casuarina,كازوارينا,نوع طريق ضيق/سكني (residential) — تم اختيار كازوارينا (Casuarina) لانخفاض مخاطر الجذور وصغر حجم المظلة المناسب لعرض الطريق.,1000.0,29.39,17.39,12.0
KED-ROAD-04963,شارع ابو العلاء المعري,residential,2,Casuarina,كازوارينا,نوع طريق ضيق/سكني (residential) — تم اختيار كازوارينا (Casuarina) لانخفاض مخاطر الجذور وصغر حجم المظلة المناسب لعرض الطريق.,1000.0,29.39,17.39,12.0
KED-ROAD-04962,شارع رفاعه الطهطاوى,residential,2,Casuarina,كازوارينا,نوع طريق ضيق/سكني (residential) — تم اختيار كازوارينا (Casuarina) لانخفاض مخاطر الجذور وصغر حجم المظلة المناسب لعرض الطريق.,1000.0,27.57,15.58,11.99
KED-ROAD-04958,شارع الاداره الصحيه,residential,2,Casuarina,كازوارينا,نوع طريق ضيق/سكني (residential) — تم اختيار كازوارينا (Casuarina) لانخفاض مخاطر الجذور وصغر حجم المظلة المناسب لعرض الطريق.,1000.0,29.78,17.79,11.99
KED-ROAD-04957,شارع الاداره الصحيه,residential,2,Casuarina,كازوارينا,نوع طريق ضيق/سكني (residential) — تم اختيار كازوارينا (Casuarina) لانخفاض مخاطر الجذور وصغر حجم المظلة المناسب لعرض الطريق.,1000.0,29.78,17.79,11.99
KED-ROAD-04162,شارع الشيخ,residential,2,Casuarina,كازوارينا,نوع طريق ضيق/سكني (residential) — تم اختيار كازوارينا (Casuarina) لانخفاض مخاطر الجذور وصغر حجم المظلة المناسب لعرض الطريق.,1000.0,28.89,16.89,12.0
KED-ROAD-04161,شارع الشيخ,residential,2,Casuarina,كازوارينا,نوع طريق ضيق/سكني (residential) — تم اختيار كازوارينا (Casuarina) لانخفاض مخاطر الجذور وصغر حجم المظلة المناسب لعرض الطريق.,1000.0,28.89,16.89,12.0
KED-ROAD-04158,شارع السيد البحيري,residential,2,Casuarina,كازوارينا,نوع طريق ضيق/سكني (residential) — تم اختيار كازوارينا (Casuarina) لانخفاض مخاطر الجذور وصغر حجم المظلة المناسب لعرض الطريق.,1000.0,29.24,17.25,11.99
KED-ROAD-04157,شارع السيد البحيري,residential,2,Casuarina,كازوارينا,نوع طريق ضيق/سكني (residential) — تم اختيار كازوارينا (Casuarina) لانخفاض مخاطر الجذور وصغر حجم المظلة المناسب لعرض الطريق.,1000.0,29.24,17.25,11.99
KED-ROAD-04152,شارع الفقى,residential,2,Casuarina,كازوارينا,نوع طريق ضيق/سكني (residential) — تم اختيار كازوارينا (Casuarina) لانخفاض مخاطر الجذور وصغر حجم المظلة المناسب لعرض الطريق.,1000.0,28.28,16.29,11.99
KED-ROAD-04941,امتداد شارع الخليج الاعظم,residential,2,Casuarina,كازوارينا,نوع طريق ضيق/سكني (residential) — تم اختيار كازوارينا (Casuarina) لانخفاض مخاطر الجذور وصغر حجم المظلة المناسب لعرض الطريق.,1000.0,32.24,20.25,11.99
KED-ROAD-04940,شارع عمرو بن العاص,residential,2,Casuarina,كازوارينا,نوع طريق ضيق/سكني (residential) — تم اختيار كازوارينا (Casuarina) لانخفاض مخاطر الجذور وصغر حجم المظلة المناسب لعرض الطريق.,1000.0,30.07,18.07,11.99
KED-ROAD-04939,شارع عمرو بن العاص,residential,2,Casuarina,كازوارينا,نوع طريق ضيق/سكني (residential) — تم اختيار كازوارينا (Casuarina) لانخفاض مخاطر الجذور وصغر حجم المظلة المناسب لعرض الطريق.,1000.0,30.07,18.07,11.99
KED-ROAD-04932,امتداد شارع الخليج الاعظم,residential,2,Casuarina,كازوارينا,نوع طريق ضيق/سكني (residential) — تم اختيار كازوارينا (Casuarina) لانخفاض مخاطر الجذور وصغر حجم المظلة المناسب لعرض الطريق.,1000.0,31.17,19.19,11.99
KED-ROAD-00810,شارع ابو بكر الصديق,residential,2,Casuarina,كازوارينا,نوع طريق ضيق/سكني (residential) — تم اختيار كازوارينا (Casuarina) لانخفاض مخاطر الجذور وصغر حجم المظلة المناسب لعرض الطريق.,1000.0,26.25,14.25,12.0
KED-ROAD-00798,شارع الجميل,residential,2,Casuarina,كازوارينا,نوع طريق ضيق/سكني (residential) — تم اختيار كازوارينا (Casuarina) لانخفاض مخاطر الجذور وصغر حجم المظلة المناسب لعرض الطريق.,1000.0,32.4,20.4,12.0
KED-ROAD-00797,شارع الجميل,residential,2,Casuarina,كازوارينا,نوع طريق ضيق/سكني (residential) — تم اختيار كازوارينا (Casuarina) لانخفاض مخاطر الجذور وصغر حجم المظلة المناسب لعرض الطريق.,1000.0,32.4,20.4,12.0
KED-ROAD-00796,شارع خفاجه,residential,2,Casuarina,كازوارينا,نوع طريق ضيق/سكني (residential) — تم اختيار كازوارينا (Casuarina) لانخفاض مخاطر الجذور وصغر حجم المظلة المناسب لعرض الطريق.,1000.0,28.93,16.94,11.99
KED-ROAD-00795,شارع خفاجه,residential,2,Casuarina,كازوارينا,نوع طريق ضيق/سكني (residential) — تم اختيار كازوارينا (Casuarina) لانخفاض مخاطر الجذور وصغر حجم المظلة المناسب لعرض الطريق.,1000.0,28.93,16.94,11.99
KED-ROAD-00792,شارع السبكى,residential,2,Casuarina,كازوارينا,نوع طريق ضيق/سكني (residential) — تم اختيار كازوارينا (Casuarina) لانخفاض مخاطر الجذور وصغر حجم المظلة المناسب لعرض الطريق.,1000.0,28.36,16.38,11.99
KED-ROAD-00791,شارع السبكى,residential,2,Casuarina,كازوارينا,نوع طريق ضيق/سكني (residential) — تم اختيار كازوارينا (Casuarina) لانخفاض مخاطر الجذور وصغر حجم المظلة المناسب لعرض الطريق.,1000.0,28.36,16.38,11.99
KED-ROAD-04182,شارع بورسعيد,tertiary,2,Neem,نيم,نوع طريق رئيسي/متوسط (tertiary) — تم اختيار نيم (Neem) لأعلى توافق موثّق (تحمل حراري مرتفع، احتياج مائي منخفض، ملاءمة عالية للطرق).,1000.0,28.66,16.67,11.99
KED-ROAD-04174,شارع الوزير,residential,2,Casuarina,كازوارينا,نوع طريق ضيق/سكني (residential) — تم اختيار كازوارينا (Casuarina) لانخفاض مخاطر الجذور وصغر حجم المظلة المناسب لعرض الطريق.,1000.0,30.65,18.67,11.99
KED-ROAD-04173,شارع الوزير,residential,2,Casuarina,كازوارينا,نوع طريق ضيق/سكني (residential) — تم اختيار كازوارينا (Casuarina) لانخفاض مخاطر الجذور وصغر حجم المظلة المناسب لعرض الطريق.,1000.0,30.65,18.67,11.99
KED-ROAD-01974,شارع الاحمر,residential,2,Casuarina,كازوارينا,نوع طريق ضيق/سكني (residential) — تم اختيار كازوارينا (Casuarina) لانخفاض مخاطر الجذور وصغر حجم المظلة المناسب لعرض الطريق.,1000.0,26.35,14.36,11.99
KED-ROAD-01973,شارع الاحمر,residential,2,Casuarina,كازوارينا,نوع طريق ضيق/سكني (residential) — تم اختيار كازوارينا (Casuarina) لانخفاض مخاطر الجذور وصغر حجم المظلة المناسب لعرض الطريق.,1000.0,26.35,14.36,11.99
KED-ROAD-04921,شارع المطافى,residential,2,Casuarina,كازوارينا,نوع طريق ضيق/سكني (residential) — تم اختيار كازوارينا (Casuarina) لانخفاض مخاطر الجذور وصغر حجم المظلة المناسب لعرض الطريق.,1000.0,27.0,15.0,12.0
KED-ROAD-04920,شارع المطافى,residential,2,Casuarina,كازوارينا,نوع طريق ضيق/سكني (residential) — تم اختيار كازوارينا (Casuarina) لانخفاض مخاطر الجذور وصغر حجم المظلة المناسب لعرض الطريق.,1000.0,27.0,15.0,12.0
KED-ROAD-04919,شارع المطافى,residential,2,Casuarina,كازوارينا,نوع طريق ضيق/سكني (residential) — تم اختيار كازوارينا (Casuarina) لانخفاض مخاطر الجذور وصغر حجم المظلة المناسب لعرض الطريق.,1000.0,30.45,18.46,12.0
KED-ROAD-04918,شارع المطافى,residential,2,Casuarina,كازوارينا,نوع طريق ضيق/سكني (residential) — تم اختيار كازوارينا (Casuarina) لانخفاض مخاطر الجذور وصغر حجم المظلة المناسب لعرض الطريق.,1000.0,30.45,18.46,12.0
KED-ROAD-04917,شارع صلاح سالم,residential,2,Casuarina,كازوارينا,نوع طريق ضيق/سكني (residential) — تم اختيار كازوارينا (Casuarina) لانخفاض مخاطر الجذور وصغر حجم المظلة المناسب لعرض الطريق.,1000.0,31.66,19.66,12.0
KED-ROAD-04916,شارع صلاح سالم,residential,2,Casuarina,كازوارينا,نوع طريق ضيق/سكني (residential) — تم اختيار كازوارينا (Casuarina) لانخفاض مخاطر الجذور وصغر حجم المظلة المناسب لعرض الطريق.,1000.0,31.66,19.66,12.0
KED-ROAD-00886,شارع نبيل منصور,residential,2,Casuarina,كازوارينا,نوع طريق ضيق/سكني (residential) — تم اختيار كازوارينا (Casuarina) لانخفاض مخاطر الجذور وصغر حجم المظلة المناسب لعرض الطريق.,1000.0,27.31,15.32,11.99
KED-ROAD-00885,شارع نبيل منصور,residential,2,Casuarina,كازوارينا,نوع طريق ضيق/سكني (residential) — تم اختيار كازوارينا (Casuarina) لانخفاض مخاطر الجذور وصغر حجم المظلة المناسب لعرض الطريق.,1000.0,27.31,15.32,11.99
KED-ROAD-00879,شارع المدينه,residential,2,Casuarina,كازوارينا,نوع طريق ضيق/سكني (residential) — تم اختيار كازوارينا (Casuarina) لانخفاض مخاطر الجذور وصغر حجم المظلة المناسب لعرض الطريق.,1000.0,26.32,14.34,11.99
KED-ROAD-00878,شارع المدينه,residential,2,Casuarina,كازوارينا,نوع طريق ضيق/سكني (residential) — تم اختيار كازوارينا (Casuarina) لانخفاض مخاطر الجذور وصغر حجم المظلة المناسب لعرض الطريق.,1000.0,26.32,14.34,11.99
KED-ROAD-00873,شارع مصطفى كامل,residential,2,Casuarina,كازوارينا,نوع طريق ضيق/سكني (residential) — تم اختيار كازوارينا (Casuarina) لانخفاض مخاطر الجذور وصغر حجم المظلة المناسب لعرض الطريق.,1000.0,31.9,19.91,11.99
KED-ROAD-00872,شارع مصطفى كامل,residential,2,Casuarina,كازوارينا,نوع طريق ضيق/سكني (residential) — تم اختيار كازوارينا (Casuarina) لانخفاض مخاطر الجذور وصغر حجم المظلة المناسب لعرض الطريق.,1000.0,31.9,19.91,11.99
KED-ROAD-00910,شارع الاعراب,residential,2,Casuarina,كازوارينا,نوع طريق ضيق/سكني (residential) — تم اختيار كازوارينا (Casuarina) لانخفاض مخاطر الجذور وصغر حجم المظلة المناسب لعرض الطريق.,1000.0,27.15,15.16,11.99
KED-ROAD-00909,شارع الاعراب,residential,2,Casuarina,كازوارينا,نوع طريق ضيق/سكني (residential) — تم اختيار كازوارينا (Casuarina) لانخفاض مخاطر الجذور وصغر حجم المظلة المناسب لعرض الطريق.,1000.0,27.15,15.16,11.99
KED-ROAD-00908,شارع العرفان,residential,2,Casuarina,كازوارينا,نوع طريق ضيق/سكني (residential) — تم اختيار كازوارينا (Casuarina) لانخفاض مخاطر الجذور وصغر حجم المظلة المناسب لعرض الطريق.,1000.0,27.62,15.63,11.99
KED-ROAD-04204,شارع السيد البحيري,residential,2,Casuarina,كازوارينا,نوع طريق ضيق/سكني (residential) — تم اختيار كازوارينا (Casuarina) لانخفاض مخاطر الجذور وصغر حجم المظلة المناسب لعرض الطريق.,1000.0,31.44,19.45,11.99
KED-ROAD-04189,شارع 4,residential,2,Casuarina,كازوارينا,نوع طريق ضيق/سكني (residential) — تم اختيار كازوارينا (Casuarina) لانخفاض مخاطر الجذور وصغر حجم المظلة المناسب لعرض الطريق.,1000.0,31.13,19.14,11.99
KED-ROAD-04188,شارع 4,residential,2,Casuarina,كازوارينا,نوع طريق ضيق/سكني (residential) — تم اختيار كازوارينا (Casuarina) لانخفاض مخاطر الجذور وصغر حجم المظلة المناسب لعرض الطريق.,1000.0,31.13,19.14,11.99
KED-ROAD-00907,شارع العرفان,residential,2,Casuarina,كازوارينا,نوع طريق ضيق/سكني (residential) — تم اختيار كازوارينا (Casuarina) لانخفاض مخاطر الجذور وصغر حجم المظلة المناسب لعرض الطريق.,1000.0,27.62,15.63,11.99
KED-ROAD-00906,شارع الخير,residential,2,Casuarina,كازوارينا,نوع طريق ضيق/سكني (residential) — تم اختيار كازوارينا (Casuarina) لانخفاض مخاطر الجذور وصغر حجم المظلة المناسب لعرض الطريق.,1000.0,31.11,19.11,11.99
KED-ROAD-00905,شارع الخير,residential,2,Casuarina,كازوارينا,نوع طريق ضيق/سكني (residential) — تم اختيار كازوارينا (Casuarina) لانخفاض مخاطر الجذور وصغر حجم المظلة المناسب لعرض الطريق.,1000.0,31.11,19.11,11.99
KED-ROAD-00904,شارع الجواهر,residential,2,Casuarina,كازوارينا,نوع طريق ضيق/سكني (residential) — تم اختيار كازوارينا (Casuarina) لانخفاض مخاطر الجذور وصغر حجم المظلة المناسب لعرض الطريق.,1000.0,28.14,16.15,11.99
KED-ROAD-00903,شارع الجواهر,residential,2,Casuarina,كازوارينا,نوع طريق ضيق/سكني (residential) — تم اختيار كازوارينا (Casuarina) لانخفاض مخاطر الجذور وصغر حجم المظلة المناسب لعرض الطريق.,1000.0,28.14,16.15,11.99
KED-ROAD-00902,شارع التراث,residential,2,Casuarina,كازوارينا,نوع طريق ضيق/سكني (residential) — تم اختيار كازوارينا (Casuarina) لانخفاض مخاطر الجذور وصغر حجم المظلة المناسب لعرض الطريق.,1000.0,31.57,19.58,12.0
KED-ROAD-00901,شارع التراث,residential,2,Casuarina,كازوارينا,نوع طريق ضيق/سكني (residential) — تم اختيار كازوارينا (Casuarina) لانخفاض مخاطر الجذور وصغر حجم المظلة المناسب لعرض الطريق.,1000.0,31.57,19.58,12.0
KED-ROAD-00897,شارع إسماعيل شحاتة,residential,2,Casuarina,كازوارينا,نوع طريق ضيق/سكني (residential) — تم اختيار كازوارينا (Casuarina) لانخفاض مخاطر الجذور وصغر حجم المظلة المناسب لعرض الطريق.,1000.0,30.11,18.12,12.0
KED-ROAD-00896,شارع إسماعيل شحاتة,residential,2,Casuarina,كازوارينا,نوع طريق ضيق/سكني (residential) — تم اختيار كازوارينا (Casuarina) لانخفاض مخاطر الجذور وصغر حجم المظلة المناسب لعرض الطريق.,1000.0,30.11,18.12,12.0
KED-ROAD-04894,شارع شحاته,residential,2,Casuarina,كازوارينا,نوع طريق ضيق/سكني (residential) — تم اختيار كازوارينا (Casuarina) لانخفاض مخاطر الجذور وصغر حجم المظلة المناسب لعرض الطريق.,1000.0,26.28,14.28,12.0
KED-ROAD-04893,شارع شحاته,residential,2,Casuarina,كازوارينا,نوع طريق ضيق/سكني (residential) — تم اختيار كازوارينا (Casuarina) لانخفاض مخاطر الجذور وصغر حجم المظلة المناسب لعرض الطريق.,1000.0,26.28,14.28,12.0
KED-ROAD-04892,شارع مينا يونس,residential,2,Casuarina,كازوارينا,نوع طريق ضيق/سكني (residential) — تم اختيار كازوارينا (Casuarina) لانخفاض مخاطر الجذور وصغر حجم المظلة المناسب لعرض الطريق.,1000.0,28.79,16.8,11.99
KED-ROAD-04882,شارع 1,residential,2,Casuarina,كازوارينا,نوع طريق ضيق/سكني (residential) — تم اختيار كازوارينا (Casuarina) لانخفاض مخاطر الجذور وصغر حجم المظلة المناسب لعرض الطريق.,1000.0,27.47,15.47,12.0
KED-ROAD-04212,شارع 4,residential,2,Casuarina,كازوارينا,نوع طريق ضيق/سكني (residential) — تم اختيار كازوارينا (Casuarina) لانخفاض مخاطر الجذور وصغر حجم المظلة المناسب لعرض الطريق.,1000.0,26.45,14.46,11.99
KED-ROAD-04211,شارع 4,residential,2,Casuarina,كازوارينا,نوع طريق ضيق/سكني (residential) — تم اختيار كازوارينا (Casuarina) لانخفاض مخاطر الجذور وصغر حجم المظلة المناسب لعرض الطريق.,1000.0,26.45,14.46,11.99
KED-ROAD-01894,شارع البسطاويسي,residential,2,Casuarina,كازوارينا,نوع طريق ضيق/سكني (residential) — تم اختيار كازوارينا (Casuarina) لانخفاض مخاطر الجذور وصغر حجم المظلة المناسب لعرض الطريق.,1000.0,26.46,14.47,11.99
KED-ROAD-01893,شارع البسطاويسي,residential,2,Casuarina,كازوارينا,نوع طريق ضيق/سكني (residential) — تم اختيار كازوارينا (Casuarina) لانخفاض مخاطر الجذور وصغر حجم المظلة المناسب لعرض الطريق.,1000.0,26.46,14.47,11.99
KED-ROAD-00930,شارع الاعراب,residential,2,Casuarina,كازوارينا,نوع طريق ضيق/سكني (residential) — تم اختيار كازوارينا (Casuarina) لانخفاض مخاطر الجذور وصغر حجم المظلة المناسب لعرض الطريق.,1000.0,28.24,16.24,11.99
KED-ROAD-00929,شارع الاعراب,residential,2,Casuarina,كازوارينا,نوع طريق ضيق/سكني (residential) — تم اختيار كازوارينا (Casuarina) لانخفاض مخاطر الجذور وصغر حجم المظلة المناسب لعرض الطريق.,1000.0,28.24,16.24,11.99
KED-ROAD-00928,شارع العرفان,residential,2,Casuarina,كازوارينا,نوع طريق ضيق/سكني (residential) — تم اختيار كازوارينا (Casuarina) لانخفاض مخاطر الجذور وصغر حجم المظلة المناسب لعرض الطريق.,1000.0,28.21,16.21,11.99
KED-ROAD-00927,شارع العرفان,residential,2,Casuarina,كازوارينا,نوع طريق ضيق/سكني (residential) — تم اختيار كازوارينا (Casuarina) لانخفاض مخاطر الجذور وصغر حجم المظلة المناسب لعرض الطريق.,1000.0,28.21,16.21,11.99
KED-ROAD-00926,شارع الجواهر,residential,2,Casuarina,كازوارينا,نوع طريق ضيق/سكني (residential) — تم اختيار كازوارينا (Casuarina) لانخفاض مخاطر الجذور وصغر حجم المظلة المناسب لعرض الطريق.,1000.0,31.12,19.14,11.99
KED-ROAD-00925,شارع الجواهر,residential,2,Casuarina,كازوارينا,نوع طريق ضيق/سكني (residential) — تم اختيار كازوارينا (Casuarina) لانخفاض مخاطر الجذور وصغر حجم المظلة المناسب لعرض الطريق.,1000.0,31.12,19.14,11.99
KED-ROAD-00924,شارع التراث,residential,2,Casuarina,كازوارينا,نوع طريق ضيق/سكني (residential) — تم اختيار كازوارينا (Casuarina) لانخفاض مخاطر الجذور وصغر حجم المظلة المناسب لعرض الطريق.,1000.0,31.43,19.43,12.0
KED-ROAD-00923,شارع التراث,residential,2,Casuarina,كازوارينا,نوع طريق ضيق/سكني (residential) — تم اختيار كازوارينا (Casuarina) لانخفاض مخاطر الجذور وصغر حجم المظلة المناسب لعرض الطريق.,1000.0,31.43,19.43,12.0
KED-ROAD-00912,عطفه جلال الدسوقي,residential,2,Casuarina,كازوارينا,نوع طريق ضيق/سكني (residential) — تم اختيار كازوارينا (Casuarina) لانخفاض مخاطر الجذور وصغر حجم المظلة المناسب لعرض الطريق.,1000.0,31.01,19.02,11.99
KED-ROAD-00911,عطفه جلال الدسوقي,residential,2,Casuarina,كازوارينا,نوع طريق ضيق/سكني (residential) — تم اختيار كازوارينا (Casuarina) لانخفاض مخاطر الجذور وصغر حجم المظلة المناسب لعرض الطريق.,1000.0,31.01,19.02,11.99
KED-ROAD-04863,شارع مبره محمد على,residential,2,Casuarina,كازوارينا,نوع طريق ضيق/سكني (residential) — تم اختيار كازوارينا (Casuarina) لانخفاض مخاطر الجذور وصغر حجم المظلة المناسب لعرض الطريق.,1000.0,27.42,15.43,11.99
KED-ROAD-04862,شارع مبره محمد على,residential,2,Casuarina,كازوارينا,نوع طريق ضيق/سكني (residential) — تم اختيار كازوارينا (Casuarina) لانخفاض مخاطر الجذور وصغر حجم المظلة المناسب لعرض الطريق.,1000.0,27.42,15.43,11.99
KED-ROAD-01840,شارع محمد رفاعى,residential,2,Casuarina,كازوارينا,نوع طريق ضيق/سكني (residential) — تم اختيار كازوارينا (Casuarina) لانخفاض مخاطر الجذور وصغر حجم المظلة المناسب لعرض الطريق.,1000.0,27.82,15.83,11.99
KED-ROAD-04260,شارع محمد رفاعى,residential,2,Casuarina,كازوارينا,نوع طريق ضيق/سكني (residential) — تم اختيار كازوارينا (Casuarina) لانخفاض مخاطر الجذور وصغر حجم المظلة المناسب لعرض الطريق.,1000.0,26.02,14.03,11.99
KED-ROAD-04259,شارع محمد رفاعى,residential,2,Casuarina,كازوارينا,نوع طريق ضيق/سكني (residential) — تم اختيار كازوارينا (Casuarina) لانخفاض مخاطر الجذور وصغر حجم المظلة المناسب لعرض الطريق.,1000.0,26.02,14.03,11.99
KED-ROAD-04233,شارع مهران,residential,2,Casuarina,كازوارينا,نوع طريق ضيق/سكني (residential) — تم اختيار كازوارينا (Casuarina) لانخفاض مخاطر الجذور وصغر حجم المظلة المناسب لعرض الطريق.,1000.0,26.78,14.78,12.0
KED-ROAD-04232,شارع مهران,residential,2,Casuarina,كازوارينا,نوع طريق ضيق/سكني (residential) — تم اختيار كازوارينا (Casuarina) لانخفاض مخاطر الجذور وصغر حجم المظلة المناسب لعرض الطريق.,1000.0,26.78,14.78,12.0
KED-ROAD-01871,شارع محمد رفاعى,residential,2,Casuarina,كازوارينا,نوع طريق ضيق/سكني (residential) — تم اختيار كازوارينا (Casuarina) لانخفاض مخاطر الجذور وصغر حجم المظلة المناسب لعرض الطريق.,1000.0,27.82,15.83,11.99
KED-ROAD-01870,شارع البسطاويسي,residential,2,Casuarina,كازوارينا,نوع طريق ضيق/سكني (residential) — تم اختيار كازوارينا (Casuarina) لانخفاض مخاطر الجذور وصغر حجم المظلة المناسب لعرض الطريق.,1000.0,29.39,17.4,11.99
KED-ROAD-01869,شارع البسطاويسي,residential,2,Casuarina,كازوارينا,نوع طريق ضيق/سكني (residential) — تم اختيار كازوارينا (Casuarina) لانخفاض مخاطر الجذور وصغر حجم المظلة المناسب لعرض الطريق.,1000.0,29.39,17.4,11.99
KED-ROAD-01780,شارع محمد رفاعى,residential,2,Casuarina,كازوارينا,نوع طريق ضيق/سكني (residential) — تم اختيار كازوارينا (Casuarina) لانخفاض مخاطر الجذور وصغر حجم المظلة المناسب لعرض الطريق.,1000.0,29.64,17.65,11.99
KED-ROAD-01824,شارع احمد بكر,residential,2,Casuarina,كازوارينا,نوع طريق ضيق/سكني (residential) — تم اختيار كازوارينا (Casuarina) لانخفاض مخاطر الجذور وصغر حجم المظلة المناسب لعرض الطريق.,1000.0,27.07,15.09,11.99
KED-ROAD-01821,شارع محمد رفاعى,residential,2,Casuarina,كازوارينا,نوع طريق ضيق/سكني (residential) — تم اختيار كازوارينا (Casuarina) لانخفاض مخاطر الجذور وصغر حجم المظلة المناسب لعرض الطريق.,1000.0,29.64,17.65,11.99
KED-ROAD-01848,شارع ابراهيم شهاب,residential,2,Casuarina,كازوارينا,نوع طريق ضيق/سكني (residential) — تم اختيار كازوارينا (Casuarina) لانخفاض مخاطر الجذور وصغر حجم المظلة المناسب لعرض الطريق.,1000.0,26.45,14.46,11.99
KED-ROAD-01847,شارع ابراهيم شهاب,residential,2,Casuarina,كازوارينا,نوع طريق ضيق/سكني (residential) — تم اختيار كازوارينا (Casuarina) لانخفاض مخاطر الجذور وصغر حجم المظلة المناسب لعرض الطريق.,1000.0,26.45,14.46,11.99
KED-ROAD-04861,شارع 1,residential,2,Casuarina,كازوارينا,نوع طريق ضيق/سكني (residential) — تم اختيار كازوارينا (Casuarina) لانخفاض مخاطر الجذور وصغر حجم المظلة المناسب لعرض الطريق.,1000.0,27.47,15.47,12.0
KED-ROAD-04858,شارع 1,residential,2,Casuarina,كازوارينا,نوع طريق ضيق/سكني (residential) — تم اختيار كازوارينا (Casuarina) لانخفاض مخاطر الجذور وصغر حجم المظلة المناسب لعرض الطريق.,1000.0,26.01,14.02,12.0
KED-ROAD-04857,شارع 1,residential,2,Casuarina,كازوارينا,نوع طريق ضيق/سكني (residential) — تم اختيار كازوارينا (Casuarina) لانخفاض مخاطر الجذور وصغر حجم المظلة المناسب لعرض الطريق.,1000.0,26.01,14.02,12.0
KED-ROAD-00948,شارع العرفان,residential,2,Casuarina,كازوارينا,نوع طريق ضيق/سكني (residential) — تم اختيار كازوارينا (Casuarina) لانخفاض مخاطر الجذور وصغر حجم المظلة المناسب لعرض الطريق.,1000.0,31.37,19.38,11.99
KED-ROAD-00947,شارع العرفان,residential,2,Casuarina,كازوارينا,نوع طريق ضيق/سكني (residential) — تم اختيار كازوارينا (Casuarina) لانخفاض مخاطر الجذور وصغر حجم المظلة المناسب لعرض الطريق.,1000.0,31.37,19.38,11.99
KED-ROAD-00946,شارع الجواهر,residential,2,Casuarina,كازوارينا,نوع طريق ضيق/سكني (residential) — تم اختيار كازوارينا (Casuarina) لانخفاض مخاطر الجذور وصغر حجم المظلة المناسب لعرض الطريق.,1000.0,27.43,15.44,11.99
KED-ROAD-00945,شارع الجواهر,residential,2,Casuarina,كازوارينا,نوع طريق ضيق/سكني (residential) — تم اختيار كازوارينا (Casuarina) لانخفاض مخاطر الجذور وصغر حجم المظلة المناسب لعرض الطريق.,1000.0,27.43,15.44,11.99
KED-ROAD-00942,شارع الخير,residential,2,Casuarina,كازوارينا,نوع طريق ضيق/سكني (residential) — تم اختيار كازوارينا (Casuarina) لانخفاض مخاطر الجذور وصغر حجم المظلة المناسب لعرض الطريق.,1000.0,30.95,18.95,11.99
KED-ROAD-00941,شارع الخير,residential,2,Casuarina,كازوارينا,نوع طريق ضيق/سكني (residential) — تم اختيار كازوارينا (Casuarina) لانخفاض مخاطر الجذور وصغر حجم المظلة المناسب لعرض الطريق.,1000.0,30.95,18.95,11.99
KED-ROAD-00934,شارع الجميل,residential,2,Casuarina,كازوارينا,نوع طريق ضيق/سكني (residential) — تم اختيار كازوارينا (Casuarina) لانخفاض مخاطر الجذور وصغر حجم المظلة المناسب لعرض الطريق.,1000.0,31.77,19.77,12.0
KED-ROAD-00933,شارع الجميل,residential,2,Casuarina,كازوارينا,نوع طريق ضيق/سكني (residential) — تم اختيار كازوارينا (Casuarina) لانخفاض مخاطر الجذور وصغر حجم المظلة المناسب لعرض الطريق.,1000.0,31.77,19.77,12.0
KED-ROAD-00932,عطفه جلال الدسوقي,residential,2,Casuarina,كازوارينا,نوع طريق ضيق/سكني (residential) — تم اختيار كازوارينا (Casuarina) لانخفاض مخاطر الجذور وصغر حجم المظلة المناسب لعرض الطريق.,1000.0,28.13,16.15,11.99
KED-ROAD-00931,عطفه جلال الدسوقي,residential,2,Casuarina,كازوارينا,نوع طريق ضيق/سكني (residential) — تم اختيار كازوارينا (Casuarina) لانخفاض مخاطر الجذور وصغر حجم المظلة المناسب لعرض الطريق.,1000.0,28.13,16.15,11.99
KED-ROAD-00970,شارع الجواهر,residential,2,Casuarina,كازوارينا,نوع طريق ضيق/سكني (residential) — تم اختيار كازوارينا (Casuarina) لانخفاض مخاطر الجذور وصغر حجم المظلة المناسب لعرض الطريق.,1000.0,30.75,18.77,11.99
KED-ROAD-00969,شارع الجواهر,residential,2,Casuarina,كازوارينا,نوع طريق ضيق/سكني (residential) — تم اختيار كازوارينا (Casuarina) لانخفاض مخاطر الجذور وصغر حجم المظلة المناسب لعرض الطريق.,1000.0,30.75,18.77,11.99
KED-ROAD-04328,شارع البنا,residential,2,Casuarina,كازوارينا,نوع طريق ضيق/سكني (residential) — تم اختيار كازوارينا (Casuarina) لانخفاض مخاطر الجذور وصغر حجم المظلة المناسب لعرض الطريق.,1000.0,30.84,18.85,11.99
KED-ROAD-04327,شارع البنا,residential,2,Casuarina,كازوارينا,نوع طريق ضيق/سكني (residential) — تم اختيار كازوارينا (Casuarina) لانخفاض مخاطر الجذور وصغر حجم المظلة المناسب لعرض الطريق.,1000.0,30.84,18.85,11.99
KED-ROAD-04324,شارع السيد البحيري,residential,2,Casuarina,كازوارينا,نوع طريق ضيق/سكني (residential) — تم اختيار كازوارينا (Casuarina) لانخفاض مخاطر الجذور وصغر حجم المظلة المناسب لعرض الطريق.,1000.0,31.44,19.45,11.99
KED-ROAD-04319,شارع بورسعيد,secondary,2,Neem,نيم,نوع طريق رئيسي/متوسط (secondary) — تم اختيار نيم (Neem) لأعلى توافق موثّق (تحمل حراري مرتفع، احتياج مائي منخفض، ملاءمة عالية للطرق).,1000.0,28.19,16.2,11.99
KED-ROAD-04318,شارع بورسعيد,secondary,2,Neem,نيم,نوع طريق رئيسي/متوسط (secondary) — تم اختيار نيم (Neem) لأعلى توافق موثّق (تحمل حراري مرتفع، احتياج مائي منخفض، ملاءمة عالية للطرق).,1000.0,28.19,16.2,11.99
KED-ROAD-00950,شارع الجميل,residential,2,Casuarina,كازوارينا,نوع طريق ضيق/سكني (residential) — تم اختيار كازوارينا (Casuarina) لانخفاض مخاطر الجذور وصغر حجم المظلة المناسب لعرض الطريق.,1000.0,31.78,19.78,12.0
KED-ROAD-00949,شارع الجميل,residential,2,Casuarina,كازوارينا,نوع طريق ضيق/سكني (residential) — تم اختيار كازوارينا (Casuarina) لانخفاض مخاطر الجذور وصغر حجم المظلة المناسب لعرض الطريق.,1000.0,31.78,19.78,12.0
KED-ROAD-04851,شارع مبره محمد على,residential,2,Casuarina,كازوارينا,نوع طريق ضيق/سكني (residential) — تم اختيار كازوارينا (Casuarina) لانخفاض مخاطر الجذور وصغر حجم المظلة المناسب لعرض الطريق.,1000.0,26.76,14.76,11.99
KED-ROAD-04850,شارع مبره محمد على,residential,2,Casuarina,كازوارينا,نوع طريق ضيق/سكني (residential) — تم اختيار كازوارينا (Casuarina) لانخفاض مخاطر الجذور وصغر حجم المظلة المناسب لعرض الطريق.,1000.0,26.76,14.76,11.99
KED-ROAD-00974,شارع الاعراب,residential,2,Casuarina,كازوارينا,نوع طريق ضيق/سكني (residential) — تم اختيار كازوارينا (Casuarina) لانخفاض مخاطر الجذور وصغر حجم المظلة المناسب لعرض الطريق.,1000.0,31.35,19.35,11.99
KED-ROAD-00973,شارع الاعراب,residential,2,Casuarina,كازوارينا,نوع طريق ضيق/سكني (residential) — تم اختيار كازوارينا (Casuarina) لانخفاض مخاطر الجذور وصغر حجم المظلة المناسب لعرض الطريق.,1000.0,31.35,19.35,11.99
KED-ROAD-00972,شارع التراث,residential,2,Casuarina,كازوارينا,نوع طريق ضيق/سكني (residential) — تم اختيار كازوارينا (Casuarina) لانخفاض مخاطر الجذور وصغر حجم المظلة المناسب لعرض الطريق.,1000.0,29.96,17.96,12.0
KED-ROAD-00971,شارع التراث,residential,2,Casuarina,كازوارينا,نوع طريق ضيق/سكني (residential) — تم اختيار كازوارينا (Casuarina) لانخفاض مخاطر الجذور وصغر حجم المظلة المناسب لعرض الطريق.,1000.0,29.96,17.96,12.0
KED-ROAD-01061,شارع مدخل كفر الدوار,secondary,2,Neem,نيم,نوع طريق رئيسي/متوسط (secondary) — تم اختيار نيم (Neem) لأعلى توافق موثّق (تحمل حراري مرتفع، احتياج مائي منخفض، ملاءمة عالية للطرق).,1000.0,31.8,19.81,11.99
KED-ROAD-01118,شارع بكر الدكراوي,residential,2,Casuarina,كازوارينا,نوع طريق ضيق/سكني (residential) — تم اختيار كازوارينا (Casuarina) لانخفاض مخاطر الجذور وصغر حجم المظلة المناسب لعرض الطريق.,1000.0,28.46,16.46,12.0
KED-ROAD-01117,شارع بكر الدكراوي,residential,2,Casuarina,كازوارينا,نوع طريق ضيق/سكني (residential) — تم اختيار كازوارينا (Casuarina) لانخفاض مخاطر الجذور وصغر حجم المظلة المناسب لعرض الطريق.,1000.0,28.46,16.46,12.0
KED-ROAD-01093,شارع مدخل كفر الدوار,secondary,2,Neem,نيم,نوع طريق رئيسي/متوسط (secondary) — تم اختيار نيم (Neem) لأعلى توافق موثّق (تحمل حراري مرتفع، احتياج مائي منخفض، ملاءمة عالية للطرق).,1000.0,35.45,23.46,11.99
KED-ROAD-01747,شارع المحكمه,residential,2,Casuarina,كازوارينا,نوع طريق ضيق/سكني (residential) — تم اختيار كازوارينا (Casuarina) لانخفاض مخاطر الجذور وصغر حجم المظلة المناسب لعرض الطريق.,1000.0,26.16,14.17,11.99
KED-ROAD-01746,شارع المحكمه,residential,2,Casuarina,كازوارينا,نوع طريق ضيق/سكني (residential) — تم اختيار كازوارينا (Casuarina) لانخفاض مخاطر الجذور وصغر حجم المظلة المناسب لعرض الطريق.,1000.0,26.16,14.17,11.99
KED-ROAD-01733,شارع ابراهيم شهاب,residential,2,Casuarina,كازوارينا,نوع طريق ضيق/سكني (residential) — تم اختيار كازوارينا (Casuarina) لانخفاض مخاطر الجذور وصغر حجم المظلة المناسب لعرض الطريق.,1000.0,28.28,16.29,11.99
KED-ROAD-01732,شارع ابراهيم شهاب,residential,2,Casuarina,كازوارينا,نوع طريق ضيق/سكني (residential) — تم اختيار كازوارينا (Casuarina) لانخفاض مخاطر الجذور وصغر حجم المظلة المناسب لعرض الطريق.,1000.0,28.28,16.29,11.99
KED-ROAD-04332,شارع بورسعيد,tertiary,2,Neem,نيم,نوع طريق رئيسي/متوسط (tertiary) — تم اختيار نيم (Neem) لأعلى توافق موثّق (تحمل حراري مرتفع، احتياج مائي منخفض، ملاءمة عالية للطرق).,1000.0,31.59,19.6,11.99
KED-ROAD-04331,شارع الحناوي,residential,2,Casuarina,كازوارينا,نوع طريق ضيق/سكني (residential) — تم اختيار كازوارينا (Casuarina) لانخفاض مخاطر الجذور وصغر حجم المظلة المناسب لعرض الطريق.,1000.0,29.72,17.73,11.99
KED-ROAD-04330,شارع الحناوي,residential,2,Casuarina,كازوارينا,نوع طريق ضيق/سكني (residential) — تم اختيار كازوارينا (Casuarina) لانخفاض مخاطر الجذور وصغر حجم المظلة المناسب لعرض الطريق.,1000.0,29.72,17.73,11.99
KED-ROAD-01773,شارع احمد بكر,residential,2,Casuarina,كازوارينا,نوع طريق ضيق/سكني (residential) — تم اختيار كازوارينا (Casuarina) لانخفاض مخاطر الجذور وصغر حجم المظلة المناسب لعرض الطريق.,1000.0,27.06,15.07,11.99
KED-ROAD-01772,شارع احمد بكر,residential,2,Casuarina,كازوارينا,نوع طريق ضيق/سكني (residential) — تم اختيار كازوارينا (Casuarina) لانخفاض مخاطر الجذور وصغر حجم المظلة المناسب لعرض الطريق.,1000.0,32.04,20.05,11.99
KED-ROAD-01142,شارع بكر الدكراوي,residential,2,Casuarina,كازوارينا,نوع طريق ضيق/سكني (residential) — تم اختيار كازوارينا (Casuarina) لانخفاض مخاطر الجذور وصغر حجم المظلة المناسب لعرض الطريق.,1000.0,27.77,15.78,11.99
KED-ROAD-01141,شارع بكر الدكراوي,residential,2,Casuarina,كازوارينا,نوع طريق ضيق/سكني (residential) — تم اختيار كازوارينا (Casuarina) لانخفاض مخاطر الجذور وصغر حجم المظلة المناسب لعرض الطريق.,1000.0,27.77,15.78,11.99
KED-ROAD-01120,شارع بكر الدكراوي,residential,2,Casuarina,كازوارينا,نوع طريق ضيق/سكني (residential) — تم اختيار كازوارينا (Casuarina) لانخفاض مخاطر الجذور وصغر حجم المظلة المناسب لعرض الطريق.,1000.0,27.59,15.6,11.99
KED-ROAD-01119,شارع بكر الدكراوي,residential,2,Casuarina,كازوارينا,نوع طريق ضيق/سكني (residential) — تم اختيار كازوارينا (Casuarina) لانخفاض مخاطر الجذور وصغر حجم المظلة المناسب لعرض الطريق.,1000.0,27.59,15.6,11.99
KED-ROAD-01162,شارع بكر الدكراوي,residential,2,Casuarina,كازوارينا,نوع طريق ضيق/سكني (residential) — تم اختيار كازوارينا (Casuarina) لانخفاض مخاطر الجذور وصغر حجم المظلة المناسب لعرض الطريق.,1000.0,27.75,15.76,11.99
KED-ROAD-01161,شارع بكر الدكراوي,residential,2,Casuarina,كازوارينا,نوع طريق ضيق/سكني (residential) — تم اختيار كازوارينا (Casuarina) لانخفاض مخاطر الجذور وصغر حجم المظلة المناسب لعرض الطريق.,1000.0,27.75,15.76,11.99
KED-ROAD-01195,شارع احمد بكر,residential,2,Casuarina,كازوارينا,نوع طريق ضيق/سكني (residential) — تم اختيار كازوارينا (Casuarina) لانخفاض مخاطر الجذور وصغر حجم المظلة المناسب لعرض الطريق.,1000.0,28.41,16.42,11.99
KED-ROAD-01194,شارع احمد بكر,residential,2,Casuarina,كازوارينا,نوع طريق ضيق/سكني (residential) — تم اختيار كازوارينا (Casuarina) لانخفاض مخاطر الجذور وصغر حجم المظلة المناسب لعرض الطريق.,1000.0,28.41,16.42,11.99
KED-ROAD-04386,شارع السيد البحيري,residential,2,Casuarina,كازوارينا,نوع طريق ضيق/سكني (residential) — تم اختيار كازوارينا (Casuarina) لانخفاض مخاطر الجذور وصغر حجم المظلة المناسب لعرض الطريق.,1000.0,26.81,14.81,11.99
KED-ROAD-04385,شارع السيد البحيري,residential,2,Casuarina,كازوارينا,نوع طريق ضيق/سكني (residential) — تم اختيار كازوارينا (Casuarina) لانخفاض مخاطر الجذور وصغر حجم المظلة المناسب لعرض الطريق.,1000.0,26.81,14.81,11.99
KED-ROAD-01720,شارع احمد بكر,residential,2,Casuarina,كازوارينا,نوع طريق ضيق/سكني (residential) — تم اختيار كازوارينا (Casuarina) لانخفاض مخاطر الجذور وصغر حجم المظلة المناسب لعرض الطريق.,1000.0,30.63,18.63,11.99
KED-ROAD-01751,شارع احمد بكر,residential,2,Casuarina,كازوارينا,نوع طريق ضيق/سكني (residential) — تم اختيار كازوارينا (Casuarina) لانخفاض مخاطر الجذور وصغر حجم المظلة المناسب لعرض الطريق.,1000.0,29.34,17.35,11.99
KED-ROAD-01185,شارع الروايح,residential,2,Casuarina,كازوارينا,نوع طريق ضيق/سكني (residential) — تم اختيار كازوارينا (Casuarina) لانخفاض مخاطر الجذور وصغر حجم المظلة المناسب لعرض الطريق.,1000.0,32.14,20.16,11.99
KED-ROAD-01184,شارع الروايح,residential,2,Casuarina,كازوارينا,نوع طريق ضيق/سكني (residential) — تم اختيار كازوارينا (Casuarina) لانخفاض مخاطر الجذور وصغر حجم المظلة المناسب لعرض الطريق.,1000.0,32.14,20.16,11.99
KED-ROAD-01174,شارع ابو هرجه,residential,2,Casuarina,كازوارينا,نوع طريق ضيق/سكني (residential) — تم اختيار كازوارينا (Casuarina) لانخفاض مخاطر الجذور وصغر حجم المظلة المناسب لعرض الطريق.,1000.0,30.62,18.64,11.99
KED-ROAD-01173,شارع ابو هرجه,residential,2,Casuarina,كازوارينا,نوع طريق ضيق/سكني (residential) — تم اختيار كازوارينا (Casuarina) لانخفاض مخاطر الجذور وصغر حجم المظلة المناسب لعرض الطريق.,1000.0,30.62,18.64,11.99
KED-ROAD-04712,شارع مساكن الإسكان الصناعى,residential,2,Casuarina,كازوارينا,نوع طريق ضيق/سكني (residential) — تم اختيار كازوارينا (Casuarina) لانخفاض مخاطر الجذور وصغر حجم المظلة المناسب لعرض الطريق.,1000.0,26.0,14.01,11.99
KED-ROAD-04707,شارع بالي,residential,2,Casuarina,كازوارينا,نوع طريق ضيق/سكني (residential) — تم اختيار كازوارينا (Casuarina) لانخفاض مخاطر الجذور وصغر حجم المظلة المناسب لعرض الطريق.,1000.0,28.47,16.48,11.99
KED-ROAD-04706,شارع بالي,residential,2,Casuarina,كازوارينا,نوع طريق ضيق/سكني (residential) — تم اختيار كازوارينا (Casuarina) لانخفاض مخاطر الجذور وصغر حجم المظلة المناسب لعرض الطريق.,1000.0,28.47,16.48,11.99
KED-ROAD-01215,شارع بكر الدكراوي,residential,2,Casuarina,كازوارينا,نوع طريق ضيق/سكني (residential) — تم اختيار كازوارينا (Casuarina) لانخفاض مخاطر الجذور وصغر حجم المظلة المناسب لعرض الطريق.,1000.0,29.3,17.31,11.99
KED-ROAD-01214,شارع بكر الدكراوي,residential,2,Casuarina,كازوارينا,نوع طريق ضيق/سكني (residential) — تم اختيار كازوارينا (Casuarina) لانخفاض مخاطر الجذور وصغر حجم المظلة المناسب لعرض الطريق.,1000.0,29.3,17.31,11.99
KED-ROAD-04417,شارع الجوهري,residential,2,Casuarina,كازوارينا,نوع طريق ضيق/سكني (residential) — تم اختيار كازوارينا (Casuarina) لانخفاض مخاطر الجذور وصغر حجم المظلة المناسب لعرض الطريق.,1000.0,32.25,20.25,11.99
KED-ROAD-01672,شارع ابراهيم شهاب,residential,2,Casuarina,كازوارينا,نوع طريق ضيق/سكني (residential) — تم اختيار كازوارينا (Casuarina) لانخفاض مخاطر الجذور وصغر حجم المظلة المناسب لعرض الطريق.,1000.0,26.31,14.32,11.99
KED-ROAD-01668,شارع الاحمر,residential,2,Casuarina,كازوارينا,نوع طريق ضيق/سكني (residential) — تم اختيار كازوارينا (Casuarina) لانخفاض مخاطر الجذور وصغر حجم المظلة المناسب لعرض الطريق.,1000.0,26.75,14.77,11.99
KED-ROAD-01667,شارع الاحمر,residential,2,Casuarina,كازوارينا,نوع طريق ضيق/سكني (residential) — تم اختيار كازوارينا (Casuarina) لانخفاض مخاطر الجذور وصغر حجم المظلة المناسب لعرض الطريق.,1000.0,26.75,14.77,11.99
KED-ROAD-01640,شارع الصافي,residential,2,Casuarina,كازوارينا,نوع طريق ضيق/سكني (residential) — تم اختيار كازوارينا (Casuarina) لانخفاض مخاطر الجذور وصغر حجم المظلة المناسب لعرض الطريق.,1000.0,27.55,15.57,11.99
KED-ROAD-01639,شارع الصافي,residential,2,Casuarina,كازوارينا,نوع طريق ضيق/سكني (residential) — تم اختيار كازوارينا (Casuarina) لانخفاض مخاطر الجذور وصغر حجم المظلة المناسب لعرض الطريق.,1000.0,27.55,15.57,11.99
KED-ROAD-01673,شارع ابراهيم شهاب,residential,2,Casuarina,كازوارينا,نوع طريق ضيق/سكني (residential) — تم اختيار كازوارينا (Casuarina) لانخفاض مخاطر الجذور وصغر حجم المظلة المناسب لعرض الطريق.,1000.0,26.31,14.32,11.99
KED-ROAD-04690,شارع مبره محمد على,residential,2,Casuarina,كازوارينا,نوع طريق ضيق/سكني (residential) — تم اختيار كازوارينا (Casuarina) لانخفاض مخاطر الجذور وصغر حجم المظلة المناسب لعرض الطريق.,1000.0,26.34,14.35,11.99
KED-ROAD-04689,شارع مبره محمد على,residential,2,Casuarina,كازوارينا,نوع طريق ضيق/سكني (residential) — تم اختيار كازوارينا (Casuarina) لانخفاض مخاطر الجذور وصغر حجم المظلة المناسب لعرض الطريق.,1000.0,26.34,14.35,11.99
KED-ROAD-04688,شارع مبره محمد على,residential,2,Casuarina,كازوارينا,نوع طريق ضيق/سكني (residential) — تم اختيار كازوارينا (Casuarina) لانخفاض مخاطر الجذور وصغر حجم المظلة المناسب لعرض الطريق.,1000.0,32.65,20.66,11.99
KED-ROAD-04687,شارع مبره محمد على,residential,2,Casuarina,كازوارينا,نوع طريق ضيق/سكني (residential) — تم اختيار كازوارينا (Casuarina) لانخفاض مخاطر الجذور وصغر حجم المظلة المناسب لعرض الطريق.,1000.0,32.65,20.66,11.99
KED-ROAD-01268,شارع السقا,residential,2,Casuarina,كازوارينا,نوع طريق ضيق/سكني (residential) — تم اختيار كازوارينا (Casuarina) لانخفاض مخاطر الجذور وصغر حجم المظلة المناسب لعرض الطريق.,1000.0,26.55,14.56,11.99
KED-ROAD-01267,شارع السقا,residential,2,Casuarina,كازوارينا,نوع طريق ضيق/سكني (residential) — تم اختيار كازوارينا (Casuarina) لانخفاض مخاطر الجذور وصغر حجم المظلة المناسب لعرض الطريق.,1000.0,26.55,14.56,11.99
KED-ROAD-01260,شارع مسجد ابى بكر الصديق,residential,2,Casuarina,كازوارينا,نوع طريق ضيق/سكني (residential) — تم اختيار كازوارينا (Casuarina) لانخفاض مخاطر الجذور وصغر حجم المظلة المناسب لعرض الطريق.,1000.0,27.41,15.42,11.99
KED-ROAD-01259,شارع مسجد ابى بكر الصديق,residential,2,Casuarina,كازوارينا,نوع طريق ضيق/سكني (residential) — تم اختيار كازوارينا (Casuarina) لانخفاض مخاطر الجذور وصغر حجم المظلة المناسب لعرض الطريق.,1000.0,27.41,15.42,11.99
KED-ROAD-01279,شارع صقر,residential,2,Casuarina,كازوارينا,نوع طريق ضيق/سكني (residential) — تم اختيار كازوارينا (Casuarina) لانخفاض مخاطر الجذور وصغر حجم المظلة المناسب لعرض الطريق.,1000.0,26.02,14.03,11.99
KED-ROAD-01278,شارع صقر,residential,2,Casuarina,كازوارينا,نوع طريق ضيق/سكني (residential) — تم اختيار كازوارينا (Casuarina) لانخفاض مخاطر الجذور وصغر حجم المظلة المناسب لعرض الطريق.,1000.0,26.02,14.03,11.99
KED-ROAD-01277,شارع مسجد الهدي الاسلامى,residential,2,Casuarina,كازوارينا,نوع طريق ضيق/سكني (residential) — تم اختيار كازوارينا (Casuarina) لانخفاض مخاطر الجذور وصغر حجم المظلة المناسب لعرض الطريق.,1000.0,26.09,14.1,11.99
KED-ROAD-01276,شارع مسجد الهدي الاسلامى,residential,2,Casuarina,كازوارينا,نوع طريق ضيق/سكني (residential) — تم اختيار كازوارينا (Casuarina) لانخفاض مخاطر الجذور وصغر حجم المظلة المناسب لعرض الطريق.,1000.0,26.09,14.1,11.99
KED-ROAD-04441,شارع اللواء محمود ابراهيم الكومى,residential,2,Casuarina,كازوارينا,نوع طريق ضيق/سكني (residential) — تم اختيار كازوارينا (Casuarina) لانخفاض مخاطر الجذور وصغر حجم المظلة المناسب لعرض الطريق.,1000.0,26.6,14.61,11.99
KED-ROAD-04440,شارع اللواء محمود ابراهيم الكومى,residential,2,Casuarina,كازوارينا,نوع طريق ضيق/سكني (residential) — تم اختيار كازوارينا (Casuarina) لانخفاض مخاطر الجذور وصغر حجم المظلة المناسب لعرض الطريق.,1000.0,26.6,14.61,11.99
KED-ROAD-04431,شارع صافي دراز,residential,2,Casuarina,كازوارينا,نوع طريق ضيق/سكني (residential) — تم اختيار كازوارينا (Casuarina) لانخفاض مخاطر الجذور وصغر حجم المظلة المناسب لعرض الطريق.,1000.0,27.81,15.63,12.18
KED-ROAD-04430,شارع صافي دراز,residential,2,Casuarina,كازوارينا,نوع طريق ضيق/سكني (residential) — تم اختيار كازوارينا (Casuarina) لانخفاض مخاطر الجذور وصغر حجم المظلة المناسب لعرض الطريق.,1000.0,27.81,15.63,12.18
KED-ROAD-04427,شارع صافي دراز,residential,2,Casuarina,كازوارينا,نوع طريق ضيق/سكني (residential) — تم اختيار كازوارينا (Casuarina) لانخفاض مخاطر الجذور وصغر حجم المظلة المناسب لعرض الطريق.,1000.0,27.95,15.8,12.15
KED-ROAD-04426,شارع صافي دراز,residential,2,Casuarina,كازوارينا,نوع طريق ضيق/سكني (residential) — تم اختيار كازوارينا (Casuarina) لانخفاض مخاطر الجذور وصغر حجم المظلة المناسب لعرض الطريق.,1000.0,27.95,15.8,12.15
KED-ROAD-01596,شارع محمد عيسي,residential,2,Casuarina,كازوارينا,نوع طريق ضيق/سكني (residential) — تم اختيار كازوارينا (Casuarina) لانخفاض مخاطر الجذور وصغر حجم المظلة المناسب لعرض الطريق.,1000.0,26.2,14.22,11.99
KED-ROAD-01595,شارع محمد عيسي,residential,2,Casuarina,كازوارينا,نوع طريق ضيق/سكني (residential) — تم اختيار كازوارينا (Casuarina) لانخفاض مخاطر الجذور وصغر حجم المظلة المناسب لعرض الطريق.,1000.0,26.2,14.22,11.99
KED-ROAD-01578,شارع عبد المنعم,residential,2,Casuarina,كازوارينا,نوع طريق ضيق/سكني (residential) — تم اختيار كازوارينا (Casuarina) لانخفاض مخاطر الجذور وصغر حجم المظلة المناسب لعرض الطريق.,1000.0,29.26,17.27,11.99
KED-ROAD-01577,شارع عبد المنعم,residential,2,Casuarina,كازوارينا,نوع طريق ضيق/سكني (residential) — تم اختيار كازوارينا (Casuarina) لانخفاض مخاطر الجذور وصغر حجم المظلة المناسب لعرض الطريق.,1000.0,29.26,17.27,11.99
KED-ROAD-04418,شارع الجوهري,residential,2,Casuarina,كازوارينا,نوع طريق ضيق/سكني (residential) — تم اختيار كازوارينا (Casuarina) لانخفاض مخاطر الجذور وصغر حجم المظلة المناسب لعرض الطريق.,1000.0,32.25,20.25,11.99
KED-ROAD-01526,شارع الترعه القديمة,residential,2,Casuarina,كازوارينا,نوع طريق ضيق/سكني (residential) — تم اختيار كازوارينا (Casuarina) لانخفاض مخاطر الجذور وصغر حجم المظلة المناسب لعرض الطريق.,1000.0,27.61,15.62,11.99
KED-ROAD-04456,شارع بورسعيد,secondary,2,Neem,نيم,نوع طريق رئيسي/متوسط (secondary) — تم اختيار نيم (Neem) لأعلى توافق موثّق (تحمل حراري مرتفع، احتياج مائي منخفض، ملاءمة عالية للطرق).,1000.0,28.96,16.97,11.99
KED-ROAD-04455,شارع بورسعيد,secondary,2,Neem,نيم,نوع طريق رئيسي/متوسط (secondary) — تم اختيار نيم (Neem) لأعلى توافق موثّق (تحمل حراري مرتفع، احتياج مائي منخفض، ملاءمة عالية للطرق).,1000.0,28.96,16.97,11.99
KED-ROAD-01570,شارع الشاويش,residential,2,Casuarina,كازوارينا,نوع طريق ضيق/سكني (residential) — تم اختيار كازوارينا (Casuarina) لانخفاض مخاطر الجذور وصغر حجم المظلة المناسب لعرض الطريق.,1000.0,27.83,15.84,11.99
KED-ROAD-01569,شارع الشاويش,residential,2,Casuarina,كازوارينا,نوع طريق ضيق/سكني (residential) — تم اختيار كازوارينا (Casuarina) لانخفاض مخاطر الجذور وصغر حجم المظلة المناسب لعرض الطريق.,1000.0,27.83,15.84,11.99
KED-ROAD-01566,شارع راغب الكحيلي,residential,2,Casuarina,كازوارينا,نوع طريق ضيق/سكني (residential) — تم اختيار كازوارينا (Casuarina) لانخفاض مخاطر الجذور وصغر حجم المظلة المناسب لعرض الطريق.,1000.0,27.82,15.83,11.99
KED-ROAD-01565,شارع راغب الكحيلي,residential,2,Casuarina,كازوارينا,نوع طريق ضيق/سكني (residential) — تم اختيار كازوارينا (Casuarina) لانخفاض مخاطر الجذور وصغر حجم المظلة المناسب لعرض الطريق.,1000.0,27.82,15.83,11.99
KED-ROAD-01556,شارع الحاج حسن سليمان,residential,2,Casuarina,كازوارينا,نوع طريق ضيق/سكني (residential) — تم اختيار كازوارينا (Casuarina) لانخفاض مخاطر الجذور وصغر حجم المظلة المناسب لعرض الطريق.,1000.0,27.99,16.0,11.99
KED-ROAD-01555,شارع الحاج حسن سليمان,residential,2,Casuarina,كازوارينا,نوع طريق ضيق/سكني (residential) — تم اختيار كازوارينا (Casuarina) لانخفاض مخاطر الجذور وصغر حجم المظلة المناسب لعرض الطريق.,1000.0,27.99,16.0,11.99
KED-ROAD-01550,شارع الشاويش,residential,2,Casuarina,كازوارينا,نوع طريق ضيق/سكني (residential) — تم اختيار كازوارينا (Casuarina) لانخفاض مخاطر الجذور وصغر حجم المظلة المناسب لعرض الطريق.,1000.0,26.38,14.39,11.99
KED-ROAD-04448,شارع احمد عرابى,secondary,2,Neem,نيم,نوع طريق رئيسي/متوسط (secondary) — تم اختيار نيم (Neem) لأعلى توافق موثّق (تحمل حراري مرتفع، احتياج مائي منخفض، ملاءمة عالية للطرق).,1000.0,33.61,21.62,11.99
KED-ROAD-04640,شارع صلاح سالم,residential,2,Casuarina,كازوارينا,نوع طريق ضيق/سكني (residential) — تم اختيار كازوارينا (Casuarina) لانخفاض مخاطر الجذور وصغر حجم المظلة المناسب لعرض الطريق.,1000.0,36.91,17.86,19.04
KED-ROAD-04639,شارع صلاح سالم,residential,2,Casuarina,كازوارينا,نوع طريق ضيق/سكني (residential) — تم اختيار كازوارينا (Casuarina) لانخفاض مخاطر الجذور وصغر حجم المظلة المناسب لعرض الطريق.,1000.0,36.91,17.86,19.04
KED-ROAD-01404,شارع الصافي,residential,2,Casuarina,كازوارينا,نوع طريق ضيق/سكني (residential) — تم اختيار كازوارينا (Casuarina) لانخفاض مخاطر الجذور وصغر حجم المظلة المناسب لعرض الطريق.,1000.0,26.45,14.46,11.99
KED-ROAD-01403,شارع الصافي,residential,2,Casuarina,كازوارينا,نوع طريق ضيق/سكني (residential) — تم اختيار كازوارينا (Casuarina) لانخفاض مخاطر الجذور وصغر حجم المظلة المناسب لعرض الطريق.,1000.0,26.45,14.46,11.99
KED-ROAD-01396,شارع 9,residential,2,Casuarina,كازوارينا,نوع طريق ضيق/سكني (residential) — تم اختيار كازوارينا (Casuarina) لانخفاض مخاطر الجذور وصغر حجم المظلة المناسب لعرض الطريق.,1000.0,26.63,14.65,11.99
KED-ROAD-01395,شارع 9,residential,2,Casuarina,كازوارينا,نوع طريق ضيق/سكني (residential) — تم اختيار كازوارينا (Casuarina) لانخفاض مخاطر الجذور وصغر حجم المظلة المناسب لعرض الطريق.,1000.0,26.63,14.65,11.99
KED-ROAD-01392,شارع الصافي,residential,2,Casuarina,كازوارينا,نوع طريق ضيق/سكني (residential) — تم اختيار كازوارينا (Casuarina) لانخفاض مخاطر الجذور وصغر حجم المظلة المناسب لعرض الطريق.,1000.0,26.75,14.77,11.99
KED-ROAD-01391,شارع الصافي,residential,2,Casuarina,كازوارينا,نوع طريق ضيق/سكني (residential) — تم اختيار كازوارينا (Casuarina) لانخفاض مخاطر الجذور وصغر حجم المظلة المناسب لعرض الطريق.,1000.0,26.75,14.77,11.99
KED-ROAD-04496,شارع 15,residential,2,Casuarina,كازوارينا,نوع طريق ضيق/سكني (residential) — تم اختيار كازوارينا (Casuarina) لانخفاض مخاطر الجذور وصغر حجم المظلة المناسب لعرض الطريق.,1000.0,27.95,15.96,12.0
KED-ROAD-01523,شارع 9,residential,2,Casuarina,كازوارينا,نوع طريق ضيق/سكني (residential) — تم اختيار كازوارينا (Casuarina) لانخفاض مخاطر الجذور وصغر حجم المظلة المناسب لعرض الطريق.,1000.0,27.9,15.91,11.99
KED-ROAD-01522,شارع 9,residential,2,Casuarina,كازوارينا,نوع طريق ضيق/سكني (residential) — تم اختيار كازوارينا (Casuarina) لانخفاض مخاطر الجذور وصغر حجم المظلة المناسب لعرض الطريق.,1000.0,27.9,15.91,11.99
KED-ROAD-01549,شارع الشاويش,residential,2,Casuarina,كازوارينا,نوع طريق ضيق/سكني (residential) — تم اختيار كازوارينا (Casuarina) لانخفاض مخاطر الجذور وصغر حجم المظلة المناسب لعرض الطريق.,1000.0,26.38,14.39,11.99
KED-ROAD-01535,شارع مسجد الهيتي,residential,2,Casuarina,كازوارينا,نوع طريق ضيق/سكني (residential) — تم اختيار كازوارينا (Casuarina) لانخفاض مخاطر الجذور وصغر حجم المظلة المناسب لعرض الطريق.,1000.0,27.65,15.66,11.99
KED-ROAD-01534,شارع مسجد الهيتي,residential,2,Casuarina,كازوارينا,نوع طريق ضيق/سكني (residential) — تم اختيار كازوارينا (Casuarina) لانخفاض مخاطر الجذور وصغر حجم المظلة المناسب لعرض الطريق.,1000.0,27.65,15.66,11.99
KED-ROAD-01529,شارع الشاويش,residential,2,Casuarina,كازوارينا,نوع طريق ضيق/سكني (residential) — تم اختيار كازوارينا (Casuarina) لانخفاض مخاطر الجذور وصغر حجم المظلة المناسب لعرض الطريق.,1000.0,30.84,18.85,11.99
KED-ROAD-01528,شارع الشاويش,residential,2,Casuarina,كازوارينا,نوع طريق ضيق/سكني (residential) — تم اختيار كازوارينا (Casuarina) لانخفاض مخاطر الجذور وصغر حجم المظلة المناسب لعرض الطريق.,1000.0,30.84,18.85,11.99
KED-ROAD-01527,شارع الترعه القديمة,residential,2,Casuarina,كازوارينا,نوع طريق ضيق/سكني (residential) — تم اختيار كازوارينا (Casuarina) لانخفاض مخاطر الجذور وصغر حجم المظلة المناسب لعرض الطريق.,1000.0,27.61,15.62,11.99
KED-ROAD-01425,شارع لبيب,residential,2,Casuarina,كازوارينا,نوع طريق ضيق/سكني (residential) — تم اختيار كازوارينا (Casuarina) لانخفاض مخاطر الجذور وصغر حجم المظلة المناسب لعرض الطريق.,1000.0,28.39,16.41,11.99
KED-ROAD-01424,شارع لبيب,residential,2,Casuarina,كازوارينا,نوع طريق ضيق/سكني (residential) — تم اختيار كازوارينا (Casuarina) لانخفاض مخاطر الجذور وصغر حجم المظلة المناسب لعرض الطريق.,1000.0,28.39,16.41,11.99
KED-ROAD-01456,شارع اللبان,residential,2,Casuarina,كازوارينا,نوع طريق ضيق/سكني (residential) — تم اختيار كازوارينا (Casuarina) لانخفاض مخاطر الجذور وصغر حجم المظلة المناسب لعرض الطريق.,1000.0,27.78,15.8,11.99
KED-ROAD-04537,شارع الجوهري,residential,2,Casuarina,كازوارينا,نوع طريق ضيق/سكني (residential) — تم اختيار كازوارينا (Casuarina) لانخفاض مخاطر الجذور وصغر حجم المظلة المناسب لعرض الطريق.,1000.0,26.55,14.55,11.99
KED-ROAD-04534,شارع مسجد التقوى,residential,2,Casuarina,كازوارينا,نوع طريق ضيق/سكني (residential) — تم اختيار كازوارينا (Casuarina) لانخفاض مخاطر الجذور وصغر حجم المظلة المناسب لعرض الطريق.,1000.0,26.08,14.08,11.99
KED-ROAD-04533,شارع مسجد التقوى,residential,2,Casuarina,كازوارينا,نوع طريق ضيق/سكني (residential) — تم اختيار كازوارينا (Casuarina) لانخفاض مخاطر الجذور وصغر حجم المظلة المناسب لعرض الطريق.,1000.0,26.08,14.08,11.99
KED-ROAD-04523,شارع 5,residential,2,Casuarina,كازوارينا,نوع طريق ضيق/سكني (residential) — تم اختيار كازوارينا (Casuarina) لانخفاض مخاطر الجذور وصغر حجم المظلة المناسب لعرض الطريق.,1000.0,28.23,16.25,11.99
KED-ROAD-04518,شارع صلاح سالم,residential,2,Casuarina,كازوارينا,نوع طريق ضيق/سكني (residential) — تم اختيار كازوارينا (Casuarina) لانخفاض مخاطر الجذور وصغر حجم المظلة المناسب لعرض الطريق.,1000.0,31.33,19.33,12.0
KED-ROAD-04517,شارع صلاح سالم,residential,2,Casuarina,كازوارينا,نوع طريق ضيق/سكني (residential) — تم اختيار كازوارينا (Casuarina) لانخفاض مخاطر الجذور وصغر حجم المظلة المناسب لعرض الطريق.,1000.0,31.33,19.33,12.0
KED-ROAD-04512,شارع 5,residential,2,Casuarina,كازوارينا,نوع طريق ضيق/سكني (residential) — تم اختيار كازوارينا (Casuarina) لانخفاض مخاطر الجذور وصغر حجم المظلة المناسب لعرض الطريق.,1000.0,28.23,16.25,11.99
KED-ROAD-04511,شارع اللواء محمود ابراهيم الكومى,residential,2,Casuarina,كازوارينا,نوع طريق ضيق/سكني (residential) — تم اختيار كازوارينا (Casuarina) لانخفاض مخاطر الجذور وصغر حجم المظلة المناسب لعرض الطريق.,1000.0,32.14,20.15,12.0
KED-ROAD-04510,شارع اللواء محمود ابراهيم الكومى,residential,2,Casuarina,كازوارينا,نوع طريق ضيق/سكني (residential) — تم اختيار كازوارينا (Casuarina) لانخفاض مخاطر الجذور وصغر حجم المظلة المناسب لعرض الطريق.,1000.0,32.14,20.15,12.0
KED-ROAD-01487,شارع السقا,residential,2,Casuarina,كازوارينا,نوع طريق ضيق/سكني (residential) — تم اختيار كازوارينا (Casuarina) لانخفاض مخاطر الجذور وصغر حجم المظلة المناسب لعرض الطريق.,1000.0,26.03,14.04,11.99
KED-ROAD-01486,شارع السقا,residential,2,Casuarina,كازوارينا,نوع طريق ضيق/سكني (residential) — تم اختيار كازوارينا (Casuarina) لانخفاض مخاطر الجذور وصغر حجم المظلة المناسب لعرض الطريق.,1000.0,26.03,14.04,11.99
KED-ROAD-01457,شارع اللبان,residential,2,Casuarina,كازوارينا,نوع طريق ضيق/سكني (residential) — تم اختيار كازوارينا (Casuarina) لانخفاض مخاطر الجذور وصغر حجم المظلة المناسب لعرض الطريق.,1000.0,27.78,15.8,11.99
KED-ROAD-04497,شارع 15,residential,2,Casuarina,كازوارينا,نوع طريق ضيق/سكني (residential) — تم اختيار كازوارينا (Casuarina) لانخفاض مخاطر الجذور وصغر حجم المظلة المناسب لعرض الطريق.,1000.0,27.95,15.96,12.0
KED-ROAD-01443,شارع بكر الدكراوي,residential,2,Casuarina,كازوارينا,نوع طريق ضيق/سكني (residential) — تم اختيار كازوارينا (Casuarina) لانخفاض مخاطر الجذور وصغر حجم المظلة المناسب لعرض الطريق.,1000.0,26.33,14.34,11.99
KED-ROAD-01442,شارع بكر الدكراوي,residential,2,Casuarina,كازوارينا,نوع طريق ضيق/سكني (residential) — تم اختيار كازوارينا (Casuarina) لانخفاض مخاطر الجذور وصغر حجم المظلة المناسب لعرض الطريق.,1000.0,26.33,14.34,11.99
KED-ROAD-04560,شارع بورسعيد,tertiary,2,Neem,نيم,نوع طريق رئيسي/متوسط (tertiary) — تم اختيار نيم (Neem) لأعلى توافق موثّق (تحمل حراري مرتفع، احتياج مائي منخفض، ملاءمة عالية للطرق).,1000.0,33.19,21.19,12.0
KED-ROAD-04558,شارع الجوهري,residential,2,Casuarina,كازوارينا,نوع طريق ضيق/سكني (residential) — تم اختيار كازوارينا (Casuarina) لانخفاض مخاطر الجذور وصغر حجم المظلة المناسب لعرض الطريق.,1000.0,28.43,16.43,12.0
KED-ROAD-04557,شارع الجوهري,residential,2,Casuarina,كازوارينا,نوع طريق ضيق/سكني (residential) — تم اختيار كازوارينا (Casuarina) لانخفاض مخاطر الجذور وصغر حجم المظلة المناسب لعرض الطريق.,1000.0,28.43,16.43,12.0
KED-ROAD-04556,شارع بورسعيد,tertiary,2,Neem,نيم,نوع طريق رئيسي/متوسط (tertiary) — تم اختيار نيم (Neem) لأعلى توافق موثّق (تحمل حراري مرتفع، احتياج مائي منخفض، ملاءمة عالية للطرق).,1000.0,29.24,17.24,12.0
KED-ROAD-04555,شارع مسجد التقوى,residential,2,Casuarina,كازوارينا,نوع طريق ضيق/سكني (residential) — تم اختيار كازوارينا (Casuarina) لانخفاض مخاطر الجذور وصغر حجم المظلة المناسب لعرض الطريق.,1000.0,30.84,18.84,12.0
KED-ROAD-04554,شارع مسجد التقوى,residential,2,Casuarina,كازوارينا,نوع طريق ضيق/سكني (residential) — تم اختيار كازوارينا (Casuarina) لانخفاض مخاطر الجذور وصغر حجم المظلة المناسب لعرض الطريق.,1000.0,30.84,18.84,12.0
KED-ROAD-04542,شارع صافي دراز,residential,2,Casuarina,كازوارينا,نوع طريق ضيق/سكني (residential) — تم اختيار كازوارينا (Casuarina) لانخفاض مخاطر الجذور وصغر حجم المظلة المناسب لعرض الطريق.,1000.0,27.26,15.27,11.99
KED-ROAD-04541,شارع صافي دراز,residential,2,Casuarina,كازوارينا,نوع طريق ضيق/سكني (residential) — تم اختيار كازوارينا (Casuarina) لانخفاض مخاطر الجذور وصغر حجم المظلة المناسب لعرض الطريق.,1000.0,27.26,15.27,11.99
KED-ROAD-04538,شارع الجوهري,residential,2,Casuarina,كازوارينا,نوع طريق ضيق/سكني (residential) — تم اختيار كازوارينا (Casuarina) لانخفاض مخاطر الجذور وصغر حجم المظلة المناسب لعرض الطريق.,1000.0,26.55,14.55,11.99
KED-ROAD-03413,شارع الترعه,residential,2,Casuarina,كازوارينا,نوع طريق ضيق/سكني (residential) — تم اختيار كازوارينا (Casuarina) لانخفاض مخاطر الجذور وصغر حجم المظلة المناسب لعرض الطريق.,1000.0,26.95,14.96,11.99
KED-ROAD-06239,شارع على بن ابى طالب,residential,2,Casuarina,كازوارينا,نوع طريق ضيق/سكني (residential) — تم اختيار كازوارينا (Casuarina) لانخفاض مخاطر الجذور وصغر حجم المظلة المناسب لعرض الطريق.,1000.0,27.31,15.32,11.99
KED-ROAD-06238,شارع على بن ابى طالب,residential,2,Casuarina,كازوارينا,نوع طريق ضيق/سكني (residential) — تم اختيار كازوارينا (Casuarina) لانخفاض مخاطر الجذور وصغر حجم المظلة المناسب لعرض الطريق.,1000.0,27.31,15.32,11.99
KED-ROAD-00125,شارع المدينه المنورة,residential,2,Casuarina,كازوارينا,نوع طريق ضيق/سكني (residential) — تم اختيار كازوارينا (Casuarina) لانخفاض مخاطر الجذور وصغر حجم المظلة المناسب لعرض الطريق.,1000.0,29.24,17.25,11.99
KED-ROAD-00098,"طريق كفر الدوار, ابو المطامير",secondary,2,Neem,نيم,نوع طريق رئيسي/متوسط (secondary) — تم اختيار نيم (Neem) لأعلى توافق موثّق (تحمل حراري مرتفع، احتياج مائي منخفض، ملاءمة عالية للطرق).,1000.0,29.75,17.77,11.99
KED-ROAD-00097,"طريق كفر الدوار, ابو المطامير",secondary,2,Neem,نيم,نوع طريق رئيسي/متوسط (secondary) — تم اختيار نيم (Neem) لأعلى توافق موثّق (تحمل حراري مرتفع، احتياج مائي منخفض، ملاءمة عالية للطرق).,1000.0,29.75,17.77,11.99
KED-ROAD-00096,"طريق كفر الدوار, ابو المطامير",secondary,2,Neem,نيم,نوع طريق رئيسي/متوسط (secondary) — تم اختيار نيم (Neem) لأعلى توافق موثّق (تحمل حراري مرتفع، احتياج مائي منخفض، ملاءمة عالية للطرق).,1000.0,34.61,22.62,11.99
KED-ROAD-00095,"طريق كفر الدوار, ابو المطامير",secondary,2,Neem,نيم,نوع طريق رئيسي/متوسط (secondary) — تم اختيار نيم (Neem) لأعلى توافق موثّق (تحمل حراري مرتفع، احتياج مائي منخفض، ملاءمة عالية للطرق).,1000.0,34.61,22.62,11.99
KED-ROAD-00154,شارع دشودي,residential,2,Casuarina,كازوارينا,نوع طريق ضيق/سكني (residential) — تم اختيار كازوارينا (Casuarina) لانخفاض مخاطر الجذور وصغر حجم المظلة المناسب لعرض الطريق.,1000.0,31.66,19.67,11.99
KED-ROAD-00153,شارع دشودي,residential,2,Casuarina,كازوارينا,نوع طريق ضيق/سكني (residential) — تم اختيار كازوارينا (Casuarina) لانخفاض مخاطر الجذور وصغر حجم المظلة المناسب لعرض الطريق.,1000.0,31.66,19.67,11.99
KED-ROAD-00126,شارع المدينه المنورة,residential,2,Casuarina,كازوارينا,نوع طريق ضيق/سكني (residential) — تم اختيار كازوارينا (Casuarina) لانخفاض مخاطر الجذور وصغر حجم المظلة المناسب لعرض الطريق.,1000.0,29.24,17.25,11.99
KED-ROAD-00174,شارع 107,residential,2,Casuarina,كازوارينا,نوع طريق ضيق/سكني (residential) — تم اختيار كازوارينا (Casuarina) لانخفاض مخاطر الجذور وصغر حجم المظلة المناسب لعرض الطريق.,1000.0,32.58,20.59,11.99
KED-ROAD-03342,شارع ام صابر,residential,2,Casuarina,كازوارينا,نوع طريق ضيق/سكني (residential) — تم اختيار كازوارينا (Casuarina) لانخفاض مخاطر الجذور وصغر حجم المظلة المناسب لعرض الطريق.,1000.0,28.25,16.26,11.99
KED-ROAD-03341,شارع ام صابر,residential,2,Casuarina,كازوارينا,نوع طريق ضيق/سكني (residential) — تم اختيار كازوارينا (Casuarina) لانخفاض مخاطر الجذور وصغر حجم المظلة المناسب لعرض الطريق.,1000.0,28.25,16.26,11.99
KED-ROAD-03358,شارع 26 يوليو,residential,2,Casuarina,كازوارينا,نوع طريق ضيق/سكني (residential) — تم اختيار كازوارينا (Casuarina) لانخفاض مخاطر الجذور وصغر حجم المظلة المناسب لعرض الطريق.,1000.0,26.19,14.2,11.99
KED-ROAD-03357,شارع 26 يوليو,residential,2,Casuarina,كازوارينا,نوع طريق ضيق/سكني (residential) — تم اختيار كازوارينا (Casuarina) لانخفاض مخاطر الجذور وصغر حجم المظلة المناسب لعرض الطريق.,1000.0,26.19,14.2,11.99
KED-ROAD-03356,شارع 26 يوليو,residential,2,Casuarina,كازوارينا,نوع طريق ضيق/سكني (residential) — تم اختيار كازوارينا (Casuarina) لانخفاض مخاطر الجذور وصغر حجم المظلة المناسب لعرض الطريق.,1000.0,26.14,14.14,11.99
KED-ROAD-03355,شارع 26 يوليو,residential,2,Casuarina,كازوارينا,نوع طريق ضيق/سكني (residential) — تم اختيار كازوارينا (Casuarina) لانخفاض مخاطر الجذور وصغر حجم المظلة المناسب لعرض الطريق.,1000.0,26.14,14.14,11.99
KED-ROAD-03375,شارع 26 يوليو,residential,2,Casuarina,كازوارينا,نوع طريق ضيق/سكني (residential) — تم اختيار كازوارينا (Casuarina) لانخفاض مخاطر الجذور وصغر حجم المظلة المناسب لعرض الطريق.,1000.0,29.14,17.14,12.0
KED-ROAD-03374,شارع 26 يوليو,residential,2,Casuarina,كازوارينا,نوع طريق ضيق/سكني (residential) — تم اختيار كازوارينا (Casuarina) لانخفاض مخاطر الجذور وصغر حجم المظلة المناسب لعرض الطريق.,1000.0,29.14,17.14,12.0
KED-ROAD-03414,شارع الترعه,residential,2,Casuarina,كازوارينا,نوع طريق ضيق/سكني (residential) — تم اختيار كازوارينا (Casuarina) لانخفاض مخاطر الجذور وصغر حجم المظلة المناسب لعرض الطريق.,1000.0,26.95,14.96,11.99
KED-ROAD-03405,شارع الرزق,residential,1,Casuarina,كازوارينا,نوع طريق ضيق/سكني (residential) — تم اختيار كازوارينا (Casuarina) لانخفاض مخاطر الجذور وصغر حجم المظلة المناسب لعرض الطريق.,500.0,24.14,12.15,11.99
KED-ROAD-03362,شارع 26 يوليو,residential,1,Casuarina,كازوارينا,نوع طريق ضيق/سكني (residential) — تم اختيار كازوارينا (Casuarina) لانخفاض مخاطر الجذور وصغر حجم المظلة المناسب لعرض الطريق.,500.0,23.9,11.91,12.0
KED-ROAD-03387,شارع بورسعيد,secondary,1,Neem,نيم,نوع طريق رئيسي/متوسط (secondary) — تم اختيار نيم (Neem) لأعلى توافق موثّق (تحمل حراري مرتفع، احتياج مائي منخفض، ملاءمة عالية للطرق).,500.0,25.71,13.72,11.99
KED-ROAD-03388,شارع بورسعيد,secondary,1,Neem,نيم,نوع طريق رئيسي/متوسط (secondary) — تم اختيار نيم (Neem) لأعلى توافق موثّق (تحمل حراري مرتفع، احتياج مائي منخفض، ملاءمة عالية للطرق).,500.0,25.71,13.72,11.99
KED-ROAD-03361,شارع 26 يوليو,residential,1,Casuarina,كازوارينا,نوع طريق ضيق/سكني (residential) — تم اختيار كازوارينا (Casuarina) لانخفاض مخاطر الجذور وصغر حجم المظلة المناسب لعرض الطريق.,500.0,23.9,11.91,12.0
KED-ROAD-03450,شارع النهضة,residential,1,Casuarina,كازوارينا,نوع طريق ضيق/سكني (residential) — تم اختيار كازوارينا (Casuarina) لانخفاض مخاطر الجذور وصغر حجم المظلة المناسب لعرض الطريق.,500.0,24.5,12.51,11.99
KED-ROAD-03449,شارع النهضة,residential,1,Casuarina,كازوارينا,نوع طريق ضيق/سكني (residential) — تم اختيار كازوارينا (Casuarina) لانخفاض مخاطر الجذور وصغر حجم المظلة المناسب لعرض الطريق.,500.0,24.5,12.51,11.99
KED-ROAD-03299,شارع الرزق,residential,1,Casuarina,كازوارينا,نوع طريق ضيق/سكني (residential) — تم اختيار كازوارينا (Casuarina) لانخفاض مخاطر الجذور وصغر حجم المظلة المناسب لعرض الطريق.,500.0,24.14,12.15,11.99
KED-ROAD-03282,شارع القوى,residential,1,Casuarina,كازوارينا,نوع طريق ضيق/سكني (residential) — تم اختيار كازوارينا (Casuarina) لانخفاض مخاطر الجذور وصغر حجم المظلة المناسب لعرض الطريق.,500.0,24.48,12.49,11.99
KED-ROAD-03281,شارع القوى,residential,1,Casuarina,كازوارينا,نوع طريق ضيق/سكني (residential) — تم اختيار كازوارينا (Casuarina) لانخفاض مخاطر الجذور وصغر حجم المظلة المناسب لعرض الطريق.,500.0,24.48,12.49,11.99
KED-ROAD-03327,شارع الشعب,residential,1,Casuarina,كازوارينا,نوع طريق ضيق/سكني (residential) — تم اختيار كازوارينا (Casuarina) لانخفاض مخاطر الجذور وصغر حجم المظلة المناسب لعرض الطريق.,500.0,25.95,13.96,11.99
KED-ROAD-06174,شارع مساكن 144,residential,1,Casuarina,كازوارينا,نوع طريق ضيق/سكني (residential) — تم اختيار كازوارينا (Casuarina) لانخفاض مخاطر الجذور وصغر حجم المظلة المناسب لعرض الطريق.,500.0,22.4,10.41,11.99
KED-ROAD-06173,شارع مساكن 144,residential,1,Casuarina,كازوارينا,نوع طريق ضيق/سكني (residential) — تم اختيار كازوارينا (Casuarina) لانخفاض مخاطر الجذور وصغر حجم المظلة المناسب لعرض الطريق.,500.0,23.16,11.16,11.99
KED-ROAD-06163,شارع مساكن 144,residential,1,Casuarina,كازوارينا,نوع طريق ضيق/سكني (residential) — تم اختيار كازوارينا (Casuarina) لانخفاض مخاطر الجذور وصغر حجم المظلة المناسب لعرض الطريق.,500.0,22.4,10.41,11.99
KED-ROAD-06160,شارع مساكن 144,residential,1,Casuarina,كازوارينا,نوع طريق ضيق/سكني (residential) — تم اختيار كازوارينا (Casuarina) لانخفاض مخاطر الجذور وصغر حجم المظلة المناسب لعرض الطريق.,500.0,23.43,11.44,11.99
KED-ROAD-06159,شارع مساكن 144,residential,1,Casuarina,كازوارينا,نوع طريق ضيق/سكني (residential) — تم اختيار كازوارينا (Casuarina) لانخفاض مخاطر الجذور وصغر حجم المظلة المناسب لعرض الطريق.,500.0,23.43,11.44,11.99
KED-ROAD-06114,شارع مساكن الرحمن,residential,1,Casuarina,كازوارينا,نوع طريق ضيق/سكني (residential) — تم اختيار كازوارينا (Casuarina) لانخفاض مخاطر الجذور وصغر حجم المظلة المناسب لعرض الطريق.,500.0,22.97,10.97,11.99
KED-ROAD-06108,شارع مساكن الرحمن,residential,1,Casuarina,كازوارينا,نوع طريق ضيق/سكني (residential) — تم اختيار كازوارينا (Casuarina) لانخفاض مخاطر الجذور وصغر حجم المظلة المناسب لعرض الطريق.,500.0,23.22,11.23,11.99
KED-ROAD-06107,شارع مساكن الرحمن,residential,1,Casuarina,كازوارينا,نوع طريق ضيق/سكني (residential) — تم اختيار كازوارينا (Casuarina) لانخفاض مخاطر الجذور وصغر حجم المظلة المناسب لعرض الطريق.,500.0,23.22,11.23,11.99
KED-ROAD-06106,شارع مساكن الرحمن,residential,1,Casuarina,كازوارينا,نوع طريق ضيق/سكني (residential) — تم اختيار كازوارينا (Casuarina) لانخفاض مخاطر الجذور وصغر حجم المظلة المناسب لعرض الطريق.,500.0,23.14,11.14,11.99
KED-ROAD-06105,شارع مساكن الرحمن,residential,1,Casuarina,كازوارينا,نوع طريق ضيق/سكني (residential) — تم اختيار كازوارينا (Casuarina) لانخفاض مخاطر الجذور وصغر حجم المظلة المناسب لعرض الطريق.,500.0,23.14,11.14,11.99
KED-ROAD-01542,شارع الحاج حسن سليمان,residential,1,Casuarina,كازوارينا,نوع طريق ضيق/سكني (residential) — تم اختيار كازوارينا (Casuarina) لانخفاض مخاطر الجذور وصغر حجم المظلة المناسب لعرض الطريق.,500.0,25.36,13.37,11.99
KED-ROAD-01533,شارع عبد المنعم,residential,1,Casuarina,كازوارينا,نوع طريق ضيق/سكني (residential) — تم اختيار كازوارينا (Casuarina) لانخفاض مخاطر الجذور وصغر حجم المظلة المناسب لعرض الطريق.,500.0,22.39,10.41,11.99
KED-ROAD-01532,شارع عبد المنعم,residential,1,Casuarina,كازوارينا,نوع طريق ضيق/سكني (residential) — تم اختيار كازوارينا (Casuarina) لانخفاض مخاطر الجذور وصغر حجم المظلة المناسب لعرض الطريق.,500.0,22.39,10.41,11.99
KED-ROAD-01531,شارع مسجد الهيتي,residential,1,Casuarina,كازوارينا,نوع طريق ضيق/سكني (residential) — تم اختيار كازوارينا (Casuarina) لانخفاض مخاطر الجذور وصغر حجم المظلة المناسب لعرض الطريق.,500.0,25.73,13.75,11.99
KED-ROAD-01530,شارع مسجد الهيتي,residential,1,Casuarina,كازوارينا,نوع طريق ضيق/سكني (residential) — تم اختيار كازوارينا (Casuarina) لانخفاض مخاطر الجذور وصغر حجم المظلة المناسب لعرض الطريق.,500.0,25.73,13.75,11.99
KED-ROAD-04626,شارع السواقين,residential,1,Casuarina,كازوارينا,نوع طريق ضيق/سكني (residential) — تم اختيار كازوارينا (Casuarina) لانخفاض مخاطر الجذور وصغر حجم المظلة المناسب لعرض الطريق.,500.0,23.86,11.86,11.99
KED-ROAD-04601,شارع خلف المساكن,residential,1,Casuarina,كازوارينا,نوع طريق ضيق/سكني (residential) — تم اختيار كازوارينا (Casuarina) لانخفاض مخاطر الجذور وصغر حجم المظلة المناسب لعرض الطريق.,500.0,23.75,11.76,12.0
KED-ROAD-04600,شارع خلف المساكن,residential,1,Casuarina,كازوارينا,نوع طريق ضيق/سكني (residential) — تم اختيار كازوارينا (Casuarina) لانخفاض مخاطر الجذور وصغر حجم المظلة المناسب لعرض الطريق.,500.0,23.75,11.76,12.0
KED-ROAD-01434,شارع الصافي,residential,1,Casuarina,كازوارينا,نوع طريق ضيق/سكني (residential) — تم اختيار كازوارينا (Casuarina) لانخفاض مخاطر الجذور وصغر حجم المظلة المناسب لعرض الطريق.,500.0,25.25,13.26,11.99
KED-ROAD-01433,شارع الصافي,residential,1,Casuarina,كازوارينا,نوع طريق ضيق/سكني (residential) — تم اختيار كازوارينا (Casuarina) لانخفاض مخاطر الجذور وصغر حجم المظلة المناسب لعرض الطريق.,500.0,25.25,13.26,11.99
KED-ROAD-01420,شارع الروايح,residential,1,Casuarina,كازوارينا,نوع طريق ضيق/سكني (residential) — تم اختيار كازوارينا (Casuarina) لانخفاض مخاطر الجذور وصغر حجم المظلة المناسب لعرض الطريق.,500.0,22.84,10.85,11.99
KED-ROAD-01417,شارع بكر الدكراوي,residential,1,Casuarina,كازوارينا,نوع طريق ضيق/سكني (residential) — تم اختيار كازوارينا (Casuarina) لانخفاض مخاطر الجذور وصغر حجم المظلة المناسب لعرض الطريق.,500.0,23.3,11.31,11.99
KED-ROAD-01416,شارع العيسوي,residential,1,Casuarina,كازوارينا,نوع طريق ضيق/سكني (residential) — تم اختيار كازوارينا (Casuarina) لانخفاض مخاطر الجذور وصغر حجم المظلة المناسب لعرض الطريق.,500.0,24.15,12.16,11.99
KED-ROAD-01415,شارع العيسوي,residential,1,Casuarina,كازوارينا,نوع طريق ضيق/سكني (residential) — تم اختيار كازوارينا (Casuarina) لانخفاض مخاطر الجذور وصغر حجم المظلة المناسب لعرض الطريق.,500.0,24.15,12.16,11.99
KED-ROAD-01455,شارع السقا,residential,1,Casuarina,كازوارينا,نوع طريق ضيق/سكني (residential) — تم اختيار كازوارينا (Casuarina) لانخفاض مخاطر الجذور وصغر حجم المظلة المناسب لعرض الطريق.,500.0,22.68,10.69,11.99
KED-ROAD-01454,شارع السقا,residential,1,Casuarina,كازوارينا,نوع طريق ضيق/سكني (residential) — تم اختيار كازوارينا (Casuarina) لانخفاض مخاطر الجذور وصغر حجم المظلة المناسب لعرض الطريق.,500.0,22.68,10.69,11.99
KED-ROAD-01616,شارع ابراهيم شهاب,residential,1,Casuarina,كازوارينا,نوع طريق ضيق/سكني (residential) — تم اختيار كازوارينا (Casuarina) لانخفاض مخاطر الجذور وصغر حجم المظلة المناسب لعرض الطريق.,500.0,22.29,10.3,11.99
KED-ROAD-04485,شارع مؤسسه الكهرباء,residential,1,Casuarina,كازوارينا,نوع طريق ضيق/سكني (residential) — تم اختيار كازوارينا (Casuarina) لانخفاض مخاطر الجذور وصغر حجم المظلة المناسب لعرض الطريق.,500.0,23.65,11.65,12.0
KED-ROAD-04462,شارع بورسعيد,secondary,1,Neem,نيم,نوع طريق رئيسي/متوسط (secondary) — تم اختيار نيم (Neem) لأعلى توافق موثّق (تحمل حراري مرتفع، احتياج مائي منخفض، ملاءمة عالية للطرق).,500.0,27.85,15.86,11.99
KED-ROAD-04461,شارع بورسعيد,secondary,1,Neem,نيم,نوع طريق رئيسي/متوسط (secondary) — تم اختيار نيم (Neem) لأعلى توافق موثّق (تحمل حراري مرتفع، احتياج مائي منخفض، ملاءمة عالية للطرق).,500.0,27.85,15.86,11.99
KED-ROAD-01554,شارع عبد المنعم,residential,1,Casuarina,كازوارينا,نوع طريق ضيق/سكني (residential) — تم اختيار كازوارينا (Casuarina) لانخفاض مخاطر الجذور وصغر حجم المظلة المناسب لعرض الطريق.,500.0,22.28,10.29,11.99
KED-ROAD-01553,شارع عبد المنعم,residential,1,Casuarina,كازوارينا,نوع طريق ضيق/سكني (residential) — تم اختيار كازوارينا (Casuarina) لانخفاض مخاطر الجذور وصغر حجم المظلة المناسب لعرض الطريق.,500.0,22.28,10.29,11.99
KED-ROAD-04653,شارع بورسعيد,secondary,1,Neem,نيم,نوع طريق رئيسي/متوسط (secondary) — تم اختيار نيم (Neem) لأعلى توافق موثّق (تحمل حراري مرتفع، احتياج مائي منخفض، ملاءمة عالية للطرق).,500.0,23.51,11.52,11.99
KED-ROAD-01353,شارع مسجد الكوثر,residential,1,Casuarina,كازوارينا,نوع طريق ضيق/سكني (residential) — تم اختيار كازوارينا (Casuarina) لانخفاض مخاطر الجذور وصغر حجم المظلة المناسب لعرض الطريق.,500.0,23.52,11.53,11.99
KED-ROAD-01318,شارع المستشفى الشامله,residential,1,Casuarina,كازوارينا,نوع طريق ضيق/سكني (residential) — تم اختيار كازوارينا (Casuarina) لانخفاض مخاطر الجذور وصغر حجم المظلة المناسب لعرض الطريق.,500.0,25.93,13.94,11.99
KED-ROAD-01354,شارع مسجد الكوثر,residential,1,Casuarina,كازوارينا,نوع طريق ضيق/سكني (residential) — تم اختيار كازوارينا (Casuarina) لانخفاض مخاطر الجذور وصغر حجم المظلة المناسب لعرض الطريق.,500.0,23.52,11.53,11.99
KED-ROAD-01408,شارع 9,residential,1,Casuarina,كازوارينا,نوع طريق ضيق/سكني (residential) — تم اختيار كازوارينا (Casuarina) لانخفاض مخاطر الجذور وصغر حجم المظلة المناسب لعرض الطريق.,500.0,24.78,12.8,11.99
KED-ROAD-01407,شارع 9,residential,1,Casuarina,كازوارينا,نوع طريق ضيق/سكني (residential) — تم اختيار كازوارينا (Casuarina) لانخفاض مخاطر الجذور وصغر حجم المظلة المناسب لعرض الطريق.,500.0,24.78,12.8,11.99
KED-ROAD-04632,شارع مساكن غزل كفر الدوار الجديدة,residential,1,Casuarina,كازوارينا,نوع طريق ضيق/سكني (residential) — تم اختيار كازوارينا (Casuarina) لانخفاض مخاطر الجذور وصغر حجم المظلة المناسب لعرض الطريق.,500.0,23.86,11.86,12.0
KED-ROAD-04627,شارع السواقين,residential,1,Casuarina,كازوارينا,نوع طريق ضيق/سكني (residential) — تم اختيار كازوارينا (Casuarina) لانخفاض مخاطر الجذور وصغر حجم المظلة المناسب لعرض الطريق.,500.0,23.86,11.86,11.99
KED-ROAD-04486,شارع مؤسسه الكهرباء,residential,1,Casuarina,كازوارينا,نوع طريق ضيق/سكني (residential) — تم اختيار كازوارينا (Casuarina) لانخفاض مخاطر الجذور وصغر حجم المظلة المناسب لعرض الطريق.,500.0,23.65,11.65,12.0
KED-ROAD-01543,شارع الحاج حسن سليمان,residential,1,Casuarina,كازوارينا,نوع طريق ضيق/سكني (residential) — تم اختيار كازوارينا (Casuarina) لانخفاض مخاطر الجذور وصغر حجم المظلة المناسب لعرض الطريق.,500.0,25.36,13.37,11.99
KED-ROAD-04398,شارع حواش,residential,1,Casuarina,كازوارينا,نوع طريق ضيق/سكني (residential) — تم اختيار كازوارينا (Casuarina) لانخفاض مخاطر الجذور وصغر حجم المظلة المناسب لعرض الطريق.,500.0,24.52,12.53,11.99
KED-ROAD-04388,شارع السيد البحيري,residential,1,Casuarina,كازوارينا,نوع طريق ضيق/سكني (residential) — تم اختيار كازوارينا (Casuarina) لانخفاض مخاطر الجذور وصغر حجم المظلة المناسب لعرض الطريق.,500.0,23.13,11.14,11.99
KED-ROAD-01641,شارع ابراهيم شهاب,residential,1,Casuarina,كازوارينا,نوع طريق ضيق/سكني (residential) — تم اختيار كازوارينا (Casuarina) لانخفاض مخاطر الجذور وصغر حجم المظلة المناسب لعرض الطريق.,500.0,22.64,10.65,11.99
KED-ROAD-01697,شارع الاحمر,residential,1,Casuarina,كازوارينا,نوع طريق ضيق/سكني (residential) — تم اختيار كازوارينا (Casuarina) لانخفاض مخاطر الجذور وصغر حجم المظلة المناسب لعرض الطريق.,500.0,22.35,10.36,11.99
KED-ROAD-01696,شارع الاحمر,residential,1,Casuarina,كازوارينا,نوع طريق ضيق/سكني (residential) — تم اختيار كازوارينا (Casuarina) لانخفاض مخاطر الجذور وصغر حجم المظلة المناسب لعرض الطريق.,500.0,22.35,10.36,11.99
KED-ROAD-01691,شارع ابراهيم شهاب,residential,1,Casuarina,كازوارينا,نوع طريق ضيق/سكني (residential) — تم اختيار كازوارينا (Casuarina) لانخفاض مخاطر الجذور وصغر حجم المظلة المناسب لعرض الطريق.,500.0,24.71,12.72,11.99
KED-ROAD-01680,شارع ابراهيم شهاب,residential,1,Casuarina,كازوارينا,نوع طريق ضيق/سكني (residential) — تم اختيار كازوارينا (Casuarina) لانخفاض مخاطر الجذور وصغر حجم المظلة المناسب لعرض الطريق.,500.0,24.71,12.72,11.99
KED-ROAD-04387,شارع السيد البحيري,residential,1,Casuarina,كازوارينا,نوع طريق ضيق/سكني (residential) — تم اختيار كازوارينا (Casuarina) لانخفاض مخاطر الجذور وصغر حجم المظلة المناسب لعرض الطريق.,500.0,23.13,11.14,11.99
KED-ROAD-04682,شارع 58,residential,1,Casuarina,كازوارينا,نوع طريق ضيق/سكني (residential) — تم اختيار كازوارينا (Casuarina) لانخفاض مخاطر الجذور وصغر حجم المظلة المناسب لعرض الطريق.,500.0,25.11,13.08,12.03
KED-ROAD-01256,شارع مسجد ابى بكر الصديق,residential,1,Casuarina,كازوارينا,نوع طريق ضيق/سكني (residential) — تم اختيار كازوارينا (Casuarina) لانخفاض مخاطر الجذور وصغر حجم المظلة المناسب لعرض الطريق.,500.0,22.32,10.32,11.99
KED-ROAD-01255,شارع مسجد ابى بكر الصديق,residential,1,Casuarina,كازوارينا,نوع طريق ضيق/سكني (residential) — تم اختيار كازوارينا (Casuarina) لانخفاض مخاطر الجذور وصغر حجم المظلة المناسب لعرض الطريق.,500.0,22.32,10.32,11.99
KED-ROAD-04654,شارع بورسعيد,secondary,1,Neem,نيم,نوع طريق رئيسي/متوسط (secondary) — تم اختيار نيم (Neem) لأعلى توافق موثّق (تحمل حراري مرتفع، احتياج مائي منخفض، ملاءمة عالية للطرق).,500.0,23.51,11.52,11.99
KED-ROAD-01623,شارع السقا,residential,1,Casuarina,كازوارينا,نوع طريق ضيق/سكني (residential) — تم اختيار كازوارينا (Casuarina) لانخفاض مخاطر الجذور وصغر حجم المظلة المناسب لعرض الطريق.,500.0,25.46,13.48,11.99
KED-ROAD-01622,شارع السقا,residential,1,Casuarina,كازوارينا,نوع طريق ضيق/سكني (residential) — تم اختيار كازوارينا (Casuarina) لانخفاض مخاطر الجذور وصغر حجم المظلة المناسب لعرض الطريق.,500.0,25.46,13.48,11.99
KED-ROAD-01620,شارع ابراهيم شهاب,residential,1,Casuarina,كازوارينا,نوع طريق ضيق/سكني (residential) — تم اختيار كازوارينا (Casuarina) لانخفاض مخاطر الجذور وصغر حجم المظلة المناسب لعرض الطريق.,500.0,22.64,10.65,11.99
KED-ROAD-01617,شارع ابراهيم شهاب,residential,1,Casuarina,كازوارينا,نوع طريق ضيق/سكني (residential) — تم اختيار كازوارينا (Casuarina) لانخفاض مخاطر الجذور وصغر حجم المظلة المناسب لعرض الطريق.,500.0,22.29,10.3,11.99
KED-ROAD-01714,شارع الاحمر,residential,1,Casuarina,كازوارينا,نوع طريق ضيق/سكني (residential) — تم اختيار كازوارينا (Casuarina) لانخفاض مخاطر الجذور وصغر حجم المظلة المناسب لعرض الطريق.,500.0,22.18,10.19,11.99
KED-ROAD-01713,شارع الاحمر,residential,1,Casuarina,كازوارينا,نوع طريق ضيق/سكني (residential) — تم اختيار كازوارينا (Casuarina) لانخفاض مخاطر الجذور وصغر حجم المظلة المناسب لعرض الطريق.,500.0,22.18,10.19,11.99
KED-ROAD-01705,شارع ابراهيم شهاب,residential,1,Casuarina,كازوارينا,نوع طريق ضيق/سكني (residential) — تم اختيار كازوارينا (Casuarina) لانخفاض مخاطر الجذور وصغر حجم المظلة المناسب لعرض الطريق.,500.0,25.05,13.07,11.99
KED-ROAD-01704,شارع ابراهيم شهاب,residential,1,Casuarina,كازوارينا,نوع طريق ضيق/سكني (residential) — تم اختيار كازوارينا (Casuarina) لانخفاض مخاطر الجذور وصغر حجم المظلة المناسب لعرض الطريق.,500.0,25.05,13.07,11.99
KED-ROAD-01703,شارع السقا,residential,1,Casuarina,كازوارينا,نوع طريق ضيق/سكني (residential) — تم اختيار كازوارينا (Casuarina) لانخفاض مخاطر الجذور وصغر حجم المظلة المناسب لعرض الطريق.,500.0,22.8,10.82,11.99
KED-ROAD-01702,شارع السقا,residential,1,Casuarina,كازوارينا,نوع طريق ضيق/سكني (residential) — تم اختيار كازوارينا (Casuarina) لانخفاض مخاطر الجذور وصغر حجم المظلة المناسب لعرض الطريق.,500.0,22.8,10.82,11.99
KED-ROAD-01752,شارع محمد عيسي,residential,1,Casuarina,كازوارينا,نوع طريق ضيق/سكني (residential) — تم اختيار كازوارينا (Casuarina) لانخفاض مخاطر الجذور وصغر حجم المظلة المناسب لعرض الطريق.,500.0,22.06,10.07,11.99
KED-ROAD-01750,شارع الاحمر,residential,1,Casuarina,كازوارينا,نوع طريق ضيق/سكني (residential) — تم اختيار كازوارينا (Casuarina) لانخفاض مخاطر الجذور وصغر حجم المظلة المناسب لعرض الطريق.,500.0,23.75,11.76,11.99
KED-ROAD-01188,شارع بكر الدكراوي,residential,1,Casuarina,كازوارينا,نوع طريق ضيق/سكني (residential) — تم اختيار كازوارينا (Casuarina) لانخفاض مخاطر الجذور وصغر حجم المظلة المناسب لعرض الطريق.,500.0,22.0,10.01,11.99
KED-ROAD-01187,شارع بكر الدكراوي,residential,1,Casuarina,كازوارينا,نوع طريق ضيق/سكني (residential) — تم اختيار كازوارينا (Casuarina) لانخفاض مخاطر الجذور وصغر حجم المظلة المناسب لعرض الطريق.,500.0,22.0,10.01,11.99
KED-ROAD-01222,شارع بكر الدكراوي,residential,1,Casuarina,كازوارينا,نوع طريق ضيق/سكني (residential) — تم اختيار كازوارينا (Casuarina) لانخفاض مخاطر الجذور وصغر حجم المظلة المناسب لعرض الطريق.,500.0,25.97,13.98,11.99
KED-ROAD-01213,شارع بكر الدكراوي,residential,1,Casuarina,كازوارينا,نوع طريق ضيق/سكني (residential) — تم اختيار كازوارينا (Casuarina) لانخفاض مخاطر الجذور وصغر حجم المظلة المناسب لعرض الطريق.,500.0,25.97,13.98,11.99
KED-ROAD-01238,شارع السقا,residential,1,Casuarina,كازوارينا,نوع طريق ضيق/سكني (residential) — تم اختيار كازوارينا (Casuarina) لانخفاض مخاطر الجذور وصغر حجم المظلة المناسب لعرض الطريق.,500.0,22.2,10.22,11.99
KED-ROAD-01237,شارع السقا,residential,1,Casuarina,كازوارينا,نوع طريق ضيق/سكني (residential) — تم اختيار كازوارينا (Casuarina) لانخفاض مخاطر الجذور وصغر حجم المظلة المناسب لعرض الطريق.,500.0,22.2,10.22,11.99
KED-ROAD-04703,شارع 58,residential,1,Casuarina,كازوارينا,نوع طريق ضيق/سكني (residential) — تم اختيار كازوارينا (Casuarina) لانخفاض مخاطر الجذور وصغر حجم المظلة المناسب لعرض الطريق.,500.0,25.11,13.08,12.03
KED-ROAD-04399,شارع حواش,residential,1,Casuarina,كازوارينا,نوع طريق ضيق/سكني (residential) — تم اختيار كازوارينا (Casuarina) لانخفاض مخاطر الجذور وصغر حجم المظلة المناسب لعرض الطريق.,500.0,24.52,12.53,11.99
KED-ROAD-04338,شارع حواش,residential,1,Casuarina,كازوارينا,نوع طريق ضيق/سكني (residential) — تم اختيار كازوارينا (Casuarina) لانخفاض مخاطر الجذور وصغر حجم المظلة المناسب لعرض الطريق.,500.0,22.07,10.08,11.99
KED-ROAD-01767,شارع ابراهيم شهاب,residential,1,Casuarina,كازوارينا,نوع طريق ضيق/سكني (residential) — تم اختيار كازوارينا (Casuarina) لانخفاض مخاطر الجذور وصغر حجم المظلة المناسب لعرض الطريق.,500.0,23.01,11.02,11.99
KED-ROAD-01766,شارع ابراهيم شهاب,residential,1,Casuarina,كازوارينا,نوع طريق ضيق/سكني (residential) — تم اختيار كازوارينا (Casuarina) لانخفاض مخاطر الجذور وصغر حجم المظلة المناسب لعرض الطريق.,500.0,23.01,11.02,11.99
KED-ROAD-01763,شارع ابراهيم شهاب,residential,1,Casuarina,كازوارينا,نوع طريق ضيق/سكني (residential) — تم اختيار كازوارينا (Casuarina) لانخفاض مخاطر الجذور وصغر حجم المظلة المناسب لعرض الطريق.,500.0,22.11,10.12,11.99
KED-ROAD-01132,شارع 9,residential,1,Casuarina,كازوارينا,نوع طريق ضيق/سكني (residential) — تم اختيار كازوارينا (Casuarina) لانخفاض مخاطر الجذور وصغر حجم المظلة المناسب لعرض الطريق.,500.0,24.91,12.92,11.99
KED-ROAD-01131,شارع 9,residential,1,Casuarina,كازوارينا,نوع طريق ضيق/سكني (residential) — تم اختيار كازوارينا (Casuarina) لانخفاض مخاطر الجذور وصغر حجم المظلة المناسب لعرض الطريق.,500.0,24.91,12.92,11.99
KED-ROAD-01128,شارع الصافي,residential,1,Casuarina,كازوارينا,نوع طريق ضيق/سكني (residential) — تم اختيار كازوارينا (Casuarina) لانخفاض مخاطر الجذور وصغر حجم المظلة المناسب لعرض الطريق.,500.0,22.28,10.29,11.99
KED-ROAD-01127,شارع الصافي,residential,1,Casuarina,كازوارينا,نوع طريق ضيق/سكني (residential) — تم اختيار كازوارينا (Casuarina) لانخفاض مخاطر الجذور وصغر حجم المظلة المناسب لعرض الطريق.,500.0,22.28,10.29,11.99
KED-ROAD-01154,شارع 9,residential,1,Casuarina,كازوارينا,نوع طريق ضيق/سكني (residential) — تم اختيار كازوارينا (Casuarina) لانخفاض مخاطر الجذور وصغر حجم المظلة المناسب لعرض الطريق.,500.0,25.52,13.53,11.99
KED-ROAD-01153,شارع 9,residential,1,Casuarina,كازوارينا,نوع طريق ضيق/سكني (residential) — تم اختيار كازوارينا (Casuarina) لانخفاض مخاطر الجذور وصغر حجم المظلة المناسب لعرض الطريق.,500.0,25.52,13.53,11.99
KED-ROAD-01199,شارع اللبان,residential,1,Casuarina,كازوارينا,نوع طريق ضيق/سكني (residential) — تم اختيار كازوارينا (Casuarina) لانخفاض مخاطر الجذور وصغر حجم المظلة المناسب لعرض الطريق.,500.0,23.98,12.0,11.99
KED-ROAD-01198,شارع اللبان,residential,1,Casuarina,كازوارينا,نوع طريق ضيق/سكني (residential) — تم اختيار كازوارينا (Casuarina) لانخفاض مخاطر الجذور وصغر حجم المظلة المناسب لعرض الطريق.,500.0,23.98,12.0,11.99
KED-ROAD-04384,شارع السيد البحيري,residential,1,Casuarina,كازوارينا,نوع طريق ضيق/سكني (residential) — تم اختيار كازوارينا (Casuarina) لانخفاض مخاطر الجذور وصغر حجم المظلة المناسب لعرض الطريق.,500.0,24.0,12.01,11.99
KED-ROAD-04383,شارع السيد البحيري,residential,1,Casuarina,كازوارينا,نوع طريق ضيق/سكني (residential) — تم اختيار كازوارينا (Casuarina) لانخفاض مخاطر الجذور وصغر حجم المظلة المناسب لعرض الطريق.,500.0,24.0,12.01,11.99
KED-ROAD-04360,شارع السيد البحيري,residential,1,Casuarina,كازوارينا,نوع طريق ضيق/سكني (residential) — تم اختيار كازوارينا (Casuarina) لانخفاض مخاطر الجذور وصغر حجم المظلة المناسب لعرض الطريق.,500.0,23.76,11.77,11.99
KED-ROAD-04359,شارع السيد البحيري,residential,1,Casuarina,كازوارينا,نوع طريق ضيق/سكني (residential) — تم اختيار كازوارينا (Casuarina) لانخفاض مخاطر الجذور وصغر حجم المظلة المناسب لعرض الطريق.,500.0,23.76,11.77,11.99
KED-ROAD-04326,شارع السيد البحيري,residential,1,Casuarina,كازوارينا,نوع طريق ضيق/سكني (residential) — تم اختيار كازوارينا (Casuarina) لانخفاض مخاطر الجذور وصغر حجم المظلة المناسب لعرض الطريق.,500.0,25.17,13.18,11.99
KED-ROAD-04325,شارع السيد البحيري,residential,1,Casuarina,كازوارينا,نوع طريق ضيق/سكني (residential) — تم اختيار كازوارينا (Casuarina) لانخفاض مخاطر الجذور وصغر حجم المظلة المناسب لعرض الطريق.,500.0,25.17,13.18,11.99
KED-ROAD-04322,شارع بورسعيد,tertiary,1,Neem,نيم,نوع طريق رئيسي/متوسط (tertiary) — تم اختيار نيم (Neem) لأعلى توافق موثّق (تحمل حراري مرتفع، احتياج مائي منخفض، ملاءمة عالية للطرق).,500.0,27.86,15.87,11.99
KED-ROAD-04321,شارع بورسعيد,tertiary,1,Neem,نيم,نوع طريق رئيسي/متوسط (tertiary) — تم اختيار نيم (Neem) لأعلى توافق موثّق (تحمل حراري مرتفع، احتياج مائي منخفض، ملاءمة عالية للطرق).,500.0,23.77,11.77,11.99
KED-ROAD-04320,شارع بورسعيد,tertiary,1,Neem,نيم,نوع طريق رئيسي/متوسط (tertiary) — تم اختيار نيم (Neem) لأعلى توافق موثّق (تحمل حراري مرتفع، احتياج مائي منخفض، ملاءمة عالية للطرق).,500.0,25.76,13.77,11.99
KED-ROAD-04315,شارع بورسعيد,secondary,1,Neem,نيم,نوع طريق رئيسي/متوسط (secondary) — تم اختيار نيم (Neem) لأعلى توافق موثّق (تحمل حراري مرتفع، احتياج مائي منخفض، ملاءمة عالية للطرق).,500.0,27.52,15.53,11.99
KED-ROAD-01797,شارع الاحمر,residential,1,Casuarina,كازوارينا,نوع طريق ضيق/سكني (residential) — تم اختيار كازوارينا (Casuarina) لانخفاض مخاطر الجذور وصغر حجم المظلة المناسب لعرض الطريق.,500.0,22.23,10.24,11.99
KED-ROAD-01796,شارع الاحمر,residential,1,Casuarina,كازوارينا,نوع طريق ضيق/سكني (residential) — تم اختيار كازوارينا (Casuarina) لانخفاض مخاطر الجذور وصغر حجم المظلة المناسب لعرض الطريق.,500.0,22.23,10.24,11.99
KED-ROAD-01787,شارع لبيب,residential,1,Casuarina,كازوارينا,نوع طريق ضيق/سكني (residential) — تم اختيار كازوارينا (Casuarina) لانخفاض مخاطر الجذور وصغر حجم المظلة المناسب لعرض الطريق.,500.0,25.0,13.02,11.99
KED-ROAD-00953,شارع جلال الدسوقي,residential,1,Casuarina,كازوارينا,نوع طريق ضيق/سكني (residential) — تم اختيار كازوارينا (Casuarina) لانخفاض مخاطر الجذور وصغر حجم المظلة المناسب لعرض الطريق.,500.0,25.9,13.91,11.99
KED-ROAD-01022,شارع سعيد حمادة,residential,1,Casuarina,كازوارينا,نوع طريق ضيق/سكني (residential) — تم اختيار كازوارينا (Casuarina) لانخفاض مخاطر الجذور وصغر حجم المظلة المناسب لعرض الطريق.,500.0,22.3,10.31,12.0
KED-ROAD-01021,شارع سعيد حمادة,residential,1,Casuarina,كازوارينا,نوع طريق ضيق/سكني (residential) — تم اختيار كازوارينا (Casuarina) لانخفاض مخاطر الجذور وصغر حجم المظلة المناسب لعرض الطريق.,500.0,22.3,10.31,12.0
KED-ROAD-04753,شارع مساكن غزل كفر الدوار الجديدة,residential,1,Casuarina,كازوارينا,نوع طريق ضيق/سكني (residential) — تم اختيار كازوارينا (Casuarina) لانخفاض مخاطر الجذور وصغر حجم المظلة المناسب لعرض الطريق.,500.0,23.86,11.86,12.0
KED-ROAD-01729,شارع لبيب,residential,1,Casuarina,كازوارينا,نوع طريق ضيق/سكني (residential) — تم اختيار كازوارينا (Casuarina) لانخفاض مخاطر الجذور وصغر حجم المظلة المناسب لعرض الطريق.,500.0,25.18,13.2,11.99
KED-ROAD-01728,شارع لبيب,residential,1,Casuarina,كازوارينا,نوع طريق ضيق/سكني (residential) — تم اختيار كازوارينا (Casuarina) لانخفاض مخاطر الجذور وصغر حجم المظلة المناسب لعرض الطريق.,500.0,25.18,13.2,11.99
KED-ROAD-04339,شارع حواش,residential,1,Casuarina,كازوارينا,نوع طريق ضيق/سكني (residential) — تم اختيار كازوارينا (Casuarina) لانخفاض مخاطر الجذور وصغر حجم المظلة المناسب لعرض الطريق.,500.0,22.07,10.08,11.99
KED-ROAD-01861,شارع محمد رفاعى,residential,1,Casuarina,كازوارينا,نوع طريق ضيق/سكني (residential) — تم اختيار كازوارينا (Casuarina) لانخفاض مخاطر الجذور وصغر حجم المظلة المناسب لعرض الطريق.,500.0,24.25,12.26,11.99
KED-ROAD-01855,شارع الاحمر,residential,1,Casuarina,كازوارينا,نوع طريق ضيق/سكني (residential) — تم اختيار كازوارينا (Casuarina) لانخفاض مخاطر الجذور وصغر حجم المظلة المناسب لعرض الطريق.,500.0,23.2,11.21,11.99
KED-ROAD-01786,شارع لبيب,residential,1,Casuarina,كازوارينا,نوع طريق ضيق/سكني (residential) — تم اختيار كازوارينا (Casuarina) لانخفاض مخاطر الجذور وصغر حجم المظلة المناسب لعرض الطريق.,500.0,25.0,13.02,11.99
KED-ROAD-01781,شارع الاحمر,residential,1,Casuarina,كازوارينا,نوع طريق ضيق/سكني (residential) — تم اختيار كازوارينا (Casuarina) لانخفاض مخاطر الجذور وصغر حجم المظلة المناسب لعرض الطريق.,500.0,23.75,11.76,11.99
KED-ROAD-01777,شارع محمد عيسي,residential,1,Casuarina,كازوارينا,نوع طريق ضيق/سكني (residential) — تم اختيار كازوارينا (Casuarina) لانخفاض مخاطر الجذور وصغر حجم المظلة المناسب لعرض الطريق.,500.0,23.42,11.43,11.99
KED-ROAD-01776,شارع محمد عيسي,residential,1,Casuarina,كازوارينا,نوع طريق ضيق/سكني (residential) — تم اختيار كازوارينا (Casuarina) لانخفاض مخاطر الجذور وصغر حجم المظلة المناسب لعرض الطريق.,500.0,23.42,11.43,11.99
KED-ROAD-01828,شارع محمد رفاعى,residential,1,Casuarina,كازوارينا,نوع طريق ضيق/سكني (residential) — تم اختيار كازوارينا (Casuarina) لانخفاض مخاطر الجذور وصغر حجم المظلة المناسب لعرض الطريق.,500.0,25.62,13.63,11.99
KED-ROAD-01827,شارع محمد رفاعى,residential,1,Casuarina,كازوارينا,نوع طريق ضيق/سكني (residential) — تم اختيار كازوارينا (Casuarina) لانخفاض مخاطر الجذور وصغر حجم المظلة المناسب لعرض الطريق.,500.0,25.62,13.63,11.99
KED-ROAD-01823,شارع محروس,residential,1,Casuarina,كازوارينا,نوع طريق ضيق/سكني (residential) — تم اختيار كازوارينا (Casuarina) لانخفاض مخاطر الجذور وصغر حجم المظلة المناسب لعرض الطريق.,500.0,25.7,13.71,11.99
KED-ROAD-01822,شارع محروس,residential,1,Casuarina,كازوارينا,نوع طريق ضيق/سكني (residential) — تم اختيار كازوارينا (Casuarina) لانخفاض مخاطر الجذور وصغر حجم المظلة المناسب لعرض الطريق.,500.0,25.7,13.71,11.99
KED-ROAD-01820,شارع الاحمر,residential,1,Casuarina,كازوارينا,نوع طريق ضيق/سكني (residential) — تم اختيار كازوارينا (Casuarina) لانخفاض مخاطر الجذور وصغر حجم المظلة المناسب لعرض الطريق.,500.0,22.11,10.12,11.99
KED-ROAD-01810,شارع لبيب,residential,1,Casuarina,كازوارينا,نوع طريق ضيق/سكني (residential) — تم اختيار كازوارينا (Casuarina) لانخفاض مخاطر الجذور وصغر حجم المظلة المناسب لعرض الطريق.,500.0,25.24,13.25,11.99
KED-ROAD-01851,شارع الاحمر,residential,1,Casuarina,كازوارينا,نوع طريق ضيق/سكني (residential) — تم اختيار كازوارينا (Casuarina) لانخفاض مخاطر الجذور وصغر حجم المظلة المناسب لعرض الطريق.,500.0,22.11,10.12,11.99
KED-ROAD-00954,شارع جلال الدسوقي,residential,1,Casuarina,كازوارينا,نوع طريق ضيق/سكني (residential) — تم اختيار كازوارينا (Casuarina) لانخفاض مخاطر الجذور وصغر حجم المظلة المناسب لعرض الطريق.,500.0,25.9,13.91,11.99
KED-ROAD-01762,شارع ابراهيم شهاب,residential,1,Casuarina,كازوارينا,نوع طريق ضيق/سكني (residential) — تم اختيار كازوارينا (Casuarina) لانخفاض مخاطر الجذور وصغر حجم المظلة المناسب لعرض الطريق.,500.0,22.11,10.12,11.99
KED-ROAD-01753,شارع محمد عيسي,residential,1,Casuarina,كازوارينا,نوع طريق ضيق/سكني (residential) — تم اختيار كازوارينا (Casuarina) لانخفاض مخاطر الجذور وصغر حجم المظلة المناسب لعرض الطريق.,500.0,22.06,10.07,11.99
KED-ROAD-04207,شارع 4,residential,1,Casuarina,كازوارينا,نوع طريق ضيق/سكني (residential) — تم اختيار كازوارينا (Casuarina) لانخفاض مخاطر الجذور وصغر حجم المظلة المناسب لعرض الطريق.,500.0,23.69,11.7,11.99
KED-ROAD-01873,شارع محمد رفاعى,residential,1,Casuarina,كازوارينا,نوع طريق ضيق/سكني (residential) — تم اختيار كازوارينا (Casuarina) لانخفاض مخاطر الجذور وصغر حجم المظلة المناسب لعرض الطريق.,500.0,24.99,13.01,11.99
KED-ROAD-01872,شارع محمد رفاعى,residential,1,Casuarina,كازوارينا,نوع طريق ضيق/سكني (residential) — تم اختيار كازوارينا (Casuarina) لانخفاض مخاطر الجذور وصغر حجم المظلة المناسب لعرض الطريق.,500.0,24.99,13.01,11.99
KED-ROAD-01925,شارع الزربة,residential,1,Casuarina,كازوارينا,نوع طريق ضيق/سكني (residential) — تم اختيار كازوارينا (Casuarina) لانخفاض مخاطر الجذور وصغر حجم المظلة المناسب لعرض الطريق.,500.0,22.88,10.89,11.99
KED-ROAD-01924,شارع الزربة,residential,1,Casuarina,كازوارينا,نوع طريق ضيق/سكني (residential) — تم اختيار كازوارينا (Casuarina) لانخفاض مخاطر الجذور وصغر حجم المظلة المناسب لعرض الطريق.,500.0,22.88,10.89,11.99
KED-ROAD-01921,شارع صقر,residential,1,Casuarina,كازوارينا,نوع طريق ضيق/سكني (residential) — تم اختيار كازوارينا (Casuarina) لانخفاض مخاطر الجذور وصغر حجم المظلة المناسب لعرض الطريق.,500.0,23.48,11.49,12.0
KED-ROAD-04873,شارع ناتجاس,residential,1,Casuarina,كازوارينا,نوع طريق ضيق/سكني (residential) — تم اختيار كازوارينا (Casuarina) لانخفاض مخاطر الجذور وصغر حجم المظلة المناسب لعرض الطريق.,500.0,23.69,11.7,11.99
KED-ROAD-04872,شارع ناتجاس,residential,1,Casuarina,كازوارينا,نوع طريق ضيق/سكني (residential) — تم اختيار كازوارينا (Casuarina) لانخفاض مخاطر الجذور وصغر حجم المظلة المناسب لعرض الطريق.,500.0,23.69,11.7,11.99
KED-ROAD-00918,شارع خفاجه,residential,1,Casuarina,كازوارينا,نوع طريق ضيق/سكني (residential) — تم اختيار كازوارينا (Casuarina) لانخفاض مخاطر الجذور وصغر حجم المظلة المناسب لعرض الطريق.,500.0,23.49,11.49,11.99
KED-ROAD-00917,شارع خفاجه,residential,1,Casuarina,كازوارينا,نوع طريق ضيق/سكني (residential) — تم اختيار كازوارينا (Casuarina) لانخفاض مخاطر الجذور وصغر حجم المظلة المناسب لعرض الطريق.,500.0,23.49,11.49,11.99
KED-ROAD-01835,شارع المحكمه,residential,1,Casuarina,كازوارينا,نوع طريق ضيق/سكني (residential) — تم اختيار كازوارينا (Casuarina) لانخفاض مخاطر الجذور وصغر حجم المظلة المناسب لعرض الطريق.,500.0,26.01,13.79,12.21
KED-ROAD-01834,شارع المحكمه,residential,1,Casuarina,كازوارينا,نوع طريق ضيق/سكني (residential) — تم اختيار كازوارينا (Casuarina) لانخفاض مخاطر الجذور وصغر حجم المظلة المناسب لعرض الطريق.,500.0,26.01,13.79,12.21
KED-ROAD-01831,شارع لبيب,residential,1,Casuarina,كازوارينا,نوع طريق ضيق/سكني (residential) — تم اختيار كازوارينا (Casuarina) لانخفاض مخاطر الجذور وصغر حجم المظلة المناسب لعرض الطريق.,500.0,25.24,13.25,11.99
KED-ROAD-01830,شارع محمد رفاعى,residential,1,Casuarina,كازوارينا,نوع طريق ضيق/سكني (residential) — تم اختيار كازوارينا (Casuarina) لانخفاض مخاطر الجذور وصغر حجم المظلة المناسب لعرض الطريق.,500.0,24.25,12.26,11.99
KED-ROAD-04258,شارع صقر,residential,1,Casuarina,كازوارينا,نوع طريق ضيق/سكني (residential) — تم اختيار كازوارينا (Casuarina) لانخفاض مخاطر الجذور وصغر حجم المظلة المناسب لعرض الطريق.,500.0,24.9,12.91,11.99
KED-ROAD-04257,شارع صقر,residential,1,Casuarina,كازوارينا,نوع طريق ضيق/سكني (residential) — تم اختيار كازوارينا (Casuarina) لانخفاض مخاطر الجذور وصغر حجم المظلة المناسب لعرض الطريق.,500.0,24.9,12.91,11.99
KED-ROAD-01908,شارع مسجد الهدي الاسلامى,residential,1,Casuarina,كازوارينا,نوع طريق ضيق/سكني (residential) — تم اختيار كازوارينا (Casuarina) لانخفاض مخاطر الجذور وصغر حجم المظلة المناسب لعرض الطريق.,500.0,23.83,11.84,11.99
KED-ROAD-01898,شارع البسطاويسي,residential,1,Casuarina,كازوارينا,نوع طريق ضيق/سكني (residential) — تم اختيار كازوارينا (Casuarina) لانخفاض مخاطر الجذور وصغر حجم المظلة المناسب لعرض الطريق.,500.0,24.73,12.73,11.99
KED-ROAD-01897,شارع البسطاويسي,residential,1,Casuarina,كازوارينا,نوع طريق ضيق/سكني (residential) — تم اختيار كازوارينا (Casuarina) لانخفاض مخاطر الجذور وصغر حجم المظلة المناسب لعرض الطريق.,500.0,24.73,12.73,11.99
KED-ROAD-04206,شارع 4,residential,1,Casuarina,كازوارينا,نوع طريق ضيق/سكني (residential) — تم اختيار كازوارينا (Casuarina) لانخفاض مخاطر الجذور وصغر حجم المظلة المناسب لعرض الطريق.,500.0,24.19,12.2,11.99
KED-ROAD-04205,شارع 4,residential,1,Casuarina,كازوارينا,نوع طريق ضيق/سكني (residential) — تم اختيار كازوارينا (Casuarina) لانخفاض مخاطر الجذور وصغر حجم المظلة المناسب لعرض الطريق.,500.0,24.19,12.2,11.99
KED-ROAD-04193,شارع 4,residential,1,Casuarina,كازوارينا,نوع طريق ضيق/سكني (residential) — تم اختيار كازوارينا (Casuarina) لانخفاض مخاطر الجذور وصغر حجم المظلة المناسب لعرض الطريق.,500.0,25.22,13.23,11.99
KED-ROAD-04192,شارع 4,residential,1,Casuarina,كازوارينا,نوع طريق ضيق/سكني (residential) — تم اختيار كازوارينا (Casuarina) لانخفاض مخاطر الجذور وصغر حجم المظلة المناسب لعرض الطريق.,500.0,25.22,13.23,11.99
KED-ROAD-04905,شارع 4,residential,1,Casuarina,كازوارينا,نوع طريق ضيق/سكني (residential) — تم اختيار كازوارينا (Casuarina) لانخفاض مخاطر الجذور وصغر حجم المظلة المناسب لعرض الطريق.,500.0,23.74,11.75,11.99
KED-ROAD-04904,شارع 4,residential,1,Casuarina,كازوارينا,نوع طريق ضيق/سكني (residential) — تم اختيار كازوارينا (Casuarina) لانخفاض مخاطر الجذور وصغر حجم المظلة المناسب لعرض الطريق.,500.0,23.74,11.75,11.99
KED-ROAD-04891,شارع 2,residential,1,Casuarina,كازوارينا,نوع طريق ضيق/سكني (residential) — تم اختيار كازوارينا (Casuarina) لانخفاض مخاطر الجذور وصغر حجم المظلة المناسب لعرض الطريق.,500.0,23.89,11.9,11.99
KED-ROAD-01854,شارع الاحمر,residential,1,Casuarina,كازوارينا,نوع طريق ضيق/سكني (residential) — تم اختيار كازوارينا (Casuarina) لانخفاض مخاطر الجذور وصغر حجم المظلة المناسب لعرض الطريق.,500.0,23.2,11.21,11.99
KED-ROAD-04224,شارع رياض,residential,1,Casuarina,كازوارينا,نوع طريق ضيق/سكني (residential) — تم اختيار كازوارينا (Casuarina) لانخفاض مخاطر الجذور وصغر حجم المظلة المناسب لعرض الطريق.,500.0,24.1,12.11,11.99
KED-ROAD-04223,شارع رياض,residential,1,Casuarina,كازوارينا,نوع طريق ضيق/سكني (residential) — تم اختيار كازوارينا (Casuarina) لانخفاض مخاطر الجذور وصغر حجم المظلة المناسب لعرض الطريق.,500.0,24.1,12.11,11.99
KED-ROAD-04216,شارع عبد الرازق,residential,1,Casuarina,كازوارينا,نوع طريق ضيق/سكني (residential) — تم اختيار كازوارينا (Casuarina) لانخفاض مخاطر الجذور وصغر حجم المظلة المناسب لعرض الطريق.,500.0,23.05,11.07,11.99
KED-ROAD-04215,شارع عبد الرازق,residential,1,Casuarina,كازوارينا,نوع طريق ضيق/سكني (residential) — تم اختيار كازوارينا (Casuarina) لانخفاض مخاطر الجذور وصغر حجم المظلة المناسب لعرض الطريق.,500.0,23.05,11.07,11.99
KED-ROAD-04208,شارع 4,residential,1,Casuarina,كازوارينا,نوع طريق ضيق/سكني (residential) — تم اختيار كازوارينا (Casuarina) لانخفاض مخاطر الجذور وصغر حجم المظلة المناسب لعرض الطريق.,500.0,23.69,11.7,11.99
KED-ROAD-01952,شارع شتا,residential,1,Casuarina,كازوارينا,نوع طريق ضيق/سكني (residential) — تم اختيار كازوارينا (Casuarina) لانخفاض مخاطر الجذور وصغر حجم المظلة المناسب لعرض الطريق.,500.0,23.41,11.42,11.99
KED-ROAD-01951,شارع شتا,residential,1,Casuarina,كازوارينا,نوع طريق ضيق/سكني (residential) — تم اختيار كازوارينا (Casuarina) لانخفاض مخاطر الجذور وصغر حجم المظلة المناسب لعرض الطريق.,500.0,23.41,11.42,11.99
KED-ROAD-01944,شارع براني,residential,1,Casuarina,كازوارينا,نوع طريق ضيق/سكني (residential) — تم اختيار كازوارينا (Casuarina) لانخفاض مخاطر الجذور وصغر حجم المظلة المناسب لعرض الطريق.,500.0,24.46,12.46,12.0
KED-ROAD-01943,شارع براني,residential,1,Casuarina,كازوارينا,نوع طريق ضيق/سكني (residential) — تم اختيار كازوارينا (Casuarina) لانخفاض مخاطر الجذور وصغر حجم المظلة المناسب لعرض الطريق.,500.0,24.46,12.46,12.0
KED-ROAD-01930,شارع صقر,residential,1,Casuarina,كازوارينا,نوع طريق ضيق/سكني (residential) — تم اختيار كازوارينا (Casuarina) لانخفاض مخاطر الجذور وصغر حجم المظلة المناسب لعرض الطريق.,500.0,23.61,11.61,12.0
KED-ROAD-01929,شارع مسجد الهدي الاسلامى,residential,1,Casuarina,كازوارينا,نوع طريق ضيق/سكني (residential) — تم اختيار كازوارينا (Casuarina) لانخفاض مخاطر الجذور وصغر حجم المظلة المناسب لعرض الطريق.,500.0,23.66,11.68,11.99
KED-ROAD-01928,شارع مسجد الهدي الاسلامى,residential,1,Casuarina,كازوارينا,نوع طريق ضيق/سكني (residential) — تم اختيار كازوارينا (Casuarina) لانخفاض مخاطر الجذور وصغر حجم المظلة المناسب لعرض الطريق.,500.0,23.66,11.68,11.99
KED-ROAD-01969,شارع براني,residential,1,Casuarina,كازوارينا,نوع طريق ضيق/سكني (residential) — تم اختيار كازوارينا (Casuarina) لانخفاض مخاطر الجذور وصغر حجم المظلة المناسب لعرض الطريق.,500.0,23.36,11.36,12.0
KED-ROAD-01968,شارع براني,residential,1,Casuarina,كازوارينا,نوع طريق ضيق/سكني (residential) — تم اختيار كازوارينا (Casuarina) لانخفاض مخاطر الجذور وصغر حجم المظلة المناسب لعرض الطريق.,500.0,23.36,11.36,12.0
KED-ROAD-04922,شارع 2,residential,1,Casuarina,كازوارينا,نوع طريق ضيق/سكني (residential) — تم اختيار كازوارينا (Casuarina) لانخفاض مخاطر الجذور وصغر حجم المظلة المناسب لعرض الطريق.,500.0,22.24,10.26,11.99
KED-ROAD-01920,شارع مسجد النور,residential,1,Casuarina,كازوارينا,نوع طريق ضيق/سكني (residential) — تم اختيار كازوارينا (Casuarina) لانخفاض مخاطر الجذور وصغر حجم المظلة المناسب لعرض الطريق.,500.0,24.46,12.47,11.99
KED-ROAD-01919,شارع مسجد النور,residential,1,Casuarina,كازوارينا,نوع طريق ضيق/سكني (residential) — تم اختيار كازوارينا (Casuarina) لانخفاض مخاطر الجذور وصغر حجم المظلة المناسب لعرض الطريق.,500.0,24.46,12.47,11.99
KED-ROAD-01918,شارع ابو عسل,residential,1,Casuarina,كازوارينا,نوع طريق ضيق/سكني (residential) — تم اختيار كازوارينا (Casuarina) لانخفاض مخاطر الجذور وصغر حجم المظلة المناسب لعرض الطريق.,500.0,25.99,13.99,12.0
KED-ROAD-01917,شارع ابو عسل,residential,1,Casuarina,كازوارينا,نوع طريق ضيق/سكني (residential) — تم اختيار كازوارينا (Casuarina) لانخفاض مخاطر الجذور وصغر حجم المظلة المناسب لعرض الطريق.,500.0,25.99,13.99,12.0
KED-ROAD-01910,شارع صقر,residential,1,Casuarina,كازوارينا,نوع طريق ضيق/سكني (residential) — تم اختيار كازوارينا (Casuarina) لانخفاض مخاطر الجذور وصغر حجم المظلة المناسب لعرض الطريق.,500.0,23.48,11.49,12.0
KED-ROAD-01909,شارع مسجد الهدي الاسلامى,residential,1,Casuarina,كازوارينا,نوع طريق ضيق/سكني (residential) — تم اختيار كازوارينا (Casuarina) لانخفاض مخاطر الجذور وصغر حجم المظلة المناسب لعرض الطريق.,500.0,23.83,11.84,11.99
KED-ROAD-01963,شارع فوزي شعيب,residential,1,Casuarina,كازوارينا,نوع طريق ضيق/سكني (residential) — تم اختيار كازوارينا (Casuarina) لانخفاض مخاطر الجذور وصغر حجم المظلة المناسب لعرض الطريق.,500.0,22.9,10.91,12.0
KED-ROAD-01962,شارع فوزي شعيب,residential,1,Casuarina,كازوارينا,نوع طريق ضيق/سكني (residential) — تم اختيار كازوارينا (Casuarina) لانخفاض مخاطر الجذور وصغر حجم المظلة المناسب لعرض الطريق.,500.0,22.9,10.91,12.0
KED-ROAD-01961,شارع صقر,residential,1,Casuarina,كازوارينا,نوع طريق ضيق/سكني (residential) — تم اختيار كازوارينا (Casuarina) لانخفاض مخاطر الجذور وصغر حجم المظلة المناسب لعرض الطريق.,500.0,23.61,11.61,12.0
KED-ROAD-01958,شارع مسجد النور,residential,1,Casuarina,كازوارينا,نوع طريق ضيق/سكني (residential) — تم اختيار كازوارينا (Casuarina) لانخفاض مخاطر الجذور وصغر حجم المظلة المناسب لعرض الطريق.,500.0,22.96,10.97,11.99
KED-ROAD-01957,شارع مسجد النور,residential,1,Casuarina,كازوارينا,نوع طريق ضيق/سكني (residential) — تم اختيار كازوارينا (Casuarina) لانخفاض مخاطر الجذور وصغر حجم المظلة المناسب لعرض الطريق.,500.0,22.96,10.97,11.99
KED-ROAD-04170,شارع البنا,residential,1,Casuarina,كازوارينا,نوع طريق ضيق/سكني (residential) — تم اختيار كازوارينا (Casuarina) لانخفاض مخاطر الجذور وصغر حجم المظلة المناسب لعرض الطريق.,500.0,23.46,11.48,11.99
KED-ROAD-04169,شارع البنا,residential,1,Casuarina,كازوارينا,نوع طريق ضيق/سكني (residential) — تم اختيار كازوارينا (Casuarina) لانخفاض مخاطر الجذور وصغر حجم المظلة المناسب لعرض الطريق.,500.0,23.46,11.48,11.99
KED-ROAD-04166,شارع 4,residential,1,Casuarina,كازوارينا,نوع طريق ضيق/سكني (residential) — تم اختيار كازوارينا (Casuarina) لانخفاض مخاطر الجذور وصغر حجم المظلة المناسب لعرض الطريق.,500.0,23.17,11.18,11.99
KED-ROAD-04155,شارع 4,residential,1,Casuarina,كازوارينا,نوع طريق ضيق/سكني (residential) — تم اختيار كازوارينا (Casuarina) لانخفاض مخاطر الجذور وصغر حجم المظلة المناسب لعرض الطريق.,500.0,23.17,11.18,11.99
KED-ROAD-00794,شارع الشاذلى,residential,1,Casuarina,كازوارينا,نوع طريق ضيق/سكني (residential) — تم اختيار كازوارينا (Casuarina) لانخفاض مخاطر الجذور وصغر حجم المظلة المناسب لعرض الطريق.,500.0,23.93,11.94,11.99
KED-ROAD-00793,شارع الشاذلى,residential,1,Casuarina,كازوارينا,نوع طريق ضيق/سكني (residential) — تم اختيار كازوارينا (Casuarina) لانخفاض مخاطر الجذور وصغر حجم المظلة المناسب لعرض الطريق.,500.0,23.93,11.94,11.99
KED-ROAD-00835,شارع الجمهوريه,residential,1,Casuarina,كازوارينا,نوع طريق ضيق/سكني (residential) — تم اختيار كازوارينا (Casuarina) لانخفاض مخاطر الجذور وصغر حجم المظلة المناسب لعرض الطريق.,500.0,22.7,10.7,11.99
KED-ROAD-00834,شارع الجمهوريه,residential,1,Casuarina,كازوارينا,نوع طريق ضيق/سكني (residential) — تم اختيار كازوارينا (Casuarina) لانخفاض مخاطر الجذور وصغر حجم المظلة المناسب لعرض الطريق.,500.0,22.7,10.7,11.99
KED-ROAD-04923,شارع 2,residential,1,Casuarina,كازوارينا,نوع طريق ضيق/سكني (residential) — تم اختيار كازوارينا (Casuarina) لانخفاض مخاطر الجذور وصغر حجم المظلة المناسب لعرض الطريق.,500.0,22.24,10.26,11.99
KED-ROAD-04185,شارع 4,residential,1,Casuarina,كازوارينا,نوع طريق ضيق/سكني (residential) — تم اختيار كازوارينا (Casuarina) لانخفاض مخاطر الجذور وصغر حجم المظلة المناسب لعرض الطريق.,500.0,25.24,13.25,11.99
KED-ROAD-04175,شارع 4,residential,1,Casuarina,كازوارينا,نوع طريق ضيق/سكني (residential) — تم اختيار كازوارينا (Casuarina) لانخفاض مخاطر الجذور وصغر حجم المظلة المناسب لعرض الطريق.,500.0,25.24,13.25,11.99
KED-ROAD-04138,شارع السيد البحيري,residential,1,Casuarina,كازوارينا,نوع طريق ضيق/سكني (residential) — تم اختيار كازوارينا (Casuarina) لانخفاض مخاطر الجذور وصغر حجم المظلة المناسب لعرض الطريق.,500.0,22.14,10.15,11.99
KED-ROAD-04137,شارع السيد البحيري,residential,1,Casuarina,كازوارينا,نوع طريق ضيق/سكني (residential) — تم اختيار كازوارينا (Casuarina) لانخفاض مخاطر الجذور وصغر حجم المظلة المناسب لعرض الطريق.,500.0,22.14,10.15,11.99
KED-ROAD-04134,شارع البنا,residential,1,Casuarina,كازوارينا,نوع طريق ضيق/سكني (residential) — تم اختيار كازوارينا (Casuarina) لانخفاض مخاطر الجذور وصغر حجم المظلة المناسب لعرض الطريق.,500.0,24.55,12.57,11.99
KED-ROAD-04133,شارع البنا,residential,1,Casuarina,كازوارينا,نوع طريق ضيق/سكني (residential) — تم اختيار كازوارينا (Casuarina) لانخفاض مخاطر الجذور وصغر حجم المظلة المناسب لعرض الطريق.,500.0,24.55,12.57,11.99
KED-ROAD-01992,شارع صقر,residential,1,Casuarina,كازوارينا,نوع طريق ضيق/سكني (residential) — تم اختيار كازوارينا (Casuarina) لانخفاض مخاطر الجذور وصغر حجم المظلة المناسب لعرض الطريق.,500.0,22.33,10.34,12.0
KED-ROAD-01986,شارع شتا,residential,1,Casuarina,كازوارينا,نوع طريق ضيق/سكني (residential) — تم اختيار كازوارينا (Casuarina) لانخفاض مخاطر الجذور وصغر حجم المظلة المناسب لعرض الطريق.,500.0,23.18,11.19,11.99
KED-ROAD-01985,شارع شتا,residential,1,Casuarina,كازوارينا,نوع طريق ضيق/سكني (residential) — تم اختيار كازوارينا (Casuarina) لانخفاض مخاطر الجذور وصغر حجم المظلة المناسب لعرض الطريق.,500.0,23.18,11.19,11.99
KED-ROAD-04956,شارع حافظ ابراهيم,residential,1,Casuarina,كازوارينا,نوع طريق ضيق/سكني (residential) — تم اختيار كازوارينا (Casuarina) لانخفاض مخاطر الجذور وصغر حجم المظلة المناسب لعرض الطريق.,500.0,23.22,11.22,12.0
KED-ROAD-04955,شارع حافظ ابراهيم,residential,1,Casuarina,كازوارينا,نوع طريق ضيق/سكني (residential) — تم اختيار كازوارينا (Casuarina) لانخفاض مخاطر الجذور وصغر حجم المظلة المناسب لعرض الطريق.,500.0,23.22,11.22,12.0
KED-ROAD-04952,شارع حافظ ابراهيم,residential,1,Casuarina,كازوارينا,نوع طريق ضيق/سكني (residential) — تم اختيار كازوارينا (Casuarina) لانخفاض مخاطر الجذور وصغر حجم المظلة المناسب لعرض الطريق.,500.0,22.04,10.04,12.0
KED-ROAD-04951,شارع حافظ ابراهيم,residential,1,Casuarina,كازوارينا,نوع طريق ضيق/سكني (residential) — تم اختيار كازوارينا (Casuarina) لانخفاض مخاطر الجذور وصغر حجم المظلة المناسب لعرض الطريق.,500.0,22.04,10.04,12.0
KED-ROAD-04950,شارع ابو العلاء المعري,residential,1,Casuarina,كازوارينا,نوع طريق ضيق/سكني (residential) — تم اختيار كازوارينا (Casuarina) لانخفاض مخاطر الجذور وصغر حجم المظلة المناسب لعرض الطريق.,500.0,22.29,10.3,12.0
KED-ROAD-04949,شارع ابو العلاء المعري,residential,1,Casuarina,كازوارينا,نوع طريق ضيق/سكني (residential) — تم اختيار كازوارينا (Casuarina) لانخفاض مخاطر الجذور وصغر حجم المظلة المناسب لعرض الطريق.,500.0,22.29,10.3,12.0
KED-ROAD-04942,شارع عمر بن عبد العزيز,residential,1,Casuarina,كازوارينا,نوع طريق ضيق/سكني (residential) — تم اختيار كازوارينا (Casuarina) لانخفاض مخاطر الجذور وصغر حجم المظلة المناسب لعرض الطريق.,500.0,22.57,10.58,11.99
KED-ROAD-01967,شارع الزربة,residential,1,Casuarina,كازوارينا,نوع طريق ضيق/سكني (residential) — تم اختيار كازوارينا (Casuarina) لانخفاض مخاطر الجذور وصغر حجم المظلة المناسب لعرض الطريق.,500.0,23.51,11.52,11.99
KED-ROAD-01966,شارع الزربة,residential,1,Casuarina,كازوارينا,نوع طريق ضيق/سكني (residential) — تم اختيار كازوارينا (Casuarina) لانخفاض مخاطر الجذور وصغر حجم المظلة المناسب لعرض الطريق.,500.0,23.51,11.52,11.99
KED-ROAD-04066,شارع الزربة,residential,1,Casuarina,كازوارينا,نوع طريق ضيق/سكني (residential) — تم اختيار كازوارينا (Casuarina) لانخفاض مخاطر الجذور وصغر حجم المظلة المناسب لعرض الطريق.,500.0,22.15,10.16,11.99
KED-ROAD-04061,شارع مسجد النور,residential,1,Casuarina,كازوارينا,نوع طريق ضيق/سكني (residential) — تم اختيار كازوارينا (Casuarina) لانخفاض مخاطر الجذور وصغر حجم المظلة المناسب لعرض الطريق.,500.0,22.27,10.28,11.99
KED-ROAD-04060,شارع مسجد النور,residential,1,Casuarina,كازوارينا,نوع طريق ضيق/سكني (residential) — تم اختيار كازوارينا (Casuarina) لانخفاض مخاطر الجذور وصغر حجم المظلة المناسب لعرض الطريق.,500.0,22.27,10.28,11.99
KED-ROAD-01976,شارع مسجد الهدي الاسلامى,residential,1,Casuarina,كازوارينا,نوع طريق ضيق/سكني (residential) — تم اختيار كازوارينا (Casuarina) لانخفاض مخاطر الجذور وصغر حجم المظلة المناسب لعرض الطريق.,500.0,22.43,10.44,11.99
KED-ROAD-01975,شارع مسجد الهدي الاسلامى,residential,1,Casuarina,كازوارينا,نوع طريق ضيق/سكني (residential) — تم اختيار كازوارينا (Casuarina) لانخفاض مخاطر الجذور وصغر حجم المظلة المناسب لعرض الطريق.,500.0,22.43,10.44,11.99
KED-ROAD-04118,شارع 10,residential,1,Casuarina,كازوارينا,نوع طريق ضيق/سكني (residential) — تم اختيار كازوارينا (Casuarina) لانخفاض مخاطر الجذور وصغر حجم المظلة المناسب لعرض الطريق.,500.0,23.62,11.63,11.99
KED-ROAD-04117,شارع 10,residential,1,Casuarina,كازوارينا,نوع طريق ضيق/سكني (residential) — تم اختيار كازوارينا (Casuarina) لانخفاض مخاطر الجذور وصغر حجم المظلة المناسب لعرض الطريق.,500.0,23.62,11.63,11.99
KED-ROAD-04116,شارع محمد رفاعى,residential,1,Casuarina,كازوارينا,نوع طريق ضيق/سكني (residential) — تم اختيار كازوارينا (Casuarina) لانخفاض مخاطر الجذور وصغر حجم المظلة المناسب لعرض الطريق.,500.0,23.62,11.63,11.99
KED-ROAD-04107,شارع صقر,residential,1,Casuarina,كازوارينا,نوع طريق ضيق/سكني (residential) — تم اختيار كازوارينا (Casuarina) لانخفاض مخاطر الجذور وصغر حجم المظلة المناسب لعرض الطريق.,500.0,22.27,10.28,12.0
KED-ROAD-04106,شارع صقر,residential,1,Casuarina,كازوارينا,نوع طريق ضيق/سكني (residential) — تم اختيار كازوارينا (Casuarina) لانخفاض مخاطر الجذور وصغر حجم المظلة المناسب لعرض الطريق.,500.0,22.27,10.28,12.0
KED-ROAD-04087,شارع حواش,residential,1,Casuarina,كازوارينا,نوع طريق ضيق/سكني (residential) — تم اختيار كازوارينا (Casuarina) لانخفاض مخاطر الجذور وصغر حجم المظلة المناسب لعرض الطريق.,500.0,23.24,11.25,11.99
KED-ROAD-02000,شارع براني,residential,1,Casuarina,كازوارينا,نوع طريق ضيق/سكني (residential) — تم اختيار كازوارينا (Casuarina) لانخفاض مخاطر الجذور وصغر حجم المظلة المناسب لعرض الطريق.,500.0,22.09,10.1,12.0
KED-ROAD-01997,شارع الزربة,residential,1,Casuarina,كازوارينا,نوع طريق ضيق/سكني (residential) — تم اختيار كازوارينا (Casuarina) لانخفاض مخاطر الجذور وصغر حجم المظلة المناسب لعرض الطريق.,500.0,22.16,10.16,11.99
KED-ROAD-01996,شارع الزربة,residential,1,Casuarina,كازوارينا,نوع طريق ضيق/سكني (residential) — تم اختيار كازوارينا (Casuarina) لانخفاض مخاطر الجذور وصغر حجم المظلة المناسب لعرض الطريق.,500.0,22.16,10.16,11.99
KED-ROAD-04150,شارع 10,residential,1,Casuarina,كازوارينا,نوع طريق ضيق/سكني (residential) — تم اختيار كازوارينا (Casuarina) لانخفاض مخاطر الجذور وصغر حجم المظلة المناسب لعرض الطريق.,500.0,25.57,13.59,11.99
KED-ROAD-04149,شارع 10,residential,1,Casuarina,كازوارينا,نوع طريق ضيق/سكني (residential) — تم اختيار كازوارينا (Casuarina) لانخفاض مخاطر الجذور وصغر حجم المظلة المناسب لعرض الطريق.,500.0,25.57,13.59,11.99
KED-ROAD-02062,"طريق كفر الدوار, ابو المطامير",secondary,1,Neem,نيم,نوع طريق رئيسي/متوسط (secondary) — تم اختيار نيم (Neem) لأعلى توافق موثّق (تحمل حراري مرتفع، احتياج مائي منخفض، ملاءمة عالية للطرق).,500.0,26.29,14.3,11.99
KED-ROAD-02061,"طريق كفر الدوار, ابو المطامير",secondary,1,Neem,نيم,نوع طريق رئيسي/متوسط (secondary) — تم اختيار نيم (Neem) لأعلى توافق موثّق (تحمل حراري مرتفع، احتياج مائي منخفض، ملاءمة عالية للطرق).,500.0,26.29,14.3,11.99
KED-ROAD-02054,"طريق كفر الدوار, ابو المطامير",secondary,1,Neem,نيم,نوع طريق رئيسي/متوسط (secondary) — تم اختيار نيم (Neem) لأعلى توافق موثّق (تحمل حراري مرتفع، احتياج مائي منخفض، ملاءمة عالية للطرق).,500.0,24.44,12.45,11.99
KED-ROAD-02053,"طريق كفر الدوار, ابو المطامير",secondary,1,Neem,نيم,نوع طريق رئيسي/متوسط (secondary) — تم اختيار نيم (Neem) لأعلى توافق موثّق (تحمل حراري مرتفع، احتياج مائي منخفض، ملاءمة عالية للطرق).,500.0,24.44,12.45,11.99
KED-ROAD-05019,شارع مساكن المجلس,residential,1,Casuarina,كازوارينا,نوع طريق ضيق/سكني (residential) — تم اختيار كازوارينا (Casuarina) لانخفاض مخاطر الجذور وصغر حجم المظلة المناسب لعرض الطريق.,500.0,22.32,10.33,11.99
KED-ROAD-05018,شارع مساكن المجلس,residential,1,Casuarina,كازوارينا,نوع طريق ضيق/سكني (residential) — تم اختيار كازوارينا (Casuarina) لانخفاض مخاطر الجذور وصغر حجم المظلة المناسب لعرض الطريق.,500.0,22.32,10.33,11.99
KED-ROAD-01995,شارع حميده,residential,1,Casuarina,كازوارينا,نوع طريق ضيق/سكني (residential) — تم اختيار كازوارينا (Casuarina) لانخفاض مخاطر الجذور وصغر حجم المظلة المناسب لعرض الطريق.,500.0,23.1,11.11,12.0
KED-ROAD-01994,شارع حميده,residential,1,Casuarina,كازوارينا,نوع طريق ضيق/سكني (residential) — تم اختيار كازوارينا (Casuarina) لانخفاض مخاطر الجذور وصغر حجم المظلة المناسب لعرض الطريق.,500.0,23.1,11.11,12.0
KED-ROAD-01993,شارع صقر,residential,1,Casuarina,كازوارينا,نوع طريق ضيق/سكني (residential) — تم اختيار كازوارينا (Casuarina) لانخفاض مخاطر الجذور وصغر حجم المظلة المناسب لعرض الطريق.,500.0,22.33,10.34,12.0
KED-ROAD-04086,شارع حواش,residential,1,Casuarina,كازوارينا,نوع طريق ضيق/سكني (residential) — تم اختيار كازوارينا (Casuarina) لانخفاض مخاطر الجذور وصغر حجم المظلة المناسب لعرض الطريق.,500.0,23.24,11.25,11.99
KED-ROAD-04085,شارع رياض,residential,1,Casuarina,كازوارينا,نوع طريق ضيق/سكني (residential) — تم اختيار كازوارينا (Casuarina) لانخفاض مخاطر الجذور وصغر حجم المظلة المناسب لعرض الطريق.,500.0,22.39,10.39,11.99
KED-ROAD-04084,شارع رياض,residential,1,Casuarina,كازوارينا,نوع طريق ضيق/سكني (residential) — تم اختيار كازوارينا (Casuarina) لانخفاض مخاطر الجذور وصغر حجم المظلة المناسب لعرض الطريق.,500.0,22.39,10.39,11.99
KED-ROAD-04081,شارع عبد الرازق,residential,1,Casuarina,كازوارينا,نوع طريق ضيق/سكني (residential) — تم اختيار كازوارينا (Casuarina) لانخفاض مخاطر الجذور وصغر حجم المظلة المناسب لعرض الطريق.,500.0,22.6,10.62,11.99
KED-ROAD-04080,شارع عبد الرازق,residential,1,Casuarina,كازوارينا,نوع طريق ضيق/سكني (residential) — تم اختيار كازوارينا (Casuarina) لانخفاض مخاطر الجذور وصغر حجم المظلة المناسب لعرض الطريق.,500.0,22.6,10.62,11.99
KED-ROAD-04070,شارع مهران,residential,1,Casuarina,كازوارينا,نوع طريق ضيق/سكني (residential) — تم اختيار كازوارينا (Casuarina) لانخفاض مخاطر الجذور وصغر حجم المظلة المناسب لعرض الطريق.,500.0,23.57,11.58,12.0
KED-ROAD-04069,شارع مهران,residential,1,Casuarina,كازوارينا,نوع طريق ضيق/سكني (residential) — تم اختيار كازوارينا (Casuarina) لانخفاض مخاطر الجذور وصغر حجم المظلة المناسب لعرض الطريق.,500.0,23.57,11.58,12.0
KED-ROAD-02081,"طريق كفر الدوار, ابو المطامير",secondary,1,Neem,نيم,نوع طريق رئيسي/متوسط (secondary) — تم اختيار نيم (Neem) لأعلى توافق موثّق (تحمل حراري مرتفع، احتياج مائي منخفض، ملاءمة عالية للطرق).,500.0,25.81,13.82,11.99
KED-ROAD-02078,شارع سعد رخا,residential,1,Casuarina,كازوارينا,نوع طريق ضيق/سكني (residential) — تم اختيار كازوارينا (Casuarina) لانخفاض مخاطر الجذور وصغر حجم المظلة المناسب لعرض الطريق.,500.0,24.96,12.97,11.99
KED-ROAD-02077,شارع سعد رخا,residential,1,Casuarina,كازوارينا,نوع طريق ضيق/سكني (residential) — تم اختيار كازوارينا (Casuarina) لانخفاض مخاطر الجذور وصغر حجم المظلة المناسب لعرض الطريق.,500.0,24.96,12.97,11.99
KED-ROAD-04017,شارع مسجد النور,residential,1,Casuarina,كازوارينا,نوع طريق ضيق/سكني (residential) — تم اختيار كازوارينا (Casuarina) لانخفاض مخاطر الجذور وصغر حجم المظلة المناسب لعرض الطريق.,500.0,24.31,12.32,11.99
KED-ROAD-04016,شارع مسجد النور,residential,1,Casuarina,كازوارينا,نوع طريق ضيق/سكني (residential) — تم اختيار كازوارينا (Casuarina) لانخفاض مخاطر الجذور وصغر حجم المظلة المناسب لعرض الطريق.,500.0,24.31,12.32,11.99
KED-ROAD-04015,شارع بورسعيد,secondary,1,Neem,نيم,نوع طريق رئيسي/متوسط (secondary) — تم اختيار نيم (Neem) لأعلى توافق موثّق (تحمل حراري مرتفع، احتياج مائي منخفض، ملاءمة عالية للطرق).,500.0,27.52,15.53,11.99
KED-ROAD-02108,طريق ترعه السعرانية,secondary,1,Neem,نيم,نوع طريق رئيسي/متوسط (secondary) — تم اختيار نيم (Neem) لأعلى توافق موثّق (تحمل حراري مرتفع، احتياج مائي منخفض، ملاءمة عالية للطرق).,500.0,22.68,10.7,11.99
KED-ROAD-02107,طريق ترعه السعرانية,secondary,1,Neem,نيم,نوع طريق رئيسي/متوسط (secondary) — تم اختيار نيم (Neem) لأعلى توافق موثّق (تحمل حراري مرتفع، احتياج مائي منخفض، ملاءمة عالية للطرق).,500.0,22.68,10.7,11.99
KED-ROAD-00704,حارة نهضة مصر,residential,1,Casuarina,كازوارينا,نوع طريق ضيق/سكني (residential) — تم اختيار كازوارينا (Casuarina) لانخفاض مخاطر الجذور وصغر حجم المظلة المناسب لعرض الطريق.,500.0,22.68,10.69,11.99
KED-ROAD-00703,حارة نهضة مصر,residential,1,Casuarina,كازوارينا,نوع طريق ضيق/سكني (residential) — تم اختيار كازوارينا (Casuarina) لانخفاض مخاطر الجذور وصغر حجم المظلة المناسب لعرض الطريق.,500.0,22.68,10.69,11.99
KED-ROAD-00720,شارع التراث,residential,1,Casuarina,كازوارينا,نوع طريق ضيق/سكني (residential) — تم اختيار كازوارينا (Casuarina) لانخفاض مخاطر الجذور وصغر حجم المظلة المناسب لعرض الطريق.,500.0,23.2,11.2,12.0
KED-ROAD-00719,شارع التراث,residential,1,Casuarina,كازوارينا,نوع طريق ضيق/سكني (residential) — تم اختيار كازوارينا (Casuarina) لانخفاض مخاطر الجذور وصغر حجم المظلة المناسب لعرض الطريق.,500.0,23.2,11.2,12.0
KED-ROAD-04035,شارع الزربة,residential,1,Casuarina,كازوارينا,نوع طريق ضيق/سكني (residential) — تم اختيار كازوارينا (Casuarina) لانخفاض مخاطر الجذور وصغر حجم المظلة المناسب لعرض الطريق.,500.0,22.15,10.16,11.99
KED-ROAD-04026,شارع براني,residential,1,Casuarina,كازوارينا,نوع طريق ضيق/سكني (residential) — تم اختيار كازوارينا (Casuarina) لانخفاض مخاطر الجذور وصغر حجم المظلة المناسب لعرض الطريق.,500.0,22.09,10.1,12.0
KED-ROAD-04023,شارع شتا,residential,1,Casuarina,كازوارينا,نوع طريق ضيق/سكني (residential) — تم اختيار كازوارينا (Casuarina) لانخفاض مخاطر الجذور وصغر حجم المظلة المناسب لعرض الطريق.,500.0,22.14,10.15,11.99
KED-ROAD-04022,شارع شتا,residential,1,Casuarina,كازوارينا,نوع طريق ضيق/سكني (residential) — تم اختيار كازوارينا (Casuarina) لانخفاض مخاطر الجذور وصغر حجم المظلة المناسب لعرض الطريق.,500.0,22.14,10.15,11.99
KED-ROAD-03995,شارع محمد رفاعى,residential,1,Casuarina,كازوارينا,نوع طريق ضيق/سكني (residential) — تم اختيار كازوارينا (Casuarina) لانخفاض مخاطر الجذور وصغر حجم المظلة المناسب لعرض الطريق.,500.0,23.62,11.63,11.99
KED-ROAD-03986,شارع الشيخ,residential,1,Casuarina,كازوارينا,نوع طريق ضيق/سكني (residential) — تم اختيار كازوارينا (Casuarina) لانخفاض مخاطر الجذور وصغر حجم المظلة المناسب لعرض الطريق.,500.0,25.37,13.38,12.0
KED-ROAD-03985,شارع السيد البحيري,residential,1,Casuarina,كازوارينا,نوع طريق ضيق/سكني (residential) — تم اختيار كازوارينا (Casuarina) لانخفاض مخاطر الجذور وصغر حجم المظلة المناسب لعرض الطريق.,500.0,24.43,12.44,12.0
KED-ROAD-03984,شارع السيد البحيري,residential,1,Casuarina,كازوارينا,نوع طريق ضيق/سكني (residential) — تم اختيار كازوارينا (Casuarina) لانخفاض مخاطر الجذور وصغر حجم المظلة المناسب لعرض الطريق.,500.0,24.43,12.44,12.0
KED-ROAD-03982,شارع السيد البحيري,residential,1,Casuarina,كازوارينا,نوع طريق ضيق/سكني (residential) — تم اختيار كازوارينا (Casuarina) لانخفاض مخاطر الجذور وصغر حجم المظلة المناسب لعرض الطريق.,500.0,24.96,12.97,11.99
KED-ROAD-03981,شارع السيد البحيري,residential,1,Casuarina,كازوارينا,نوع طريق ضيق/سكني (residential) — تم اختيار كازوارينا (Casuarina) لانخفاض مخاطر الجذور وصغر حجم المظلة المناسب لعرض الطريق.,500.0,24.96,12.97,11.99
KED-ROAD-02198,شارع ابو العزايم,residential,1,Casuarina,كازوارينا,نوع طريق ضيق/سكني (residential) — تم اختيار كازوارينا (Casuarina) لانخفاض مخاطر الجذور وصغر حجم المظلة المناسب لعرض الطريق.,500.0,22.14,10.16,11.99
KED-ROAD-02200,شارع الخطيب,residential,1,Casuarina,كازوارينا,نوع طريق ضيق/سكني (residential) — تم اختيار كازوارينا (Casuarina) لانخفاض مخاطر الجذور وصغر حجم المظلة المناسب لعرض الطريق.,500.0,23.94,11.95,11.99
KED-ROAD-02199,شارع ابو العزايم,residential,1,Casuarina,كازوارينا,نوع طريق ضيق/سكني (residential) — تم اختيار كازوارينا (Casuarina) لانخفاض مخاطر الجذور وصغر حجم المظلة المناسب لعرض الطريق.,500.0,22.14,10.16,11.99
KED-ROAD-00640,شارع إسماعيل شحاتة,residential,1,Casuarina,كازوارينا,نوع طريق ضيق/سكني (residential) — تم اختيار كازوارينا (Casuarina) لانخفاض مخاطر الجذور وصغر حجم المظلة المناسب لعرض الطريق.,500.0,23.3,11.31,11.99
KED-ROAD-05061,الطريق الدولي,tertiary,1,Neem,نيم,نوع طريق رئيسي/متوسط (tertiary) — تم اختيار نيم (Neem) لأعلى توافق موثّق (تحمل حراري مرتفع، احتياج مائي منخفض، ملاءمة عالية للطرق).,500.0,24.96,12.97,11.99
KED-ROAD-00672,حارة ذكى مبارك,residential,1,Casuarina,كازوارينا,نوع طريق ضيق/سكني (residential) — تم اختيار كازوارينا (Casuarina) لانخفاض مخاطر الجذور وصغر حجم المظلة المناسب لعرض الطريق.,500.0,24.73,12.74,11.99
KED-ROAD-00671,حارة ذكى مبارك,residential,1,Casuarina,كازوارينا,نوع طريق ضيق/سكني (residential) — تم اختيار كازوارينا (Casuarina) لانخفاض مخاطر الجذور وصغر حجم المظلة المناسب لعرض الطريق.,500.0,24.73,12.74,11.99
KED-ROAD-02092,"طريق كفر الدوار, ابو المطامير",secondary,1,Neem,نيم,نوع طريق رئيسي/متوسط (secondary) — تم اختيار نيم (Neem) لأعلى توافق موثّق (تحمل حراري مرتفع، احتياج مائي منخفض، ملاءمة عالية للطرق).,500.0,23.43,11.44,11.99
KED-ROAD-02091,"طريق كفر الدوار, ابو المطامير",secondary,1,Neem,نيم,نوع طريق رئيسي/متوسط (secondary) — تم اختيار نيم (Neem) لأعلى توافق موثّق (تحمل حراري مرتفع، احتياج مائي منخفض، ملاءمة عالية للطرق).,500.0,23.43,11.44,11.99
KED-ROAD-02082,"طريق كفر الدوار, ابو المطامير",secondary,1,Neem,نيم,نوع طريق رئيسي/متوسط (secondary) — تم اختيار نيم (Neem) لأعلى توافق موثّق (تحمل حراري مرتفع، احتياج مائي منخفض، ملاءمة عالية للطرق).,500.0,25.81,13.82,11.99
KED-ROAD-00591,شارع عثمان بن عفان,residential,1,Casuarina,كازوارينا,نوع طريق ضيق/سكني (residential) — تم اختيار كازوارينا (Casuarina) لانخفاض مخاطر الجذور وصغر حجم المظلة المناسب لعرض الطريق.,500.0,25.25,13.25,12.0
KED-ROAD-00582,زقاق الشهيد احمد المنسى,residential,1,Casuarina,كازوارينا,نوع طريق ضيق/سكني (residential) — تم اختيار كازوارينا (Casuarina) لانخفاض مخاطر الجذور وصغر حجم المظلة المناسب لعرض الطريق.,500.0,23.96,11.97,11.99
KED-ROAD-00581,زقاق الشهيد احمد المنسى,residential,1,Casuarina,كازوارينا,نوع طريق ضيق/سكني (residential) — تم اختيار كازوارينا (Casuarina) لانخفاض مخاطر الجذور وصغر حجم المظلة المناسب لعرض الطريق.,500.0,23.96,11.97,11.99
KED-ROAD-03965,شارع الشيخ,residential,1,Casuarina,كازوارينا,نوع طريق ضيق/سكني (residential) — تم اختيار كازوارينا (Casuarina) لانخفاض مخاطر الجذور وصغر حجم المظلة المناسب لعرض الطريق.,500.0,25.37,13.38,12.0
KED-ROAD-03958,شارع محمد رفاعى,residential,1,Casuarina,كازوارينا,نوع طريق ضيق/سكني (residential) — تم اختيار كازوارينا (Casuarina) لانخفاض مخاطر الجذور وصغر حجم المظلة المناسب لعرض الطريق.,500.0,24.41,12.42,11.99
KED-ROAD-03957,شارع محمد رفاعى,residential,1,Casuarina,كازوارينا,نوع طريق ضيق/سكني (residential) — تم اختيار كازوارينا (Casuarina) لانخفاض مخاطر الجذور وصغر حجم المظلة المناسب لعرض الطريق.,500.0,24.41,12.42,11.99
KED-ROAD-02266,شارع 8,residential,1,Casuarina,كازوارينا,نوع طريق ضيق/سكني (residential) — تم اختيار كازوارينا (Casuarina) لانخفاض مخاطر الجذور وصغر حجم المظلة المناسب لعرض الطريق.,500.0,25.51,13.52,11.99
KED-ROAD-02265,شارع 8,residential,1,Casuarina,كازوارينا,نوع طريق ضيق/سكني (residential) — تم اختيار كازوارينا (Casuarina) لانخفاض مخاطر الجذور وصغر حجم المظلة المناسب لعرض الطريق.,500.0,25.51,13.52,11.99
KED-ROAD-02250,شارع الخطيب,residential,1,Casuarina,كازوارينا,نوع طريق ضيق/سكني (residential) — تم اختيار كازوارينا (Casuarina) لانخفاض مخاطر الجذور وصغر حجم المظلة المناسب لعرض الطريق.,500.0,22.44,10.44,11.99
KED-ROAD-02249,شارع الجرجاوى,residential,1,Casuarina,كازوارينا,نوع طريق ضيق/سكني (residential) — تم اختيار كازوارينا (Casuarina) لانخفاض مخاطر الجذور وصغر حجم المظلة المناسب لعرض الطريق.,500.0,23.69,11.7,11.99
KED-ROAD-02248,شارع الجرجاوى,residential,1,Casuarina,كازوارينا,نوع طريق ضيق/سكني (residential) — تم اختيار كازوارينا (Casuarina) لانخفاض مخاطر الجذور وصغر حجم المظلة المناسب لعرض الطريق.,500.0,23.69,11.7,11.99
KED-ROAD-05081,الطريق الدولي,tertiary,1,Neem,نيم,نوع طريق رئيسي/متوسط (tertiary) — تم اختيار نيم (Neem) لأعلى توافق موثّق (تحمل حراري مرتفع، احتياج مائي منخفض، ملاءمة عالية للطرق).,500.0,24.55,12.56,11.99
KED-ROAD-00612,شارع الوقار,residential,1,Casuarina,كازوارينا,نوع طريق ضيق/سكني (residential) — تم اختيار كازوارينا (Casuarina) لانخفاض مخاطر الجذور وصغر حجم المظلة المناسب لعرض الطريق.,500.0,24.6,12.61,11.99
KED-ROAD-00611,شارع الوقار,residential,1,Casuarina,كازوارينا,نوع طريق ضيق/سكني (residential) — تم اختيار كازوارينا (Casuarina) لانخفاض مخاطر الجذور وصغر حجم المظلة المناسب لعرض الطريق.,500.0,24.6,12.61,11.99
KED-ROAD-00650,شارع داير البندر,residential,1,Casuarina,كازوارينا,نوع طريق ضيق/سكني (residential) — تم اختيار كازوارينا (Casuarina) لانخفاض مخاطر الجذور وصغر حجم المظلة المناسب لعرض الطريق.,500.0,24.55,12.55,12.0
KED-ROAD-00649,شارع داير البندر,residential,1,Casuarina,كازوارينا,نوع طريق ضيق/سكني (residential) — تم اختيار كازوارينا (Casuarina) لانخفاض مخاطر الجذور وصغر حجم المظلة المناسب لعرض الطريق.,500.0,24.55,12.55,12.0
KED-ROAD-02423,شارع إسماعيل شحاتة,residential,1,Casuarina,كازوارينا,نوع طريق ضيق/سكني (residential) — تم اختيار كازوارينا (Casuarina) لانخفاض مخاطر الجذور وصغر حجم المظلة المناسب لعرض الطريق.,500.0,25.41,13.42,11.99
KED-ROAD-02422,شارع إسماعيل شحاتة,residential,1,Casuarina,كازوارينا,نوع طريق ضيق/سكني (residential) — تم اختيار كازوارينا (Casuarina) لانخفاض مخاطر الجذور وصغر حجم المظلة المناسب لعرض الطريق.,500.0,25.41,13.42,11.99
KED-ROAD-02439,شارع نجم,residential,1,Casuarina,كازوارينا,نوع طريق ضيق/سكني (residential) — تم اختيار كازوارينا (Casuarina) لانخفاض مخاطر الجذور وصغر حجم المظلة المناسب لعرض الطريق.,500.0,24.45,12.47,11.99
KED-ROAD-03944,شارع السجينى,residential,1,Casuarina,كازوارينا,نوع طريق ضيق/سكني (residential) — تم اختيار كازوارينا (Casuarina) لانخفاض مخاطر الجذور وصغر حجم المظلة المناسب لعرض الطريق.,500.0,25.05,13.06,11.99
KED-ROAD-03943,شارع السجينى,residential,1,Casuarina,كازوارينا,نوع طريق ضيق/سكني (residential) — تم اختيار كازوارينا (Casuarina) لانخفاض مخاطر الجذور وصغر حجم المظلة المناسب لعرض الطريق.,500.0,25.05,13.06,11.99
KED-ROAD-03936,شارع محمد رفاعى,residential,1,Casuarina,كازوارينا,نوع طريق ضيق/سكني (residential) — تم اختيار كازوارينا (Casuarina) لانخفاض مخاطر الجذور وصغر حجم المظلة المناسب لعرض الطريق.,500.0,23.59,11.61,11.99
KED-ROAD-02279,شارع مدخل كفر الدوار,residential,1,Casuarina,كازوارينا,نوع طريق ضيق/سكني (residential) — تم اختيار كازوارينا (Casuarina) لانخفاض مخاطر الجذور وصغر حجم المظلة المناسب لعرض الطريق.,500.0,25.63,13.64,11.99
KED-ROAD-02345,شارع المصرف,residential,1,Casuarina,كازوارينا,نوع طريق ضيق/سكني (residential) — تم اختيار كازوارينا (Casuarina) لانخفاض مخاطر الجذور وصغر حجم المظلة المناسب لعرض الطريق.,500.0,22.26,10.27,11.99
KED-ROAD-02344,شارع المصرف,residential,1,Casuarina,كازوارينا,نوع طريق ضيق/سكني (residential) — تم اختيار كازوارينا (Casuarina) لانخفاض مخاطر الجذور وصغر حجم المظلة المناسب لعرض الطريق.,500.0,22.26,10.27,11.99
KED-ROAD-03925,شارع محمد رفاعى,residential,1,Casuarina,كازوارينا,نوع طريق ضيق/سكني (residential) — تم اختيار كازوارينا (Casuarina) لانخفاض مخاطر الجذور وصغر حجم المظلة المناسب لعرض الطريق.,500.0,23.59,11.61,11.99
KED-ROAD-00509,شارع عبد الله نديم,residential,1,Casuarina,كازوارينا,نوع طريق ضيق/سكني (residential) — تم اختيار كازوارينا (Casuarina) لانخفاض مخاطر الجذور وصغر حجم المظلة المناسب لعرض الطريق.,500.0,22.38,10.39,11.99
KED-ROAD-00508,شارع عبد الله نديم,residential,1,Casuarina,كازوارينا,نوع طريق ضيق/سكني (residential) — تم اختيار كازوارينا (Casuarina) لانخفاض مخاطر الجذور وصغر حجم المظلة المناسب لعرض الطريق.,500.0,22.38,10.39,11.99
KED-ROAD-05122,الطريق الدولي,tertiary,1,Neem,نيم,نوع طريق رئيسي/متوسط (tertiary) — تم اختيار نيم (Neem) لأعلى توافق موثّق (تحمل حراري مرتفع، احتياج مائي منخفض، ملاءمة عالية للطرق).,500.0,24.77,12.78,11.99
KED-ROAD-00550,شارع عثمان بن عفان,residential,1,Casuarina,كازوارينا,نوع طريق ضيق/سكني (residential) — تم اختيار كازوارينا (Casuarina) لانخفاض مخاطر الجذور وصغر حجم المظلة المناسب لعرض الطريق.,500.0,25.25,13.25,12.0
KED-ROAD-00539,شارع عثمان بن عفان,residential,1,Casuarina,كازوارينا,نوع طريق ضيق/سكني (residential) — تم اختيار كازوارينا (Casuarina) لانخفاض مخاطر الجذور وصغر حجم المظلة المناسب لعرض الطريق.,500.0,23.13,11.13,12.0
KED-ROAD-00538,شارع عثمان بن عفان,residential,1,Casuarina,كازوارينا,نوع طريق ضيق/سكني (residential) — تم اختيار كازوارينا (Casuarina) لانخفاض مخاطر الجذور وصغر حجم المظلة المناسب لعرض الطريق.,500.0,23.13,11.13,12.0
KED-ROAD-00502,شارع عبد الله نديم,residential,1,Casuarina,كازوارينا,نوع طريق ضيق/سكني (residential) — تم اختيار كازوارينا (Casuarina) لانخفاض مخاطر الجذور وصغر حجم المظلة المناسب لعرض الطريق.,500.0,24.69,12.7,11.99
KED-ROAD-00501,شارع داير البندر,residential,1,Casuarina,كازوارينا,نوع طريق ضيق/سكني (residential) — تم اختيار كازوارينا (Casuarina) لانخفاض مخاطر الجذور وصغر حجم المظلة المناسب لعرض الطريق.,500.0,25.44,13.44,12.0
KED-ROAD-00489,حارة النجوم,residential,1,Casuarina,كازوارينا,نوع طريق ضيق/سكني (residential) — تم اختيار كازوارينا (Casuarina) لانخفاض مخاطر الجذور وصغر حجم المظلة المناسب لعرض الطريق.,500.0,25.7,13.71,11.99
KED-ROAD-00488,حارة النجوم,residential,1,Casuarina,كازوارينا,نوع طريق ضيق/سكني (residential) — تم اختيار كازوارينا (Casuarina) لانخفاض مخاطر الجذور وصغر حجم المظلة المناسب لعرض الطريق.,500.0,25.7,13.71,11.99
KED-ROAD-00480,شارع داير البندر,residential,1,Casuarina,كازوارينا,نوع طريق ضيق/سكني (residential) — تم اختيار كازوارينا (Casuarina) لانخفاض مخاطر الجذور وصغر حجم المظلة المناسب لعرض الطريق.,500.0,25.44,13.44,12.0
KED-ROAD-05226,شارع مساكن التمليك,residential,1,Casuarina,كازوارينا,نوع طريق ضيق/سكني (residential) — تم اختيار كازوارينا (Casuarina) لانخفاض مخاطر الجذور وصغر حجم المظلة المناسب لعرض الطريق.,500.0,23.31,11.33,11.99
KED-ROAD-05145,شارع بلال بن رباح,tertiary,1,Neem,نيم,نوع طريق رئيسي/متوسط (tertiary) — تم اختيار نيم (Neem) لأعلى توافق موثّق (تحمل حراري مرتفع، احتياج مائي منخفض، ملاءمة عالية للطرق).,500.0,27.18,15.18,11.99
KED-ROAD-05141,شارع مدرسه طلعت حرب,tertiary,1,Neem,نيم,نوع طريق رئيسي/متوسط (tertiary) — تم اختيار نيم (Neem) لأعلى توافق موثّق (تحمل حراري مرتفع، احتياج مائي منخفض، ملاءمة عالية للطرق).,500.0,27.21,15.21,12.0
KED-ROAD-05140,شارع مدرسه طلعت حرب,tertiary,1,Neem,نيم,نوع طريق رئيسي/متوسط (tertiary) — تم اختيار نيم (Neem) لأعلى توافق موثّق (تحمل حراري مرتفع، احتياج مائي منخفض، ملاءمة عالية للطرق).,500.0,27.21,15.21,12.0
KED-ROAD-05139,شارع مدرسه طلعت حرب,tertiary,1,Neem,نيم,نوع طريق رئيسي/متوسط (tertiary) — تم اختيار نيم (Neem) لأعلى توافق موثّق (تحمل حراري مرتفع، احتياج مائي منخفض، ملاءمة عالية للطرق).,500.0,26.08,14.09,12.0
KED-ROAD-05138,شارع مدرسه طلعت حرب,tertiary,1,Neem,نيم,نوع طريق رئيسي/متوسط (tertiary) — تم اختيار نيم (Neem) لأعلى توافق موثّق (تحمل حراري مرتفع، احتياج مائي منخفض، ملاءمة عالية للطرق).,500.0,26.08,14.09,12.0
KED-ROAD-05124,الطريق الدولي,tertiary,1,Neem,نيم,نوع طريق رئيسي/متوسط (tertiary) — تم اختيار نيم (Neem) لأعلى توافق موثّق (تحمل حراري مرتفع، احتياج مائي منخفض، ملاءمة عالية للطرق).,500.0,23.38,11.39,11.99
KED-ROAD-03924,شارع البسطاويسي,residential,1,Casuarina,كازوارينا,نوع طريق ضيق/سكني (residential) — تم اختيار كازوارينا (Casuarina) لانخفاض مخاطر الجذور وصغر حجم المظلة المناسب لعرض الطريق.,500.0,25.04,13.05,11.99
KED-ROAD-03923,شارع البسطاويسي,residential,1,Casuarina,كازوارينا,نوع طريق ضيق/سكني (residential) — تم اختيار كازوارينا (Casuarina) لانخفاض مخاطر الجذور وصغر حجم المظلة المناسب لعرض الطريق.,500.0,25.04,13.05,11.99
KED-ROAD-02388,شارع 2,residential,1,Casuarina,كازوارينا,نوع طريق ضيق/سكني (residential) — تم اختيار كازوارينا (Casuarina) لانخفاض مخاطر الجذور وصغر حجم المظلة المناسب لعرض الطريق.,500.0,24.14,12.15,11.99
KED-ROAD-02387,شارع 2,residential,1,Casuarina,كازوارينا,نوع طريق ضيق/سكني (residential) — تم اختيار كازوارينا (Casuarina) لانخفاض مخاطر الجذور وصغر حجم المظلة المناسب لعرض الطريق.,500.0,24.14,12.15,11.99
KED-ROAD-03859,شارع سلام,residential,1,Casuarina,كازوارينا,نوع طريق ضيق/سكني (residential) — تم اختيار كازوارينا (Casuarina) لانخفاض مخاطر الجذور وصغر حجم المظلة المناسب لعرض الطريق.,500.0,24.13,12.14,11.99
KED-ROAD-03858,شارع سلام,residential,1,Casuarina,كازوارينا,نوع طريق ضيق/سكني (residential) — تم اختيار كازوارينا (Casuarina) لانخفاض مخاطر الجذور وصغر حجم المظلة المناسب لعرض الطريق.,500.0,24.13,12.14,11.99
KED-ROAD-02472,شارع السد العالى,residential,1,Casuarina,كازوارينا,نوع طريق ضيق/سكني (residential) — تم اختيار كازوارينا (Casuarina) لانخفاض مخاطر الجذور وصغر حجم المظلة المناسب لعرض الطريق.,500.0,23.77,11.78,11.99
KED-ROAD-02467,حارة عواد,residential,1,Casuarina,كازوارينا,نوع طريق ضيق/سكني (residential) — تم اختيار كازوارينا (Casuarina) لانخفاض مخاطر الجذور وصغر حجم المظلة المناسب لعرض الطريق.,500.0,23.36,11.37,11.99
KED-ROAD-02466,حارة عواد,residential,1,Casuarina,كازوارينا,نوع طريق ضيق/سكني (residential) — تم اختيار كازوارينا (Casuarina) لانخفاض مخاطر الجذور وصغر حجم المظلة المناسب لعرض الطريق.,500.0,23.36,11.37,11.99
KED-ROAD-02463,شارع على بن ابى طالب,residential,1,Casuarina,كازوارينا,نوع طريق ضيق/سكني (residential) — تم اختيار كازوارينا (Casuarina) لانخفاض مخاطر الجذور وصغر حجم المظلة المناسب لعرض الطريق.,500.0,22.57,10.58,11.99
KED-ROAD-02462,شارع على بن ابى طالب,residential,1,Casuarina,كازوارينا,نوع طريق ضيق/سكني (residential) — تم اختيار كازوارينا (Casuarina) لانخفاض مخاطر الجذور وصغر حجم المظلة المناسب لعرض الطريق.,500.0,22.57,10.58,11.99
KED-ROAD-02451,شارع إسماعيل شحاتة,residential,1,Casuarina,كازوارينا,نوع طريق ضيق/سكني (residential) — تم اختيار كازوارينا (Casuarina) لانخفاض مخاطر الجذور وصغر حجم المظلة المناسب لعرض الطريق.,500.0,23.3,11.31,11.99
KED-ROAD-02449,شارع نجم,residential,1,Casuarina,كازوارينا,نوع طريق ضيق/سكني (residential) — تم اختيار كازوارينا (Casuarina) لانخفاض مخاطر الجذور وصغر حجم المظلة المناسب لعرض الطريق.,500.0,23.78,11.79,11.99
KED-ROAD-02448,شارع نجم,residential,1,Casuarina,كازوارينا,نوع طريق ضيق/سكني (residential) — تم اختيار كازوارينا (Casuarina) لانخفاض مخاطر الجذور وصغر حجم المظلة المناسب لعرض الطريق.,500.0,23.78,11.79,11.99
KED-ROAD-03835,شارع الشهيد احمد عبد العزيز,residential,1,Casuarina,كازوارينا,نوع طريق ضيق/سكني (residential) — تم اختيار كازوارينا (Casuarina) لانخفاض مخاطر الجذور وصغر حجم المظلة المناسب لعرض الطريق.,500.0,24.1,12.1,11.99
KED-ROAD-05232,شارع 2,residential,1,Casuarina,كازوارينا,نوع طريق ضيق/سكني (residential) — تم اختيار كازوارينا (Casuarina) لانخفاض مخاطر الجذور وصغر حجم المظلة المناسب لعرض الطريق.,500.0,23.89,11.9,11.99
KED-ROAD-05231,شارع مساكن التمليك,residential,1,Casuarina,كازوارينا,نوع طريق ضيق/سكني (residential) — تم اختيار كازوارينا (Casuarina) لانخفاض مخاطر الجذور وصغر حجم المظلة المناسب لعرض الطريق.,500.0,25.93,13.93,12.0
KED-ROAD-05230,شارع مساكن التمليك,residential,1,Casuarina,كازوارينا,نوع طريق ضيق/سكني (residential) — تم اختيار كازوارينا (Casuarina) لانخفاض مخاطر الجذور وصغر حجم المظلة المناسب لعرض الطريق.,500.0,25.93,13.93,12.0
KED-ROAD-05227,شارع مساكن التمليك,residential,1,Casuarina,كازوارينا,نوع طريق ضيق/سكني (residential) — تم اختيار كازوارينا (Casuarina) لانخفاض مخاطر الجذور وصغر حجم المظلة المناسب لعرض الطريق.,500.0,23.31,11.33,11.99
KED-ROAD-00503,شارع عبد الله نديم,residential,1,Casuarina,كازوارينا,نوع طريق ضيق/سكني (residential) — تم اختيار كازوارينا (Casuarina) لانخفاض مخاطر الجذور وصغر حجم المظلة المناسب لعرض الطريق.,500.0,24.69,12.7,11.99
KED-ROAD-03820,امتداد شارع الخليج الاعظم,residential,1,Casuarina,كازوارينا,نوع طريق ضيق/سكني (residential) — تم اختيار كازوارينا (Casuarina) لانخفاض مخاطر الجذور وصغر حجم المظلة المناسب لعرض الطريق.,500.0,24.61,12.61,11.99
KED-ROAD-03808,شارع الاداره الصحيه,residential,1,Casuarina,كازوارينا,نوع طريق ضيق/سكني (residential) — تم اختيار كازوارينا (Casuarina) لانخفاض مخاطر الجذور وصغر حجم المظلة المناسب لعرض الطريق.,500.0,22.06,10.07,11.99
KED-ROAD-03807,شارع الاداره الصحيه,residential,1,Casuarina,كازوارينا,نوع طريق ضيق/سكني (residential) — تم اختيار كازوارينا (Casuarina) لانخفاض مخاطر الجذور وصغر حجم المظلة المناسب لعرض الطريق.,500.0,22.06,10.07,11.99
KED-ROAD-02522,شارع سلطان,residential,1,Casuarina,كازوارينا,نوع طريق ضيق/سكني (residential) — تم اختيار كازوارينا (Casuarina) لانخفاض مخاطر الجذور وصغر حجم المظلة المناسب لعرض الطريق.,500.0,24.82,12.84,11.99
KED-ROAD-02521,شارع سلطان,residential,1,Casuarina,كازوارينا,نوع طريق ضيق/سكني (residential) — تم اختيار كازوارينا (Casuarina) لانخفاض مخاطر الجذور وصغر حجم المظلة المناسب لعرض الطريق.,500.0,24.82,12.84,11.99
KED-ROAD-00475,شارع داير البندر,residential,1,Casuarina,كازوارينا,نوع طريق ضيق/سكني (residential) — تم اختيار كازوارينا (Casuarina) لانخفاض مخاطر الجذور وصغر حجم المظلة المناسب لعرض الطريق.,500.0,22.54,10.54,12.0
KED-ROAD-00474,شارع داير البندر,residential,1,Casuarina,كازوارينا,نوع طريق ضيق/سكني (residential) — تم اختيار كازوارينا (Casuarina) لانخفاض مخاطر الجذور وصغر حجم المظلة المناسب لعرض الطريق.,500.0,22.54,10.54,12.0
KED-ROAD-00451,شارع داير البندر,residential,1,Casuarina,كازوارينا,نوع طريق ضيق/سكني (residential) — تم اختيار كازوارينا (Casuarina) لانخفاض مخاطر الجذور وصغر حجم المظلة المناسب لعرض الطريق.,500.0,25.52,13.52,12.0
KED-ROAD-00443,حارة النجوم,residential,1,Casuarina,كازوارينا,نوع طريق ضيق/سكني (residential) — تم اختيار كازوارينا (Casuarina) لانخفاض مخاطر الجذور وصغر حجم المظلة المناسب لعرض الطريق.,500.0,24.06,12.07,11.99
KED-ROAD-00442,حارة النجوم,residential,1,Casuarina,كازوارينا,نوع طريق ضيق/سكني (residential) — تم اختيار كازوارينا (Casuarina) لانخفاض مخاطر الجذور وصغر حجم المظلة المناسب لعرض الطريق.,500.0,24.06,12.07,11.99
KED-ROAD-02479,شارع محمد خضر,residential,1,Casuarina,كازوارينا,نوع طريق ضيق/سكني (residential) — تم اختيار كازوارينا (Casuarina) لانخفاض مخاطر الجذور وصغر حجم المظلة المناسب لعرض الطريق.,500.0,25.69,13.7,11.99
KED-ROAD-02478,شارع محمد خضر,residential,1,Casuarina,كازوارينا,نوع طريق ضيق/سكني (residential) — تم اختيار كازوارينا (Casuarina) لانخفاض مخاطر الجذور وصغر حجم المظلة المناسب لعرض الطريق.,500.0,25.69,13.7,11.99
KED-ROAD-02473,شارع السد العالى,residential,1,Casuarina,كازوارينا,نوع طريق ضيق/سكني (residential) — تم اختيار كازوارينا (Casuarina) لانخفاض مخاطر الجذور وصغر حجم المظلة المناسب لعرض الطريق.,500.0,23.77,11.78,11.99
KED-ROAD-02503,شارع الخطيب,residential,1,Casuarina,كازوارينا,نوع طريق ضيق/سكني (residential) — تم اختيار كازوارينا (Casuarina) لانخفاض مخاطر الجذور وصغر حجم المظلة المناسب لعرض الطريق.,500.0,25.42,13.43,11.99
KED-ROAD-02502,شارع الخطيب,residential,1,Casuarina,كازوارينا,نوع طريق ضيق/سكني (residential) — تم اختيار كازوارينا (Casuarina) لانخفاض مخاطر الجذور وصغر حجم المظلة المناسب لعرض الطريق.,500.0,25.42,13.43,11.99
KED-ROAD-02438,شارع نجم,residential,1,Casuarina,كازوارينا,نوع طريق ضيق/سكني (residential) — تم اختيار كازوارينا (Casuarina) لانخفاض مخاطر الجذور وصغر حجم المظلة المناسب لعرض الطريق.,500.0,24.45,12.47,11.99
KED-ROAD-02597,شارع محمد خضر,residential,1,Casuarina,كازوارينا,نوع طريق ضيق/سكني (residential) — تم اختيار كازوارينا (Casuarina) لانخفاض مخاطر الجذور وصغر حجم المظلة المناسب لعرض الطريق.,500.0,24.69,12.7,11.99
KED-ROAD-02596,شارع محمد خضر,residential,1,Casuarina,كازوارينا,نوع طريق ضيق/سكني (residential) — تم اختيار كازوارينا (Casuarina) لانخفاض مخاطر الجذور وصغر حجم المظلة المناسب لعرض الطريق.,500.0,24.69,12.7,11.99
KED-ROAD-02517,شارع سلطان,residential,1,Casuarina,كازوارينا,نوع طريق ضيق/سكني (residential) — تم اختيار كازوارينا (Casuarina) لانخفاض مخاطر الجذور وصغر حجم المظلة المناسب لعرض الطريق.,500.0,24.65,12.66,11.99
KED-ROAD-02516,شارع سلطان,residential,1,Casuarina,كازوارينا,نوع طريق ضيق/سكني (residential) — تم اختيار كازوارينا (Casuarina) لانخفاض مخاطر الجذور وصغر حجم المظلة المناسب لعرض الطريق.,500.0,24.65,12.66,11.99
KED-ROAD-02515,شارع سلطان,residential,1,Casuarina,كازوارينا,نوع طريق ضيق/سكني (residential) — تم اختيار كازوارينا (Casuarina) لانخفاض مخاطر الجذور وصغر حجم المظلة المناسب لعرض الطريق.,500.0,23.24,11.25,11.99
KED-ROAD-02514,شارع سلطان,residential,1,Casuarina,كازوارينا,نوع طريق ضيق/سكني (residential) — تم اختيار كازوارينا (Casuarina) لانخفاض مخاطر الجذور وصغر حجم المظلة المناسب لعرض الطريق.,500.0,23.24,11.25,11.99
KED-ROAD-02511,شارع الخطيب,residential,1,Casuarina,كازوارينا,نوع طريق ضيق/سكني (residential) — تم اختيار كازوارينا (Casuarina) لانخفاض مخاطر الجذور وصغر حجم المظلة المناسب لعرض الطريق.,500.0,23.94,11.95,11.99
KED-ROAD-02548,شارع السد العالى,residential,1,Casuarina,كازوارينا,نوع طريق ضيق/سكني (residential) — تم اختيار كازوارينا (Casuarina) لانخفاض مخاطر الجذور وصغر حجم المظلة المناسب لعرض الطريق.,500.0,24.18,12.19,11.99
KED-ROAD-02545,حارة عواد,residential,1,Casuarina,كازوارينا,نوع طريق ضيق/سكني (residential) — تم اختيار كازوارينا (Casuarina) لانخفاض مخاطر الجذور وصغر حجم المظلة المناسب لعرض الطريق.,500.0,22.16,10.17,11.99
KED-ROAD-02544,حارة عواد,residential,1,Casuarina,كازوارينا,نوع طريق ضيق/سكني (residential) — تم اختيار كازوارينا (Casuarina) لانخفاض مخاطر الجذور وصغر حجم المظلة المناسب لعرض الطريق.,500.0,22.16,10.17,11.99
KED-ROAD-02543,حارة عواد,residential,1,Casuarina,كازوارينا,نوع طريق ضيق/سكني (residential) — تم اختيار كازوارينا (Casuarina) لانخفاض مخاطر الجذور وصغر حجم المظلة المناسب لعرض الطريق.,500.0,23.77,11.78,11.99
KED-ROAD-02542,حارة عواد,residential,1,Casuarina,كازوارينا,نوع طريق ضيق/سكني (residential) — تم اختيار كازوارينا (Casuarina) لانخفاض مخاطر الجذور وصغر حجم المظلة المناسب لعرض الطريق.,500.0,23.77,11.78,11.99
KED-ROAD-02531,شارع الخطيب,residential,1,Casuarina,كازوارينا,نوع طريق ضيق/سكني (residential) — تم اختيار كازوارينا (Casuarina) لانخفاض مخاطر الجذور وصغر حجم المظلة المناسب لعرض الطريق.,500.0,22.44,10.44,11.99
KED-ROAD-00413,شارع الوقار,residential,1,Casuarina,كازوارينا,نوع طريق ضيق/سكني (residential) — تم اختيار كازوارينا (Casuarina) لانخفاض مخاطر الجذور وصغر حجم المظلة المناسب لعرض الطريق.,500.0,24.48,12.49,11.99
KED-ROAD-00412,شارع الوقار,residential,1,Casuarina,كازوارينا,نوع طريق ضيق/سكني (residential) — تم اختيار كازوارينا (Casuarina) لانخفاض مخاطر الجذور وصغر حجم المظلة المناسب لعرض الطريق.,500.0,24.48,12.49,11.99
KED-ROAD-03821,امتداد شارع الخليج الاعظم,residential,1,Casuarina,كازوارينا,نوع طريق ضيق/سكني (residential) — تم اختيار كازوارينا (Casuarina) لانخفاض مخاطر الجذور وصغر حجم المظلة المناسب لعرض الطريق.,500.0,24.61,12.61,11.99
KED-ROAD-03713,شارع عمر افندى,residential,1,Casuarina,كازوارينا,نوع طريق ضيق/سكني (residential) — تم اختيار كازوارينا (Casuarina) لانخفاض مخاطر الجذور وصغر حجم المظلة المناسب لعرض الطريق.,500.0,22.74,10.75,11.99
KED-ROAD-03712,شارع عمر افندى,residential,1,Casuarina,كازوارينا,نوع طريق ضيق/سكني (residential) — تم اختيار كازوارينا (Casuarina) لانخفاض مخاطر الجذور وصغر حجم المظلة المناسب لعرض الطريق.,500.0,22.74,10.75,11.99
KED-ROAD-03699,شارع بورسعيد,secondary,1,Neem,نيم,نوع طريق رئيسي/متوسط (secondary) — تم اختيار نيم (Neem) لأعلى توافق موثّق (تحمل حراري مرتفع، احتياج مائي منخفض، ملاءمة عالية للطرق).,500.0,25.42,13.42,11.99
KED-ROAD-03698,شارع بورسعيد,secondary,1,Neem,نيم,نوع طريق رئيسي/متوسط (secondary) — تم اختيار نيم (Neem) لأعلى توافق موثّق (تحمل حراري مرتفع، احتياج مائي منخفض، ملاءمة عالية للطرق).,500.0,25.42,13.42,11.99
KED-ROAD-00430,شارع داير البندر,residential,1,Casuarina,كازوارينا,نوع طريق ضيق/سكني (residential) — تم اختيار كازوارينا (Casuarina) لانخفاض مخاطر الجذور وصغر حجم المظلة المناسب لعرض الطريق.,500.0,25.52,13.52,12.0
KED-ROAD-02780,شارع عمر بن عبد العزيز,residential,1,Casuarina,كازوارينا,نوع طريق ضيق/سكني (residential) — تم اختيار كازوارينا (Casuarina) لانخفاض مخاطر الجذور وصغر حجم المظلة المناسب لعرض الطريق.,500.0,22.57,10.58,11.99
KED-ROAD-02690,شارع غزوه بدر,residential,1,Casuarina,كازوارينا,نوع طريق ضيق/سكني (residential) — تم اختيار كازوارينا (Casuarina) لانخفاض مخاطر الجذور وصغر حجم المظلة المناسب لعرض الطريق.,500.0,24.09,12.08,12.01
KED-ROAD-02683,شارع الفتوح,residential,1,Casuarina,كازوارينا,نوع طريق ضيق/سكني (residential) — تم اختيار كازوارينا (Casuarina) لانخفاض مخاطر الجذور وصغر حجم المظلة المناسب لعرض الطريق.,500.0,25.3,13.3,11.99
KED-ROAD-02682,شارع الفتوح,residential,1,Casuarina,كازوارينا,نوع طريق ضيق/سكني (residential) — تم اختيار كازوارينا (Casuarina) لانخفاض مخاطر الجذور وصغر حجم المظلة المناسب لعرض الطريق.,500.0,25.3,13.3,11.99
KED-ROAD-02693,شارع جمال الدين الافغانى,residential,1,Casuarina,كازوارينا,نوع طريق ضيق/سكني (residential) — تم اختيار كازوارينا (Casuarina) لانخفاض مخاطر الجذور وصغر حجم المظلة المناسب لعرض الطريق.,500.0,23.03,11.04,11.99
KED-ROAD-02692,شارع جمال الدين الافغانى,residential,1,Casuarina,كازوارينا,نوع طريق ضيق/سكني (residential) — تم اختيار كازوارينا (Casuarina) لانخفاض مخاطر الجذور وصغر حجم المظلة المناسب لعرض الطريق.,500.0,23.03,11.04,11.99
KED-ROAD-02589,شارع محمد خضر,residential,1,Casuarina,كازوارينا,نوع طريق ضيق/سكني (residential) — تم اختيار كازوارينا (Casuarina) لانخفاض مخاطر الجذور وصغر حجم المظلة المناسب لعرض الطريق.,500.0,25.98,13.99,11.99
KED-ROAD-02588,شارع محمد خضر,residential,1,Casuarina,كازوارينا,نوع طريق ضيق/سكني (residential) — تم اختيار كازوارينا (Casuarina) لانخفاض مخاطر الجذور وصغر حجم المظلة المناسب لعرض الطريق.,500.0,25.98,13.99,11.99
KED-ROAD-02568,شارع السد العالى,residential,1,Casuarina,كازوارينا,نوع طريق ضيق/سكني (residential) — تم اختيار كازوارينا (Casuarina) لانخفاض مخاطر الجذور وصغر حجم المظلة المناسب لعرض الطريق.,500.0,24.3,12.3,12.0
KED-ROAD-02567,شارع السد العالى,residential,1,Casuarina,كازوارينا,نوع طريق ضيق/سكني (residential) — تم اختيار كازوارينا (Casuarina) لانخفاض مخاطر الجذور وصغر حجم المظلة المناسب لعرض الطريق.,500.0,24.3,12.3,12.0
KED-ROAD-02549,شارع السد العالى,residential,1,Casuarina,كازوارينا,نوع طريق ضيق/سكني (residential) — تم اختيار كازوارينا (Casuarina) لانخفاض مخاطر الجذور وصغر حجم المظلة المناسب لعرض الطريق.,500.0,24.18,12.19,11.99
KED-ROAD-00344,حارة الشيخ سليم البشري,residential,1,Casuarina,كازوارينا,نوع طريق ضيق/سكني (residential) — تم اختيار كازوارينا (Casuarina) لانخفاض مخاطر الجذور وصغر حجم المظلة المناسب لعرض الطريق.,500.0,23.62,11.63,11.99
KED-ROAD-00377,شارع الخير,residential,1,Casuarina,كازوارينا,نوع طريق ضيق/سكني (residential) — تم اختيار كازوارينا (Casuarina) لانخفاض مخاطر الجذور وصغر حجم المظلة المناسب لعرض الطريق.,500.0,22.3,10.31,11.99
KED-ROAD-00376,شارع الخير,residential,1,Casuarina,كازوارينا,نوع طريق ضيق/سكني (residential) — تم اختيار كازوارينا (Casuarina) لانخفاض مخاطر الجذور وصغر حجم المظلة المناسب لعرض الطريق.,500.0,22.3,10.31,11.99
KED-ROAD-02799,حارة رفاعه الطهطاوى,residential,1,Casuarina,كازوارينا,نوع طريق ضيق/سكني (residential) — تم اختيار كازوارينا (Casuarina) لانخفاض مخاطر الجذور وصغر حجم المظلة المناسب لعرض الطريق.,500.0,22.65,10.66,11.99
KED-ROAD-02798,حارة رفاعه الطهطاوى,residential,1,Casuarina,كازوارينا,نوع طريق ضيق/سكني (residential) — تم اختيار كازوارينا (Casuarina) لانخفاض مخاطر الجذور وصغر حجم المظلة المناسب لعرض الطريق.,500.0,22.65,10.66,11.99
KED-ROAD-02797,شارع عمرو بن العاص,residential,1,Casuarina,كازوارينا,نوع طريق ضيق/سكني (residential) — تم اختيار كازوارينا (Casuarina) لانخفاض مخاطر الجذور وصغر حجم المظلة المناسب لعرض الطريق.,500.0,24.54,12.55,11.99
KED-ROAD-02796,شارع عمرو بن العاص,residential,1,Casuarina,كازوارينا,نوع طريق ضيق/سكني (residential) — تم اختيار كازوارينا (Casuarina) لانخفاض مخاطر الجذور وصغر حجم المظلة المناسب لعرض الطريق.,500.0,24.54,12.55,11.99
KED-ROAD-02795,شارع عمرو بن العاص,residential,1,Casuarina,كازوارينا,نوع طريق ضيق/سكني (residential) — تم اختيار كازوارينا (Casuarina) لانخفاض مخاطر الجذور وصغر حجم المظلة المناسب لعرض الطريق.,500.0,25.26,13.27,11.99
KED-ROAD-02794,شارع عمرو بن العاص,residential,1,Casuarina,كازوارينا,نوع طريق ضيق/سكني (residential) — تم اختيار كازوارينا (Casuarina) لانخفاض مخاطر الجذور وصغر حجم المظلة المناسب لعرض الطريق.,500.0,25.26,13.27,11.99
KED-ROAD-02781,شارع الشهيد احمد عبد العزيز,residential,1,Casuarina,كازوارينا,نوع طريق ضيق/سكني (residential) — تم اختيار كازوارينا (Casuarina) لانخفاض مخاطر الجذور وصغر حجم المظلة المناسب لعرض الطريق.,500.0,24.1,12.1,11.99
KED-ROAD-00373,شارع التراث,residential,1,Casuarina,كازوارينا,نوع طريق ضيق/سكني (residential) — تم اختيار كازوارينا (Casuarina) لانخفاض مخاطر الجذور وصغر حجم المظلة المناسب لعرض الطريق.,500.0,23.18,11.19,12.0
KED-ROAD-00372,شارع التراث,residential,1,Casuarina,كازوارينا,نوع طريق ضيق/سكني (residential) — تم اختيار كازوارينا (Casuarina) لانخفاض مخاطر الجذور وصغر حجم المظلة المناسب لعرض الطريق.,500.0,23.18,11.19,12.0
KED-ROAD-05342,شارع صيدلية الشحات الكبري,residential,1,Casuarina,كازوارينا,نوع طريق ضيق/سكني (residential) — تم اختيار كازوارينا (Casuarina) لانخفاض مخاطر الجذور وصغر حجم المظلة المناسب لعرض الطريق.,500.0,24.11,12.12,11.99
KED-ROAD-05321,شارع صيدلية الشحات الكبري,residential,1,Casuarina,كازوارينا,نوع طريق ضيق/سكني (residential) — تم اختيار كازوارينا (Casuarina) لانخفاض مخاطر الجذور وصغر حجم المظلة المناسب لعرض الطريق.,500.0,24.11,12.12,11.99
KED-ROAD-00390,حارة نهضة مصر,residential,1,Casuarina,كازوارينا,نوع طريق ضيق/سكني (residential) — تم اختيار كازوارينا (Casuarina) لانخفاض مخاطر الجذور وصغر حجم المظلة المناسب لعرض الطريق.,500.0,23.85,11.86,11.99
KED-ROAD-00389,حارة نهضة مصر,residential,1,Casuarina,كازوارينا,نوع طريق ضيق/سكني (residential) — تم اختيار كازوارينا (Casuarina) لانخفاض مخاطر الجذور وصغر حجم المظلة المناسب لعرض الطريق.,500.0,23.85,11.86,11.99
KED-ROAD-05417,شارع محمد انور السادات,residential,1,Casuarina,كازوارينا,نوع طريق ضيق/سكني (residential) — تم اختيار كازوارينا (Casuarina) لانخفاض مخاطر الجذور وصغر حجم المظلة المناسب لعرض الطريق.,500.0,25.35,13.37,11.99
KED-ROAD-05379,شارع صيدلية الشحات الكبري,residential,1,Casuarina,كازوارينا,نوع طريق ضيق/سكني (residential) — تم اختيار كازوارينا (Casuarina) لانخفاض مخاطر الجذور وصغر حجم المظلة المناسب لعرض الطريق.,500.0,23.69,11.7,11.99
KED-ROAD-05378,شارع صيدلية الشحات الكبري,residential,1,Casuarina,كازوارينا,نوع طريق ضيق/سكني (residential) — تم اختيار كازوارينا (Casuarina) لانخفاض مخاطر الجذور وصغر حجم المظلة المناسب لعرض الطريق.,500.0,23.69,11.7,11.99
KED-ROAD-00329,عطفه والي,residential,1,Casuarina,كازوارينا,نوع طريق ضيق/سكني (residential) — تم اختيار كازوارينا (Casuarina) لانخفاض مخاطر الجذور وصغر حجم المظلة المناسب لعرض الطريق.,500.0,25.64,13.65,11.99
KED-ROAD-00328,عطفه والي,residential,1,Casuarina,كازوارينا,نوع طريق ضيق/سكني (residential) — تم اختيار كازوارينا (Casuarina) لانخفاض مخاطر الجذور وصغر حجم المظلة المناسب لعرض الطريق.,500.0,25.64,13.65,11.99
KED-ROAD-00319,شارع السيد حسنين,residential,1,Casuarina,كازوارينا,نوع طريق ضيق/سكني (residential) — تم اختيار كازوارينا (Casuarina) لانخفاض مخاطر الجذور وصغر حجم المظلة المناسب لعرض الطريق.,500.0,24.83,12.84,11.99
KED-ROAD-00318,شارع السيد حسنين,residential,1,Casuarina,كازوارينا,نوع طريق ضيق/سكني (residential) — تم اختيار كازوارينا (Casuarina) لانخفاض مخاطر الجذور وصغر حجم المظلة المناسب لعرض الطريق.,500.0,24.83,12.84,11.99
KED-ROAD-00293,شارع الوقار,residential,1,Casuarina,كازوارينا,نوع طريق ضيق/سكني (residential) — تم اختيار كازوارينا (Casuarina) لانخفاض مخاطر الجذور وصغر حجم المظلة المناسب لعرض الطريق.,500.0,22.7,10.7,11.99
KED-ROAD-00292,شارع الوقار,residential,1,Casuarina,كازوارينا,نوع طريق ضيق/سكني (residential) — تم اختيار كازوارينا (Casuarina) لانخفاض مخاطر الجذور وصغر حجم المظلة المناسب لعرض الطريق.,500.0,22.7,10.7,11.99
KED-ROAD-05362,شارع صيدلية الشحات الكبري,residential,1,Casuarina,كازوارينا,نوع طريق ضيق/سكني (residential) — تم اختيار كازوارينا (Casuarina) لانخفاض مخاطر الجذور وصغر حجم المظلة المناسب لعرض الطريق.,500.0,24.28,12.29,11.99
KED-ROAD-05351,شارع صيدلية الشحات الكبري,residential,1,Casuarina,كازوارينا,نوع طريق ضيق/سكني (residential) — تم اختيار كازوارينا (Casuarina) لانخفاض مخاطر الجذور وصغر حجم المظلة المناسب لعرض الطريق.,500.0,24.28,12.29,11.99
KED-ROAD-05346,شارع صيدلية الشحات الكبري,residential,1,Casuarina,كازوارينا,نوع طريق ضيق/سكني (residential) — تم اختيار كازوارينا (Casuarina) لانخفاض مخاطر الجذور وصغر حجم المظلة المناسب لعرض الطريق.,500.0,25.29,13.29,11.99
KED-ROAD-05345,شارع صيدلية الشحات الكبري,residential,1,Casuarina,كازوارينا,نوع طريق ضيق/سكني (residential) — تم اختيار كازوارينا (Casuarina) لانخفاض مخاطر الجذور وصغر حجم المظلة المناسب لعرض الطريق.,500.0,25.29,13.29,11.99
KED-ROAD-00347,عطفه والي,residential,1,Casuarina,كازوارينا,نوع طريق ضيق/سكني (residential) — تم اختيار كازوارينا (Casuarina) لانخفاض مخاطر الجذور وصغر حجم المظلة المناسب لعرض الطريق.,500.0,25.19,13.2,11.99
KED-ROAD-00346,عطفه والي,residential,1,Casuarina,كازوارينا,نوع طريق ضيق/سكني (residential) — تم اختيار كازوارينا (Casuarina) لانخفاض مخاطر الجذور وصغر حجم المظلة المناسب لعرض الطريق.,500.0,25.19,13.2,11.99
KED-ROAD-00345,حارة الشيخ سليم البشري,residential,1,Casuarina,كازوارينا,نوع طريق ضيق/سكني (residential) — تم اختيار كازوارينا (Casuarina) لانخفاض مخاطر الجذور وصغر حجم المظلة المناسب لعرض الطريق.,500.0,23.62,11.63,11.99
KED-ROAD-05500,شارع مسجد الهدي,residential,1,Casuarina,كازوارينا,نوع طريق ضيق/سكني (residential) — تم اختيار كازوارينا (Casuarina) لانخفاض مخاطر الجذور وصغر حجم المظلة المناسب لعرض الطريق.,500.0,24.82,12.83,11.99
KED-ROAD-05499,شارع مسجد الهدي,residential,1,Casuarina,كازوارينا,نوع طريق ضيق/سكني (residential) — تم اختيار كازوارينا (Casuarina) لانخفاض مخاطر الجذور وصغر حجم المظلة المناسب لعرض الطريق.,500.0,24.82,12.83,11.99
KED-ROAD-05494,شارع مسجد الهدي,residential,1,Casuarina,كازوارينا,نوع طريق ضيق/سكني (residential) — تم اختيار كازوارينا (Casuarina) لانخفاض مخاطر الجذور وصغر حجم المظلة المناسب لعرض الطريق.,500.0,24.01,12.03,11.99
KED-ROAD-02860,شارع احمد عرابى,secondary,1,Neem,نيم,نوع طريق رئيسي/متوسط (secondary) — تم اختيار نيم (Neem) لأعلى توافق موثّق (تحمل حراري مرتفع، احتياج مائي منخفض، ملاءمة عالية للطرق).,500.0,27.78,15.78,12.0
KED-ROAD-02859,شارع احمد عرابى,secondary,1,Neem,نيم,نوع طريق رئيسي/متوسط (secondary) — تم اختيار نيم (Neem) لأعلى توافق موثّق (تحمل حراري مرتفع، احتياج مائي منخفض، ملاءمة عالية للطرق).,500.0,27.78,15.78,12.0
KED-ROAD-02878,شارع الاداره الصحيه,residential,1,Casuarina,كازوارينا,نوع طريق ضيق/سكني (residential) — تم اختيار كازوارينا (Casuarina) لانخفاض مخاطر الجذور وصغر حجم المظلة المناسب لعرض الطريق.,500.0,25.21,13.22,11.99
KED-ROAD-02877,شارع الاداره الصحيه,residential,1,Casuarina,كازوارينا,نوع طريق ضيق/سكني (residential) — تم اختيار كازوارينا (Casuarina) لانخفاض مخاطر الجذور وصغر حجم المظلة المناسب لعرض الطريق.,500.0,25.21,13.22,11.99
KED-ROAD-02915,شارع ابو حنيفه,residential,1,Casuarina,كازوارينا,نوع طريق ضيق/سكني (residential) — تم اختيار كازوارينا (Casuarina) لانخفاض مخاطر الجذور وصغر حجم المظلة المناسب لعرض الطريق.,500.0,22.34,10.35,11.99
KED-ROAD-02914,شارع ابو حنيفه,residential,1,Casuarina,كازوارينا,نوع طريق ضيق/سكني (residential) — تم اختيار كازوارينا (Casuarina) لانخفاض مخاطر الجذور وصغر حجم المظلة المناسب لعرض الطريق.,500.0,22.34,10.35,11.99
KED-ROAD-02911,شارع غزوه بدر,residential,1,Casuarina,كازوارينا,نوع طريق ضيق/سكني (residential) — تم اختيار كازوارينا (Casuarina) لانخفاض مخاطر الجذور وصغر حجم المظلة المناسب لعرض الطريق.,500.0,24.09,12.08,12.01
KED-ROAD-02909,شارع رفاعه الطهطاوى,residential,1,Casuarina,كازوارينا,نوع طريق ضيق/سكني (residential) — تم اختيار كازوارينا (Casuarina) لانخفاض مخاطر الجذور وصغر حجم المظلة المناسب لعرض الطريق.,500.0,24.24,12.25,11.99
KED-ROAD-02908,شارع رفاعه الطهطاوى,residential,1,Casuarina,كازوارينا,نوع طريق ضيق/سكني (residential) — تم اختيار كازوارينا (Casuarina) لانخفاض مخاطر الجذور وصغر حجم المظلة المناسب لعرض الطريق.,500.0,24.24,12.25,11.99
KED-ROAD-02907,شارع الترعه,residential,1,Casuarina,كازوارينا,نوع طريق ضيق/سكني (residential) — تم اختيار كازوارينا (Casuarina) لانخفاض مخاطر الجذور وصغر حجم المظلة المناسب لعرض الطريق.,500.0,22.41,10.42,11.99
KED-ROAD-02906,شارع الترعه,residential,1,Casuarina,كازوارينا,نوع طريق ضيق/سكني (residential) — تم اختيار كازوارينا (Casuarina) لانخفاض مخاطر الجذور وصغر حجم المظلة المناسب لعرض الطريق.,500.0,22.41,10.42,11.99
KED-ROAD-05493,شارع مسجد الهدي,residential,1,Casuarina,كازوارينا,نوع طريق ضيق/سكني (residential) — تم اختيار كازوارينا (Casuarina) لانخفاض مخاطر الجذور وصغر حجم المظلة المناسب لعرض الطريق.,500.0,24.01,12.03,11.99
KED-ROAD-05418,شارع محمد انور السادات,residential,1,Casuarina,كازوارينا,نوع طريق ضيق/سكني (residential) — تم اختيار كازوارينا (Casuarina) لانخفاض مخاطر الجذور وصغر حجم المظلة المناسب لعرض الطريق.,500.0,25.35,13.37,11.99
KED-ROAD-03661,شارع خلف السنترال,residential,1,Casuarina,كازوارينا,نوع طريق ضيق/سكني (residential) — تم اختيار كازوارينا (Casuarina) لانخفاض مخاطر الجذور وصغر حجم المظلة المناسب لعرض الطريق.,500.0,23.98,11.99,11.99
KED-ROAD-02927,شارع جمال الدين الافغانى,residential,1,Casuarina,كازوارينا,نوع طريق ضيق/سكني (residential) — تم اختيار كازوارينا (Casuarina) لانخفاض مخاطر الجذور وصغر حجم المظلة المناسب لعرض الطريق.,500.0,25.26,13.28,11.99
KED-ROAD-02926,شارع جمال الدين الافغانى,residential,1,Casuarina,كازوارينا,نوع طريق ضيق/سكني (residential) — تم اختيار كازوارينا (Casuarina) لانخفاض مخاطر الجذور وصغر حجم المظلة المناسب لعرض الطريق.,500.0,25.26,13.28,11.99
KED-ROAD-03002,شارع الجيش,secondary,1,Neem,نيم,نوع طريق رئيسي/متوسط (secondary) — تم اختيار نيم (Neem) لأعلى توافق موثّق (تحمل حراري مرتفع، احتياج مائي منخفض، ملاءمة عالية للطرق).,500.0,26.29,14.3,11.99
KED-ROAD-03001,شارع الجيش,secondary,1,Neem,نيم,نوع طريق رئيسي/متوسط (secondary) — تم اختيار نيم (Neem) لأعلى توافق موثّق (تحمل حراري مرتفع، احتياج مائي منخفض، ملاءمة عالية للطرق).,500.0,26.29,14.3,11.99
KED-ROAD-05589,شارع عمارات التمليك,residential,1,Casuarina,كازوارينا,نوع طريق ضيق/سكني (residential) — تم اختيار كازوارينا (Casuarina) لانخفاض مخاطر الجذور وصغر حجم المظلة المناسب لعرض الطريق.,500.0,24.09,12.1,11.99
KED-ROAD-05588,شارع عمارات التمليك,residential,1,Casuarina,كازوارينا,نوع طريق ضيق/سكني (residential) — تم اختيار كازوارينا (Casuarina) لانخفاض مخاطر الجذور وصغر حجم المظلة المناسب لعرض الطريق.,500.0,24.09,12.1,11.99
KED-ROAD-05563,شارع مساكن التمليك,residential,1,Casuarina,كازوارينا,نوع طريق ضيق/سكني (residential) — تم اختيار كازوارينا (Casuarina) لانخفاض مخاطر الجذور وصغر حجم المظلة المناسب لعرض الطريق.,500.0,25.93,13.94,11.99
KED-ROAD-05562,شارع مساكن التمليك,residential,1,Casuarina,كازوارينا,نوع طريق ضيق/سكني (residential) — تم اختيار كازوارينا (Casuarina) لانخفاض مخاطر الجذور وصغر حجم المظلة المناسب لعرض الطريق.,500.0,25.93,13.94,11.99
KED-ROAD-05541,شارع مساكن التمليك,residential,1,Casuarina,كازوارينا,نوع طريق ضيق/سكني (residential) — تم اختيار كازوارينا (Casuarina) لانخفاض مخاطر الجذور وصغر حجم المظلة المناسب لعرض الطريق.,500.0,25.27,13.28,11.99
KED-ROAD-05540,شارع مساكن التمليك,residential,1,Casuarina,كازوارينا,نوع طريق ضيق/سكني (residential) — تم اختيار كازوارينا (Casuarina) لانخفاض مخاطر الجذور وصغر حجم المظلة المناسب لعرض الطريق.,500.0,25.27,13.28,11.99
KED-ROAD-05531,شارع على بن ابى طالب,residential,1,Casuarina,كازوارينا,نوع طريق ضيق/سكني (residential) — تم اختيار كازوارينا (Casuarina) لانخفاض مخاطر الجذور وصغر حجم المظلة المناسب لعرض الطريق.,500.0,25.38,13.39,11.99
KED-ROAD-05530,شارع مسجد الهدي,residential,1,Casuarina,كازوارينا,نوع طريق ضيق/سكني (residential) — تم اختيار كازوارينا (Casuarina) لانخفاض مخاطر الجذور وصغر حجم المظلة المناسب لعرض الطريق.,500.0,24.07,12.08,12.0
KED-ROAD-05529,شارع مسجد الهدي,residential,1,Casuarina,كازوارينا,نوع طريق ضيق/سكني (residential) — تم اختيار كازوارينا (Casuarina) لانخفاض مخاطر الجذور وصغر حجم المظلة المناسب لعرض الطريق.,500.0,24.07,12.08,12.0
KED-ROAD-05524,شارع مسجد الهدي,residential,1,Casuarina,كازوارينا,نوع طريق ضيق/سكني (residential) — تم اختيار كازوارينا (Casuarina) لانخفاض مخاطر الجذور وصغر حجم المظلة المناسب لعرض الطريق.,500.0,24.19,12.2,11.99
KED-ROAD-05523,شارع مسجد الهدي,residential,1,Casuarina,كازوارينا,نوع طريق ضيق/سكني (residential) — تم اختيار كازوارينا (Casuarina) لانخفاض مخاطر الجذور وصغر حجم المظلة المناسب لعرض الطريق.,500.0,24.19,12.2,11.99
KED-ROAD-00270,شارع محمد متولي الشعراوى,residential,1,Casuarina,كازوارينا,نوع طريق ضيق/سكني (residential) — تم اختيار كازوارينا (Casuarina) لانخفاض مخاطر الجذور وصغر حجم المظلة المناسب لعرض الطريق.,500.0,23.1,11.11,11.99
KED-ROAD-03596,شارع بورسعيد,secondary,1,Neem,نيم,نوع طريق رئيسي/متوسط (secondary) — تم اختيار نيم (Neem) لأعلى توافق موثّق (تحمل حراري مرتفع، احتياج مائي منخفض، ملاءمة عالية للطرق).,500.0,27.65,15.66,11.99
KED-ROAD-03119,شارع مصطفى كامل,residential,1,Casuarina,كازوارينا,نوع طريق ضيق/سكني (residential) — تم اختيار كازوارينا (Casuarina) لانخفاض مخاطر الجذور وصغر حجم المظلة المناسب لعرض الطريق.,500.0,23.29,11.3,11.99
KED-ROAD-03118,شارع مصطفى كامل,residential,1,Casuarina,كازوارينا,نوع طريق ضيق/سكني (residential) — تم اختيار كازوارينا (Casuarina) لانخفاض مخاطر الجذور وصغر حجم المظلة المناسب لعرض الطريق.,500.0,23.29,11.3,11.99
KED-ROAD-00269,شارع محمد متولي الشعراوى,residential,1,Casuarina,كازوارينا,نوع طريق ضيق/سكني (residential) — تم اختيار كازوارينا (Casuarina) لانخفاض مخاطر الجذور وصغر حجم المظلة المناسب لعرض الطريق.,500.0,23.1,11.11,11.99
KED-ROAD-05640,شارع مساكن الرحمن,residential,1,Casuarina,كازوارينا,نوع طريق ضيق/سكني (residential) — تم اختيار كازوارينا (Casuarina) لانخفاض مخاطر الجذور وصغر حجم المظلة المناسب لعرض الطريق.,500.0,22.53,10.53,11.99
KED-ROAD-05639,شارع مساكن الرحمن,residential,1,Casuarina,كازوارينا,نوع طريق ضيق/سكني (residential) — تم اختيار كازوارينا (Casuarina) لانخفاض مخاطر الجذور وصغر حجم المظلة المناسب لعرض الطريق.,500.0,22.53,10.53,11.99
KED-ROAD-05631,شارع عمارات التمليك,residential,1,Casuarina,كازوارينا,نوع طريق ضيق/سكني (residential) — تم اختيار كازوارينا (Casuarina) لانخفاض مخاطر الجذور وصغر حجم المظلة المناسب لعرض الطريق.,500.0,23.24,11.25,11.99
KED-ROAD-05618,شارع عمارات التمليك,residential,1,Casuarina,كازوارينا,نوع طريق ضيق/سكني (residential) — تم اختيار كازوارينا (Casuarina) لانخفاض مخاطر الجذور وصغر حجم المظلة المناسب لعرض الطريق.,500.0,25.78,13.79,11.99
KED-ROAD-05617,شارع عمارات التمليك,residential,1,Casuarina,كازوارينا,نوع طريق ضيق/سكني (residential) — تم اختيار كازوارينا (Casuarina) لانخفاض مخاطر الجذور وصغر حجم المظلة المناسب لعرض الطريق.,500.0,25.78,13.79,11.99
KED-ROAD-05612,شارع عمارات التمليك,residential,1,Casuarina,كازوارينا,نوع طريق ضيق/سكني (residential) — تم اختيار كازوارينا (Casuarina) لانخفاض مخاطر الجذور وصغر حجم المظلة المناسب لعرض الطريق.,500.0,24.75,12.77,11.99
KED-ROAD-05604,شارع عمارات التمليك,residential,1,Casuarina,كازوارينا,نوع طريق ضيق/سكني (residential) — تم اختيار كازوارينا (Casuarina) لانخفاض مخاطر الجذور وصغر حجم المظلة المناسب لعرض الطريق.,500.0,24.75,12.77,11.99
KED-ROAD-02987,شارع المستقبل,residential,1,Casuarina,كازوارينا,نوع طريق ضيق/سكني (residential) — تم اختيار كازوارينا (Casuarina) لانخفاض مخاطر الجذور وصغر حجم المظلة المناسب لعرض الطريق.,500.0,25.39,13.4,11.99
KED-ROAD-02986,شارع المستقبل,residential,1,Casuarina,كازوارينا,نوع طريق ضيق/سكني (residential) — تم اختيار كازوارينا (Casuarina) لانخفاض مخاطر الجذور وصغر حجم المظلة المناسب لعرض الطريق.,500.0,25.39,13.4,11.99
KED-ROAD-03640,شارع خلف السنترال,residential,1,Casuarina,كازوارينا,نوع طريق ضيق/سكني (residential) — تم اختيار كازوارينا (Casuarina) لانخفاض مخاطر الجذور وصغر حجم المظلة المناسب لعرض الطريق.,500.0,23.98,11.99,11.99
KED-ROAD-03597,شارع بورسعيد,secondary,1,Neem,نيم,نوع طريق رئيسي/متوسط (secondary) — تم اختيار نيم (Neem) لأعلى توافق موثّق (تحمل حراري مرتفع، احتياج مائي منخفض، ملاءمة عالية للطرق).,500.0,27.65,15.66,11.99
KED-ROAD-05842,شارع بلال بن رباح,tertiary,1,Neem,نيم,نوع طريق رئيسي/متوسط (tertiary) — تم اختيار نيم (Neem) لأعلى توافق موثّق (تحمل حراري مرتفع، احتياج مائي منخفض، ملاءمة عالية للطرق).,500.0,25.24,13.25,11.99
KED-ROAD-05840,شارع بلال بن رباح,tertiary,1,Neem,نيم,نوع طريق رئيسي/متوسط (tertiary) — تم اختيار نيم (Neem) لأعلى توافق موثّق (تحمل حراري مرتفع، احتياج مائي منخفض، ملاءمة عالية للطرق).,500.0,26.31,14.31,11.99
KED-ROAD-05743,شارع عمارات التمليك,residential,1,Casuarina,كازوارينا,نوع طريق ضيق/سكني (residential) — تم اختيار كازوارينا (Casuarina) لانخفاض مخاطر الجذور وصغر حجم المظلة المناسب لعرض الطريق.,500.0,24.4,12.41,11.99
KED-ROAD-03113,شارع زين العابدين,residential,1,Casuarina,كازوارينا,نوع طريق ضيق/سكني (residential) — تم اختيار كازوارينا (Casuarina) لانخفاض مخاطر الجذور وصغر حجم المظلة المناسب لعرض الطريق.,500.0,25.89,13.89,11.99
KED-ROAD-03112,شارع زين العابدين,residential,1,Casuarina,كازوارينا,نوع طريق ضيق/سكني (residential) — تم اختيار كازوارينا (Casuarina) لانخفاض مخاطر الجذور وصغر حجم المظلة المناسب لعرض الطريق.,500.0,25.89,13.89,11.99
KED-ROAD-03540,شارع التحرير,residential,1,Casuarina,كازوارينا,نوع طريق ضيق/سكني (residential) — تم اختيار كازوارينا (Casuarina) لانخفاض مخاطر الجذور وصغر حجم المظلة المناسب لعرض الطريق.,500.0,24.3,12.32,11.99
KED-ROAD-03539,شارع التحرير,residential,1,Casuarina,كازوارينا,نوع طريق ضيق/سكني (residential) — تم اختيار كازوارينا (Casuarina) لانخفاض مخاطر الجذور وصغر حجم المظلة المناسب لعرض الطريق.,500.0,24.3,12.32,11.99
KED-ROAD-05742,شارع عمارات التمليك,residential,1,Casuarina,كازوارينا,نوع طريق ضيق/سكني (residential) — تم اختيار كازوارينا (Casuarina) لانخفاض مخاطر الجذور وصغر حجم المظلة المناسب لعرض الطريق.,500.0,24.4,12.41,11.99
KED-ROAD-05740,شارع الترعه,residential,1,Casuarina,كازوارينا,نوع طريق ضيق/سكني (residential) — تم اختيار كازوارينا (Casuarina) لانخفاض مخاطر الجذور وصغر حجم المظلة المناسب لعرض الطريق.,500.0,23.3,11.31,11.99
KED-ROAD-05739,شارع الترعه,residential,1,Casuarina,كازوارينا,نوع طريق ضيق/سكني (residential) — تم اختيار كازوارينا (Casuarina) لانخفاض مخاطر الجذور وصغر حجم المظلة المناسب لعرض الطريق.,500.0,23.3,11.31,11.99
KED-ROAD-05702,شارع مساكن 144,residential,1,Casuarina,كازوارينا,نوع طريق ضيق/سكني (residential) — تم اختيار كازوارينا (Casuarina) لانخفاض مخاطر الجذور وصغر حجم المظلة المناسب لعرض الطريق.,500.0,23.16,11.16,11.99
KED-ROAD-05687,شارع محمد انور السادات,residential,1,Casuarina,كازوارينا,نوع طريق ضيق/سكني (residential) — تم اختيار كازوارينا (Casuarina) لانخفاض مخاطر الجذور وصغر حجم المظلة المناسب لعرض الطريق.,500.0,25.67,13.67,12.0
KED-ROAD-05686,شارع محمد انور السادات,residential,1,Casuarina,كازوارينا,نوع طريق ضيق/سكني (residential) — تم اختيار كازوارينا (Casuarina) لانخفاض مخاطر الجذور وصغر حجم المظلة المناسب لعرض الطريق.,500.0,25.67,13.67,12.0
KED-ROAD-00283,شارع محمد متولي الشعراوى,residential,1,Casuarina,كازوارينا,نوع طريق ضيق/سكني (residential) — تم اختيار كازوارينا (Casuarina) لانخفاض مخاطر الجذور وصغر حجم المظلة المناسب لعرض الطريق.,500.0,23.64,11.65,11.99
KED-ROAD-00282,شارع محمد متولي الشعراوى,residential,1,Casuarina,كازوارينا,نوع طريق ضيق/سكني (residential) — تم اختيار كازوارينا (Casuarina) لانخفاض مخاطر الجذور وصغر حجم المظلة المناسب لعرض الطريق.,500.0,23.64,11.65,11.99
KED-ROAD-00274,شارع الجيش,secondary,1,Neem,نيم,نوع طريق رئيسي/متوسط (secondary) — تم اختيار نيم (Neem) لأعلى توافق موثّق (تحمل حراري مرتفع، احتياج مائي منخفض، ملاءمة عالية للطرق).,500.0,24.21,12.22,11.99
KED-ROAD-03197,شارع 26 يوليو,residential,1,Casuarina,كازوارينا,نوع طريق ضيق/سكني (residential) — تم اختيار كازوارينا (Casuarina) لانخفاض مخاطر الجذور وصغر حجم المظلة المناسب لعرض الطريق.,500.0,25.17,13.18,11.99
KED-ROAD-03196,شارع 26 يوليو,residential,1,Casuarina,كازوارينا,نوع طريق ضيق/سكني (residential) — تم اختيار كازوارينا (Casuarina) لانخفاض مخاطر الجذور وصغر حجم المظلة المناسب لعرض الطريق.,500.0,25.17,13.18,11.99
KED-ROAD-03532,شارع 26 يوليو,residential,1,Casuarina,كازوارينا,نوع طريق ضيق/سكني (residential) — تم اختيار كازوارينا (Casuarina) لانخفاض مخاطر الجذور وصغر حجم المظلة المناسب لعرض الطريق.,500.0,24.76,12.77,11.99
KED-ROAD-03531,شارع 26 يوليو,residential,1,Casuarina,كازوارينا,نوع طريق ضيق/سكني (residential) — تم اختيار كازوارينا (Casuarina) لانخفاض مخاطر الجذور وصغر حجم المظلة المناسب لعرض الطريق.,500.0,24.76,12.77,11.99
KED-ROAD-03521,شارع 26 يوليو,residential,1,Casuarina,كازوارينا,نوع طريق ضيق/سكني (residential) — تم اختيار كازوارينا (Casuarina) لانخفاض مخاطر الجذور وصغر حجم المظلة المناسب لعرض الطريق.,500.0,25.61,13.62,11.99
KED-ROAD-03520,شارع 26 يوليو,residential,1,Casuarina,كازوارينا,نوع طريق ضيق/سكني (residential) — تم اختيار كازوارينا (Casuarina) لانخفاض مخاطر الجذور وصغر حجم المظلة المناسب لعرض الطريق.,500.0,24.13,12.14,11.99
KED-ROAD-03519,شارع 26 يوليو,residential,1,Casuarina,كازوارينا,نوع طريق ضيق/سكني (residential) — تم اختيار كازوارينا (Casuarina) لانخفاض مخاطر الجذور وصغر حجم المظلة المناسب لعرض الطريق.,500.0,24.13,12.14,11.99
KED-ROAD-03231,شارع 26 يوليو,residential,1,Casuarina,كازوارينا,نوع طريق ضيق/سكني (residential) — تم اختيار كازوارينا (Casuarina) لانخفاض مخاطر الجذور وصغر حجم المظلة المناسب لعرض الطريق.,500.0,25.05,13.07,11.99
KED-ROAD-03230,حارة السلامه,residential,1,Casuarina,كازوارينا,نوع طريق ضيق/سكني (residential) — تم اختيار كازوارينا (Casuarina) لانخفاض مخاطر الجذور وصغر حجم المظلة المناسب لعرض الطريق.,500.0,22.63,10.64,11.99
KED-ROAD-03229,حارة السلامه,residential,1,Casuarina,كازوارينا,نوع طريق ضيق/سكني (residential) — تم اختيار كازوارينا (Casuarina) لانخفاض مخاطر الجذور وصغر حجم المظلة المناسب لعرض الطريق.,500.0,22.63,10.64,11.99
KED-ROAD-00250,شارع الجيش,secondary,1,Neem,نيم,نوع طريق رئيسي/متوسط (secondary) — تم اختيار نيم (Neem) لأعلى توافق موثّق (تحمل حراري مرتفع، احتياج مائي منخفض، ملاءمة عالية للطرق).,500.0,23.9,11.9,12.0
KED-ROAD-05876,شارع بلال بن رباح,tertiary,1,Neem,نيم,نوع طريق رئيسي/متوسط (tertiary) — تم اختيار نيم (Neem) لأعلى توافق موثّق (تحمل حراري مرتفع، احتياج مائي منخفض، ملاءمة عالية للطرق).,500.0,27.11,15.12,11.99
KED-ROAD-05875,شارع بلال بن رباح,tertiary,1,Neem,نيم,نوع طريق رئيسي/متوسط (tertiary) — تم اختيار نيم (Neem) لأعلى توافق موثّق (تحمل حراري مرتفع، احتياج مائي منخفض، ملاءمة عالية للطرق).,500.0,26.09,14.1,11.99
KED-ROAD-05873,شارع بلال بن رباح,tertiary,1,Neem,نيم,نوع طريق رئيسي/متوسط (tertiary) — تم اختيار نيم (Neem) لأعلى توافق موثّق (تحمل حراري مرتفع، احتياج مائي منخفض، ملاءمة عالية للطرق).,500.0,26.06,14.07,11.99
KED-ROAD-05853,شارع بلال بن رباح,tertiary,1,Neem,نيم,نوع طريق رئيسي/متوسط (tertiary) — تم اختيار نيم (Neem) لأعلى توافق موثّق (تحمل حراري مرتفع، احتياج مائي منخفض، ملاءمة عالية للطرق).,500.0,23.85,11.86,11.99
KED-ROAD-05852,شارع بلال بن رباح,tertiary,1,Neem,نيم,نوع طريق رئيسي/متوسط (tertiary) — تم اختيار نيم (Neem) لأعلى توافق موثّق (تحمل حراري مرتفع، احتياج مائي منخفض، ملاءمة عالية للطرق).,500.0,26.87,14.88,11.99
KED-ROAD-03216,شارع 26 يوليو,residential,1,Casuarina,كازوارينا,نوع طريق ضيق/سكني (residential) — تم اختيار كازوارينا (Casuarina) لانخفاض مخاطر الجذور وصغر حجم المظلة المناسب لعرض الطريق.,500.0,23.02,11.03,11.99
KED-ROAD-03215,شارع 26 يوليو,residential,1,Casuarina,كازوارينا,نوع طريق ضيق/سكني (residential) — تم اختيار كازوارينا (Casuarina) لانخفاض مخاطر الجذور وصغر حجم المظلة المناسب لعرض الطريق.,500.0,23.02,11.03,11.99
KED-ROAD-03510,شارع 26 يوليو,residential,1,Casuarina,كازوارينا,نوع طريق ضيق/سكني (residential) — تم اختيار كازوارينا (Casuarina) لانخفاض مخاطر الجذور وصغر حجم المظلة المناسب لعرض الطريق.,500.0,25.61,13.62,11.99
KED-ROAD-03505,شارع لواء الاسلام,residential,1,Casuarina,كازوارينا,نوع طريق ضيق/سكني (residential) — تم اختيار كازوارينا (Casuarina) لانخفاض مخاطر الجذور وصغر حجم المظلة المناسب لعرض الطريق.,500.0,23.99,12.0,11.99
KED-ROAD-03504,شارع لواء الاسلام,residential,1,Casuarina,كازوارينا,نوع طريق ضيق/سكني (residential) — تم اختيار كازوارينا (Casuarina) لانخفاض مخاطر الجذور وصغر حجم المظلة المناسب لعرض الطريق.,500.0,23.99,12.0,11.99
KED-ROAD-03503,شارع السيدة عائشة,residential,1,Casuarina,كازوارينا,نوع طريق ضيق/سكني (residential) — تم اختيار كازوارينا (Casuarina) لانخفاض مخاطر الجذور وصغر حجم المظلة المناسب لعرض الطريق.,500.0,24.16,12.17,11.99
KED-ROAD-03502,شارع السيدة عائشة,residential,1,Casuarina,كازوارينا,نوع طريق ضيق/سكني (residential) — تم اختيار كازوارينا (Casuarina) لانخفاض مخاطر الجذور وصغر حجم المظلة المناسب لعرض الطريق.,500.0,24.16,12.17,11.99
KED-ROAD-05984,شارع الترعه,residential,1,Casuarina,كازوارينا,نوع طريق ضيق/سكني (residential) — تم اختيار كازوارينا (Casuarina) لانخفاض مخاطر الجذور وصغر حجم المظلة المناسب لعرض الطريق.,500.0,24.16,12.17,11.99
KED-ROAD-05983,شارع الترعه,residential,1,Casuarina,كازوارينا,نوع طريق ضيق/سكني (residential) — تم اختيار كازوارينا (Casuarina) لانخفاض مخاطر الجذور وصغر حجم المظلة المناسب لعرض الطريق.,500.0,23.62,11.63,11.99
KED-ROAD-05982,شارع الترعه,residential,1,Casuarina,كازوارينا,نوع طريق ضيق/سكني (residential) — تم اختيار كازوارينا (Casuarina) لانخفاض مخاطر الجذور وصغر حجم المظلة المناسب لعرض الطريق.,500.0,23.62,11.63,11.99
KED-ROAD-05967,شارع عمارات التمليك,residential,1,Casuarina,كازوارينا,نوع طريق ضيق/سكني (residential) — تم اختيار كازوارينا (Casuarina) لانخفاض مخاطر الجذور وصغر حجم المظلة المناسب لعرض الطريق.,500.0,23.4,11.4,12.0
KED-ROAD-05957,شارع عمارات التمليك,residential,1,Casuarina,كازوارينا,نوع طريق ضيق/سكني (residential) — تم اختيار كازوارينا (Casuarina) لانخفاض مخاطر الجذور وصغر حجم المظلة المناسب لعرض الطريق.,500.0,23.4,11.4,12.0
KED-ROAD-05956,شارع مساكن التمليك,residential,1,Casuarina,كازوارينا,نوع طريق ضيق/سكني (residential) — تم اختيار كازوارينا (Casuarina) لانخفاض مخاطر الجذور وصغر حجم المظلة المناسب لعرض الطريق.,500.0,25.13,13.15,11.99
KED-ROAD-05955,شارع مساكن التمليك,residential,1,Casuarina,كازوارينا,نوع طريق ضيق/سكني (residential) — تم اختيار كازوارينا (Casuarina) لانخفاض مخاطر الجذور وصغر حجم المظلة المناسب لعرض الطريق.,500.0,25.13,13.15,11.99
KED-ROAD-00262,شارع المصرف,residential,1,Casuarina,كازوارينا,نوع طريق ضيق/سكني (residential) — تم اختيار كازوارينا (Casuarina) لانخفاض مخاطر الجذور وصغر حجم المظلة المناسب لعرض الطريق.,500.0,24.43,12.44,11.99
KED-ROAD-00261,شارع المصرف,residential,1,Casuarina,كازوارينا,نوع طريق ضيق/سكني (residential) — تم اختيار كازوارينا (Casuarina) لانخفاض مخاطر الجذور وصغر حجم المظلة المناسب لعرض الطريق.,500.0,24.43,12.44,11.99
KED-ROAD-06103,شارع مساكن الرحمن,residential,1,Casuarina,كازوارينا,نوع طريق ضيق/سكني (residential) — تم اختيار كازوارينا (Casuarina) لانخفاض مخاطر الجذور وصغر حجم المظلة المناسب لعرض الطريق.,500.0,22.97,10.97,11.99
KED-ROAD-06074,شارع اللواء محمود ابراهيم الكومى,residential,1,Casuarina,كازوارينا,نوع طريق ضيق/سكني (residential) — تم اختيار كازوارينا (Casuarina) لانخفاض مخاطر الجذور وصغر حجم المظلة المناسب لعرض الطريق.,500.0,23.49,11.49,11.99
KED-ROAD-06025,شارع مساكن الإسكان الصناعى,residential,1,Casuarina,كازوارينا,نوع طريق ضيق/سكني (residential) — تم اختيار كازوارينا (Casuarina) لانخفاض مخاطر الجذور وصغر حجم المظلة المناسب لعرض الطريق.,500.0,23.85,11.85,11.99
KED-ROAD-03248,شارع الشهيد حامد هنداوي,residential,1,Casuarina,كازوارينا,نوع طريق ضيق/سكني (residential) — تم اختيار كازوارينا (Casuarina) لانخفاض مخاطر الجذور وصغر حجم المظلة المناسب لعرض الطريق.,500.0,24.62,12.63,11.99
KED-ROAD-03247,شارع الشهيد حامد هنداوي,residential,1,Casuarina,كازوارينا,نوع طريق ضيق/سكني (residential) — تم اختيار كازوارينا (Casuarina) لانخفاض مخاطر الجذور وصغر حجم المظلة المناسب لعرض الطريق.,500.0,24.62,12.63,11.99
KED-ROAD-03232,شارع 26 يوليو,residential,1,Casuarina,كازوارينا,نوع طريق ضيق/سكني (residential) — تم اختيار كازوارينا (Casuarina) لانخفاض مخاطر الجذور وصغر حجم المظلة المناسب لعرض الطريق.,500.0,25.05,13.07,11.99
KED-ROAD-03262,شارع محمود الصباغ,residential,1,Casuarina,كازوارينا,نوع طريق ضيق/سكني (residential) — تم اختيار كازوارينا (Casuarina) لانخفاض مخاطر الجذور وصغر حجم المظلة المناسب لعرض الطريق.,500.0,23.19,11.2,11.99
KED-ROAD-06024,شارع مساكن الإسكان الصناعى,residential,1,Casuarina,كازوارينا,نوع طريق ضيق/سكني (residential) — تم اختيار كازوارينا (Casuarina) لانخفاض مخاطر الجذور وصغر حجم المظلة المناسب لعرض الطريق.,500.0,23.85,11.85,11.99
KED-ROAD-06023,شارع اللواء محمود ابراهيم الكومى,residential,1,Casuarina,كازوارينا,نوع طريق ضيق/سكني (residential) — تم اختيار كازوارينا (Casuarina) لانخفاض مخاطر الجذور وصغر حجم المظلة المناسب لعرض الطريق.,500.0,23.49,11.49,11.99
KED-ROAD-00188,شارع الوقار,residential,1,Casuarina,كازوارينا,نوع طريق ضيق/سكني (residential) — تم اختيار كازوارينا (Casuarina) لانخفاض مخاطر الجذور وصغر حجم المظلة المناسب لعرض الطريق.,500.0,22.03,10.04,11.99
KED-ROAD-00187,شارع الوقار,residential,1,Casuarina,كازوارينا,نوع طريق ضيق/سكني (residential) — تم اختيار كازوارينا (Casuarina) لانخفاض مخاطر الجذور وصغر حجم المظلة المناسب لعرض الطريق.,500.0,22.03,10.04,11.99
KED-ROAD-05985,شارع الترعه,residential,1,Casuarina,كازوارينا,نوع طريق ضيق/سكني (residential) — تم اختيار كازوارينا (Casuarina) لانخفاض مخاطر الجذور وصغر حجم المظلة المناسب لعرض الطريق.,500.0,24.16,12.17,11.99
KED-ROAD-03226,شارع الامه,residential,1,Casuarina,كازوارينا,نوع طريق ضيق/سكني (residential) — تم اختيار كازوارينا (Casuarina) لانخفاض مخاطر الجذور وصغر حجم المظلة المناسب لعرض الطريق.,500.0,23.04,11.04,11.99
KED-ROAD-03225,شارع الامه,residential,1,Casuarina,كازوارينا,نوع طريق ضيق/سكني (residential) — تم اختيار كازوارينا (Casuarina) لانخفاض مخاطر الجذور وصغر حجم المظلة المناسب لعرض الطريق.,500.0,23.04,11.04,11.99
KED-ROAD-03224,شارع 26 يوليو,residential,1,Casuarina,كازوارينا,نوع طريق ضيق/سكني (residential) — تم اختيار كازوارينا (Casuarina) لانخفاض مخاطر الجذور وصغر حجم المظلة المناسب لعرض الطريق.,500.0,25.93,13.95,11.99
KED-ROAD-03223,شارع 26 يوليو,residential,1,Casuarina,كازوارينا,نوع طريق ضيق/سكني (residential) — تم اختيار كازوارينا (Casuarina) لانخفاض مخاطر الجذور وصغر حجم المظلة المناسب لعرض الطريق.,500.0,25.93,13.95,11.99
KED-ROAD-03328,شارع الشعب,residential,1,Casuarina,كازوارينا,نوع طريق ضيق/سكني (residential) — تم اختيار كازوارينا (Casuarina) لانخفاض مخاطر الجذور وصغر حجم المظلة المناسب لعرض الطريق.,500.0,25.95,13.96,11.99
KED-ROAD-03408,شارع مصطفى كحيل,residential,1,Casuarina,كازوارينا,نوع طريق ضيق/سكني (residential) — تم اختيار كازوارينا (Casuarina) لانخفاض مخاطر الجذور وصغر حجم المظلة المناسب لعرض الطريق.,500.0,24.01,12.02,11.99
KED-ROAD-06321,شارع عمارات التمليك,residential,1,Casuarina,كازوارينا,نوع طريق ضيق/سكني (residential) — تم اختيار كازوارينا (Casuarina) لانخفاض مخاطر الجذور وصغر حجم المظلة المناسب لعرض الطريق.,500.0,23.24,11.25,11.99
KED-ROAD-03409,شارع مصطفى كحيل,residential,1,Casuarina,كازوارينا,نوع طريق ضيق/سكني (residential) — تم اختيار كازوارينا (Casuarina) لانخفاض مخاطر الجذور وصغر حجم المظلة المناسب لعرض الطريق.,500.0,24.01,12.02,11.99
KED-ROAD-00170,عطفه المأمون,residential,1,Casuarina,كازوارينا,نوع طريق ضيق/سكني (residential) — تم اختيار كازوارينا (Casuarina) لانخفاض مخاطر الجذور وصغر حجم المظلة المناسب لعرض الطريق.,500.0,24.65,12.65,12.0
KED-ROAD-00169,عطفه المأمون,residential,1,Casuarina,كازوارينا,نوع طريق ضيق/سكني (residential) — تم اختيار كازوارينا (Casuarina) لانخفاض مخاطر الجذور وصغر حجم المظلة المناسب لعرض الطريق.,500.0,24.65,12.65,12.0
KED-ROAD-00164,شارع المصرف,residential,1,Casuarina,كازوارينا,نوع طريق ضيق/سكني (residential) — تم اختيار كازوارينا (Casuarina) لانخفاض مخاطر الجذور وصغر حجم المظلة المناسب لعرض الطريق.,500.0,23.93,11.94,11.99
KED-ROAD-00163,شارع المصرف,residential,1,Casuarina,كازوارينا,نوع طريق ضيق/سكني (residential) — تم اختيار كازوارينا (Casuarina) لانخفاض مخاطر الجذور وصغر حجم المظلة المناسب لعرض الطريق.,500.0,23.93,11.94,11.99
KED-ROAD-00159,شارع المصرف,residential,1,Casuarina,كازوارينا,نوع طريق ضيق/سكني (residential) — تم اختيار كازوارينا (Casuarina) لانخفاض مخاطر الجذور وصغر حجم المظلة المناسب لعرض الطريق.,500.0,24.23,12.24,11.99
KED-ROAD-06188,شارع اللواء محمود ابراهيم الكومى,residential,1,Casuarina,كازوارينا,نوع طريق ضيق/سكني (residential) — تم اختيار كازوارينا (Casuarina) لانخفاض مخاطر الجذور وصغر حجم المظلة المناسب لعرض الطريق.,500.0,24.83,12.84,11.99
KED-ROAD-06187,شارع اللواء محمود ابراهيم الكومى,residential,1,Casuarina,كازوارينا,نوع طريق ضيق/سكني (residential) — تم اختيار كازوارينا (Casuarina) لانخفاض مخاطر الجذور وصغر حجم المظلة المناسب لعرض الطريق.,500.0,24.83,12.84,11.99
KED-ROAD-03261,شارع محمود الصباغ,residential,1,Casuarina,كازوارينا,نوع طريق ضيق/سكني (residential) — تم اختيار كازوارينا (Casuarina) لانخفاض مخاطر الجذور وصغر حجم المظلة المناسب لعرض الطريق.,500.0,23.19,11.2,11.99
KED-ROAD-03260,شارع الامه,residential,1,Casuarina,كازوارينا,نوع طريق ضيق/سكني (residential) — تم اختيار كازوارينا (Casuarina) لانخفاض مخاطر الجذور وصغر حجم المظلة المناسب لعرض الطريق.,500.0,24.59,12.6,11.99
KED-ROAD-03259,شارع الامه,residential,1,Casuarina,كازوارينا,نوع طريق ضيق/سكني (residential) — تم اختيار كازوارينا (Casuarina) لانخفاض مخاطر الجذور وصغر حجم المظلة المناسب لعرض الطريق.,500.0,24.59,12.6,11.99
KED-ROAD-03254,شارع الامه,residential,1,Casuarina,كازوارينا,نوع طريق ضيق/سكني (residential) — تم اختيار كازوارينا (Casuarina) لانخفاض مخاطر الجذور وصغر حجم المظلة المناسب لعرض الطريق.,500.0,25.75,13.75,11.99
KED-ROAD-03253,شارع الامه,residential,1,Casuarina,كازوارينا,نوع طريق ضيق/سكني (residential) — تم اختيار كازوارينا (Casuarina) لانخفاض مخاطر الجذور وصغر حجم المظلة المناسب لعرض الطريق.,500.0,25.75,13.75,11.99
KED-ROAD-01445,شارع بكر الدكراوي,residential,1,Casuarina,كازوارينا,نوع طريق ضيق/سكني (residential) — تم اختيار كازوارينا (Casuarina) لانخفاض مخاطر الجذور وصغر حجم المظلة المناسب لعرض الطريق.,500.0,22.26,10.28,11.99
KED-ROAD-01444,شارع بكر الدكراوي,residential,1,Casuarina,كازوارينا,نوع طريق ضيق/سكني (residential) — تم اختيار كازوارينا (Casuarina) لانخفاض مخاطر الجذور وصغر حجم المظلة المناسب لعرض الطريق.,500.0,22.26,10.28,11.99
KED-ROAD-01471,شارع الروايح,residential,1,Casuarina,كازوارينا,نوع طريق ضيق/سكني (residential) — تم اختيار كازوارينا (Casuarina) لانخفاض مخاطر الجذور وصغر حجم المظلة المناسب لعرض الطريق.,500.0,22.84,10.85,11.99
KED-ROAD-01462,شارع 9,residential,1,Casuarina,كازوارينا,نوع طريق ضيق/سكني (residential) — تم اختيار كازوارينا (Casuarina) لانخفاض مخاطر الجذور وصغر حجم المظلة المناسب لعرض الطريق.,500.0,24.4,12.42,11.99
KED-ROAD-01461,شارع 9,residential,1,Casuarina,كازوارينا,نوع طريق ضيق/سكني (residential) — تم اختيار كازوارينا (Casuarina) لانخفاض مخاطر الجذور وصغر حجم المظلة المناسب لعرض الطريق.,500.0,24.4,12.42,11.99
KED-ROAD-01441,شارع بكر الدكراوي,residential,1,Casuarina,كازوارينا,نوع طريق ضيق/سكني (residential) — تم اختيار كازوارينا (Casuarina) لانخفاض مخاطر الجذور وصغر حجم المظلة المناسب لعرض الطريق.,500.0,23.3,11.31,11.99
KED-ROAD-01440,شارع احمد بكر,residential,1,Casuarina,كازوارينا,نوع طريق ضيق/سكني (residential) — تم اختيار كازوارينا (Casuarina) لانخفاض مخاطر الجذور وصغر حجم المظلة المناسب لعرض الطريق.,500.0,25.03,13.03,11.99
KED-ROAD-01439,شارع احمد بكر,residential,1,Casuarina,كازوارينا,نوع طريق ضيق/سكني (residential) — تم اختيار كازوارينا (Casuarina) لانخفاض مخاطر الجذور وصغر حجم المظلة المناسب لعرض الطريق.,500.0,25.03,13.03,11.99
KED-ROAD-04545,شارع صافي دراز,residential,1,Casuarina,كازوارينا,نوع طريق ضيق/سكني (residential) — تم اختيار كازوارينا (Casuarina) لانخفاض مخاطر الجذور وصغر حجم المظلة المناسب لعرض الطريق.,500.0,25.26,13.27,11.99
KED-ROAD-04544,شارع صافي دراز,residential,1,Casuarina,كازوارينا,نوع طريق ضيق/سكني (residential) — تم اختيار كازوارينا (Casuarina) لانخفاض مخاطر الجذور وصغر حجم المظلة المناسب لعرض الطريق.,500.0,25.26,13.27,11.99
KED-ROAD-06252,شارع على بن ابى طالب,residential,1,Casuarina,كازوارينا,نوع طريق ضيق/سكني (residential) — تم اختيار كازوارينا (Casuarina) لانخفاض مخاطر الجذور وصغر حجم المظلة المناسب لعرض الطريق.,500.0,25.38,13.39,11.99
KED-ROAD-00158,شارع المصرف,residential,1,Casuarina,كازوارينا,نوع طريق ضيق/سكني (residential) — تم اختيار كازوارينا (Casuarina) لانخفاض مخاطر الجذور وصغر حجم المظلة المناسب لعرض الطريق.,500.0,24.23,12.24,11.99
KED-ROAD-00178,شارع محمد متولي الشعراوى,residential,1,Casuarina,كازوارينا,نوع طريق ضيق/سكني (residential) — تم اختيار كازوارينا (Casuarina) لانخفاض مخاطر الجذور وصغر حجم المظلة المناسب لعرض الطريق.,500.0,23.39,11.4,11.99
KED-ROAD-00177,شارع محمد متولي الشعراوى,residential,1,Casuarina,كازوارينا,نوع طريق ضيق/سكني (residential) — تم اختيار كازوارينا (Casuarina) لانخفاض مخاطر الجذور وصغر حجم المظلة المناسب لعرض الطريق.,500.0,23.39,11.4,11.99
KED-ROAD-03430,شارع الترعه,residential,1,Casuarina,كازوارينا,نوع طريق ضيق/سكني (residential) — تم اختيار كازوارينا (Casuarina) لانخفاض مخاطر الجذور وصغر حجم المظلة المناسب لعرض الطريق.,500.0,23.85,11.87,11.99
KED-ROAD-03429,شارع الترعه,residential,1,Casuarina,كازوارينا,نوع طريق ضيق/سكني (residential) — تم اختيار كازوارينا (Casuarina) لانخفاض مخاطر الجذور وصغر حجم المظلة المناسب لعرض الطريق.,500.0,23.85,11.87,11.99
