road_id,road_name,heat_score,vegetation_deficit_score,feasibility_score,priority_score,priority_class
KED-ROAD-01015,"طريق القاهرة, الاسكندرية الزراعى",57.5,70.3,98.7,74.3,High
KED-ROAD-02834,شارع مدخل كفر الدوار,57.5,70.7,96.4,73.8,High
KED-ROAD-04323,شارع احمد عرابى,57.5,68.5,98.4,73.6,High
KED-ROAD-02838,شارع بورسعيد,57.5,70.7,95.5,73.5,High
KED-ROAD-02835,شارع مدخل كفر الدوار,57.5,69.8,96.5,73.5,High
KED-ROAD-02839,شارع بورسعيد,57.5,70.7,95.5,73.5,High
KED-ROAD-01356,شارع المستشفى الشامله,57.5,69.5,96.3,73.4,High
KED-ROAD-02245,,57.5,70.2,95.5,73.3,High
KED-ROAD-02041,شارع ابراهيم سعيد,57.5,71.5,93.5,73.2,High
KED-ROAD-02042,شارع ابراهيم سعيد,57.5,71.5,93.5,73.2,High
KED-ROAD-00731,شارع الجيش,57.5,68.8,96.5,73.2,High
KED-ROAD-02255,,57.5,70.0,94.9,73.1,High
KED-ROAD-02854,شارع المضرب,57.5,70.2,94.8,73.1,High
KED-ROAD-02853,شارع المضرب,57.5,70.2,94.8,73.1,High
KED-ROAD-01113,شارع المستشفى الشامله,57.5,69.6,95.5,73.1,High
KED-ROAD-02256,,57.5,70.0,94.9,73.1,High
KED-ROAD-02039,,57.5,71.4,93.4,73.1,High
KED-ROAD-02040,,57.5,71.4,93.4,73.1,High
KED-ROAD-00051,طريق ترعه السعرانية,57.5,69.5,95.3,73.0,High
KED-ROAD-00052,طريق ترعه السعرانية,57.5,69.5,95.3,73.0,High
KED-ROAD-01064,شارع مدخل كفر الدوار,57.5,70.1,94.5,73.0,High
KED-ROAD-02280,شارع مدخل كفر الدوار,57.5,69.3,95.3,73.0,High
KED-ROAD-04563,شارع بورسعيد,57.5,70.7,93.7,73.0,High
KED-ROAD-01018,شارع مدخل كفر الدوار,57.5,70.5,93.6,72.9,High
KED-ROAD-04596,شارع مساكن الغزل,57.5,70.8,92.8,72.8,High
KED-ROAD-04243,شارع الجوهري,57.5,70.2,93.6,72.8,High
KED-ROAD-04244,شارع الجوهري,57.5,70.2,93.6,72.8,High
KED-ROAD-02231,شارع 2,57.5,70.3,93.6,72.8,High
KED-ROAD-02232,شارع 2,57.5,70.3,93.6,72.8,High
KED-ROAD-04597,شارع مساكن الغزل,57.5,70.8,92.8,72.8,High
KED-ROAD-01054,شارع مدخل كفر الدوار,57.5,70.7,93.2,72.8,High
KED-ROAD-02869,شارع مدخل كفر الدوار,57.5,70.0,93.5,72.7,High
KED-ROAD-00256,,57.5,71.2,92.1,72.7,High
KED-ROAD-00257,,57.5,71.2,92.1,72.7,High
KED-ROAD-00253,,57.5,71.2,92.1,72.7,High
KED-ROAD-01050,,57.5,71.5,91.9,72.7,High
KED-ROAD-01020,,57.5,70.2,93.4,72.7,High
KED-ROAD-01051,,57.5,71.5,91.9,72.7,High
KED-ROAD-01019,,57.5,70.2,93.4,72.7,High
KED-ROAD-00150,,57.5,70.4,92.7,72.6,High
KED-ROAD-02729,شارع بورسعيد,57.5,71.1,91.8,72.6,High
KED-ROAD-00993,شارع القاهر,57.5,69.5,93.5,72.5,High
KED-ROAD-01042,,57.5,69.1,94.0,72.5,High
KED-ROAD-01362,شارع المستشفى الشامله,57.5,68.8,94.3,72.5,High
KED-ROAD-00994,شارع القاهر,57.5,69.5,93.5,72.5,High
KED-ROAD-01041,,57.5,69.1,94.0,72.5,High
KED-ROAD-02240,,57.5,70.7,92.2,72.5,High
KED-ROAD-02239,,57.5,70.7,92.2,72.5,High
KED-ROAD-04294,شارع حمودة,57.5,67.0,96.1,72.4,High
KED-ROAD-04552,شارع مساكن الغزل,57.5,67.9,95.0,72.4,High
KED-ROAD-04573,شارع مساكن الغزل,57.5,67.9,95.0,72.4,High
KED-ROAD-04293,شارع حمودة,57.5,67.0,96.1,72.4,High
KED-ROAD-01014,"طريق القاهرة, الاسكندرية الزراعى",57.5,71.4,90.9,72.4,High
KED-ROAD-00365,حارة الرفاعى,57.5,72.5,89.7,72.4,High
KED-ROAD-00364,حارة الرفاعى,57.5,72.5,89.7,72.4,High
KED-ROAD-01562,شارع بورسعيد,57.5,70.8,91.5,72.4,High
KED-ROAD-00026,شارع مجدي حسنين,57.5,71.3,91.0,72.4,High
KED-ROAD-00025,شارع مجدي حسنين,57.5,71.3,91.0,72.4,High
KED-ROAD-01561,شارع بورسعيد,57.5,70.8,91.5,72.4,High
KED-ROAD-01074,,57.5,69.9,92.5,72.3,High
KED-ROAD-02743,شارع احمد عرابى,57.5,69.3,92.9,72.3,High
KED-ROAD-02742,شارع احمد عرابى,57.5,69.3,92.9,72.3,High
KED-ROAD-00036,شارع سعيد بركات,57.5,69.0,93.3,72.3,High
KED-ROAD-03815,الطريق الدولي,57.5,69.0,93.6,72.3,High
KED-ROAD-01073,,57.5,69.9,92.5,72.3,High
KED-ROAD-01009,,57.5,71.3,90.8,72.3,High
KED-ROAD-01010,,57.5,71.3,90.8,72.3,High
KED-ROAD-00035,شارع سعيد بركات,57.5,69.0,93.3,72.3,High
KED-ROAD-06430,,57.5,71.2,91.0,72.3,High
KED-ROAD-06429,,57.5,71.2,91.0,72.3,High
KED-ROAD-06328,شارع الترعه,57.5,67.0,95.5,72.2,High
KED-ROAD-01025,,57.5,71.0,90.9,72.2,High
KED-ROAD-01005,شارع 3,57.5,68.3,93.9,72.2,High
KED-ROAD-01006,شارع 3,57.5,68.3,93.9,72.2,High
KED-ROAD-02868,شارع مدخل كفر الدوار,57.5,70.7,91.0,72.2,High
KED-ROAD-02229,شارع 1,57.5,68.8,93.3,72.2,High
KED-ROAD-06329,شارع الترعه,57.5,67.0,95.5,72.2,High
KED-ROAD-02230,شارع 1,57.5,68.8,93.3,72.2,High
KED-ROAD-00149,,57.5,67.2,94.9,72.1,High
KED-ROAD-00115,شارع 4,57.5,68.5,93.1,72.0,High
KED-ROAD-04285,شارع مسجد التقوى,57.5,70.6,90.7,72.0,High
KED-ROAD-04595,,57.5,70.1,91.0,72.0,High
KED-ROAD-04286,شارع مسجد التقوى,57.5,70.6,90.7,72.0,High
KED-ROAD-04594,,57.5,70.1,91.0,72.0,High
KED-ROAD-04569,,57.5,69.6,91.7,72.0,High
KED-ROAD-00738,شارع الجيش,57.5,69.9,91.3,72.0,High
KED-ROAD-04568,,57.5,69.6,91.7,72.0,High
KED-ROAD-05016,,57.5,69.3,92.1,72.0,High
KED-ROAD-02630,شارع الجلاء,57.5,69.3,92.2,72.0,High
KED-ROAD-02651,شارع الجلاء,57.5,69.3,92.2,72.0,High
KED-ROAD-05015,,57.5,69.3,92.1,72.0,High
KED-ROAD-00116,شارع 4,57.5,68.5,93.1,72.0,High
KED-ROAD-05023,الطريق الدولي,57.5,70.3,91.0,72.0,High
KED-ROAD-00254,,57.5,70.6,90.4,72.0,High
KED-ROAD-00259,شارع الجيش,57.5,70.1,91.1,72.0,High
KED-ROAD-04708,شارع اللواء محمود ابراهيم الكومى,57.5,67.8,93.8,72.0,High
KED-ROAD-04709,شارع اللواء محمود ابراهيم الكومى,57.5,67.8,93.8,72.0,High
KED-ROAD-02257,,57.5,70.9,90.3,72.0,High
KED-ROAD-02258,,57.5,70.9,90.3,72.0,High
KED-ROAD-02271,,57.5,70.8,89.8,71.9,High
KED-ROAD-02156,شارع نجم,57.5,70.8,90.1,71.9,High
KED-ROAD-02155,شارع نجم,57.5,70.8,90.1,71.9,High
KED-ROAD-03392,شارع بورسعيد,57.5,70.6,90.3,71.9,High
KED-ROAD-00113,شارع محمد عامر,57.5,69.6,91.4,71.9,High
KED-ROAD-00114,شارع محمد عامر,57.5,69.6,91.4,71.9,High
KED-ROAD-06193,,57.5,64.0,98.0,71.9,High
KED-ROAD-06421,,57.5,71.5,89.3,71.9,High
KED-ROAD-06194,,57.5,64.0,98.0,71.9,High
KED-ROAD-02272,,57.5,70.8,89.8,71.9,High
KED-ROAD-03391,شارع بورسعيد,57.5,70.6,90.3,71.9,High
KED-ROAD-06420,,57.5,71.5,89.3,71.9,High
KED-ROAD-02101,شارع صلاح ابو جبل,57.5,68.3,92.5,71.8,High
KED-ROAD-01103,"طريق القاهرة, الاسكندرية الزراعى",57.5,69.8,90.9,71.8,High
KED-ROAD-01028,,57.5,70.8,89.7,71.8,High
KED-ROAD-01029,,57.5,70.8,89.7,71.8,High
KED-ROAD-02215,شارع 7,57.5,69.8,90.7,71.8,High
KED-ROAD-02017,شارع عبد الغنى رياض,57.5,70.4,90.3,71.8,High
KED-ROAD-02205,"طريق كفر الدوار, ابو المطامير",57.5,69.1,91.8,71.8,High
KED-ROAD-02102,شارع صلاح ابو جبل,57.5,68.3,92.5,71.8,High
KED-ROAD-02206,"طريق كفر الدوار, ابو المطامير",57.5,69.1,91.8,71.8,High
KED-ROAD-02216,شارع 7,57.5,69.8,90.7,71.8,High
KED-ROAD-02018,شارع عبد الغنى رياض,57.5,70.4,90.3,71.8,High
KED-ROAD-00812,شارع عمر مكرم,57.5,71.1,89.0,71.7,High
KED-ROAD-02851,شارع بكر الدكراوي,57.5,67.3,93.4,71.7,High
KED-ROAD-06452,شارع محمد انور السادات,57.5,71.9,88.0,71.7,High
KED-ROAD-02852,شارع بكر الدكراوي,57.5,67.3,93.4,71.7,High
KED-ROAD-04609,,57.5,67.7,92.9,71.7,High
KED-ROAD-04608,,57.5,67.7,92.9,71.7,High
KED-ROAD-00811,شارع عمر مكرم,57.5,71.1,89.0,71.7,High
KED-ROAD-00155,,57.5,68.7,91.7,71.7,High
KED-ROAD-01116,شارع المستشفى الشامله,57.5,68.6,91.9,71.7,High
KED-ROAD-06451,شارع محمد انور السادات,57.5,71.9,88.0,71.7,High
KED-ROAD-02530,شارع على بن ابى طالب,57.5,71.6,87.9,71.6,High
KED-ROAD-02870,شارع احمد عرابى,57.5,70.0,90.0,71.6,High
KED-ROAD-01387,شارع بكر الدكراوي,57.5,64.9,96.0,71.6,High
KED-ROAD-01386,شارع بكر الدكراوي,57.5,64.9,96.0,71.6,High
KED-ROAD-02881,شارع احمد عرابى,57.5,70.0,90.0,71.6,High
KED-ROAD-02529,شارع على بن ابى طالب,57.5,71.6,87.9,71.6,High
KED-ROAD-00092,,57.5,70.8,88.8,71.5,High
KED-ROAD-06423,,57.5,67.6,92.2,71.5,High
KED-ROAD-06422,,57.5,67.6,92.2,71.5,High
KED-ROAD-02109,"طريق كفر الدوار, ابو المطامير",57.5,71.2,88.2,71.5,High
KED-ROAD-02110,"طريق كفر الدوار, ابو المطامير",57.5,71.2,88.2,71.5,High
KED-ROAD-00091,,57.5,70.8,88.8,71.5,High
KED-ROAD-02227,شارع 6,57.5,67.9,91.9,71.5,High
KED-ROAD-02259,شارع الحاج مسعود خليل,57.5,69.2,90.5,71.5,High
KED-ROAD-02260,شارع الحاج مسعود خليل,57.5,69.2,90.5,71.5,High
KED-ROAD-04885,,57.5,70.0,89.6,71.5,High
KED-ROAD-01258,شارع بكر الدكراوي,57.5,69.9,89.5,71.5,High
KED-ROAD-01257,شارع بكر الدكراوي,57.5,69.9,89.5,71.5,High
KED-ROAD-02228,شارع 6,57.5,67.9,91.9,71.5,High
KED-ROAD-04886,,57.5,70.0,89.6,71.5,High
KED-ROAD-03390,شارع احمد عرابى,57.5,69.4,90.0,71.4,High
KED-ROAD-00367,حارة الشيخ سليم البشري,57.5,71.2,88.0,71.4,High
KED-ROAD-03389,شارع احمد عرابى,57.5,69.4,90.0,71.4,High
KED-ROAD-01311,شارع القنطره,57.5,69.1,90.3,71.4,High
KED-ROAD-05771,شارع شحاته,57.5,70.1,89.1,71.4,High
KED-ROAD-02339,شارع نجم,57.5,68.5,91.0,71.4,High
KED-ROAD-01319,شارع المستشفى الشامله,57.5,69.6,89.7,71.4,High
KED-ROAD-05770,شارع شحاته,57.5,70.1,89.1,71.4,High
KED-ROAD-01040,شارع القنطره,57.5,69.1,90.3,71.4,High
KED-ROAD-00366,حارة الشيخ سليم البشري,57.5,71.2,88.0,71.4,High
KED-ROAD-03650,شارع بورسعيد,57.5,70.2,88.5,71.3,High
KED-ROAD-02203,طريق ترعه السعرانية,57.5,64.2,95.6,71.3,High
KED-ROAD-04498,شارع اللواء محمود ابراهيم الكومى,57.5,70.1,88.9,71.3,High
KED-ROAD-02204,طريق ترعه السعرانية,57.5,64.2,95.6,71.3,High
KED-ROAD-03709,شارع بورسعيد,57.5,70.2,88.5,71.3,High
KED-ROAD-02454,شارع على بن ابى طالب,57.5,70.6,88.3,71.3,High
KED-ROAD-01352,شارع المستشفى الشامله,57.5,70.8,88.2,71.3,High
KED-ROAD-04499,شارع اللواء محمود ابراهيم الكومى,57.5,70.1,88.9,71.3,High
KED-ROAD-02455,شارع على بن ابى طالب,57.5,70.6,88.3,71.3,High
KED-ROAD-03032,شارع الخليفه,57.5,70.4,88.1,71.2,High
KED-ROAD-03031,شارع الخليفه,57.5,70.4,88.1,71.2,High
KED-ROAD-01312,,57.5,68.6,90.0,71.2,High
KED-ROAD-01313,,57.5,68.6,90.0,71.2,High
KED-ROAD-02014,شارع سمير لبيب,57.5,70.2,88.2,71.2,High
KED-ROAD-02013,شارع سمير لبيب,57.5,70.2,88.2,71.2,High
KED-ROAD-06326,,57.5,71.5,86.9,71.2,High
KED-ROAD-06327,,57.5,71.5,86.9,71.2,High
KED-ROAD-01096,,57.5,69.7,89.1,71.2,High
KED-ROAD-01030,شارع مدخل كفر الدوار,57.5,69.8,89.0,71.2,High
KED-ROAD-01097,,57.5,69.7,89.1,71.2,High
KED-ROAD-06319,,57.5,70.9,87.2,71.1,High
KED-ROAD-00712,شارع امين غانم,57.5,71.2,86.8,71.1,High
KED-ROAD-04493,شارع اللواء محمود ابراهيم الكومى,57.5,69.2,89.1,71.1,High
KED-ROAD-04482,شارع اللواء محمود ابراهيم الكومى,57.5,69.2,89.1,71.1,High
KED-ROAD-04483,شارع صلاح سالم,57.5,69.2,89.2,71.1,High
KED-ROAD-04484,شارع صلاح سالم,57.5,69.2,89.2,71.1,High
KED-ROAD-00711,شارع امين غانم,57.5,71.2,86.8,71.1,High
KED-ROAD-06320,,57.5,70.9,87.2,71.1,High
KED-ROAD-03738,شارع احمد عرابى,57.5,68.5,90.0,71.1,High
KED-ROAD-04995,,57.5,70.2,88.1,71.1,High
KED-ROAD-04996,,57.5,70.2,88.1,71.1,High
KED-ROAD-03600,شارع احمد عرابى,57.5,68.5,90.0,71.1,High
KED-ROAD-02658,شارع المهلج,57.5,70.7,87.5,71.1,High
KED-ROAD-02833,شارع مدخل كفر الدوار,57.5,69.8,88.6,71.1,High
KED-ROAD-02659,شارع المهلج,57.5,70.7,87.5,71.1,High
KED-ROAD-03191,حارة ام السعد,57.5,70.4,87.9,71.1,High
KED-ROAD-03170,حارة ام السعد,57.5,70.4,87.9,71.1,High
KED-ROAD-00752,عطفه والي,57.5,70.8,87.1,71.0,High
KED-ROAD-04622,شارع السواقين,57.5,67.7,90.5,71.0,High
KED-ROAD-00751,عطفه والي,57.5,70.8,87.1,71.0,High
KED-ROAD-05048,شارع رجب سعد,57.5,70.7,87.1,71.0,High
KED-ROAD-05047,شارع رجب سعد,57.5,70.7,87.1,71.0,High
KED-ROAD-05046,,57.5,67.1,91.5,71.0,High
KED-ROAD-01078,,57.5,69.2,88.9,71.0,High
KED-ROAD-03591,شارع ابن سينا,57.5,71.1,86.7,71.0,High
KED-ROAD-03560,شارع ابن سينا,57.5,71.1,86.7,71.0,High
KED-ROAD-00398,شارع الجيش,57.5,71.0,86.7,71.0,High
KED-ROAD-05045,,57.5,67.1,91.5,71.0,High
KED-ROAD-01081,,57.5,69.8,88.2,71.0,High
KED-ROAD-01082,,57.5,69.8,88.2,71.0,High
KED-ROAD-01077,,57.5,69.2,88.9,71.0,High
KED-ROAD-04743,شارع السواقين,57.5,67.7,90.5,71.0,High
KED-ROAD-00997,شارع القلعه,57.5,68.1,90.1,71.0,High
KED-ROAD-05994,شارع مساكن الغزل,57.5,64.2,94.6,71.0,High
KED-ROAD-02277,شارع مدخل كفر الدوار,57.5,69.7,88.4,71.0,High
KED-ROAD-02351,,57.5,71.0,86.9,71.0,High
KED-ROAD-05993,شارع مساكن الغزل,57.5,64.2,94.6,71.0,High
KED-ROAD-03740,شارع التأمين الصحى,57.5,68.5,89.8,71.0,High
KED-ROAD-03739,شارع التأمين الصحى,57.5,68.5,89.8,71.0,High
KED-ROAD-00998,شارع القلعه,57.5,68.1,90.1,71.0,High
KED-ROAD-03813,,57.5,71.1,86.5,71.0,High
KED-ROAD-03814,,57.5,71.1,86.5,71.0,High
KED-ROAD-02244,,57.5,63.3,95.7,71.0,High
KED-ROAD-02243,,57.5,63.3,95.7,71.0,High
KED-ROAD-01302,شارع القنطره,57.5,69.1,88.7,70.9,High
KED-ROAD-05009,,57.5,70.5,87.1,70.9,High
KED-ROAD-05017,الطريق الدولي,57.5,68.2,89.6,70.9,High
KED-ROAD-01301,شارع القنطره,57.5,69.1,88.7,70.9,High
KED-ROAD-05010,,57.5,70.5,87.1,70.9,High
KED-ROAD-01043,شارع مدخل كفر الدوار,57.5,70.3,87.3,70.9,High
KED-ROAD-04679,شارع اللواء محمود ابراهيم الكومى,57.5,67.3,90.7,70.9,High
KED-ROAD-00018,شارع الشهيد محمد العطار,57.5,71.8,85.5,70.9,High
KED-ROAD-00017,شارع الشهيد محمد العطار,57.5,71.8,85.5,70.9,High
KED-ROAD-03837,شارع التأمين الصحى,57.5,70.9,86.3,70.9,High
KED-ROAD-04757,شارع مساكن الغزل,57.5,68.1,89.8,70.9,High
KED-ROAD-04756,شارع مساكن الغزل,57.5,68.1,89.8,70.9,High
KED-ROAD-02343,شارع نجم,57.5,70.7,86.8,70.9,High
KED-ROAD-03193,شارع الجلاء,57.5,69.0,88.8,70.9,High
KED-ROAD-04678,شارع اللواء محمود ابراهيم الكومى,57.5,67.3,90.7,70.9,High
KED-ROAD-03192,شارع الجلاء,57.5,69.0,88.8,70.9,High
KED-ROAD-03836,شارع التأمين الصحى,57.5,70.9,86.3,70.9,High
KED-ROAD-02214,شارع فرج فراج,57.5,67.9,90.2,70.9,High
KED-ROAD-02213,شارع فرج فراج,57.5,67.9,90.2,70.9,High
KED-ROAD-00892,شارع غزه,57.5,71.0,86.2,70.8,High
KED-ROAD-01497,شارع محمود الجندى,57.5,70.6,86.7,70.8,High
KED-ROAD-00737,شارع امين غانم,57.5,70.4,86.7,70.8,High
KED-ROAD-01496,شارع محمود الجندى,57.5,70.6,86.7,70.8,High
KED-ROAD-00736,شارع امين غانم,57.5,70.4,86.7,70.8,High
KED-ROAD-00893,شارع غزه,57.5,71.0,86.2,70.8,High
KED-ROAD-01234,شارع عبد الرازق,57.5,70.7,86.6,70.8,High
KED-ROAD-01212,طريق سيدى عبد القادر زلط,57.5,61.2,97.6,70.8,High
KED-ROAD-05012,,57.5,68.9,88.6,70.8,High
KED-ROAD-01211,طريق سيدى عبد القادر زلط,57.5,61.2,97.6,70.8,High
KED-ROAD-04981,,57.5,68.9,88.6,70.8,High
KED-ROAD-01233,شارع عبد الرازق,57.5,70.7,86.6,70.8,High
KED-ROAD-00393,شارع مصطفى كامل,57.5,72.0,84.9,70.8,High
KED-ROAD-00310,,57.5,70.0,87.3,70.8,High
KED-ROAD-02657,شارع المهلج,57.5,70.3,87.0,70.8,High
KED-ROAD-00309,,57.5,70.0,87.3,70.8,High
KED-ROAD-01095,شارع مدخل كفر الدوار,57.5,70.7,86.3,70.8,High
KED-ROAD-02656,شارع المهلج,57.5,70.3,87.0,70.8,High
KED-ROAD-01049,شارع مدخل كفر الدوار,57.5,70.2,87.1,70.8,High
KED-ROAD-00392,شارع مصطفى كامل,57.5,72.0,84.9,70.8,High
KED-ROAD-04357,شارع 17,57.5,70.8,86.1,70.7,High
KED-ROAD-02052,طريق ترعه السعرانية,57.5,69.9,87.1,70.7,High
KED-ROAD-01377,شارع سعيد عبد المعطى,57.5,67.9,89.4,70.7,High
KED-ROAD-02430,شارع المهدى,57.5,70.7,86.2,70.7,High
KED-ROAD-02441,شارع المهدى,57.5,70.7,86.2,70.7,High
KED-ROAD-04899,شارع غطاس تادرس,57.5,73.8,82.5,70.7,High
KED-ROAD-03559,شارع لواء الاسلام,57.5,69.8,87.2,70.7,High
KED-ROAD-04913,شارع 10,57.5,67.5,89.8,70.7,High
KED-ROAD-03558,شارع لواء الاسلام,57.5,69.8,87.2,70.7,High
KED-ROAD-03720,شارع احمد عرابى,57.5,70.1,86.7,70.7,High
KED-ROAD-02051,طريق ترعه السعرانية,57.5,69.9,87.1,70.7,High
KED-ROAD-01224,شارع سليمان,57.5,70.3,86.6,70.7,High
KED-ROAD-01223,شارع سليمان,57.5,70.3,86.6,70.7,High
KED-ROAD-04912,شارع 10,57.5,67.5,89.8,70.7,High
KED-ROAD-04358,شارع 17,57.5,70.8,86.1,70.7,High
KED-ROAD-04890,شارع 4,57.5,68.7,88.3,70.7,High
KED-ROAD-04889,شارع 4,57.5,68.7,88.3,70.7,High
KED-ROAD-01378,شارع سعيد عبد المعطى,57.5,67.9,89.4,70.7,High
KED-ROAD-00161,شارع 100,57.5,68.4,88.8,70.7,High
KED-ROAD-04900,شارع غطاس تادرس,57.5,73.8,82.5,70.7,High
KED-ROAD-00162,شارع 100,57.5,68.4,88.8,70.7,High
KED-ROAD-03843,شارع عدلى,57.5,70.4,86.4,70.7,High
KED-ROAD-03842,شارع عدلى,57.5,70.4,86.4,70.7,High
KED-ROAD-01525,شارع الحاج حسن سليمان,57.5,71.1,85.8,70.7,High
KED-ROAD-01524,شارع الحاج حسن سليمان,57.5,71.1,85.8,70.7,High
KED-ROAD-03894,,57.5,70.6,86.3,70.7,High
KED-ROAD-03721,شارع احمد عرابى,57.5,70.1,86.7,70.7,High
KED-ROAD-03893,,57.5,70.6,86.3,70.7,High
KED-ROAD-01228,شارع الحناوي,57.5,70.0,86.6,70.6,High
KED-ROAD-01225,شارع الشعراوى,57.5,70.0,86.6,70.6,High
KED-ROAD-01230,شارع غازي,57.5,70.0,86.6,70.6,High
KED-ROAD-01226,شارع الشعراوى,57.5,70.0,86.6,70.6,High
KED-ROAD-01227,شارع الحناوي,57.5,70.0,86.6,70.6,High
KED-ROAD-00385,شارع الانوار,57.5,71.9,84.5,70.6,High
KED-ROAD-02044,شارع عبد الغنى رياض,57.5,69.1,87.6,70.6,High
KED-ROAD-02979,شارع حمدى عبد الرؤوف,57.5,70.0,86.5,70.6,High
KED-ROAD-03052,شارع القاهر,57.5,66.8,90.1,70.6,High
KED-ROAD-02978,شارع حمدى عبد الرؤوف,57.5,70.0,86.5,70.6,High
KED-ROAD-03051,شارع القاهر,57.5,66.8,90.1,70.6,High
KED-ROAD-02043,شارع عبد الغنى رياض,57.5,69.1,87.6,70.6,High
KED-ROAD-00009,شارع 3,57.5,71.2,85.0,70.6,High
KED-ROAD-00010,شارع 3,57.5,71.2,85.0,70.6,High
KED-ROAD-01229,شارع غازي,57.5,70.0,86.6,70.6,High
KED-ROAD-05000,,57.5,69.1,87.7,70.6,High
KED-ROAD-04999,,57.5,69.1,87.7,70.6,High
KED-ROAD-03784,شارع سلام,57.5,70.0,86.6,70.6,High
KED-ROAD-03785,شارع سلام,57.5,70.0,86.6,70.6,High
KED-ROAD-04680,شارع صلاح سالم,57.5,71.0,85.3,70.6,High
KED-ROAD-04681,شارع صلاح سالم,57.5,71.0,85.3,70.6,High
KED-ROAD-03719,شارع بورسعيد,57.5,70.2,86.3,70.6,High
KED-ROAD-00384,شارع الانوار,57.5,71.9,84.5,70.6,High
KED-ROAD-00332,شارع الجيش,57.5,71.0,85.5,70.6,High
KED-ROAD-00315,شارع الجيش,57.5,70.0,86.4,70.6,High
KED-ROAD-03718,شارع بورسعيد,57.5,70.2,86.3,70.6,High
KED-ROAD-02024,شارع 5,57.5,70.7,85.5,70.5,High
KED-ROAD-01495,شارع ادم,57.5,69.7,86.7,70.5,High
KED-ROAD-02023,شارع 5,57.5,70.7,85.5,70.5,High
KED-ROAD-03612,شارع محمود الصباغ,57.5,70.7,85.6,70.5,High
KED-ROAD-03611,شارع محمود الصباغ,57.5,70.7,85.6,70.5,High
KED-ROAD-02665,حارة النور,57.5,69.5,86.7,70.5,High
KED-ROAD-02664,حارة النور,57.5,69.5,86.7,70.5,High
KED-ROAD-05990,,57.5,65.9,90.8,70.5,High
KED-ROAD-01016,شارع مدخل كفر الدوار,57.5,70.0,86.3,70.5,High
KED-ROAD-04976,شارع الاداره الصحيه,57.5,69.7,86.6,70.5,High
KED-ROAD-04975,شارع الاداره الصحيه,57.5,69.7,86.6,70.5,High
KED-ROAD-05989,,57.5,65.9,90.8,70.5,High
KED-ROAD-01494,شارع ادم,57.5,69.7,86.7,70.5,High
KED-ROAD-06449,,57.5,72.2,83.6,70.5,High
KED-ROAD-06450,,57.5,72.2,83.6,70.5,High
KED-ROAD-00229,شارع محمد سعد ابو مضاوي,57.5,70.7,85.5,70.5,High
KED-ROAD-00230,شارع محمد سعد ابو مضاوي,57.5,70.7,85.5,70.5,High
KED-ROAD-00015,,57.5,71.0,84.9,70.4,High
KED-ROAD-00021,شارع الشهيد محمد العطار,57.5,73.1,82.1,70.4,High
KED-ROAD-00575,شارع عمر شاهين,57.5,70.9,84.9,70.4,High
KED-ROAD-04049,شارع السيد القعيد,57.5,70.1,85.8,70.4,High
KED-ROAD-04657,,57.5,59.2,98.6,70.4,High
KED-ROAD-00576,شارع عمر شاهين,57.5,70.9,84.9,70.4,High
KED-ROAD-03235,شارع 26 يوليو,57.5,68.9,87.3,70.4,High
KED-ROAD-03236,شارع 26 يوليو,57.5,68.9,87.3,70.4,High
KED-ROAD-04048,شارع السيد القعيد,57.5,70.1,85.8,70.4,High
KED-ROAD-04658,,57.5,59.2,98.6,70.4,High
KED-ROAD-02707,شارع 26 يوليو,57.5,66.2,90.2,70.4,High
KED-ROAD-02706,شارع 26 يوليو,57.5,66.2,90.2,70.4,High
KED-ROAD-02520,شارع الجرجاوى,57.5,71.0,84.8,70.4,High
KED-ROAD-02541,شارع الجرجاوى,57.5,71.0,84.8,70.4,High
KED-ROAD-01232,شارع السيد القعيد,57.5,69.4,86.6,70.4,High
KED-ROAD-01231,شارع السيد القعيد,57.5,69.4,86.6,70.4,High
KED-ROAD-00022,شارع الشهيد محمد العطار,57.5,73.1,82.1,70.4,High
KED-ROAD-00016,,57.5,71.0,84.9,70.4,High
KED-ROAD-06076,,57.5,62.7,94.0,70.3,High
KED-ROAD-02982,شارع المستقبل,57.5,69.1,86.5,70.3,High
KED-ROAD-02983,شارع المستقبل,57.5,69.1,86.5,70.3,High
KED-ROAD-01017,,57.5,70.5,84.9,70.3,High
KED-ROAD-00700,شارع عمر مكرم,57.5,71.1,84.3,70.3,High
KED-ROAD-03300,حارة الهدي,57.5,70.0,85.7,70.3,High
KED-ROAD-00578,شارع الوحدة العربية,57.5,70.0,85.7,70.3,High
KED-ROAD-00577,شارع الوحدة العربية,57.5,70.0,85.7,70.3,High
KED-ROAD-03608,شارع الشهيد حامد هنداوي,57.5,70.2,85.4,70.3,High
KED-ROAD-03431,حارة الهدي,57.5,70.0,85.7,70.3,High
KED-ROAD-03607,شارع الشهيد حامد هنداوي,57.5,70.2,85.4,70.3,High
KED-ROAD-01511,,57.5,70.5,84.9,70.3,High
KED-ROAD-03336,شارع الشافعى,57.5,70.4,85.1,70.3,High
KED-ROAD-03337,شارع الشافعى,57.5,70.4,85.1,70.3,High
KED-ROAD-06075,,57.5,62.7,94.0,70.3,High
KED-ROAD-01512,,57.5,70.5,84.9,70.3,High
KED-ROAD-01479,شارع نصار,57.5,69.1,86.7,70.3,High
KED-ROAD-00859,شارع 1,57.5,71.3,84.2,70.3,High
KED-ROAD-00860,شارع 1,57.5,71.3,84.2,70.3,High
KED-ROAD-01478,شارع نصار,57.5,69.1,86.7,70.3,High
KED-ROAD-00891,شارع عمر مكرم,57.5,71.1,84.3,70.3,High
KED-ROAD-05137,,57.5,63.7,92.7,70.2,High
KED-ROAD-00099,شارع محمد عبيد جنيدي,57.5,70.6,84.6,70.2,High
KED-ROAD-01366,شارع محطة الصرف الصحى,57.5,68.9,86.6,70.2,High
KED-ROAD-02919,,57.5,69.1,86.3,70.2,High
KED-ROAD-00100,شارع محمد عبيد جنيدي,57.5,70.6,84.6,70.2,High
KED-ROAD-01332,شارع خلف المستشفى,57.5,68.1,87.4,70.2,High
KED-ROAD-01242,شارع مسجد الهدي الاسلامى,57.5,71.0,84.0,70.2,High
KED-ROAD-01513,,57.5,67.3,88.4,70.2,High
KED-ROAD-01331,شارع خلف المستشفى,57.5,68.1,87.4,70.2,High
KED-ROAD-01308,,57.5,69.6,85.8,70.2,High
KED-ROAD-01514,,57.5,67.3,88.4,70.2,High
KED-ROAD-01307,,57.5,69.6,85.8,70.2,High
KED-ROAD-02918,,57.5,69.1,86.3,70.2,High
KED-ROAD-01243,شارع مسجد الهدي الاسلامى,57.5,71.0,84.0,70.2,High
KED-ROAD-05136,,57.5,63.7,92.7,70.2,High
KED-ROAD-01365,شارع محطة الصرف الصحى,57.5,68.9,86.6,70.2,High
KED-ROAD-00226,,57.5,64.9,91.2,70.2,High
KED-ROAD-00225,,57.5,64.9,91.2,70.2,High
KED-ROAD-00567,شارع الجمهوريه,57.5,71.4,83.2,70.1,High
KED-ROAD-01076,,57.5,69.0,86.1,70.1,High
KED-ROAD-00825,,57.5,72.9,81.4,70.1,High
KED-ROAD-01075,,57.5,69.0,86.1,70.1,High
KED-ROAD-03839,شارع عاطف سالم,57.5,68.7,86.4,70.1,High
KED-ROAD-04354,شارع صقر,57.5,70.0,85.0,70.1,High
KED-ROAD-06338,,57.5,70.5,84.4,70.1,High
KED-ROAD-04353,شارع صقر,57.5,70.0,85.0,70.1,High
KED-ROAD-04490,شارع كامل قنبر,57.5,66.7,88.9,70.1,High
KED-ROAD-04489,شارع كامل قنبر,57.5,66.7,88.9,70.1,High
KED-ROAD-06337,,57.5,70.5,84.4,70.1,High
KED-ROAD-03838,شارع عاطف سالم,57.5,68.7,86.4,70.1,High
KED-ROAD-03914,الطريق الدولي,57.5,69.1,85.8,70.1,High
KED-ROAD-00824,,57.5,72.9,81.4,70.1,High
KED-ROAD-01493,شارع الوزير,57.5,68.5,86.7,70.1,High
KED-ROAD-00566,شارع الجمهوريه,57.5,71.4,83.2,70.1,High
KED-ROAD-01492,شارع الوزير,57.5,68.5,86.7,70.1,High
KED-ROAD-03251,شارع امير البحر,57.5,70.6,84.0,70.0,High
KED-ROAD-02172,شارع زعتر,57.5,70.3,84.3,70.0,High
KED-ROAD-03252,شارع امير البحر,57.5,70.6,84.0,70.0,High
KED-ROAD-02620,شارع حسن يونس,57.5,69.7,85.0,70.0,High
KED-ROAD-03029,شارع ابو هريره,57.5,66.5,88.6,70.0,High
KED-ROAD-03385,شارع الكنيسه,57.5,70.3,84.2,70.0,High
KED-ROAD-02641,شارع حسن يونس,57.5,69.7,85.0,70.0,High
KED-ROAD-02171,شارع زعتر,57.5,70.3,84.3,70.0,High
KED-ROAD-03386,شارع الكنيسه,57.5,70.3,84.2,70.0,High
KED-ROAD-04876,شارع المصري,57.5,70.6,84.0,70.0,High
KED-ROAD-05769,,57.5,71.8,82.6,70.0,High
KED-ROAD-03030,شارع ابو هريره,57.5,66.5,88.6,70.0,High
KED-ROAD-04877,شارع المصري,57.5,70.6,84.0,70.0,High
KED-ROAD-05860,,57.5,71.8,82.6,70.0,High
KED-ROAD-05309,شارع مدبولى,57.5,68.9,85.6,69.9,High
KED-ROAD-05308,شارع مدبولى,57.5,68.9,85.6,69.9,High
KED-ROAD-00228,شارع السلام,57.5,68.4,86.1,69.9,High
KED-ROAD-06019,,57.5,61.5,94.1,69.9,High
KED-ROAD-04844,شارع مبره محمد على,57.5,67.5,87.1,69.9,High
KED-ROAD-01361,,57.5,67.7,87.0,69.9,High
KED-ROAD-00565,حارة النصر,57.5,70.9,83.3,69.9,High
KED-ROAD-04845,شارع مبره محمد على,57.5,67.5,87.1,69.9,High
KED-ROAD-00227,شارع السلام,57.5,68.4,86.1,69.9,High
KED-ROAD-00661,,57.5,71.5,82.7,69.9,High
KED-ROAD-00662,,57.5,71.5,82.7,69.9,High
KED-ROAD-03152,شارع ابو العباس,57.5,70.4,83.6,69.9,High
KED-ROAD-01832,شارع المنايفة,57.5,69.9,84.5,69.9,High
KED-ROAD-00564,حارة النصر,57.5,70.9,83.3,69.9,High
KED-ROAD-01100,,57.5,67.7,87.0,69.9,High
KED-ROAD-00574,شارع ابو بكر الصديق,57.5,69.6,84.5,69.9,High
KED-ROAD-01758,شارع شتا,57.5,70.3,83.8,69.9,High
KED-ROAD-01833,شارع المنايفة,57.5,69.9,84.5,69.9,High
KED-ROAD-02083,شارع 3,57.5,71.0,83.2,69.9,High
KED-ROAD-00573,شارع ابو بكر الصديق,57.5,69.6,84.5,69.9,High
KED-ROAD-02084,شارع 3,57.5,71.0,83.2,69.9,High
KED-ROAD-03153,شارع ابو العباس,57.5,70.4,83.6,69.9,High
KED-ROAD-01759,شارع شتا,57.5,70.3,83.8,69.9,High
KED-ROAD-06020,,57.5,61.5,94.1,69.9,High
KED-ROAD-02086,شارع حسنين عروس,57.5,71.3,82.6,69.8,High
KED-ROAD-04780,,57.5,65.1,89.8,69.8,High
KED-ROAD-02085,شارع حسنين عروس,57.5,71.3,82.6,69.8,High
KED-ROAD-02662,شارع الكفاح,57.5,69.6,84.5,69.8,High
KED-ROAD-02663,شارع الكفاح,57.5,69.6,84.5,69.8,High
KED-ROAD-03867,شارع الاداره الصحيه,57.5,69.9,84.0,69.8,High
KED-ROAD-03866,شارع الاداره الصحيه,57.5,69.9,84.0,69.8,High
KED-ROAD-00221,"طريق كفر الدوار, ابو المطامير",57.5,65.7,88.8,69.8,High
KED-ROAD-04045,شارع غازي,57.5,68.4,85.7,69.8,High
KED-ROAD-05082,شارع رجب سعد,57.5,71.2,82.6,69.8,High
KED-ROAD-05071,شارع رجب سعد,57.5,71.2,82.6,69.8,High
KED-ROAD-01315,شارع المستشفى الشامله,57.5,70.4,83.3,69.8,High
KED-ROAD-04044,شارع غازي,57.5,68.4,85.7,69.8,High
KED-ROAD-01039,شارع المستشفى الشامله,57.5,69.1,85.1,69.8,High
KED-ROAD-02874,شارع مبره محمد على,57.5,69.7,84.2,69.8,High
KED-ROAD-02873,شارع مبره محمد على,57.5,69.7,84.2,69.8,High
KED-ROAD-00222,"طريق كفر الدوار, ابو المطامير",57.5,65.7,88.8,69.8,High
KED-ROAD-04781,,57.5,65.1,89.8,69.8,High
KED-ROAD-06432,,57.5,71.8,81.3,69.7,High
KED-ROAD-06431,,57.5,71.8,81.3,69.7,High
KED-ROAD-01324,شارع المستشفى الشامله,57.5,69.8,83.7,69.7,High
KED-ROAD-00548,شارع الحسين,57.5,71.0,82.3,69.7,High
KED-ROAD-00549,شارع الحسين,57.5,71.0,82.3,69.7,High
KED-ROAD-03806,,57.5,71.8,81.4,69.7,High
KED-ROAD-03886,,57.5,71.8,81.4,69.7,High
KED-ROAD-03234,شارع 26 يوليو,57.5,71.4,81.9,69.7,High
KED-ROAD-03896,,57.5,69.3,84.3,69.7,High
KED-ROAD-03897,,57.5,69.3,84.3,69.7,High
KED-ROAD-03233,شارع 26 يوليو,57.5,71.4,81.9,69.7,High
KED-ROAD-02916,شارع الإمام الشافعى,57.5,69.7,83.9,69.7,High
KED-ROAD-02917,شارع الإمام الشافعى,57.5,69.7,83.9,69.7,High
KED-ROAD-00308,شارع زاوية عبود,57.5,69.3,84.5,69.7,High
KED-ROAD-05997,,57.5,68.5,85.2,69.7,High
KED-ROAD-05239,شارع 56,57.5,68.6,85.3,69.7,High
KED-ROAD-05240,شارع 56,57.5,68.6,85.3,69.7,High
KED-ROAD-05996,,57.5,68.5,85.2,69.7,High
KED-ROAD-00307,شارع زاوية عبود,57.5,69.3,84.5,69.7,High
KED-ROAD-06444,شارع الترعه,57.5,66.8,87.0,69.6,High
KED-ROAD-06445,شارع الترعه,57.5,66.8,87.0,69.6,High
KED-ROAD-05314,شارع صيدلية الشحات الكبري,57.5,61.4,93.3,69.6,High
KED-ROAD-04898,شارع الباشا,57.5,70.8,82.4,69.6,High
KED-ROAD-03804,,57.5,71.9,81.2,69.6,High
KED-ROAD-03805,,57.5,71.9,81.2,69.6,High
KED-ROAD-01385,,57.5,65.4,88.6,69.6,High
KED-ROAD-01384,,57.5,65.4,88.6,69.6,High
KED-ROAD-04329,شارع بورسعيد,57.5,70.3,82.8,69.6,High
KED-ROAD-00739,عطفه والي,57.5,69.8,83.5,69.6,High
KED-ROAD-04897,شارع الباشا,57.5,70.8,82.4,69.6,High
KED-ROAD-02097,شارع الحاج رضوان علاء الدين,57.5,70.4,82.7,69.6,High
KED-ROAD-00740,عطفه والي,57.5,69.8,83.5,69.6,High
KED-ROAD-02098,شارع الحاج رضوان علاء الدين,57.5,70.4,82.7,69.6,High
KED-ROAD-02518,شارع محمد كساب,57.5,71.8,81.2,69.6,High
KED-ROAD-02519,شارع محمد كساب,57.5,71.8,81.2,69.6,High
KED-ROAD-05313,شارع صيدلية الشحات الكبري,57.5,61.4,93.3,69.6,High
KED-ROAD-03708,,57.5,70.3,82.8,69.6,High
KED-ROAD-00312,شارع الجيش,57.5,68.4,85.2,69.6,High
KED-ROAD-03613,شارع الترعه,57.5,67.5,85.7,69.5,High
KED-ROAD-00753,شارع محمد الصاوى,57.5,72.3,80.3,69.5,High
KED-ROAD-04605,,57.5,67.9,85.5,69.5,High
KED-ROAD-02020,طريق ترعه السعرانية,57.5,68.1,85.0,69.5,High
KED-ROAD-04457,شارع محمد عيسي,57.5,71.4,81.3,69.5,High
KED-ROAD-04458,شارع محمد عيسي,57.5,71.4,81.3,69.5,High
KED-ROAD-00754,شارع محمد الصاوى,57.5,72.3,80.3,69.5,High
KED-ROAD-02724,شارع الجلاء,57.5,70.2,82.6,69.5,High
KED-ROAD-02561,حارة عواد,57.5,70.5,82.2,69.5,High
KED-ROAD-02562,حارة عواد,57.5,70.5,82.2,69.5,High
KED-ROAD-00351,شارع صقر,57.5,71.8,80.9,69.5,High
KED-ROAD-04982,امتداد شارع الخليج الاعظم,57.5,69.0,84.0,69.5,High
KED-ROAD-03614,شارع الترعه,57.5,67.5,85.7,69.5,High
KED-ROAD-03475,شارع النهضة,57.5,71.0,81.7,69.5,High
KED-ROAD-00352,شارع صقر,57.5,71.8,80.9,69.5,High
KED-ROAD-02708,شارع عيسي,57.5,70.1,82.7,69.5,High
KED-ROAD-03288,شارع القوى,57.5,71.0,81.8,69.5,High
KED-ROAD-03080,شارع جوده,57.5,68.6,84.7,69.5,High
KED-ROAD-02723,شارع الجلاء,57.5,70.2,82.6,69.5,High
KED-ROAD-03301,شارع عمر شاهين,57.5,72.2,80.2,69.5,High
KED-ROAD-03287,شارع القوى,57.5,71.0,81.8,69.5,High
KED-ROAD-03079,شارع جوده,57.5,68.6,84.7,69.5,High
KED-ROAD-03302,شارع عمر شاهين,57.5,72.2,80.2,69.5,High
KED-ROAD-02019,طريق ترعه السعرانية,57.5,68.1,85.0,69.5,High
KED-ROAD-00760,عطفه الشاذلى,57.5,72.4,80.1,69.5,High
KED-ROAD-04604,,57.5,67.9,85.5,69.5,High
KED-ROAD-03476,شارع النهضة,57.5,71.0,81.7,69.5,High
KED-ROAD-06217,,57.5,68.4,84.7,69.5,High
KED-ROAD-04961,امتداد شارع الخليج الاعظم,57.5,69.0,84.0,69.5,High
KED-ROAD-02709,شارع عيسي,57.5,70.1,82.7,69.5,High
KED-ROAD-00759,عطفه الشاذلى,57.5,72.4,80.1,69.5,High
KED-ROAD-06216,,57.5,68.4,84.7,69.5,High
KED-ROAD-04492,شارع صلاح سالم,57.5,68.9,83.7,69.4,High
KED-ROAD-02177,شارع زعتر,57.5,70.7,81.8,69.4,High
KED-ROAD-04491,شارع صلاح سالم,57.5,68.9,83.7,69.4,High
KED-ROAD-03909,,57.5,69.7,83.0,69.4,High
KED-ROAD-05036,شارع ماجد,57.5,66.7,86.5,69.4,High
KED-ROAD-05035,شارع ماجد,57.5,66.7,86.5,69.4,High
KED-ROAD-04972,شارع سلام,57.5,71.4,80.8,69.4,High
KED-ROAD-03908,,57.5,69.7,83.0,69.4,High
KED-ROAD-04827,,57.5,67.8,85.2,69.4,High
KED-ROAD-04826,,57.5,67.8,85.2,69.4,High
KED-ROAD-03881,,57.5,68.4,84.3,69.4,High
KED-ROAD-02790,شارع سلام,57.5,71.4,80.8,69.4,High
KED-ROAD-02722,شارع احمد جبريل,57.5,69.9,82.7,69.4,High
KED-ROAD-02721,شارع احمد جبريل,57.5,69.9,82.7,69.4,High
KED-ROAD-03880,,57.5,68.4,84.3,69.4,High
KED-ROAD-05133,الطريق الدولي,57.5,69.5,83.1,69.4,High
KED-ROAD-02165,شارع 25 يناير,57.5,69.5,83.3,69.4,High
KED-ROAD-00500,شارع ابو بكر الصديق,57.5,69.6,83.0,69.4,High
KED-ROAD-00511,شارع ابو بكر الصديق,57.5,69.6,83.0,69.4,High
KED-ROAD-00363,عطفه السيدة عائشة,57.5,70.9,81.5,69.4,High
KED-ROAD-00362,عطفه السيدة عائشة,57.5,70.9,81.5,69.4,High
KED-ROAD-02176,شارع زعتر,57.5,70.7,81.8,69.4,High
KED-ROAD-02173,شارع 25 يناير,57.5,69.5,83.3,69.4,High
KED-ROAD-06334,شارع عمارات التمليك,57.5,69.0,83.5,69.3,High
KED-ROAD-02276,شارع الحاج مسعود خليل,57.5,70.1,82.0,69.3,High
KED-ROAD-03089,شارع النصر,57.5,69.5,82.7,69.3,High
KED-ROAD-03090,شارع النصر,57.5,69.5,82.7,69.3,High
KED-ROAD-06333,شارع عمارات التمليك,57.5,69.0,83.5,69.3,High
KED-ROAD-02142,شارع 105,57.5,73.0,78.7,69.3,High
KED-ROAD-06220,,57.5,67.1,85.7,69.3,High
KED-ROAD-06221,,57.5,67.1,85.7,69.3,High
KED-ROAD-04887,شارع 3,57.5,67.8,84.9,69.3,High
KED-ROAD-04888,شارع 3,57.5,67.8,84.9,69.3,High
KED-ROAD-02599,شارع محمد ذكى,57.5,69.5,82.9,69.3,High
KED-ROAD-02598,شارع محمد ذكى,57.5,69.5,82.9,69.3,High
KED-ROAD-02141,شارع 105,57.5,73.0,78.7,69.3,High
KED-ROAD-00369,شارع صقر,57.5,70.4,81.9,69.3,High
KED-ROAD-00368,شارع صقر,57.5,70.4,81.9,69.3,High
KED-ROAD-03183,شارع جلال الدسوقي,57.5,67.4,85.2,69.3,High
KED-ROAD-03871,,57.5,68.5,84.1,69.3,High
KED-ROAD-03870,,57.5,68.5,84.1,69.3,High
KED-ROAD-00546,عطفه المأمون,57.5,70.3,81.7,69.3,High
KED-ROAD-00547,عطفه المأمون,57.5,70.3,81.7,69.3,High
KED-ROAD-05773,,57.5,67.8,84.7,69.3,High
KED-ROAD-05774,,57.5,67.8,84.7,69.3,High
KED-ROAD-03182,شارع جلال الدسوقي,57.5,67.4,85.2,69.3,High
KED-ROAD-02275,شارع الحاج مسعود خليل,57.5,70.1,82.0,69.3,High
KED-ROAD-03256,شارع النصر,57.5,71.0,80.9,69.2,High
KED-ROAD-03742,شارع عاطف,57.5,68.7,83.3,69.2,High
KED-ROAD-03741,شارع عاطف,57.5,68.7,83.3,69.2,High
KED-ROAD-06325,شارع عمارات التمليك,57.5,69.6,82.3,69.2,High
KED-ROAD-05995,,57.5,67.1,85.2,69.2,High
KED-ROAD-01368,,57.5,70.2,81.7,69.2,High
KED-ROAD-01367,,57.5,70.2,81.7,69.2,High
KED-ROAD-02384,شارع سعد خليل,57.5,70.8,81.1,69.2,High
KED-ROAD-03692,شارع بورسعيد,57.5,70.3,81.4,69.2,High
KED-ROAD-01072,,57.5,65.4,87.1,69.2,High
KED-ROAD-01071,,57.5,65.4,87.1,69.2,High
KED-ROAD-01503,,57.5,67.5,84.8,69.2,High
KED-ROAD-02506,شارع ابو العزايم,57.5,71.1,80.4,69.2,High
KED-ROAD-04822,,57.5,67.1,85.2,69.2,High
KED-ROAD-03882,,57.5,68.3,83.8,69.2,High
KED-ROAD-03883,,57.5,68.3,83.8,69.2,High
KED-ROAD-02507,شارع ابو العزايم,57.5,71.1,80.4,69.2,High
KED-ROAD-03292,شارع الفالوجه,57.5,68.6,83.7,69.2,High
KED-ROAD-03693,شارع بورسعيد,57.5,70.3,81.4,69.2,High
KED-ROAD-03291,شارع الفالوجه,57.5,68.6,83.7,69.2,High
KED-ROAD-00913,شارع ابو عجوز,57.5,69.4,82.5,69.2,High
KED-ROAD-00914,شارع ابو عجوز,57.5,69.4,82.5,69.2,High
KED-ROAD-02383,شارع سعد خليل,57.5,70.8,81.1,69.2,High
KED-ROAD-06192,شارع الشهيد عيسي شاهين,57.5,57.1,97.0,69.2,High
KED-ROAD-05003,امتداد شارع الخليج الاعظم,57.5,65.9,86.6,69.2,High
KED-ROAD-00853,شارع محمد عبده,57.5,71.7,80.1,69.2,High
KED-ROAD-00854,شارع محمد عبده,57.5,71.7,80.1,69.2,High
KED-ROAD-03255,شارع النصر,57.5,71.0,80.9,69.2,High
KED-ROAD-02609,شارع الشافعى,57.5,69.3,82.9,69.2,High
KED-ROAD-02610,شارع الشافعى,57.5,69.3,82.9,69.2,High
KED-ROAD-06191,شارع الشهيد عيسي شاهين,57.5,57.1,97.0,69.2,High
KED-ROAD-01204,,57.5,64.9,87.8,69.2,High
KED-ROAD-05004,امتداد شارع الخليج الاعظم,57.5,65.9,86.6,69.2,High
KED-ROAD-01203,,57.5,64.9,87.8,69.2,High
KED-ROAD-01207,طريق سيدى عبد القادر زلط,57.5,64.9,87.9,69.2,High
KED-ROAD-01208,طريق سيدى عبد القادر زلط,57.5,64.9,87.9,69.2,High
KED-ROAD-01502,,57.5,67.5,84.8,69.2,High
KED-ROAD-06324,شارع عمارات التمليك,57.5,69.6,82.3,69.2,High
KED-ROAD-02067,,57.5,70.8,81.1,69.2,High
KED-ROAD-02068,,57.5,70.8,81.1,69.2,High
KED-ROAD-00245,,57.5,71.1,80.3,69.1,High
KED-ROAD-03098,حارة محمد فريد,57.5,72.8,78.2,69.1,High
KED-ROAD-03097,حارة محمد فريد,57.5,72.8,78.2,69.1,High
KED-ROAD-05272,شارع خلف المدارس,57.5,67.5,84.4,69.1,High
KED-ROAD-05273,شارع خلف المدارس,57.5,67.5,84.4,69.1,High
KED-ROAD-01340,,57.5,71.6,79.7,69.1,High
KED-ROAD-05132,,57.5,65.1,87.5,69.1,High
KED-ROAD-01360,,57.5,70.0,81.4,69.1,High
KED-ROAD-02856,شارع محطة الصرف الصحى,57.5,69.0,82.6,69.1,High
KED-ROAD-02855,شارع محطة الصرف الصحى,57.5,69.0,82.6,69.1,High
KED-ROAD-01381,,57.5,70.0,81.4,69.1,High
KED-ROAD-01351,,57.5,71.6,79.7,69.1,High
KED-ROAD-00355,شارع الجيش,57.5,71.0,80.3,69.1,High
KED-ROAD-05851,شارع بلال بن رباح,57.5,70.0,81.5,69.1,High
KED-ROAD-00832,شارع العرفان,57.5,71.9,79.2,69.1,High
KED-ROAD-05011,,57.5,65.1,87.5,69.1,High
KED-ROAD-00833,شارع صقر,57.5,71.9,79.2,69.1,High
KED-ROAD-04494,شارع مؤسسه الكهرباء,57.5,71.4,79.5,69.0,High
KED-ROAD-04495,شارع مؤسسه الكهرباء,57.5,71.4,79.5,69.0,High
KED-ROAD-03047,شارع ابو هريره,57.5,69.4,82.0,69.0,High
KED-ROAD-03048,شارع ابو هريره,57.5,69.4,82.0,69.0,High
KED-ROAD-05076,شارع يونس عبد العظيم,57.5,71.1,79.8,69.0,High
KED-ROAD-05075,شارع يونس عبد العظيم,57.5,71.1,79.8,69.0,High
KED-ROAD-02719,شارع الكفاح,57.5,66.3,85.4,69.0,High
KED-ROAD-02675,شارع الاتحاد,57.5,71.3,79.6,69.0,High
KED-ROAD-01026,,57.5,71.1,79.9,69.0,High
KED-ROAD-01027,,57.5,71.1,79.9,69.0,High
KED-ROAD-01053,,57.5,71.2,79.8,69.0,High
KED-ROAD-01052,,57.5,71.2,79.8,69.0,High
KED-ROAD-03384,شارع الشهيد احمد كامل,57.5,67.5,84.1,69.0,High
KED-ROAD-03383,شارع الشهيد احمد كامل,57.5,67.5,84.1,69.0,High
KED-ROAD-00353,شارع مصطفى كامل,57.5,71.3,79.7,69.0,High
KED-ROAD-02884,شارع على بركه,57.5,68.6,83.1,69.0,High
KED-ROAD-03064,شارع امير البحر,57.5,70.9,80.3,69.0,High
KED-ROAD-05292,شارع الجزايرلي,57.5,69.0,82.5,69.0,High
KED-ROAD-02885,شارع على بركه,57.5,68.6,83.1,69.0,High
KED-ROAD-05261,شارع الجزايرلي,57.5,69.0,82.5,69.0,High
KED-ROAD-00989,شارع النصر,57.5,69.0,82.3,69.0,High
KED-ROAD-02447,حارة عواد,57.5,69.2,82.1,69.0,High
KED-ROAD-00815,شارع الاعراب,57.5,67.6,84.1,69.0,High
KED-ROAD-03887,,57.5,70.9,80.1,69.0,High
KED-ROAD-02367,شارع سعد خليل,57.5,71.8,79.1,69.0,High
KED-ROAD-03888,,57.5,70.9,80.1,69.0,High
KED-ROAD-02368,شارع سعد خليل,57.5,71.8,79.1,69.0,High
KED-ROAD-02446,حارة عواد,57.5,69.2,82.1,69.0,High
KED-ROAD-02512,شارع محمد كساب,57.5,70.8,80.2,69.0,High
KED-ROAD-00990,شارع النصر,57.5,69.0,82.3,69.0,High
KED-ROAD-03786,شارع الاداره الصحيه,57.5,69.3,82.0,69.0,High
KED-ROAD-03787,شارع الاداره الصحيه,57.5,69.3,82.0,69.0,High
KED-ROAD-02513,شارع محمد كساب,57.5,70.8,80.2,69.0,High
KED-ROAD-02674,شارع الاتحاد,57.5,71.3,79.6,69.0,High
KED-ROAD-02718,شارع الكفاح,57.5,66.3,85.4,69.0,High
KED-ROAD-00354,شارع مصطفى كامل,57.5,71.3,79.7,69.0,High
KED-ROAD-00816,شارع الاعراب,57.5,67.6,84.1,69.0,High
KED-ROAD-03063,شارع امير البحر,57.5,70.9,80.3,69.0,High
KED-ROAD-03346,شارع الاقصر,57.5,70.9,79.9,68.9,High
KED-ROAD-03345,شارع الاقصر,57.5,70.9,79.9,68.9,High
KED-ROAD-00301,,57.5,63.1,88.9,68.9,High
KED-ROAD-00302,,57.5,63.1,88.9,68.9,High
KED-ROAD-01357,شارع مسجد الكوثر,57.5,68.5,82.6,68.9,High
KED-ROAD-01358,شارع مسجد الكوثر,57.5,68.5,82.6,68.9,High
KED-ROAD-00653,شارع الوقار,57.5,72.0,78.7,68.9,High
KED-ROAD-00654,شارع الوقار,57.5,72.0,78.7,68.9,High
KED-ROAD-03175,,57.5,67.4,84.1,68.9,High
KED-ROAD-03176,,57.5,67.4,84.1,68.9,High
KED-ROAD-03172,شارع إسماعيل شحاتة,57.5,71.0,79.7,68.9,High
KED-ROAD-03171,شارع إسماعيل شحاتة,57.5,71.0,79.7,68.9,High
KED-ROAD-00242,"طريق كفر الدوار, ابو المطامير",57.5,70.6,80.0,68.9,High
KED-ROAD-00241,"طريق كفر الدوار, ابو المطامير",57.5,70.6,80.0,68.9,High
KED-ROAD-05377,شارع 53,57.5,70.9,79.8,68.9,High
KED-ROAD-05376,شارع 53,57.5,70.9,79.8,68.9,High
KED-ROAD-01065,,57.5,68.6,82.7,68.9,High
KED-ROAD-01066,,57.5,68.6,82.7,68.9,High
KED-ROAD-03542,,57.5,71.4,79.3,68.9,High
KED-ROAD-03543,,57.5,71.4,79.3,68.9,High
KED-ROAD-04931,شارع حامد عبد المحسن,57.5,70.6,80.2,68.9,High
KED-ROAD-04930,شارع حامد عبد المحسن,57.5,70.6,80.2,68.9,High
KED-ROAD-01205,,57.5,64.3,87.5,68.9,High
KED-ROAD-05077,شارع عبد العزيز الزمراني,57.5,69.3,81.7,68.9,High
KED-ROAD-03425,شارع الجيش,57.5,70.7,80.0,68.9,High
KED-ROAD-03453,,57.5,71.7,78.8,68.9,High
KED-ROAD-03452,,57.5,71.7,78.8,68.9,High
KED-ROAD-04571,,57.5,66.6,84.7,68.9,High
KED-ROAD-04570,,57.5,66.6,84.7,68.9,High
KED-ROAD-01206,,57.5,64.3,87.5,68.9,High
KED-ROAD-05078,شارع عبد العزيز الزمراني,57.5,69.3,81.7,68.9,High
KED-ROAD-03426,شارع الجيش,57.5,70.7,80.0,68.9,High
KED-ROAD-02434,شارع العمرجي,57.5,69.8,81.2,68.9,High
KED-ROAD-02435,شارع العمرجي,57.5,69.8,81.2,68.9,High
KED-ROAD-03891,,57.5,67.1,84.3,68.9,High
KED-ROAD-00537,حارة شاكر,57.5,70.0,80.9,68.9,High
KED-ROAD-03911,,57.5,69.6,81.5,68.9,High
KED-ROAD-00536,حارة شاكر,57.5,70.0,80.9,68.9,High
KED-ROAD-06040,شارع مساكن التمليك,57.5,65.4,86.4,68.9,High
KED-ROAD-00845,شارع الساعه,57.5,71.2,79.4,68.9,High
KED-ROAD-00846,شارع الساعه,57.5,71.2,79.4,68.9,High
KED-ROAD-03892,,57.5,67.1,84.3,68.9,High
KED-ROAD-03910,,57.5,69.6,81.5,68.9,High
KED-ROAD-06039,شارع مساكن التمليك,57.5,65.4,86.4,68.9,High
KED-ROAD-06426,,57.5,69.4,81.4,68.9,High
KED-ROAD-06427,,57.5,69.4,81.4,68.9,High
KED-ROAD-01600,شارع الشاويش,57.5,70.5,79.9,68.8,High
KED-ROAD-03526,شارع ابن سينا,57.5,70.8,79.7,68.8,High
KED-ROAD-03527,شارع ابن سينا,57.5,70.8,79.7,68.8,High
KED-ROAD-01599,شارع الشاويش,57.5,70.5,79.9,68.8,High
KED-ROAD-02433,شارع نجم,57.5,69.2,81.4,68.8,High
KED-ROAD-02490,شارع محمد ذكى,57.5,70.4,80.2,68.8,High
KED-ROAD-02432,شارع نجم,57.5,69.2,81.4,68.8,High
KED-ROAD-05116,,57.5,67.2,83.9,68.8,High
KED-ROAD-03365,شارع الشهيد احمد كامل,57.5,71.0,79.3,68.8,High
KED-ROAD-03666,شارع بورسعيد,57.5,69.5,81.0,68.8,High
KED-ROAD-03667,شارع بورسعيد,57.5,69.5,81.0,68.8,High
KED-ROAD-03915,الطريق الدولي,57.5,69.2,81.5,68.8,High
KED-ROAD-03366,شارع الشهيد احمد كامل,57.5,71.0,79.3,68.8,High
KED-ROAD-02711,شارع محمد ذكى,57.5,70.4,80.2,68.8,High
KED-ROAD-02419,حارة خضير,57.5,69.6,80.9,68.8,High
KED-ROAD-05117,,57.5,67.2,83.9,68.8,High
KED-ROAD-00871,شارع المدينه,57.5,71.7,78.6,68.8,High
KED-ROAD-00870,شارع المدينه,57.5,71.7,78.6,68.8,High
KED-ROAD-02420,حارة خضير,57.5,69.6,80.9,68.8,High
KED-ROAD-01323,,57.5,69.5,80.7,68.7,High
KED-ROAD-01056,,57.5,68.8,81.4,68.7,High
KED-ROAD-03668,شارع بورسعيد,57.5,70.5,79.6,68.7,High
KED-ROAD-01322,,57.5,69.5,80.7,68.7,High
KED-ROAD-00987,شارع القلعه,57.5,70.5,79.6,68.7,High
KED-ROAD-06209,,57.5,69.2,81.0,68.7,High
KED-ROAD-00988,شارع القلعه,57.5,70.5,79.6,68.7,High
KED-ROAD-01055,,57.5,68.8,81.4,68.7,High
KED-ROAD-05988,,57.5,61.4,90.4,68.7,High
KED-ROAD-00836,شارع الاعراب,57.5,70.9,79.0,68.7,High
KED-ROAD-00852,شارع نبيل منصور,57.5,70.9,79.3,68.7,High
KED-ROAD-00851,شارع نبيل منصور,57.5,70.9,79.3,68.7,High
KED-ROAD-04670,شارع المطافى,57.5,71.0,79.0,68.7,High
KED-ROAD-04671,شارع المطافى,57.5,71.0,79.0,68.7,High
KED-ROAD-03669,شارع بورسعيد,57.5,70.5,79.6,68.7,High
KED-ROAD-00837,شارع الاعراب,57.5,70.9,79.0,68.7,High
KED-ROAD-05987,,57.5,61.4,90.4,68.7,High
KED-ROAD-06417,,57.5,74.4,75.3,68.7,High
KED-ROAD-06418,,57.5,74.4,75.3,68.7,High
KED-ROAD-06208,,57.5,69.2,81.0,68.7,High
KED-ROAD-05126,الطريق الدولي,57.5,66.7,84.2,68.7,High
KED-ROAD-00627,شارع الوقار,57.5,70.1,79.9,68.6,High
KED-ROAD-03490,شارع السيدة عائشة,57.5,70.1,79.9,68.6,High
KED-ROAD-02005,,57.5,71.5,78.1,68.6,High
KED-ROAD-00628,شارع الوقار,57.5,70.1,79.9,68.6,High
KED-ROAD-02154,,57.5,67.4,82.9,68.6,High
KED-ROAD-02006,,57.5,71.5,78.1,68.6,High
KED-ROAD-03610,شارع الجيش,57.5,69.7,80.4,68.6,High
KED-ROAD-03609,شارع الجيش,57.5,69.7,80.4,68.6,High
KED-ROAD-02153,,57.5,67.4,82.9,68.6,High
KED-ROAD-03363,شارع الاقصر,57.5,70.6,79.2,68.6,High
KED-ROAD-03364,شارع الاقصر,57.5,70.6,79.2,68.6,High
KED-ROAD-03641,شارع السيدة عائشة,57.5,70.1,79.9,68.6,High
KED-ROAD-03156,شارع الانصاف,57.5,68.4,81.7,68.6,High
KED-ROAD-03157,شارع الانصاف,57.5,68.4,81.7,68.6,High
KED-ROAD-03419,شارع الكرنك,57.5,69.7,80.1,68.6,High
KED-ROAD-03420,شارع الكرنك,57.5,69.7,80.1,68.6,High
KED-ROAD-03184,شارع القاهر,57.5,64.9,86.0,68.6,High
KED-ROAD-03185,شارع القاهر,57.5,64.9,86.0,68.6,High
KED-ROAD-00321,عطفه الجمهوريه,57.5,72.1,77.5,68.6,High
KED-ROAD-00320,عطفه الجمهوريه,57.5,72.1,77.5,68.6,High
KED-ROAD-03238,شارع 26 يوليو,57.5,70.9,79.0,68.6,High
KED-ROAD-03237,شارع 26 يوليو,57.5,70.9,79.0,68.6,High
KED-ROAD-03049,شارع النصر,57.5,69.7,80.0,68.5,High
KED-ROAD-03043,شارع ابو هريره,57.5,69.2,80.5,68.5,High
KED-ROAD-03290,شارع وهدان,57.5,71.0,78.3,68.5,High
KED-ROAD-05262,شارع 200,57.5,67.6,82.4,68.5,High
KED-ROAD-03793,,57.5,68.4,81.3,68.5,High
KED-ROAD-03794,,57.5,68.4,81.3,68.5,High
KED-ROAD-02505,شارع خليل,57.5,69.0,80.7,68.5,High
KED-ROAD-02048,"طريق كفر الدوار, ابو المطامير",57.5,69.8,79.8,68.5,High
KED-ROAD-05241,شارع 200,57.5,67.6,82.4,68.5,High
KED-ROAD-02883,شارع الاداره الصحيه,57.5,67.8,82.3,68.5,High
KED-ROAD-03538,شارع المجاهدين,57.5,69.4,80.2,68.5,High
KED-ROAD-02047,"طريق كفر الدوار, ابو المطامير",57.5,69.8,79.8,68.5,High
KED-ROAD-03570,شارع المجاهدين,57.5,70.7,78.9,68.5,High
KED-ROAD-03537,شارع المجاهدين,57.5,69.4,80.2,68.5,High
KED-ROAD-03569,شارع المجاهدين,57.5,70.7,78.9,68.5,High
KED-ROAD-03568,شارع لواء الاسلام,57.5,69.8,79.6,68.5,High
KED-ROAD-03567,شارع لواء الاسلام,57.5,69.8,79.6,68.5,High
KED-ROAD-03050,شارع النصر,57.5,69.7,80.0,68.5,High
KED-ROAD-01452,شارع المنايفة,57.5,70.1,79.6,68.5,High
KED-ROAD-03044,شارع ابو هريره,57.5,69.2,80.5,68.5,High
KED-ROAD-01453,شارع المنايفة,57.5,70.1,79.6,68.5,High
KED-ROAD-02504,شارع خليل,57.5,69.0,80.7,68.5,High
KED-ROAD-02253,,57.5,53.4,98.9,68.5,High
KED-ROAD-01037,,57.5,55.6,96.3,68.5,High
KED-ROAD-02254,,57.5,53.4,98.9,68.5,High
KED-ROAD-01038,,57.5,55.6,96.3,68.5,High
KED-ROAD-03289,شارع وهدان,57.5,71.0,78.3,68.5,High
KED-ROAD-02882,شارع الاداره الصحيه,57.5,67.8,82.3,68.5,High
KED-ROAD-04802,,57.5,60.3,90.5,68.4,High
KED-ROAD-01347,,57.5,70.8,78.3,68.4,High
KED-ROAD-05760,,57.5,68.5,81.1,68.4,High
KED-ROAD-02424,شارع ابو الحسن,57.5,71.8,77.0,68.4,High
KED-ROAD-00205,شارع جلال القلاوى,57.5,69.4,79.9,68.4,High
KED-ROAD-05369,شارع 5,57.5,69.6,79.8,68.4,High
KED-ROAD-05370,شارع 5,57.5,69.6,79.8,68.4,High
KED-ROAD-04602,شارع مساكن الغزل,57.5,71.4,77.5,68.4,High
KED-ROAD-04623,شارع مساكن الغزل,57.5,71.4,77.5,68.4,High
KED-ROAD-04196,شارع السيد البحيري,57.5,69.2,80.0,68.4,High
KED-ROAD-03436,شارع الأدباء,57.5,69.7,79.7,68.4,High
KED-ROAD-00206,شارع جلال القلاوى,57.5,69.4,79.9,68.4,High
KED-ROAD-04505,شارع المصري,57.5,70.0,79.4,68.4,High
KED-ROAD-04504,شارع المصري,57.5,70.0,79.4,68.4,High
KED-ROAD-03311,شارع ابو بكر الصديق,57.5,62.7,87.8,68.4,High
KED-ROAD-03312,شارع ابو بكر الصديق,57.5,62.7,87.8,68.4,High
KED-ROAD-01348,,57.5,70.8,78.3,68.4,High
KED-ROAD-03339,شارع الجلاء,57.5,64.0,86.1,68.4,High
KED-ROAD-03338,شارع الجلاء,57.5,64.0,86.1,68.4,High
KED-ROAD-04197,شارع السيد البحيري,57.5,69.2,80.0,68.4,High
KED-ROAD-02425,شارع ابو الحسن,57.5,71.8,77.0,68.4,High
KED-ROAD-02294,شارع الخلفاء الراشدين,57.5,71.3,77.7,68.4,High
KED-ROAD-03691,شارع محمود الصباغ,57.5,71.0,78.0,68.4,High
KED-ROAD-03690,شارع محمود الصباغ,57.5,71.0,78.0,68.4,High
KED-ROAD-00809,شارع عمر شاهين,57.5,71.5,77.4,68.4,High
KED-ROAD-03603,شارع بلنة,57.5,69.4,79.9,68.4,High
KED-ROAD-03437,شارع الأدباء,57.5,69.7,79.7,68.4,High
KED-ROAD-00808,شارع عمر شاهين,57.5,71.5,77.4,68.4,High
KED-ROAD-05986,,57.5,60.3,90.5,68.4,High
KED-ROAD-03702,شارع بورسعيد,57.5,70.3,78.9,68.4,High
KED-ROAD-03703,شارع بورسعيد,57.5,70.3,78.9,68.4,High
KED-ROAD-03604,شارع بلنة,57.5,69.4,79.9,68.4,High
KED-ROAD-02293,شارع الخلفاء الراشدين,57.5,71.3,77.7,68.4,High
KED-ROAD-05759,,57.5,68.5,81.1,68.4,High
KED-ROAD-00112,شارع المدينه المنورة,57.5,69.7,79.1,68.3,High
KED-ROAD-03556,,57.5,68.9,80.3,68.3,High
KED-ROAD-03424,شارع مدين,57.5,71.5,77.1,68.3,High
KED-ROAD-04720,,57.5,69.7,79.5,68.3,High
KED-ROAD-02157,,57.5,71.5,77.2,68.3,High
KED-ROAD-04719,,57.5,69.7,79.5,68.3,High
KED-ROAD-05385,شارع 7,57.5,69.2,79.7,68.3,High
KED-ROAD-03671,شارع خلف السنترال,57.5,69.2,79.7,68.3,High
KED-ROAD-00699,شارع الوحدة العربية,57.5,67.5,81.9,68.3,High
KED-ROAD-04536,,57.5,69.8,79.1,68.3,High
KED-ROAD-01580,شارع الحاج حسن سليمان,57.5,71.3,77.3,68.3,High
KED-ROAD-01579,شارع الحاج حسن سليمان,57.5,71.3,77.3,68.3,High
KED-ROAD-00111,شارع المدينه المنورة,57.5,69.7,79.1,68.3,High
KED-ROAD-03481,شارع التحرير,57.5,68.8,80.4,68.3,High
KED-ROAD-03557,,57.5,68.9,80.3,68.3,High
KED-ROAD-03423,شارع مدين,57.5,71.5,77.1,68.3,High
KED-ROAD-05299,شارع مسجد السلام,57.5,67.5,81.7,68.3,High
KED-ROAD-05300,شارع مسجد السلام,57.5,67.5,81.7,68.3,High
KED-ROAD-05384,شارع 7,57.5,69.2,79.7,68.3,High
KED-ROAD-02590,شارع الشهيد احمد مبروك,57.5,69.6,79.4,68.3,High
KED-ROAD-02625,شارع الحاج يوسف صديق,57.5,70.4,78.3,68.3,High
KED-ROAD-02624,شارع الحاج يوسف صديق,57.5,70.4,78.3,68.3,High
KED-ROAD-03670,شارع خلف السنترال,57.5,69.2,79.7,68.3,High
KED-ROAD-02158,,57.5,71.5,77.2,68.3,High
KED-ROAD-00698,شارع الوحدة العربية,57.5,67.5,81.9,68.3,High
KED-ROAD-04535,,57.5,69.8,79.1,68.3,High
KED-ROAD-03410,شارع التحرير,57.5,68.8,80.4,68.3,High
KED-ROAD-02621,شارع الشهيد احمد مبروك,57.5,69.6,79.4,68.3,High
KED-ROAD-03065,شارع الغنيمى,57.5,71.5,76.9,68.2,High
KED-ROAD-03066,شارع الغنيمى,57.5,71.5,76.9,68.2,High
KED-ROAD-05064,شارع المستقبل,57.5,70.6,77.9,68.2,High
KED-ROAD-02117,,57.5,68.5,80.3,68.2,High
KED-ROAD-02118,,57.5,68.5,80.3,68.2,High
KED-ROAD-05063,شارع المستقبل,57.5,70.6,77.9,68.2,High
KED-ROAD-03535,شارع لواء الاسلام,57.5,68.9,80.0,68.2,High
KED-ROAD-03536,شارع لواء الاسلام,57.5,68.9,80.0,68.2,High
KED-ROAD-04874,شارع صلاح سالم,57.5,70.8,77.7,68.2,High
KED-ROAD-04971,شارع ماجد,57.5,68.8,80.0,68.2,High
KED-ROAD-03371,شارع عمر بن الخطاب,57.5,67.7,81.2,68.2,High
KED-ROAD-04875,شارع صلاح سالم,57.5,70.8,77.7,68.2,High
KED-ROAD-02951,شارع ماجد,57.5,68.8,80.0,68.2,High
KED-ROAD-02844,شارع المهلج,57.5,68.7,80.0,68.2,High
KED-ROAD-03340,شارع عمر بن الخطاب,57.5,67.7,81.2,68.2,High
KED-ROAD-02845,شارع المهلج,57.5,68.7,80.0,68.2,High
KED-ROAD-03207,شارع 26 يوليو,57.5,69.4,79.2,68.2,High
KED-ROAD-03242,شارع 26 يوليو,57.5,69.6,79.1,68.2,High
KED-ROAD-03241,شارع 26 يوليو,57.5,69.6,79.1,68.2,High
KED-ROAD-00936,شارع الشاذلى,57.5,70.9,77.4,68.2,High
KED-ROAD-00935,شارع الشاذلى,57.5,70.9,77.4,68.2,High
KED-ROAD-03208,شارع 26 يوليو,57.5,69.4,79.2,68.2,High
KED-ROAD-00034,شارع 7,57.5,72.2,75.7,68.1,High
KED-ROAD-06198,شارع اللواء محمود ابراهيم الكومى,57.5,66.0,83.0,68.1,High
KED-ROAD-00033,شارع 7,57.5,72.2,75.7,68.1,High
KED-ROAD-05363,شارع 3,57.5,68.8,79.8,68.1,High
KED-ROAD-02440,شارع العمرجي,57.5,70.7,77.4,68.1,High
KED-ROAD-05043,,57.5,71.0,77.2,68.1,High
KED-ROAD-05364,شارع 3,57.5,68.8,79.8,68.1,High
KED-ROAD-03772,شارع عمر افندى,57.5,70.2,78.2,68.1,High
KED-ROAD-03213,حارة الحكمه,57.5,69.3,79.0,68.1,High
KED-ROAD-03771,شارع عمر افندى,57.5,70.2,78.2,68.1,High
KED-ROAD-02058,شارع سعد مرعي,57.5,69.1,79.4,68.1,High
KED-ROAD-02461,شارع العمرجي,57.5,70.7,77.4,68.1,High
KED-ROAD-02057,شارع سعد مرعي,57.5,69.1,79.4,68.1,High
KED-ROAD-03214,حارة الحكمه,57.5,69.3,79.0,68.1,High
KED-ROAD-02500,شارع احمد جبريل,57.5,69.0,79.3,68.1,High
KED-ROAD-03716,شارع عمر افندى,57.5,69.3,79.0,68.1,High
KED-ROAD-02532,شارع الجرجاوى,57.5,68.8,79.5,68.1,High
KED-ROAD-05347,شارع 2,57.5,68.7,79.7,68.1,High
KED-ROAD-02533,شارع الجرجاوى,57.5,68.8,79.5,68.1,High
KED-ROAD-05348,شارع 2,57.5,68.7,79.7,68.1,High
KED-ROAD-04871,شارع مبره محمد على,57.5,69.9,78.2,68.1,High
KED-ROAD-02713,شارع الشافعى,57.5,68.8,79.7,68.1,High
KED-ROAD-03645,,57.5,67.8,80.8,68.1,High
KED-ROAD-03644,,57.5,67.8,80.8,68.1,High
KED-ROAD-02701,شارع احمد جبريل,57.5,69.0,79.3,68.1,High
KED-ROAD-06197,شارع اللواء محمود ابراهيم الكومى,57.5,66.0,83.0,68.1,High
KED-ROAD-03717,شارع عمر افندى,57.5,69.3,79.0,68.1,High
KED-ROAD-03099,حارة الشهيد على الروبى,57.5,70.1,78.2,68.1,High
KED-ROAD-03100,حارة الشهيد على الروبى,57.5,70.1,78.2,68.1,High
KED-ROAD-01088,شارع القنطره,57.5,70.4,77.6,68.1,High
KED-ROAD-01087,شارع القنطره,57.5,70.4,77.6,68.1,High
KED-ROAD-03359,شارع الكنيسه,57.5,68.8,79.5,68.1,High
KED-ROAD-03697,شارع بورسعيد,57.5,70.8,77.4,68.1,High
KED-ROAD-02712,شارع الشافعى,57.5,68.8,79.7,68.1,High
KED-ROAD-03696,شارع بورسعيد,57.5,70.8,77.4,68.1,High
KED-ROAD-04870,شارع مبره محمد على,57.5,69.9,78.2,68.1,High
KED-ROAD-05044,,57.5,71.0,77.2,68.1,High
KED-ROAD-03360,شارع الكنيسه,57.5,68.8,79.5,68.1,High
KED-ROAD-02064,شارع الصعايدة,57.5,71.8,75.7,68.0,High
KED-ROAD-05106,الطريق الدولي,57.5,69.3,78.9,68.0,High
KED-ROAD-00717,شارع الخير,57.5,71.4,76.2,68.0,High
KED-ROAD-01241,شارع صقر,57.5,70.3,77.5,68.0,High
KED-ROAD-01341,,57.5,70.4,77.4,68.0,High
KED-ROAD-02063,شارع الصعايدة,57.5,71.8,75.7,68.0,High
KED-ROAD-04007,شارع شتا,57.5,70.1,77.7,68.0,High
KED-ROAD-00613,شارع الجنة,57.5,69.8,78.0,68.0,High
KED-ROAD-00048,طريق ترعه السعرانية,57.5,68.4,79.8,68.0,High
KED-ROAD-00053,"طريق كفر الدوار, ابو المطامير",57.5,66.3,82.3,68.0,High
KED-ROAD-00900,,57.5,72.4,75.2,68.0,High
KED-ROAD-03324,شارع القنال,57.5,67.5,80.7,68.0,High
KED-ROAD-03323,شارع القنال,57.5,67.5,80.7,68.0,High
KED-ROAD-03212,حارة الجهاد,57.5,69.4,78.6,68.0,High
KED-ROAD-00849,شارع سعد زغلول,57.5,69.5,78.4,68.0,High
KED-ROAD-03161,,57.5,72.4,75.2,68.0,High
KED-ROAD-00246,شارع الجيش,57.5,70.8,76.8,68.0,High
KED-ROAD-00012,,57.5,68.1,80.2,68.0,High
KED-ROAD-00011,,57.5,68.1,80.2,68.0,High
KED-ROAD-05052,,57.5,70.7,77.0,68.0,High
KED-ROAD-03421,شارع الاتوبيس,57.5,70.3,77.4,68.0,High
KED-ROAD-04008,شارع شتا,57.5,70.1,77.7,68.0,High
KED-ROAD-00054,"طريق كفر الدوار, ابو المطامير",57.5,66.3,82.3,68.0,High
KED-ROAD-02931,شارع الترعه,57.5,70.1,77.9,68.0,High
KED-ROAD-02910,شارع الترعه,57.5,70.1,77.9,68.0,High
KED-ROAD-01342,,57.5,70.4,77.4,68.0,High
KED-ROAD-00718,شارع الخير,57.5,71.4,76.2,68.0,High
KED-ROAD-03422,شارع الاتوبيس,57.5,70.3,77.4,68.0,High
KED-ROAD-00850,شارع سعد زغلول,57.5,69.5,78.4,68.0,High
KED-ROAD-04559,شارع بورسعيد,57.5,70.9,76.8,68.0,High
KED-ROAD-03227,حارة أبناء الصعيد,57.5,70.3,77.6,68.0,High
KED-ROAD-00614,شارع الجنة,57.5,69.8,78.0,68.0,High
KED-ROAD-03211,حارة الجهاد,57.5,69.4,78.6,68.0,High
KED-ROAD-05041,,57.5,70.7,77.0,68.0,High
KED-ROAD-01220,شارع صقر,57.5,70.3,77.5,68.0,High
KED-ROAD-03228,حارة أبناء الصعيد,57.5,70.3,77.6,68.0,High
KED-ROAD-00047,طريق ترعه السعرانية,57.5,68.4,79.8,68.0,High
KED-ROAD-05907,شارع الترعه,57.5,69.0,78.8,67.9,High
KED-ROAD-03545,شارع الشهيد حسنى كامل,57.5,68.7,79.1,67.9,High
KED-ROAD-05359,شارع 53,57.5,69.9,77.8,67.9,High
KED-ROAD-03070,,57.5,70.5,77.0,67.9,High
KED-ROAD-00243,"طريق كفر الدوار, ابو المطامير",57.5,71.0,76.4,67.9,High
KED-ROAD-05906,شارع الترعه,57.5,69.0,78.8,67.9,High
KED-ROAD-00258,شارع الجيش,57.5,66.7,81.4,67.9,High
KED-ROAD-04480,شارع الاداره الصحيه,57.5,69.8,77.9,67.9,High
KED-ROAD-01253,شارع شتا,57.5,71.2,76.2,67.9,High
KED-ROAD-03541,,57.5,68.6,79.4,67.9,High
KED-ROAD-05067,شارع الجزايرلي,57.5,69.3,78.4,67.9,High
KED-ROAD-03069,,57.5,70.5,77.0,67.9,High
KED-ROAD-05358,شارع 53,57.5,69.9,77.8,67.9,High
KED-ROAD-05371,شارع 6,57.5,68.1,79.8,67.9,High
KED-ROAD-04507,شارع اللواء محمود ابراهيم الكومى,57.5,69.6,78.2,67.9,High
KED-ROAD-03544,شارع الشهيد حسنى كامل,57.5,68.7,79.1,67.9,High
KED-ROAD-02100,شارع اسماعيل محمد,57.5,68.9,78.7,67.9,High
KED-ROAD-05068,شارع الجزايرلي,57.5,69.3,78.4,67.9,High
KED-ROAD-04864,شارع مبره محمد على,57.5,69.8,77.7,67.9,High
KED-ROAD-03575,,57.5,70.2,77.4,67.9,High
KED-ROAD-00183,شارع 107,57.5,71.6,75.8,67.9,High
KED-ROAD-03352,شارع الشهيد احمد كامل,57.5,68.9,79.0,67.9,High
KED-ROAD-01254,شارع شتا,57.5,71.2,76.2,67.9,High
KED-ROAD-05382,شارع 6,57.5,68.1,79.8,67.9,High
KED-ROAD-03351,شارع الشهيد احمد كامل,57.5,68.9,79.0,67.9,High
KED-ROAD-02151,شارع سعد رخا,57.5,69.3,78.4,67.9,High
KED-ROAD-02143,شارع 106,57.5,72.6,74.4,67.9,High
KED-ROAD-02144,شارع 106,57.5,72.6,74.4,67.9,High
KED-ROAD-02099,شارع اسماعيل محمد,57.5,68.9,78.7,67.9,High
KED-ROAD-04481,شارع الاداره الصحيه,57.5,69.8,77.9,67.9,High
KED-ROAD-02971,,57.5,71.8,75.6,67.9,High
KED-ROAD-04506,شارع اللواء محمود ابراهيم الكومى,57.5,69.6,78.2,67.9,High
KED-ROAD-00184,شارع 107,57.5,71.6,75.8,67.9,High
KED-ROAD-04865,شارع مبره محمد على,57.5,69.8,77.7,67.9,High
KED-ROAD-02152,شارع سعد رخا,57.5,69.3,78.4,67.9,High
KED-ROAD-03200,,57.5,68.6,79.4,67.9,High
KED-ROAD-05234,شارع 4,57.5,68.5,79.1,67.9,High
KED-ROAD-03574,,57.5,70.2,77.4,67.9,High
KED-ROAD-05233,شارع 4,57.5,68.5,79.1,67.9,High
KED-ROAD-02940,,57.5,71.8,75.6,67.9,High
KED-ROAD-04509,شارع مسجد ابو الحمد,57.5,68.2,79.4,67.8,High
KED-ROAD-03657,شارع خلف السنترال,57.5,69.1,78.2,67.8,High
KED-ROAD-01083,شارع القنطره,57.5,71.0,76.0,67.8,High
KED-ROAD-05054,شارع غطاس تادرس,57.5,71.0,76.2,67.8,High
KED-ROAD-00646,شارع الوقار,57.5,70.9,76.0,67.8,High
KED-ROAD-05053,شارع غطاس تادرس,57.5,71.0,76.2,67.8,High
KED-ROAD-01084,شارع القنطره,57.5,71.0,76.0,67.8,High
KED-ROAD-01098,,57.5,67.5,80.2,67.8,High
KED-ROAD-04508,شارع مسجد ابو الحمد,57.5,68.2,79.4,67.8,High
KED-ROAD-04848,شارع مؤسسه الكهرباء,57.5,69.3,78.1,67.8,High
KED-ROAD-02166,شارع 25 يناير,57.5,65.4,82.6,67.8,High
KED-ROAD-02450,شارع السد العالى,57.5,69.8,77.5,67.8,High
KED-ROAD-06416,شارع عمرو بن العاص,57.5,71.7,75.3,67.8,High
KED-ROAD-01428,شارع ابو هرجه,57.5,67.9,79.8,67.8,High
KED-ROAD-01429,شارع ابو هرجه,57.5,67.9,79.8,67.8,High
KED-ROAD-00074,,57.5,69.6,77.7,67.8,High
KED-ROAD-02167,شارع 25 يناير,57.5,65.4,82.6,67.8,High
KED-ROAD-04849,شارع مؤسسه الكهرباء,57.5,69.3,78.1,67.8,High
KED-ROAD-00645,شارع الوقار,57.5,70.9,76.0,67.8,High
KED-ROAD-06415,شارع عمرو بن العاص,57.5,71.7,75.3,67.8,High
KED-ROAD-03658,شارع خلف السنترال,57.5,69.1,78.2,67.8,High
KED-ROAD-02002,طريق البردلة الرئيسى,57.5,63.0,85.4,67.8,High
KED-ROAD-03706,,57.5,72.2,74.6,67.8,High
KED-ROAD-02001,طريق البردلة الرئيسى,57.5,63.0,85.4,67.8,High
KED-ROAD-03707,,57.5,72.2,74.6,67.8,High
KED-ROAD-00326,,57.5,71.5,75.6,67.8,High
KED-ROAD-02808,شارع 13,57.5,69.3,78.2,67.8,High
KED-ROAD-03335,شارع محمد ذكى,57.5,70.4,76.9,67.8,High
KED-ROAD-01515,,57.5,70.2,76.8,67.8,High
KED-ROAD-03334,شارع محمد ذكى,57.5,70.4,76.9,67.8,High
KED-ROAD-01516,,57.5,70.2,76.8,67.8,High
KED-ROAD-03534,,57.5,67.8,79.8,67.8,High
KED-ROAD-03833,امتداد شارع الخليج الاعظم,57.5,70.0,77.2,67.8,High
KED-ROAD-05357,شارع 52,57.5,67.8,79.8,67.8,High
KED-ROAD-03533,,57.5,67.8,79.8,67.8,High
KED-ROAD-02471,شارع السد العالى,57.5,69.8,77.5,67.8,High
KED-ROAD-00073,,57.5,69.6,77.7,67.8,High
KED-ROAD-03834,امتداد شارع الخليج الاعظم,57.5,70.0,77.2,67.8,High
KED-ROAD-05356,شارع 52,57.5,67.8,79.8,67.8,High
KED-ROAD-02872,شارع مدخل كفر الدوار,57.5,69.8,77.3,67.8,High
KED-ROAD-00327,,57.5,71.5,75.6,67.8,High
KED-ROAD-02807,شارع 13,57.5,69.3,78.2,67.8,High
KED-ROAD-01099,,57.5,67.5,80.2,67.8,High
KED-ROAD-02274,,57.5,71.8,74.7,67.7,High
KED-ROAD-00874,شارع زين العابدين,57.5,70.9,75.8,67.7,High
KED-ROAD-04901,شارع جمعه جامع,57.5,60.6,87.8,67.7,High
KED-ROAD-01327,شارع 28,57.5,69.2,77.7,67.7,High
KED-ROAD-00561,شارع ابو بكر الصديق,57.5,70.7,76.1,67.7,High
KED-ROAD-04656,شارع بورسعيد,57.5,71.3,75.2,67.7,High
KED-ROAD-04655,شارع بورسعيد,57.5,71.3,75.2,67.7,High
KED-ROAD-01328,شارع 28,57.5,69.2,77.7,67.7,High
KED-ROAD-00213,"طريق كفر الدوار, ابو المطامير",57.5,67.6,79.6,67.7,High
KED-ROAD-02004,شارع حامد النداف,57.5,69.3,77.6,67.7,High
KED-ROAD-03864,شارع الاداره الصحيه,57.5,70.9,75.9,67.7,High
KED-ROAD-02003,شارع حامد النداف,57.5,69.3,77.6,67.7,High
KED-ROAD-03865,شارع الاداره الصحيه,57.5,70.9,75.9,67.7,High
KED-ROAD-00616,عطفه المأمون,57.5,68.9,78.4,67.7,High
KED-ROAD-00520,شارع ابو بكر الصديق,57.5,70.7,76.1,67.7,High
KED-ROAD-00244,"طريق كفر الدوار, ابو المطامير",57.5,72.4,74.0,67.7,High
KED-ROAD-00198,شارع 103,57.5,68.0,79.1,67.7,High
KED-ROAD-00199,شارع 103,57.5,68.0,79.1,67.7,High
KED-ROAD-03072,شارع ابو هريره,57.5,71.8,74.8,67.7,High
KED-ROAD-03071,شارع ابو هريره,57.5,71.8,74.8,67.7,High
KED-ROAD-00214,"طريق كفر الدوار, ابو المطامير",57.5,67.6,79.6,67.7,High
KED-ROAD-04124,شارع الوزير,57.5,70.6,76.0,67.7,High
KED-ROAD-04123,شارع الوزير,57.5,70.6,76.0,67.7,High
KED-ROAD-00615,عطفه المأمون,57.5,68.9,78.4,67.7,High
KED-ROAD-04665,شارع 6,57.5,68.1,79.1,67.7,High
KED-ROAD-02273,,57.5,71.8,74.7,67.7,High
KED-ROAD-02806,شارع 6,57.5,69.4,77.5,67.7,High
KED-ROAD-02805,شارع 6,57.5,69.4,77.5,67.7,High
KED-ROAD-04664,شارع 6,57.5,68.1,79.1,67.7,High
KED-ROAD-05252,شارع جمعه جامع,57.5,60.6,87.8,67.7,High
KED-ROAD-03333,شارع عزيز المصري,57.5,71.6,75.0,67.7,High
KED-ROAD-03332,شارع عزيز المصري,57.5,71.6,75.0,67.7,High
KED-ROAD-00875,شارع زين العابدين,57.5,70.9,75.8,67.7,High
KED-ROAD-02164,شارع 106,57.5,70.8,75.7,67.6,High
KED-ROAD-06447,شارع محمد انور السادات,57.5,71.4,75.1,67.6,High
KED-ROAD-05367,شارع 4,57.5,67.2,79.8,67.6,High
KED-ROAD-05368,شارع 4,57.5,67.2,79.8,67.6,High
KED-ROAD-02031,شارع سعيد بركات,57.5,67.7,79.4,67.6,High
KED-ROAD-05751,,57.5,69.2,77.5,67.6,High
KED-ROAD-05752,,57.5,69.2,77.5,67.6,High
KED-ROAD-02032,شارع سعيد بركات,57.5,67.7,79.4,67.6,High
KED-ROAD-02163,شارع 106,57.5,70.8,75.7,67.6,High
KED-ROAD-04590,,57.5,68.9,77.8,67.6,High
KED-ROAD-04591,,57.5,68.9,77.8,67.6,High
KED-ROAD-03353,شارع الكنيسه,57.5,66.9,80.0,67.6,High
KED-ROAD-02804,شارع على محمد بدر,57.5,69.9,76.6,67.6,High
KED-ROAD-03578,,57.5,69.2,77.6,67.6,High
KED-ROAD-03354,شارع الكنيسه,57.5,66.9,80.0,67.6,High
KED-ROAD-02981,شارع المستقبل,57.5,72.1,74.0,67.6,High
KED-ROAD-00286,شارع 110,57.5,72.7,73.5,67.6,High
KED-ROAD-03579,,57.5,69.2,77.6,67.6,High
KED-ROAD-05089,الطريق الدولي,57.5,68.2,78.7,67.6,High
KED-ROAD-00287,شارع 110,57.5,72.7,73.5,67.6,High
KED-ROAD-02950,شارع المستقبل,57.5,72.1,74.0,67.6,High
KED-ROAD-02803,شارع على محمد بدر,57.5,69.9,76.6,67.6,High
KED-ROAD-04502,شارع اللواء محمود ابراهيم الكومى,57.5,69.1,77.6,67.6,High
KED-ROAD-04500,شارع ناتجاس,57.5,67.7,79.4,67.6,High
KED-ROAD-01094,شارع مدخل كفر الدوار,57.5,71.2,75.0,67.6,High
KED-ROAD-04501,شارع ناتجاس,57.5,67.7,79.4,67.6,High
KED-ROAD-04503,شارع اللواء محمود ابراهيم الكومى,57.5,69.1,77.6,67.6,High
KED-ROAD-06448,شارع محمد انور السادات,57.5,71.4,75.1,67.6,High
KED-ROAD-04879,شارع صلاح سالم,57.5,68.3,78.2,67.5,High
KED-ROAD-00630,عطفه الشهداء,57.5,58.9,89.1,67.5,High
KED-ROAD-03634,,57.5,70.2,76.1,67.5,High
KED-ROAD-02267,شارع 8,57.5,71.4,74.6,67.5,High
KED-ROAD-02268,شارع 8,57.5,71.4,74.6,67.5,High
KED-ROAD-00804,شارع ابو بكر الصديق,57.5,69.5,76.8,67.5,High
KED-ROAD-01079,,57.5,61.4,86.3,67.5,High
KED-ROAD-01080,,57.5,61.4,86.3,67.5,High
KED-ROAD-03684,شارع الشهيد حامد هنداوي,57.5,69.9,76.3,67.5,High
KED-ROAD-03685,شارع الشهيد حامد هنداوي,57.5,69.9,76.3,67.5,High
KED-ROAD-04868,شارع مبره محمد على,57.5,68.5,77.9,67.5,High
KED-ROAD-01339,شارع المستشفى الشامله,57.5,71.3,74.7,67.5,High
KED-ROAD-04806,شارع الشهيد طلعت ابراهيم عبد الحميد,57.5,69.9,76.3,67.5,High
KED-ROAD-00805,شارع ابو بكر الصديق,57.5,69.5,76.8,67.5,High
KED-ROAD-05297,شارع خلف المدارس,57.5,61.8,85.7,67.5,High
KED-ROAD-05271,شارع 57,57.5,68.7,77.7,67.5,High
KED-ROAD-04878,شارع صلاح سالم,57.5,68.3,78.2,67.5,High
KED-ROAD-04869,شارع مبره محمد على,57.5,68.5,77.9,67.5,High
KED-ROAD-05298,شارع خلف المدارس,57.5,61.8,85.7,67.5,High
KED-ROAD-04660,شارع الشهيد عيسي شاهين,57.5,51.9,97.5,67.5,High
KED-ROAD-04659,شارع الشهيد عيسي شاهين,57.5,51.9,97.5,67.5,High
KED-ROAD-05312,شارع 57,57.5,68.7,77.7,67.5,High
KED-ROAD-03096,حارة المنتصر,57.5,69.0,77.5,67.5,High
KED-ROAD-03095,حارة المنتصر,57.5,69.0,77.5,67.5,High
KED-ROAD-02305,شارع اسماعيل محمد,57.5,58.7,89.5,67.5,High
KED-ROAD-02306,شارع اسماعيل محمد,57.5,58.7,89.5,67.5,High
KED-ROAD-00331,شارع الجيش,57.5,71.1,75.1,67.5,High
KED-ROAD-03635,,57.5,70.2,76.1,67.5,High
KED-ROAD-02648,شارع ناشد,57.5,69.6,76.8,67.5,High
KED-ROAD-02649,شارع ناشد,57.5,69.6,76.8,67.5,High
KED-ROAD-00224,"طريق كفر الدوار, ابو المطامير",57.5,65.7,81.2,67.5,High
KED-ROAD-04010,شارع محروس,57.5,70.1,76.3,67.5,High
KED-ROAD-01472,شارع الماسوره,57.5,70.1,76.0,67.5,High
KED-ROAD-00629,عطفه الشهداء,57.5,58.9,89.1,67.5,High
KED-ROAD-00223,"طريق كفر الدوار, ابو المطامير",57.5,65.7,81.2,67.5,High
KED-ROAD-03480,,57.5,70.6,75.6,67.5,High
KED-ROAD-01473,شارع الماسوره,57.5,70.1,76.0,67.5,High
KED-ROAD-03479,,57.5,70.6,75.6,67.5,High
KED-ROAD-04807,شارع الشهيد طلعت ابراهيم عبد الحميد,57.5,69.9,76.3,67.5,High
KED-ROAD-04009,شارع محروس,57.5,70.1,76.3,67.5,High
KED-ROAD-03418,شارع بلنة,57.5,66.3,80.2,67.4,High
KED-ROAD-03605,شارع الكرنك,57.5,66.4,80.1,67.4,High
KED-ROAD-03606,شارع الكرنك,57.5,66.4,80.1,67.4,High
KED-ROAD-04574,,57.5,59.3,88.5,67.4,High
KED-ROAD-00181,شارع خليفه,57.5,70.1,75.7,67.4,High
KED-ROAD-01631,شارع ابو ورده,57.5,71.2,74.5,67.4,High
KED-ROAD-01601,شارع تميم,57.5,70.8,74.9,67.4,High
KED-ROAD-03730,شارع بورسعيد,57.5,68.1,78.0,67.4,High
KED-ROAD-01314,شارع المستشفى الشامله,57.5,69.2,77.0,67.4,High
KED-ROAD-03417,شارع بلنة,57.5,66.3,80.2,67.4,High
KED-ROAD-02111,طريق البردلة الرئيسى,57.5,60.9,86.5,67.4,High
KED-ROAD-02112,طريق البردلة الرئيسى,57.5,60.9,86.5,67.4,High
KED-ROAD-03143,شارع غزه,57.5,70.4,75.3,67.4,High
KED-ROAD-04884,شارع غطاس تادرس,57.5,72.2,73.2,67.4,High
KED-ROAD-03144,شارع غزه,57.5,70.4,75.3,67.4,High
KED-ROAD-02955,شارع ماجد,57.5,72.5,73.1,67.4,High
KED-ROAD-02954,شارع ماجد,57.5,72.5,73.1,67.4,High
KED-ROAD-04883,شارع غطاس تادرس,57.5,72.2,73.2,67.4,High
KED-ROAD-06201,شارع اللواء محمود ابراهيم الكومى,57.5,65.6,81.0,67.4,High
KED-ROAD-06202,شارع اللواء محمود ابراهيم الكومى,57.5,65.6,81.0,67.4,High
KED-ROAD-04734,,57.5,68.7,77.3,67.4,High
KED-ROAD-03266,شارع وهدان,57.5,67.4,79.1,67.4,High
KED-ROAD-04726,شارع 51,57.5,70.1,75.9,67.4,High
KED-ROAD-04725,شارع 51,57.5,70.1,75.9,67.4,High
KED-ROAD-05244,شارع 9,57.5,69.7,76.2,67.4,High
KED-ROAD-01265,شارع الشعراوى,57.5,73.0,72.3,67.4,High
KED-ROAD-01437,شارع علاء الدين,57.5,71.5,74.1,67.4,High
KED-ROAD-01266,شارع الشعراوى,57.5,73.0,72.3,67.4,High
KED-ROAD-01602,شارع تميم,57.5,70.8,74.9,67.4,High
KED-ROAD-04771,,57.5,68.4,77.9,67.4,High
KED-ROAD-04575,,57.5,59.3,88.5,67.4,High
KED-ROAD-00498,شارع عثمان بن عفان,57.5,71.2,74.4,67.4,High
KED-ROAD-03729,شارع بورسعيد,57.5,68.1,78.0,67.4,High
KED-ROAD-00182,شارع خليفه,57.5,70.1,75.7,67.4,High
KED-ROAD-03033,شارع النصر,57.5,69.2,76.9,67.4,High
KED-ROAD-04770,,57.5,68.4,77.9,67.4,High
KED-ROAD-03034,شارع النصر,57.5,69.2,76.9,67.4,High
KED-ROAD-00499,شارع عثمان بن عفان,57.5,71.2,74.4,67.4,High
KED-ROAD-01438,شارع علاء الدين,57.5,71.5,74.1,67.4,High
KED-ROAD-03265,شارع وهدان,57.5,67.4,79.1,67.4,High
KED-ROAD-04735,,57.5,68.7,77.3,67.4,High
KED-ROAD-05245,شارع 9,57.5,69.7,76.2,67.4,High
KED-ROAD-01632,شارع ابو ورده,57.5,71.2,74.5,67.4,High
KED-ROAD-02291,شارع 12,57.5,68.7,77.2,67.3,High
KED-ROAD-05329,شارع مسجد السلام,57.5,69.1,76.7,67.3,High
KED-ROAD-02292,شارع 12,57.5,68.7,77.2,67.3,High
KED-ROAD-05328,شارع مسجد السلام,57.5,69.1,76.7,67.3,High
KED-ROAD-00247,,57.5,70.6,75.0,67.3,High
KED-ROAD-01085,,57.5,68.7,76.9,67.3,High
KED-ROAD-00383,عطفه السيدة عائشة,57.5,71.9,73.4,67.3,High
KED-ROAD-02684,شارع المهلج,57.5,69.8,76.0,67.3,High
KED-ROAD-02685,شارع المهلج,57.5,69.8,76.0,67.3,High
KED-ROAD-04710,شارع مسجد السلام,57.5,67.1,79.2,67.3,High
KED-ROAD-04711,شارع مسجد السلام,57.5,67.1,79.2,67.3,High
KED-ROAD-03913,شارع شحاته,57.5,69.4,76.2,67.3,High
KED-ROAD-02202,طريق البردلة الرئيسى,57.5,66.2,80.0,67.3,High
KED-ROAD-03912,شارع شحاته,57.5,69.4,76.2,67.3,High
KED-ROAD-01086,,57.5,68.7,76.9,67.3,High
KED-ROAD-03459,شارع الرزق,57.5,67.2,78.9,67.3,High
KED-ROAD-00607,شارع 105,57.5,69.7,75.9,67.3,High
KED-ROAD-03458,شارع الرزق,57.5,67.2,78.9,67.3,High
KED-ROAD-00608,شارع 105,57.5,69.7,75.9,67.3,High
KED-ROAD-00982,شارع القلعه,57.5,70.7,74.8,67.3,High
KED-ROAD-04582,,57.5,65.5,80.8,67.3,High
KED-ROAD-03331,شارع ابو بكر الصديق,57.5,69.4,76.2,67.3,High
KED-ROAD-02850,شارع السلامه,57.5,68.2,77.8,67.3,High
KED-ROAD-02201,طريق البردلة الرئيسى,57.5,66.2,80.0,67.3,High
KED-ROAD-00981,شارع القلعه,57.5,70.7,74.8,67.3,High
KED-ROAD-01197,شارع داوود,57.5,70.1,75.3,67.3,High
KED-ROAD-01196,شارع داوود,57.5,70.1,75.3,67.3,High
KED-ROAD-02460,شارع ابو بكر الصديق,57.5,69.4,76.2,67.3,High
KED-ROAD-02488,شارع محمد خضر,57.5,68.0,78.1,67.3,High
KED-ROAD-02489,شارع محمد خضر,57.5,68.0,78.1,67.3,High
KED-ROAD-04583,,57.5,65.5,80.8,67.3,High
KED-ROAD-01637,شارع مسلم,57.5,71.3,74.2,67.3,High
KED-ROAD-01638,شارع مسلم,57.5,71.3,74.2,67.3,High
KED-ROAD-00382,عطفه السيدة عائشة,57.5,71.9,73.4,67.3,High
KED-ROAD-02861,شارع السلامه,57.5,68.2,77.8,67.3,High
KED-ROAD-00050,"طريق كفر الدوار, ابو المطامير",57.5,66.9,79.3,67.3,High
KED-ROAD-00041,,57.5,72.3,73.0,67.3,High
KED-ROAD-00049,"طريق كفر الدوار, ابو المطامير",57.5,66.9,79.3,67.3,High
KED-ROAD-00042,,57.5,72.3,73.0,67.3,High
KED-ROAD-03038,,57.5,71.6,73.4,67.2,High
KED-ROAD-03037,,57.5,71.6,73.4,67.2,High
KED-ROAD-01210,شارع بكر الدكراوي,57.5,69.1,76.4,67.2,High
KED-ROAD-06402,,57.5,69.0,76.5,67.2,High
KED-ROAD-06401,,57.5,69.0,76.5,67.2,High
KED-ROAD-03373,شارع الشركات,57.5,65.7,80.5,67.2,High
KED-ROAD-03372,شارع الشركات,57.5,65.7,80.5,67.2,High
KED-ROAD-02788,شارع حسين سلام,57.5,71.3,73.8,67.2,High
KED-ROAD-02789,شارع حسين سلام,57.5,71.3,73.8,67.2,High
KED-ROAD-01288,,57.5,70.2,75.1,67.2,High
KED-ROAD-01287,,57.5,70.2,75.1,67.2,High
KED-ROAD-03344,شارع الجلاء,57.5,66.8,78.9,67.2,High
KED-ROAD-04553,شارع بورسعيد,57.5,71.8,73.3,67.2,High
KED-ROAD-06022,شارع اللواء محمود ابراهيم الكومى,57.5,63.3,83.0,67.2,High
KED-ROAD-06021,شارع اللواء محمود ابراهيم الكومى,57.5,63.3,83.0,67.2,High
KED-ROAD-03343,شارع الجلاء,57.5,66.8,78.9,67.2,High
KED-ROAD-03735,شارع التأمين الصحى,57.5,67.9,77.7,67.2,High
KED-ROAD-05107,شارع مدرسه طلعت حرب,57.5,62.5,84.0,67.2,High
KED-ROAD-03736,شارع التأمين الصحى,57.5,67.9,77.7,67.2,High
KED-ROAD-05108,شارع مدرسه طلعت حرب,57.5,62.5,84.0,67.2,High
KED-ROAD-00290,شارع 108,57.5,70.1,75.0,67.2,High
KED-ROAD-00964,عطفه جلال الدسوقي,57.5,70.7,74.3,67.2,High
KED-ROAD-03760,شارع عاطف سالم,57.5,67.8,77.7,67.2,High
KED-ROAD-03759,شارع عاطف سالم,57.5,67.8,77.7,67.2,High
KED-ROAD-03903,,57.5,69.7,75.4,67.2,High
KED-ROAD-04745,شارع مساكن غزل كفر الدوار الجديدة,57.5,67.6,77.9,67.2,High
KED-ROAD-04744,شارع مساكن غزل كفر الدوار الجديدة,57.5,67.6,77.9,67.2,High
KED-ROAD-02948,شارع المستقبل,57.5,72.1,72.9,67.2,High
KED-ROAD-02949,شارع المستقبل,57.5,72.1,72.9,67.2,High
KED-ROAD-05060,شارع حسن مرزوق,57.5,68.4,77.0,67.2,High
KED-ROAD-05059,شارع حسن مرزوق,57.5,68.4,77.0,67.2,High
KED-ROAD-05332,شارع احمد كامل,57.5,67.1,78.6,67.2,High
KED-ROAD-04722,,57.5,69.9,75.2,67.2,High
KED-ROAD-04721,,57.5,69.9,75.2,67.2,High
KED-ROAD-04452,شارع عبد المنعم,57.5,70.4,74.7,67.2,High
KED-ROAD-03845,شارع يوسف,57.5,71.0,74.0,67.2,High
KED-ROAD-03844,شارع يوسف,57.5,71.0,74.0,67.2,High
KED-ROAD-02170,شارع 25 يناير,57.5,70.0,75.3,67.2,High
KED-ROAD-00963,عطفه جلال الدسوقي,57.5,70.7,74.3,67.2,High
KED-ROAD-01209,شارع بكر الدكراوي,57.5,69.1,76.4,67.2,High
KED-ROAD-02146,,57.5,64.0,82.1,67.2,High
KED-ROAD-06407,شارع محمد انور السادات,57.5,69.8,75.5,67.2,High
KED-ROAD-06408,شارع محمد انور السادات,57.5,69.8,75.5,67.2,High
KED-ROAD-02145,,57.5,64.0,82.1,67.2,High
KED-ROAD-02191,شارع 25 يناير,57.5,70.0,75.3,67.2,High
KED-ROAD-04451,شارع عبد المنعم,57.5,70.4,74.7,67.2,High
KED-ROAD-00291,شارع 108,57.5,70.1,75.0,67.2,High
KED-ROAD-03902,,57.5,69.7,75.4,67.2,High
KED-ROAD-05333,شارع احمد كامل,57.5,67.1,78.6,67.2,High
KED-ROAD-03073,شارع ابو هريره,57.5,69.8,75.1,67.1,High
KED-ROAD-03074,شارع ابو هريره,57.5,69.8,75.1,67.1,High
KED-ROAD-03973,,57.5,70.7,74.2,67.1,High
KED-ROAD-01270,شارع الحناوي,57.5,72.1,72.4,67.1,High
KED-ROAD-02670,حارة النور,57.5,70.5,74.4,67.1,High
KED-ROAD-01252,شارع الزربة,57.5,68.3,76.7,67.1,High
KED-ROAD-01269,شارع الحناوي,57.5,72.1,72.4,67.1,High
KED-ROAD-02705,شارع الجلاء,57.5,66.6,78.9,67.1,High
KED-ROAD-02737,شارع دسوقي,57.5,70.8,74.0,67.1,High
KED-ROAD-02736,شارع دسوقي,57.5,70.8,74.0,67.1,High
KED-ROAD-02687,شارع المهلج,57.5,69.6,75.5,67.1,High
KED-ROAD-04986,امتداد شارع الخليج الاعظم,57.5,65.2,80.5,67.1,High
KED-ROAD-03907,,57.5,70.7,74.0,67.1,High
KED-ROAD-01350,,57.5,70.4,74.3,67.1,High
KED-ROAD-01349,,57.5,70.4,74.3,67.1,High
KED-ROAD-05113,الطريق الدولي,57.5,68.9,76.3,67.1,High
KED-ROAD-03974,,57.5,70.7,74.2,67.1,High
KED-ROAD-04167,شارع الحناوي,57.5,70.3,74.6,67.1,High
KED-ROAD-04168,شارع الحناوي,57.5,70.3,74.6,67.1,High
KED-ROAD-02704,شارع الجلاء,57.5,66.6,78.9,67.1,High
KED-ROAD-04985,امتداد شارع الخليج الاعظم,57.5,65.2,80.5,67.1,High
KED-ROAD-02686,شارع المهلج,57.5,69.6,75.5,67.1,High
KED-ROAD-01251,شارع الزربة,57.5,68.3,76.7,67.1,High
KED-ROAD-04630,,57.5,68.2,77.2,67.1,High
KED-ROAD-00204,شارع على مبروك خفاجه,57.5,70.7,74.0,67.1,High
KED-ROAD-04631,,57.5,68.2,77.2,67.1,High
KED-ROAD-04606,,57.5,67.5,77.9,67.1,High
KED-ROAD-03906,,57.5,70.7,74.0,67.1,High
KED-ROAD-02901,حارة النور,57.5,70.5,74.4,67.1,High
KED-ROAD-00203,شارع على مبروك خفاجه,57.5,70.7,74.0,67.1,High
KED-ROAD-04758,شارع الشهيد طلعت ابراهيم عبد الحميد,57.5,69.5,75.6,67.1,High
KED-ROAD-04607,,57.5,67.5,77.9,67.1,High
KED-ROAD-04759,شارع الشهيد طلعت ابراهيم عبد الحميد,57.5,69.5,75.6,67.1,High
KED-ROAD-04336,شارع الزربة,57.5,69.9,74.6,67.0,High
KED-ROAD-03879,,57.5,67.9,77.1,67.0,High
KED-ROAD-03878,,57.5,67.9,77.1,67.0,High
KED-ROAD-05399,,57.5,68.6,76.1,67.0,High
KED-ROAD-00288,شارع 109,57.5,70.3,74.4,67.0,High
KED-ROAD-02643,شارع رياض صقر,57.5,67.6,77.3,67.0,High
KED-ROAD-01597,شارع حسونة,57.5,71.2,73.3,67.0,High
KED-ROAD-03681,شارع الجيش,57.5,70.3,74.3,67.0,High
KED-ROAD-00219,"طريق كفر الدوار, ابو المطامير",57.5,68.4,76.4,67.0,High
KED-ROAD-00289,شارع 109,57.5,70.3,74.4,67.0,High
KED-ROAD-00220,"طريق كفر الدوار, ابو المطامير",57.5,68.4,76.4,67.0,High
KED-ROAD-04276,شارع السيد القعيد,57.5,70.6,73.8,67.0,High
KED-ROAD-03124,,57.5,69.6,75.0,67.0,High
KED-ROAD-01598,شارع حسونة,57.5,71.2,73.3,67.0,High
KED-ROAD-04337,شارع الزربة,57.5,69.9,74.6,67.0,High
KED-ROAD-03125,,57.5,69.6,75.0,67.0,High
KED-ROAD-03695,شارع الترعه,57.5,66.3,79.1,67.0,High
KED-ROAD-04924,شارع مبره محمد على,57.5,71.4,73.0,67.0,High
KED-ROAD-03694,شارع الترعه,57.5,66.3,79.1,67.0,High
KED-ROAD-04275,شارع السيد القعيد,57.5,70.6,73.8,67.0,High
KED-ROAD-02671,شارع الاتحاد,57.5,67.5,77.6,67.0,High
KED-ROAD-04925,شارع مبره محمد على,57.5,71.4,73.0,67.0,High
KED-ROAD-05398,,57.5,68.6,76.1,67.0,High
KED-ROAD-02650,شارع الاتحاد,57.5,67.5,77.6,67.0,High
KED-ROAD-03680,شارع الجيش,57.5,70.3,74.3,67.0,High
KED-ROAD-06017,شارع اللواء محمود ابراهيم الكومى,57.5,66.0,79.2,67.0,High
KED-ROAD-06018,شارع اللواء محمود ابراهيم الكومى,57.5,66.0,79.2,67.0,High
KED-ROAD-02642,شارع رياض صقر,57.5,67.6,77.3,67.0,High
KED-ROAD-04867,شارع ناتجاس,57.5,67.4,77.2,66.9,High
KED-ROAD-05387,شارع مساكن التمليك,57.5,67.1,77.8,66.9,High
KED-ROAD-05388,شارع مساكن التمليك,57.5,67.1,77.8,66.9,High
KED-ROAD-06030,شارع خلف المدرسه الثانوى,57.5,63.2,82.2,66.9,High
KED-ROAD-02551,شارع ابو العزايم,57.5,72.2,71.6,66.9,High
KED-ROAD-00064,,57.5,69.2,75.2,66.9,High
KED-ROAD-02139,,57.5,64.1,81.0,66.9,High
KED-ROAD-02192,شارع 1,57.5,69.4,74.8,66.9,High
KED-ROAD-00063,,57.5,69.2,75.2,66.9,High
KED-ROAD-01300,شارع عبد الرازق,57.5,71.5,72.6,66.9,High
KED-ROAD-01291,شارع غازي,57.5,71.5,72.4,66.9,High
KED-ROAD-01292,شارع غازي,57.5,71.5,72.4,66.9,High
KED-ROAD-06031,شارع خلف المدرسه الثانوى,57.5,63.2,82.2,66.9,High
KED-ROAD-01299,شارع عبد الرازق,57.5,71.5,72.6,66.9,High
KED-ROAD-02193,شارع 1,57.5,69.4,74.8,66.9,High
KED-ROAD-00643,شارع الحسين,57.5,70.7,73.3,66.9,High
KED-ROAD-06219,,57.5,71.2,72.8,66.9,High
KED-ROAD-00644,شارع الحسين,57.5,70.7,73.3,66.9,High
KED-ROAD-02937,شارع ابو الحمد,57.5,69.8,74.7,66.9,High
KED-ROAD-03853,شارع حسين,57.5,70.3,73.9,66.9,High
KED-ROAD-03852,شارع حسين,57.5,70.3,73.9,66.9,High
KED-ROAD-02936,شارع ابو الحمد,57.5,69.8,74.7,66.9,High
KED-ROAD-02510,شارع ابو العزايم,57.5,72.2,71.6,66.9,High
KED-ROAD-00278,شارع 111,57.5,71.5,72.6,66.9,High
KED-ROAD-00279,شارع 111,57.5,71.5,72.6,66.9,High
KED-ROAD-03753,شارع صبحى,57.5,70.8,73.5,66.9,High
KED-ROAD-02358,شارع نجم,57.5,68.5,76.0,66.9,High
KED-ROAD-02359,شارع نجم,57.5,68.5,76.0,66.9,High
KED-ROAD-00277,شارع الجيش,57.5,69.4,74.9,66.9,High
KED-ROAD-03752,شارع صبحى,57.5,70.8,73.5,66.9,High
KED-ROAD-02140,,57.5,64.1,81.0,66.9,High
KED-ROAD-06079,شارع اللواء محمود ابراهيم الكومى,57.5,68.9,75.5,66.9,High
KED-ROAD-04866,شارع ناتجاس,57.5,67.4,77.2,66.9,High
KED-ROAD-06080,شارع اللواء محمود ابراهيم الكومى,57.5,68.9,75.5,66.9,High
KED-ROAD-06218,,57.5,71.2,72.8,66.9,High
KED-ROAD-05335,,57.5,67.2,77.1,66.8,High
KED-ROAD-03832,,57.5,70.9,72.9,66.8,High
KED-ROAD-02371,شارع المصرف,57.5,69.1,75.0,66.8,High
KED-ROAD-04585,,57.5,64.6,80.4,66.8,High
KED-ROAD-01262,شارع سليمان,57.5,71.5,72.2,66.8,High
KED-ROAD-05334,,57.5,67.2,77.1,66.8,High
KED-ROAD-00237,شارع الجيش,57.5,70.7,73.0,66.8,High
KED-ROAD-01505,,57.5,69.3,74.7,66.8,High
KED-ROAD-01390,,57.5,68.6,75.6,66.8,High
KED-ROAD-01008,شارع سعيد حمادة,57.5,51.7,95.4,66.8,High
KED-ROAD-00826,شارع الجمهوريه,57.5,69.7,74.4,66.8,High
KED-ROAD-03831,,57.5,70.9,72.9,66.8,High
KED-ROAD-01754,شارع محروس,57.5,69.5,74.5,66.8,High
KED-ROAD-04397,شارع 19,57.5,69.4,74.4,66.8,High
KED-ROAD-04396,شارع 19,57.5,69.4,74.4,66.8,High
KED-ROAD-01755,شارع محروس,57.5,69.5,74.5,66.8,High
KED-ROAD-02727,شارع 21,57.5,68.5,75.7,66.8,High
KED-ROAD-01581,,57.5,63.9,81.2,66.8,High
KED-ROAD-02728,شارع 21,57.5,68.5,75.7,66.8,High
KED-ROAD-02829,شارع حسن يونس,57.5,70.3,73.5,66.8,High
KED-ROAD-01504,,57.5,69.3,74.7,66.8,High
KED-ROAD-01057,,57.5,71.2,72.4,66.8,High
KED-ROAD-01261,شارع سليمان,57.5,71.5,72.2,66.8,High
KED-ROAD-02133,شارع 106,57.5,70.6,73.1,66.8,High
KED-ROAD-01582,,57.5,63.9,81.2,66.8,High
KED-ROAD-02134,شارع 106,57.5,70.6,73.1,66.8,High
KED-ROAD-04584,,57.5,64.6,80.4,66.8,High
KED-ROAD-02360,شارع المصرف,57.5,69.1,75.0,66.8,High
KED-ROAD-03789,شارع سلام,57.5,71.3,72.5,66.8,High
KED-ROAD-03790,شارع سلام,57.5,71.3,72.5,66.8,High
KED-ROAD-01007,شارع سعيد حمادة,57.5,51.7,95.4,66.8,High
KED-ROAD-00827,شارع الجمهوريه,57.5,69.7,74.4,66.8,High
KED-ROAD-01501,,57.5,68.6,75.6,66.8,High
KED-ROAD-00185,عطفه المأمون,57.5,68.4,75.9,66.8,High
KED-ROAD-02830,شارع حسن يونس,57.5,70.3,73.5,66.8,High
KED-ROAD-00186,عطفه المأمون,57.5,68.4,75.9,66.8,High
KED-ROAD-04281,شارع عبد الرازق,57.5,70.4,73.4,66.8,High
KED-ROAD-04282,شارع عبد الرازق,57.5,70.4,73.4,66.8,High
KED-ROAD-01058,,57.5,71.2,72.4,66.8,High
KED-ROAD-04316,شارع المحكمه,57.5,70.3,73.2,66.7,High
KED-ROAD-03627,,57.5,68.1,75.7,66.7,High
KED-ROAD-03676,شارع بلنة,57.5,71.3,72.0,66.7,High
KED-ROAD-03673,شارع الاتوبيس,57.5,71.5,71.7,66.7,High
KED-ROAD-01575,شارع راغب الكحيلي,57.5,71.6,71.5,66.7,High
KED-ROAD-04740,,57.5,66.6,77.4,66.7,High
KED-ROAD-04625,,57.5,66.7,77.5,66.7,High
KED-ROAD-05344,,57.5,68.1,75.7,66.7,High
KED-ROAD-05343,,57.5,68.1,75.7,66.7,High
KED-ROAD-04317,شارع المحكمه,57.5,70.3,73.2,66.7,High
KED-ROAD-00313,شارع الجمهوريه,57.5,70.0,73.5,66.7,High
KED-ROAD-03775,شارع صبحى,57.5,69.6,74.1,66.7,High
KED-ROAD-04798,,57.5,66.4,77.8,66.7,High
KED-ROAD-04741,,57.5,66.6,77.4,66.7,High
KED-ROAD-04799,,57.5,66.4,77.8,66.7,High
KED-ROAD-00314,شارع الجمهوريه,57.5,70.0,73.5,66.7,High
KED-ROAD-04624,,57.5,66.7,77.5,66.7,High
KED-ROAD-03626,,57.5,68.1,75.7,66.7,High
KED-ROAD-03677,شارع بلنة,57.5,71.3,72.0,66.7,High
KED-ROAD-05285,شارع بالي,57.5,69.2,74.4,66.7,High
KED-ROAD-05284,شارع بالي,57.5,69.2,74.4,66.7,High
KED-ROAD-02793,شارع عمر بن عبد العزيز,57.5,69.1,74.7,66.7,High
KED-ROAD-03672,شارع الاتوبيس,57.5,71.5,71.7,66.7,High
KED-ROAD-01576,شارع راغب الكحيلي,57.5,71.6,71.5,66.7,High
KED-ROAD-02792,شارع عمر بن عبد العزيز,57.5,69.1,74.7,66.7,High
KED-ROAD-03846,شارع حسين,57.5,69.7,73.9,66.7,High
KED-ROAD-03847,شارع حسين,57.5,69.7,73.9,66.7,High
KED-ROAD-03776,شارع صبحى,57.5,69.6,74.1,66.7,High
KED-ROAD-05753,الطريق الدولي,57.5,69.4,74.1,66.7,High
KED-ROAD-03348,شارع الشهيد حسنى كامل,57.5,68.8,74.5,66.6,High
KED-ROAD-03525,,57.5,71.6,71.3,66.6,High
KED-ROAD-03524,,57.5,71.6,71.3,66.6,High
KED-ROAD-03662,شارع الامه,57.5,69.9,73.5,66.6,High
KED-ROAD-03682,,57.5,68.3,75.3,66.6,High
KED-ROAD-03663,شارع الامه,57.5,69.9,73.5,66.6,High
KED-ROAD-03347,شارع الشهيد حسنى كامل,57.5,68.8,74.5,66.6,High
KED-ROAD-02973,,57.5,69.5,73.9,66.6,High
KED-ROAD-04014,شارع لبيب,57.5,68.8,74.8,66.6,High
KED-ROAD-04013,شارع لبيب,57.5,68.8,74.8,66.6,High
KED-ROAD-02241,شارع الوزان,57.5,68.8,74.7,66.6,High
KED-ROAD-03683,,57.5,68.3,75.3,66.6,High
KED-ROAD-03762,شارع بيبرس,57.5,69.3,73.9,66.6,High
KED-ROAD-00541,شارع الجنة,57.5,71.1,72.0,66.6,High
KED-ROAD-00535,شارع 41,57.5,71.4,71.7,66.6,High
KED-ROAD-03761,شارع بيبرس,57.5,69.3,73.9,66.6,High
KED-ROAD-02262,,57.5,72.5,70.4,66.6,High
KED-ROAD-02261,,57.5,72.5,70.4,66.6,High
KED-ROAD-03166,,57.5,72.1,70.9,66.6,High
KED-ROAD-03167,,57.5,72.1,70.9,66.6,High
KED-ROAD-02972,,57.5,69.5,73.9,66.6,High
KED-ROAD-03329,شارع ام صابر,57.5,68.7,75.0,66.6,High
KED-ROAD-03330,شارع ام صابر,57.5,68.7,75.0,66.6,High
KED-ROAD-02242,شارع الوزان,57.5,68.8,74.7,66.6,High
KED-ROAD-01636,شارع شتا,57.5,71.5,71.5,66.6,High
KED-ROAD-00534,شارع 41,57.5,71.4,71.7,66.6,High
KED-ROAD-01635,شارع شتا,57.5,71.5,71.5,66.6,High
KED-ROAD-04467,,57.5,67.8,75.9,66.6,High
KED-ROAD-02060,,57.5,66.9,76.8,66.6,High
KED-ROAD-01884,,57.5,69.8,73.6,66.6,High
KED-ROAD-02427,شارع سلطان,57.5,68.4,75.2,66.6,High
KED-ROAD-02426,شارع سلطان,57.5,68.4,75.2,66.6,High
KED-ROAD-00530,شارع الجنة,57.5,71.1,72.0,66.6,High
KED-ROAD-01885,,57.5,69.8,73.6,66.6,High
KED-ROAD-04466,,57.5,67.8,75.9,66.6,High
KED-ROAD-02059,,57.5,66.9,76.8,66.6,High
KED-ROAD-02029,,57.5,70.2,73.0,66.6,High
KED-ROAD-02030,,57.5,70.2,73.0,66.6,High
KED-ROAD-04261,شارع غازي,57.5,69.2,74.2,66.6,High
KED-ROAD-04262,شارع غازي,57.5,69.2,74.2,66.6,High
KED-ROAD-03861,شارع سلام,57.5,71.3,71.5,66.5,High
KED-ROAD-04443,شارع احمد عرابى,57.5,68.8,74.2,66.5,High
KED-ROAD-03769,شارع عدلى,57.5,70.8,71.9,66.5,High
KED-ROAD-03860,شارع سلام,57.5,71.3,71.5,66.5,High
KED-ROAD-03770,شارع عدلى,57.5,70.8,71.9,66.5,High
KED-ROAD-04859,شارع الباشا,57.5,70.0,73.0,66.5,High
KED-ROAD-04860,شارع الباشا,57.5,70.0,73.0,66.5,High
KED-ROAD-03660,شارع خلف السنترال,57.5,70.6,72.0,66.5,High
KED-ROAD-03659,شارع خلف السنترال,57.5,70.6,72.0,66.5,High
KED-ROAD-04413,شارع 9,57.5,70.2,72.7,66.5,High
KED-ROAD-04414,شارع 9,57.5,70.2,72.7,66.5,High
KED-ROAD-06454,,57.5,66.4,77.0,66.5,High
KED-ROAD-06453,,57.5,66.4,77.0,66.5,High
KED-ROAD-05014,,57.5,69.7,73.3,66.5,High
KED-ROAD-05013,,57.5,69.7,73.3,66.5,High
KED-ROAD-03127,شارع مصطفى كامل,57.5,71.0,71.7,66.5,High
KED-ROAD-03126,شارع مصطفى كامل,57.5,71.0,71.7,66.5,High
KED-ROAD-01683,شارع الجامع,57.5,68.7,74.5,66.5,High
KED-ROAD-01682,شارع الجامع,57.5,68.7,74.5,66.5,High
KED-ROAD-04284,شارع رياض,57.5,69.8,73.0,66.5,High
KED-ROAD-04283,شارع رياض,57.5,69.8,73.0,66.5,High
KED-ROAD-01845,شارع الشعراوى,57.5,73.0,69.4,66.5,High
KED-ROAD-01846,شارع الشعراوى,57.5,73.0,69.4,66.5,High
KED-ROAD-01656,شارع سلطان,57.5,70.7,71.7,66.4,High
KED-ROAD-01657,شارع سلطان,57.5,70.7,71.7,66.4,High
KED-ROAD-01130,شارع الخليفه,57.5,71.6,70.8,66.4,High
KED-ROAD-01735,شارع محمود الجندى,57.5,70.3,72.1,66.4,High
KED-ROAD-04382,شارع 18,57.5,69.1,73.7,66.4,High
KED-ROAD-04393,شارع 18,57.5,69.1,73.7,66.4,High
KED-ROAD-02639,شارع النقيب,57.5,65.7,77.6,66.4,High
KED-ROAD-02638,شارع النقيب,57.5,65.7,77.6,66.4,High
KED-ROAD-01129,شارع الخليفه,57.5,71.6,70.8,66.4,High
KED-ROAD-01734,شارع محمود الجندى,57.5,70.3,72.1,66.4,High
KED-ROAD-06441,,57.5,72.1,70.0,66.4,High
KED-ROAD-06440,,57.5,72.1,70.0,66.4,High
KED-ROAD-04179,شارع بورسعيد,57.5,70.7,71.9,66.4,High
KED-ROAD-04183,شارع بورسعيد,57.5,71.0,71.5,66.4,High
KED-ROAD-01304,شارع القنطره,57.5,69.4,73.4,66.4,High
KED-ROAD-01715,شارع طه نجم,57.5,70.5,72.1,66.4,High
KED-ROAD-03278,شارع 26 يوليو,57.5,69.9,72.8,66.4,High
KED-ROAD-01401,شارع الماظ,57.5,70.7,71.7,66.4,High
KED-ROAD-03797,شارع سلام,57.5,70.3,72.4,66.4,High
KED-ROAD-01544,شارع طه نجم,57.5,70.5,72.1,66.4,High
KED-ROAD-05282,,57.5,70.0,72.7,66.4,High
KED-ROAD-04855,شارع شحاته,57.5,69.8,72.9,66.4,High
KED-ROAD-01303,شارع القنطره,57.5,69.4,73.4,66.4,High
KED-ROAD-04856,شارع شحاته,57.5,69.8,72.9,66.4,High
KED-ROAD-02623,شارع حمدى الترزى,57.5,70.8,71.6,66.4,High
KED-ROAD-02622,شارع حمدى الترزى,57.5,70.8,71.6,66.4,High
KED-ROAD-05283,,57.5,70.0,72.7,66.4,High
KED-ROAD-06012,,57.5,66.5,76.8,66.4,High
KED-ROAD-03767,شارع سلام,57.5,70.3,72.4,66.4,High
KED-ROAD-03277,شارع 26 يوليو,57.5,69.9,72.8,66.4,High
KED-ROAD-01402,شارع الماظ,57.5,70.7,71.7,66.4,High
KED-ROAD-06011,,57.5,66.5,76.8,66.4,High
KED-ROAD-03484,شارع التحرير,57.5,69.9,72.3,66.3,High
KED-ROAD-06210,,57.5,70.1,72.0,66.3,High
KED-ROAD-03764,شارع بيبرس,57.5,68.4,74.0,66.3,High
KED-ROAD-03763,شارع بيبرس,57.5,68.4,74.0,66.3,High
KED-ROAD-03745,حارة خضير,57.5,69.0,73.5,66.3,High
KED-ROAD-03746,حارة خضير,57.5,69.0,73.5,66.3,High
KED-ROAD-01883,شارع محمود الجندى,57.5,71.2,70.8,66.3,High
KED-ROAD-01882,شارع محمود الجندى,57.5,71.2,70.8,66.3,High
KED-ROAD-06211,,57.5,70.1,72.0,66.3,High
KED-ROAD-00251,شارع محمد سعد ابو مضاوي,57.5,69.5,72.7,66.3,High
KED-ROAD-00252,شارع محمد سعد ابو مضاوي,57.5,69.5,72.7,66.3,High
KED-ROAD-03485,شارع التحرير,57.5,69.9,72.3,66.3,High
KED-ROAD-03488,شارع رسلان,57.5,70.2,71.9,66.3,High
KED-ROAD-03489,شارع رسلان,57.5,70.2,71.9,66.3,High
KED-ROAD-05057,شارع كشك,57.5,69.3,72.9,66.3,High
KED-ROAD-05058,شارع كشك,57.5,69.3,72.9,66.3,High
KED-ROAD-05750,الطريق الدولي,57.5,70.3,72.0,66.3,High
KED-ROAD-04804,شارع مساكن الغزل,57.5,66.5,76.3,66.3,High
KED-ROAD-04805,شارع مساكن الغزل,57.5,66.5,76.3,66.3,High
KED-ROAD-05552,,57.5,69.5,72.6,66.3,High
KED-ROAD-05221,,57.5,69.5,72.6,66.3,High
KED-ROAD-02841,شارع مدخل كفر الدوار,57.5,69.4,73.0,66.3,High
KED-ROAD-02831,شارع محمد خضر,57.5,70.4,71.7,66.3,High
KED-ROAD-02832,شارع محمد خضر,57.5,70.4,71.7,66.3,High
KED-ROAD-02616,شارع مسجد الرحمن,57.5,69.8,72.4,66.3,High
KED-ROAD-02617,شارع مسجد الرحمن,57.5,69.8,72.4,66.3,High
KED-ROAD-03756,شارع عدلى,57.5,70.7,71.5,66.3,High
KED-ROAD-03757,شارع عدلى,57.5,70.7,71.5,66.3,High
KED-ROAD-04363,شارع 10,57.5,69.7,72.5,66.3,High
KED-ROAD-04364,شارع 10,57.5,69.7,72.5,66.3,High
KED-ROAD-04160,شارع عراقى,57.5,70.3,71.7,66.3,High
KED-ROAD-04159,شارع عراقى,57.5,70.3,71.7,66.3,High
KED-ROAD-04053,شارع الحناوي,57.5,70.2,71.9,66.3,High
KED-ROAD-04052,شارع الحناوي,57.5,70.2,71.9,66.3,High
KED-ROAD-04405,شارع 9,57.5,68.5,73.7,66.2,High
KED-ROAD-04406,شارع 9,57.5,68.5,73.7,66.2,High
KED-ROAD-02181,شارع زعتر,57.5,69.8,72.1,66.2,High
KED-ROAD-02180,شارع زعتر,57.5,69.8,72.1,66.2,High
KED-ROAD-00057,,57.5,68.0,74.0,66.2,High
KED-ROAD-00058,,57.5,68.0,74.0,66.2,High
KED-ROAD-04965,حارة رفاعه الطهطاوى,57.5,69.0,73.0,66.2,High
KED-ROAD-01329,,57.5,70.0,72.0,66.2,High
KED-ROAD-01295,شارع السيد القعيد,57.5,69.5,72.5,66.2,High
KED-ROAD-01139,شارع بدران,57.5,71.3,70.3,66.2,High
KED-ROAD-01296,شارع السيد القعيد,57.5,69.5,72.5,66.2,High
KED-ROAD-01330,,57.5,70.0,72.0,66.2,High
KED-ROAD-03082,شارع الجيش,57.5,70.8,70.9,66.2,High
KED-ROAD-03081,شارع الجيش,57.5,70.8,70.9,66.2,High
KED-ROAD-01738,شارع الجامع,57.5,71.1,70.6,66.2,High
KED-ROAD-02699,شارع ابو حنيفه,57.5,69.4,72.6,66.2,High
KED-ROAD-02698,شارع ابو حنيفه,57.5,69.4,72.6,66.2,High
KED-ROAD-01140,شارع بدران,57.5,71.3,70.3,66.2,High
KED-ROAD-01739,شارع الجامع,57.5,71.1,70.6,66.2,High
KED-ROAD-05112,الطريق الدولي,57.5,66.4,76.1,66.2,High
KED-ROAD-01698,شارع ابو هرجه,57.5,70.7,71.3,66.2,High
KED-ROAD-02840,شارع احمد عرابى,57.5,69.8,72.2,66.2,High
KED-ROAD-01863,شارع راغب الكحيلي,57.5,70.0,71.9,66.2,High
KED-ROAD-01862,شارع راغب الكحيلي,57.5,70.0,71.9,66.2,High
KED-ROAD-02497,شارع محمد بسيوني,57.5,70.8,70.9,66.2,High
KED-ROAD-02496,شارع محمد بسيوني,57.5,70.8,70.9,66.2,High
KED-ROAD-02391,شارع المقابر,57.5,64.5,78.5,66.2,High
KED-ROAD-02871,شارع احمد عرابى,57.5,69.8,72.2,66.2,High
KED-ROAD-01359,شارع المستشفى الشامله,57.5,69.0,73.0,66.2,High
KED-ROAD-02350,شارع المقابر,57.5,64.5,78.5,66.2,High
KED-ROAD-02282,شارع 7,57.5,68.8,73.3,66.2,High
KED-ROAD-00563,شارع 50,57.5,71.9,69.7,66.2,High
KED-ROAD-02281,شارع 7,57.5,68.8,73.3,66.2,High
KED-ROAD-00562,شارع 50,57.5,71.9,69.7,66.2,High
KED-ROAD-04966,حارة رفاعه الطهطاوى,57.5,69.0,73.0,66.2,High
KED-ROAD-01699,شارع ابو هرجه,57.5,70.7,71.3,66.2,High
KED-ROAD-04983,شارع مسجد التوحيد,57.5,70.1,71.3,66.1,High
KED-ROAD-04447,شارع بورسعيد,57.5,70.6,70.8,66.1,High
KED-ROAD-02717,شارع غريب,57.5,70.6,70.9,66.1,High
KED-ROAD-04984,شارع مسجد التوحيد,57.5,70.1,71.3,66.1,High
KED-ROAD-03448,شارع ابو الدرداء,57.5,70.5,70.9,66.1,High
KED-ROAD-03447,شارع ابو الدرداء,57.5,70.5,70.9,66.1,High
KED-ROAD-02716,شارع غريب,57.5,70.6,70.9,66.1,High
KED-ROAD-01710,شارع ادم,57.5,69.5,72.1,66.1,High
KED-ROAD-00334,عطفه السيدة عائشة,57.5,72.5,68.5,66.1,High
KED-ROAD-02823,شارع عبد الرزاق عبد الحميد,57.5,70.2,71.2,66.1,High
KED-ROAD-04446,شارع بورسعيد,57.5,70.6,70.8,66.1,High
KED-ROAD-01741,شارع سلطان,57.5,70.6,70.8,66.1,High
KED-ROAD-01481,شارع شتا,57.5,70.3,71.1,66.1,High
KED-ROAD-03150,شارع الجمهوريه,57.5,70.4,71.2,66.1,High
KED-ROAD-04369,شارع 10,57.5,69.9,71.9,66.1,High
KED-ROAD-04370,شارع 10,57.5,69.9,71.9,66.1,High
KED-ROAD-03149,شارع الجمهوريه,57.5,70.4,71.2,66.1,High
KED-ROAD-00067,,57.5,64.7,77.7,66.1,High
KED-ROAD-01517,شارع احمد عرابى,57.5,69.8,71.9,66.1,High
KED-ROAD-01518,شارع احمد عرابى,57.5,69.8,71.9,66.1,High
KED-ROAD-02975,شارع على بركه,57.5,69.8,71.9,66.1,High
KED-ROAD-02974,شارع على بركه,57.5,69.8,71.9,66.1,High
KED-ROAD-04439,,57.5,64.3,78.1,66.1,High
KED-ROAD-04438,,57.5,64.3,78.1,66.1,High
KED-ROAD-03989,شارع الشعراوى,57.5,70.0,71.7,66.1,High
KED-ROAD-04176,شارع المنايفة,57.5,71.3,70.1,66.1,High
KED-ROAD-00068,,57.5,64.7,77.7,66.1,High
KED-ROAD-04165,شارع المنايفة,57.5,71.3,70.1,66.1,High
KED-ROAD-00133,شارع على مبروك خفاجه,57.5,69.6,72.2,66.1,High
KED-ROAD-00117,شارع محمد عبيد جنيدي,57.5,69.5,72.1,66.1,High
KED-ROAD-03744,شارع عاطف,57.5,69.9,71.7,66.1,High
KED-ROAD-03313,شارع عزيز المصري,57.5,70.4,71.1,66.1,High
KED-ROAD-03314,شارع عزيز المصري,57.5,70.4,71.1,66.1,High
KED-ROAD-01382,,57.5,65.9,76.5,66.1,High
KED-ROAD-01383,,57.5,65.9,76.5,66.1,High
KED-ROAD-00513,شارع 70,57.5,69.9,71.8,66.1,High
KED-ROAD-03743,شارع عاطف,57.5,69.9,71.7,66.1,High
KED-ROAD-01011,شارع الوزان,57.5,47.4,97.9,66.1,High
KED-ROAD-02528,شارع خليل,57.5,70.1,71.7,66.1,High
KED-ROAD-02527,شارع خليل,57.5,70.1,71.7,66.1,High
KED-ROAD-01012,شارع الوزان,57.5,47.4,97.9,66.1,High
KED-ROAD-03773,حارة خضير,57.5,70.2,71.5,66.1,High
KED-ROAD-02865,شارع السلامه,57.5,67.7,74.4,66.1,High
KED-ROAD-01730,شارع سلطان,57.5,70.6,70.8,66.1,High
KED-ROAD-00335,عطفه السيدة عائشة,57.5,72.5,68.5,66.1,High
KED-ROAD-03990,شارع الشعراوى,57.5,70.0,71.7,66.1,High
KED-ROAD-04693,شارع 58,57.5,70.1,71.4,66.1,High
KED-ROAD-02886,شارع مبره محمد على,57.5,68.5,73.4,66.1,High
KED-ROAD-02377,شارع نجم,57.5,72.6,68.5,66.1,High
KED-ROAD-02864,شارع السلامه,57.5,67.7,74.4,66.1,High
KED-ROAD-02376,شارع نجم,57.5,72.6,68.5,66.1,High
KED-ROAD-04694,شارع 58,57.5,70.1,71.4,66.1,High
KED-ROAD-03774,حارة خضير,57.5,70.2,71.5,66.1,High
KED-ROAD-00512,شارع 70,57.5,69.9,71.8,66.1,High
KED-ROAD-00134,شارع على مبروك خفاجه,57.5,69.6,72.2,66.1,High
KED-ROAD-02887,شارع مبره محمد على,57.5,68.5,73.4,66.1,High
KED-ROAD-02361,,57.5,72.4,68.7,66.1,High
KED-ROAD-02362,,57.5,72.4,68.7,66.1,High
KED-ROAD-03239,شارع الاتوبيس,57.5,71.7,69.8,66.1,High
KED-ROAD-03240,شارع الاتوبيس,57.5,71.7,69.8,66.1,High
KED-ROAD-00118,شارع محمد عبيد جنيدي,57.5,69.5,72.1,66.1,High
KED-ROAD-01460,شارع شتا,57.5,70.3,71.1,66.1,High
KED-ROAD-01731,شارع ادم,57.5,69.5,72.1,66.1,High
KED-ROAD-05123,الطريق الدولي,57.5,61.1,81.9,66.1,High
KED-ROAD-02613,شارع احمد يونس,57.5,70.1,71.4,66.1,High
KED-ROAD-02612,شارع احمد يونس,57.5,70.1,71.4,66.1,High
KED-ROAD-02824,شارع عبد الرزاق عبد الحميد,57.5,70.2,71.2,66.1,High
KED-ROAD-04092,شارع بسيوني,57.5,70.6,70.5,66.0,Medium
KED-ROAD-04629,شارع مساكن الغزل,57.5,64.9,77.1,66.0,Medium
KED-ROAD-04628,شارع مساكن الغزل,57.5,64.9,77.1,66.0,Medium
KED-ROAD-04471,,57.5,69.1,72.4,66.0,High
KED-ROAD-02119,,57.5,70.5,70.7,66.0,High
KED-ROAD-04470,,57.5,69.1,72.4,66.0,High
KED-ROAD-02120,,57.5,70.5,70.7,66.0,High
KED-ROAD-04312,شارع 12,57.5,70.4,70.7,66.0,Medium
KED-ROAD-04311,شارع 12,57.5,70.4,70.7,66.0,Medium
KED-ROAD-04349,شارع 11,57.5,70.0,71.2,66.0,Medium
KED-ROAD-04350,شارع 11,57.5,70.0,71.2,66.0,Medium
KED-ROAD-04093,شارع بسيوني,57.5,70.6,70.5,66.0,Medium
KED-ROAD-03177,,57.5,68.9,72.4,66.0,Medium
KED-ROAD-03964,شارع سليمان,57.5,69.8,71.3,66.0,Medium
KED-ROAD-03963,شارع سليمان,57.5,69.8,71.3,66.0,Medium
KED-ROAD-05699,,57.5,71.6,69.4,66.0,High
KED-ROAD-03178,,57.5,68.9,72.4,66.0,Medium
KED-ROAD-02924,شارع الإمام مالك,57.5,69.9,71.3,66.0,Medium
KED-ROAD-02925,شارع الإمام مالك,57.5,69.9,71.3,66.0,Medium
KED-ROAD-03926,شارع الشعراوى,57.5,70.4,70.8,66.0,High
KED-ROAD-03243,,57.5,71.5,69.6,66.0,High
KED-ROAD-01953,شارع ابو عسل,57.5,69.2,72.3,66.0,High
KED-ROAD-01954,شارع ابو عسل,57.5,69.2,72.3,66.0,High
KED-ROAD-03244,,57.5,71.5,69.6,66.0,High
KED-ROAD-01421,,57.5,70.5,70.5,66.0,Medium
KED-ROAD-03889,,57.5,68.9,72.7,66.0,High
KED-ROAD-03890,,57.5,68.9,72.7,66.0,High
KED-ROAD-05554,,57.5,69.0,72.5,66.0,High
KED-ROAD-05553,,57.5,69.0,72.5,66.0,High
KED-ROAD-05700,,57.5,71.6,69.4,66.0,High
KED-ROAD-01890,شارع الشعراوى,57.5,70.4,70.8,66.0,High
KED-ROAD-02653,شارع الاتحاد,57.5,68.3,73.3,66.0,High
KED-ROAD-02652,شارع الاتحاد,57.5,68.3,73.3,66.0,High
KED-ROAD-01306,,57.5,68.8,72.6,66.0,High
KED-ROAD-01305,,57.5,68.8,72.6,66.0,High
KED-ROAD-02600,شارع احمد يونس,57.5,70.5,70.7,66.0,High
KED-ROAD-01690,شارع نصار,57.5,69.5,71.9,66.0,High
KED-ROAD-04979,,57.5,70.8,70.2,66.0,Medium
KED-ROAD-02626,شارع حمدى الترزى,57.5,70.1,71.0,66.0,Medium
KED-ROAD-01150,شارع داوود,57.5,69.9,71.3,66.0,Medium
KED-ROAD-02631,شارع احمد يونس,57.5,70.5,70.7,66.0,High
KED-ROAD-02627,شارع حمدى الترزى,57.5,70.1,71.0,66.0,Medium
KED-ROAD-01701,شارع نصار,57.5,69.5,71.9,66.0,High
KED-ROAD-01200,,57.5,70.5,70.5,66.0,Medium
KED-ROAD-01180,,57.5,70.8,70.3,66.0,Medium
KED-ROAD-01179,,57.5,70.8,70.3,66.0,Medium
KED-ROAD-03551,شارع التحرير,57.5,70.2,70.8,66.0,Medium
KED-ROAD-01723,شارع المنايفة,57.5,70.1,71.0,66.0,Medium
KED-ROAD-04980,,57.5,70.8,70.2,66.0,Medium
KED-ROAD-05102,الطريق الدولي,57.5,65.1,76.9,66.0,Medium
KED-ROAD-01722,شارع المنايفة,57.5,70.1,71.0,66.0,Medium
KED-ROAD-01149,شارع داوود,57.5,69.9,71.3,66.0,Medium
KED-ROAD-03530,شارع التحرير,57.5,70.2,70.8,66.0,Medium
KED-ROAD-01572,شارع 1,57.5,71.4,69.6,66.0,High
KED-ROAD-03083,شارع الشهيد حامد هنداوي,57.5,70.4,70.6,66.0,Medium
KED-ROAD-03084,شارع الشهيد حامد هنداوي,57.5,70.4,70.6,66.0,Medium
KED-ROAD-01571,شارع 1,57.5,71.4,69.6,66.0,High
KED-ROAD-01551,شارع راغب الكحيلي,57.5,70.7,70.3,66.0,Medium
KED-ROAD-01552,شارع راغب الكحيلي,57.5,70.7,70.3,66.0,Medium
KED-ROAD-03013,شارع الجميل,57.5,71.3,69.3,65.9,Medium
KED-ROAD-03940,شارع المنايفة,57.5,71.7,68.9,65.9,Medium
KED-ROAD-02938,شارع مسجد التوحيد,57.5,70.8,70.1,65.9,Medium
KED-ROAD-02939,شارع مسجد التوحيد,57.5,70.8,70.1,65.9,Medium
KED-ROAD-04006,شارع احمد بكر,57.5,71.0,69.9,65.9,Medium
KED-ROAD-01369,شارع محطة الصرف الصحى,57.5,69.0,72.1,65.9,Medium
KED-ROAD-01370,شارع محطة الصرف الصحى,57.5,69.0,72.1,65.9,Medium
KED-ROAD-04739,,57.5,64.4,77.4,65.9,Medium
KED-ROAD-03848,شارع عدلى,57.5,69.7,71.3,65.9,Medium
KED-ROAD-03868,,57.5,68.2,72.9,65.9,Medium
KED-ROAD-03869,,57.5,68.2,72.9,65.9,Medium
KED-ROAD-05800,,57.5,65.4,76.1,65.9,Medium
KED-ROAD-05801,,57.5,65.4,76.1,65.9,Medium
KED-ROAD-03849,شارع عدلى,57.5,69.7,71.3,65.9,Medium
KED-ROAD-03939,شارع المنايفة,57.5,71.7,68.9,65.9,Medium
KED-ROAD-04993,,57.5,70.7,70.1,65.9,Medium
KED-ROAD-04994,,57.5,70.7,70.1,65.9,Medium
KED-ROAD-04738,,57.5,64.4,77.4,65.9,Medium
KED-ROAD-01788,شارع عراقى,57.5,71.4,69.2,65.9,Medium
KED-ROAD-04895,شارع شحاته,57.5,69.9,70.9,65.9,Medium
KED-ROAD-02817,شارع حمدى الترزى,57.5,71.2,69.6,65.9,Medium
KED-ROAD-01693,شارع اللبان,57.5,69.6,71.4,65.9,Medium
KED-ROAD-03014,شارع الجميل,57.5,71.3,69.3,65.9,Medium
KED-ROAD-02818,شارع حمدى الترزى,57.5,71.2,69.6,65.9,Medium
KED-ROAD-01692,شارع اللبان,57.5,69.6,71.4,65.9,Medium
KED-ROAD-04896,شارع شحاته,57.5,69.9,70.9,65.9,Medium
KED-ROAD-02636,شارع احمد يونس,57.5,69.4,71.5,65.9,Medium
KED-ROAD-02637,شارع احمد يونس,57.5,69.4,71.5,65.9,Medium
KED-ROAD-01789,شارع عراقى,57.5,71.4,69.2,65.9,Medium
KED-ROAD-05237,شارع عبد القادر عباده,57.5,68.7,72.6,65.9,Medium
KED-ROAD-05238,شارع عبد القادر عباده,57.5,68.7,72.6,65.9,Medium
KED-ROAD-05248,شارع عبد العزيز الزمراني,57.5,69.7,71.4,65.9,Medium
KED-ROAD-05249,شارع عبد العزيز الزمراني,57.5,69.7,71.4,65.9,Medium
KED-ROAD-04847,شارع مبره محمد على,57.5,68.2,72.9,65.9,Medium
KED-ROAD-04846,شارع مبره محمد على,57.5,68.2,72.9,65.9,Medium
KED-ROAD-03998,شارع عراقى,57.5,71.6,68.8,65.8,Medium
KED-ROAD-03997,شارع عراقى,57.5,71.6,68.8,65.8,Medium
KED-ROAD-03956,شارع ادم,57.5,70.0,70.6,65.8,Medium
KED-ROAD-04003,شارع المنايفة,57.5,70.9,69.6,65.8,Medium
KED-ROAD-01485,شارع محروس,57.5,69.5,71.2,65.8,Medium
KED-ROAD-04062,شارع الاحمر,57.5,69.8,70.7,65.8,Medium
KED-ROAD-03507,شارع 26 يوليو,57.5,69.4,71.4,65.8,Medium
KED-ROAD-02714,شارع غريب,57.5,68.9,72.0,65.8,Medium
KED-ROAD-01484,شارع محروس,57.5,69.5,71.2,65.8,Medium
KED-ROAD-06428,,57.5,68.8,71.9,65.8,Medium
KED-ROAD-04063,شارع الاحمر,57.5,69.8,70.7,65.8,Medium
KED-ROAD-04004,شارع المنايفة,57.5,70.9,69.6,65.8,Medium
KED-ROAD-03935,شارع ادم,57.5,70.0,70.6,65.8,Medium
KED-ROAD-03850,شارع عدلى,57.5,70.8,69.5,65.8,Medium
KED-ROAD-01405,شارع علاء الدين,57.5,70.7,69.7,65.8,Medium
KED-ROAD-02828,شارع عبد الرزاق عبد الحميد,57.5,70.1,70.5,65.8,Medium
KED-ROAD-04752,,57.5,64.0,77.6,65.8,Medium
KED-ROAD-04763,,57.5,64.0,77.6,65.8,Medium
KED-ROAD-02715,شارع غريب,57.5,68.9,72.0,65.8,Medium
KED-ROAD-01707,شارع الوزير,57.5,68.9,72.0,65.8,Medium
KED-ROAD-01706,شارع الوزير,57.5,68.9,72.0,65.8,Medium
KED-ROAD-03851,شارع عدلى,57.5,70.8,69.5,65.8,Medium
KED-ROAD-02898,,57.5,66.3,74.9,65.8,Medium
KED-ROAD-05991,,57.5,66.0,75.2,65.8,Medium
KED-ROAD-03506,شارع 26 يوليو,57.5,69.4,71.4,65.8,Medium
KED-ROAD-02897,,57.5,66.3,74.9,65.8,Medium
KED-ROAD-05992,,57.5,66.0,75.2,65.8,Medium
KED-ROAD-01406,شارع علاء الدين,57.5,70.7,69.7,65.8,Medium
KED-ROAD-03646,,57.5,69.2,71.4,65.8,Medium
KED-ROAD-01859,شارع ادم,57.5,69.9,70.6,65.8,Medium
KED-ROAD-01819,شارع القصاص,57.5,70.4,70.2,65.8,Medium
KED-ROAD-01818,شارع القصاص,57.5,70.4,70.2,65.8,Medium
KED-ROAD-02759,شارع صلاح عبد العزيز,57.5,68.7,72.0,65.8,Medium
KED-ROAD-02758,شارع صلاح عبد العزيز,57.5,68.7,72.0,65.8,Medium
KED-ROAD-03647,,57.5,69.2,71.4,65.8,Medium
KED-ROAD-01858,شارع ادم,57.5,69.9,70.6,65.8,Medium
KED-ROAD-01106,شارع بكر الدكراوي,57.5,68.3,72.5,65.8,Medium
KED-ROAD-02827,شارع عبد الرزاق عبد الحميد,57.5,70.1,70.5,65.8,Medium
KED-ROAD-01107,شارع بكر الدكراوي,57.5,68.3,72.5,65.8,Medium
KED-ROAD-06358,,57.5,68.8,71.9,65.8,Medium
KED-ROAD-03110,شارع دنشواى,57.5,72.3,68.0,65.8,Medium
KED-ROAD-03109,شارع دنشواى,57.5,72.3,68.0,65.8,Medium
KED-ROAD-02073,,57.5,68.4,72.4,65.8,Medium
KED-ROAD-02074,,57.5,68.4,72.4,65.8,Medium
KED-ROAD-03077,شارع الكرنك,57.5,69.8,71.0,65.8,Medium
KED-ROAD-03078,شارع الكرنك,57.5,69.8,71.0,65.8,Medium
KED-ROAD-03042,شارع جوده,57.5,68.6,71.8,65.7,Medium
KED-ROAD-03041,شارع جوده,57.5,68.6,71.8,65.7,Medium
KED-ROAD-01825,شارع 12,57.5,69.6,70.8,65.7,Medium
KED-ROAD-01815,شارع سليمان,57.5,70.7,69.4,65.7,Medium
KED-ROAD-01814,شارع سليمان,57.5,70.7,69.4,65.7,Medium
KED-ROAD-01826,شارع 12,57.5,69.6,70.8,65.7,Medium
KED-ROAD-01112,,57.5,51.8,91.6,65.7,Medium
KED-ROAD-01111,,57.5,51.8,91.6,65.7,Medium
KED-ROAD-03710,شارع بورسعيد,57.5,71.0,69.0,65.7,Medium
KED-ROAD-02768,شارع صلاح عبد العزيز,57.5,70.8,69.2,65.7,Medium
KED-ROAD-04442,,57.5,65.9,74.9,65.7,Medium
KED-ROAD-05689,,57.5,70.7,69.5,65.7,Medium
KED-ROAD-05688,,57.5,70.7,69.5,65.7,Medium
KED-ROAD-01829,شارع احمد بكر,57.5,73.1,66.5,65.7,Medium
KED-ROAD-01393,شارع الماظ,57.5,70.1,70.1,65.7,Medium
KED-ROAD-01394,شارع الماظ,57.5,70.1,70.1,65.7,Medium
KED-ROAD-01853,شارع الشيخ,57.5,70.0,70.3,65.7,Medium
KED-ROAD-01852,شارع الشيخ,57.5,70.0,70.3,65.7,Medium
KED-ROAD-01887,شارع سليمان,57.5,69.4,70.9,65.7,Medium
KED-ROAD-01888,شارع القصاص,57.5,71.2,68.8,65.7,Medium
KED-ROAD-01889,شارع القصاص,57.5,71.2,68.8,65.7,Medium
KED-ROAD-01886,شارع سليمان,57.5,69.4,70.9,65.7,Medium
KED-ROAD-05704,,57.5,70.7,69.3,65.7,Medium
KED-ROAD-00510,شارع 40,57.5,70.0,70.4,65.7,Medium
KED-ROAD-00531,شارع 40,57.5,70.0,70.4,65.7,Medium
KED-ROAD-05703,,57.5,70.7,69.3,65.7,Medium
KED-ROAD-03711,شارع بورسعيد,57.5,71.0,69.0,65.7,Medium
KED-ROAD-05242,شارع مبره محمد على,57.5,71.1,68.9,65.7,Medium
KED-ROAD-02769,شارع صلاح عبد العزيز,57.5,70.8,69.2,65.7,Medium
KED-ROAD-03802,شارع الاداره الصحيه,57.5,71.1,68.9,65.7,Medium
KED-ROAD-03803,شارع الاداره الصحيه,57.5,71.1,68.9,65.7,Medium
KED-ROAD-05243,شارع مبره محمد على,57.5,71.1,68.9,65.7,Medium
KED-ROAD-01982,شارع فوزي شعيب,57.5,69.3,70.9,65.7,Medium
KED-ROAD-01981,شارع فوزي شعيب,57.5,69.3,70.9,65.7,Medium
KED-ROAD-03201,شارع 26 يوليو,57.5,70.4,69.6,65.7,Medium
KED-ROAD-02211,طريق البردلة الرئيسى,57.5,61.1,80.7,65.7,Medium
KED-ROAD-01274,,57.5,72.6,67.2,65.7,Medium
KED-ROAD-04669,شارع اللواء محمود ابراهيم الكومى,57.5,65.2,76.0,65.7,Medium
KED-ROAD-00235,شارع دشودي,57.5,67.6,72.9,65.7,Medium
KED-ROAD-00236,شارع دشودي,57.5,67.6,72.9,65.7,Medium
KED-ROAD-03202,شارع 26 يوليو,57.5,70.4,69.6,65.7,Medium
KED-ROAD-01275,,57.5,72.6,67.2,65.7,Medium
KED-ROAD-04668,شارع اللواء محمود ابراهيم الكومى,57.5,65.2,76.0,65.7,Medium
KED-ROAD-02366,,57.5,71.2,68.8,65.7,Medium
KED-ROAD-02365,,57.5,71.2,68.8,65.7,Medium
KED-ROAD-03884,,57.5,71.7,68.2,65.7,Medium
KED-ROAD-00137,شارع سامى شميسة,57.5,67.5,73.1,65.7,Medium
KED-ROAD-00138,شارع سامى شميسة,57.5,67.5,73.1,65.7,Medium
KED-ROAD-03885,,57.5,71.7,68.2,65.7,Medium
KED-ROAD-04184,شارع بورسعيد,57.5,70.2,70.1,65.7,Medium
KED-ROAD-04186,شارع السيد البحيري,57.5,71.5,68.5,65.7,Medium
KED-ROAD-02016,شارع حامد النداف,57.5,71.2,68.8,65.7,Medium
KED-ROAD-02015,شارع حامد النداف,57.5,71.2,68.8,65.7,Medium
KED-ROAD-04463,,57.5,65.9,74.9,65.7,Medium
KED-ROAD-04019,شارع حميده,57.5,69.5,70.8,65.7,Medium
KED-ROAD-04187,شارع السيد البحيري,57.5,71.5,68.5,65.7,Medium
KED-ROAD-04018,شارع حميده,57.5,69.5,70.8,65.7,Medium
KED-ROAD-02212,طريق البردلة الرئيسى,57.5,61.1,80.7,65.7,Medium
KED-ROAD-00685,شارع السد العالى,57.5,68.9,71.4,65.7,Medium
KED-ROAD-00686,شارع السد العالى,57.5,68.9,71.4,65.7,Medium
KED-ROAD-05269,شارع خلف المدارس,57.5,68.8,71.5,65.6,Medium
KED-ROAD-01490,شارع لبيب,57.5,68.9,71.3,65.6,Medium
KED-ROAD-04445,شارع عبد اللطيف هيكل,57.5,71.9,67.7,65.6,Medium
KED-ROAD-02386,شارع 2,57.5,70.4,69.3,65.6,Medium
KED-ROAD-04025,شارع حميده,57.5,69.6,70.4,65.6,Medium
KED-ROAD-04024,شارع حميده,57.5,69.6,70.4,65.6,Medium
KED-ROAD-06200,شارع اللواء محمود ابراهيم الكومى,57.5,67.3,73.2,65.6,Medium
KED-ROAD-01988,شارع فوزي شعيب,57.5,69.0,71.1,65.6,Medium
KED-ROAD-01987,شارع فوزي شعيب,57.5,69.0,71.1,65.6,Medium
KED-ROAD-06199,شارع اللواء محمود ابراهيم الكومى,57.5,67.3,73.2,65.6,Medium
KED-ROAD-02207,شارع فرج فراج,57.5,69.9,69.9,65.6,Medium
KED-ROAD-02210,شارع الوزان,57.5,68.8,71.5,65.6,Medium
KED-ROAD-03967,شارع المحكمه,57.5,71.3,68.3,65.6,Medium
KED-ROAD-01618,شارع اللبان,57.5,68.4,71.7,65.6,Medium
KED-ROAD-01537,شارع الاومباشي شفيق,57.5,68.9,71.0,65.6,Medium
KED-ROAD-02209,شارع الوزان,57.5,68.8,71.5,65.6,Medium
KED-ROAD-02208,شارع فرج فراج,57.5,69.9,69.9,65.6,Medium
KED-ROAD-01619,شارع اللبان,57.5,68.4,71.7,65.6,Medium
KED-ROAD-03190,,57.5,68.6,71.4,65.6,Medium
KED-ROAD-03416,شارع الشهيد حامد هنداوي,57.5,62.9,78.1,65.6,Medium
KED-ROAD-03245,شارع الكرنك,57.5,70.4,69.5,65.6,Medium
KED-ROAD-03415,شارع الشهيد حامد هنداوي,57.5,62.9,78.1,65.6,Medium
KED-ROAD-02615,شارع مسجد الرحمن,57.5,69.7,70.4,65.6,Medium
KED-ROAD-03855,شارع سلام,57.5,71.8,68.0,65.6,Medium
KED-ROAD-02385,شارع 2,57.5,70.4,69.3,65.6,Medium
KED-ROAD-03501,,57.5,68.6,71.4,65.6,Medium
KED-ROAD-01770,شارع الوزير,57.5,69.8,70.0,65.6,Medium
KED-ROAD-01611,شارع لبيب,57.5,68.9,71.3,65.6,Medium
KED-ROAD-03854,شارع سلام,57.5,71.8,68.0,65.6,Medium
KED-ROAD-03246,شارع الكرنك,57.5,70.4,69.5,65.6,Medium
KED-ROAD-01467,شارع ابو ورده,57.5,70.6,69.0,65.6,Medium
KED-ROAD-01436,شارع تميم,57.5,70.4,69.3,65.6,Medium
KED-ROAD-01468,شارع ابو ورده,57.5,70.6,69.0,65.6,Medium
KED-ROAD-01435,شارع تميم,57.5,70.4,69.3,65.6,Medium
KED-ROAD-03968,شارع المحكمه,57.5,71.3,68.3,65.6,Medium
KED-ROAD-05270,شارع خلف المدارس,57.5,68.8,71.5,65.6,Medium
KED-ROAD-01013,شارع مدخل كفر الدوار,57.5,71.3,68.4,65.6,Medium
KED-ROAD-02733,,57.5,69.4,70.6,65.6,Medium
KED-ROAD-02732,,57.5,69.4,70.6,65.6,Medium
KED-ROAD-02614,شارع مسجد الرحمن,57.5,69.7,70.4,65.6,Medium
KED-ROAD-01799,شارع محمود الجندى,57.5,70.2,69.6,65.6,Medium
KED-ROAD-03678,شارع الكرنك,57.5,67.9,72.3,65.6,Medium
KED-ROAD-01791,شارع الوزير,57.5,69.8,70.0,65.6,Medium
KED-ROAD-01798,شارع محمود الجندى,57.5,70.2,69.6,65.6,Medium
KED-ROAD-04815,,57.5,64.4,76.5,65.6,Medium
KED-ROAD-04814,,57.5,64.4,76.5,65.6,Medium
KED-ROAD-01334,,57.5,68.9,71.3,65.6,Medium
KED-ROAD-01536,شارع الاومباشي شفيق,57.5,68.9,71.0,65.6,Medium
KED-ROAD-03679,شارع الكرنك,57.5,67.9,72.3,65.6,Medium
KED-ROAD-04444,شارع عبد اللطيف هيكل,57.5,71.9,67.7,65.6,Medium
KED-ROAD-01333,,57.5,68.9,71.3,65.6,Medium
KED-ROAD-01836,شارع عراقى,57.5,71.2,68.1,65.5,Medium
KED-ROAD-01837,شارع عراقى,57.5,71.2,68.1,65.5,Medium
KED-ROAD-05038,شارع شحاته,57.5,70.6,68.8,65.5,Medium
KED-ROAD-05305,شارع مدبولى,57.5,69.5,70.2,65.5,Medium
KED-ROAD-04345,شارع فوزي ابو نعيم,57.5,69.4,70.1,65.5,Medium
KED-ROAD-05304,شارع مدبولى,57.5,69.5,70.2,65.5,Medium
KED-ROAD-04346,شارع فوزي ابو نعيم,57.5,69.4,70.1,65.5,Medium
KED-ROAD-04333,شارع محمد رفاعى,57.5,70.1,69.3,65.5,Medium
KED-ROAD-00610,شارع مسجد الشهداء,57.5,69.7,70.1,65.5,Medium
KED-ROAD-00609,شارع مسجد الشهداء,57.5,69.7,70.1,65.5,Medium
KED-ROAD-03930,شارع الشيخ,57.5,70.4,69.3,65.5,Medium
KED-ROAD-03499,,57.5,72.0,67.1,65.5,Medium
KED-ROAD-04997,,57.5,68.6,71.3,65.5,Medium
KED-ROAD-01610,شارع مسلم,57.5,70.7,68.7,65.5,Medium
KED-ROAD-03929,شارع الشيخ,57.5,70.4,69.3,65.5,Medium
KED-ROAD-04998,,57.5,68.6,71.3,65.5,Medium
KED-ROAD-03960,شارع محمود الجندى,57.5,68.9,71.0,65.5,Medium
KED-ROAD-04304,شارع محمد رفاعى,57.5,70.1,69.3,65.5,Medium
KED-ROAD-03959,شارع محمود الجندى,57.5,68.9,71.0,65.5,Medium
KED-ROAD-05037,شارع شحاته,57.5,70.6,68.8,65.5,Medium
KED-ROAD-03319,شارع عزيز المصري,57.5,65.5,74.8,65.5,Medium
KED-ROAD-03822,شارع الميزانية,57.5,68.7,71.2,65.5,Medium
KED-ROAD-03823,شارع الميزانية,57.5,68.7,71.2,65.5,Medium
KED-ROAD-03320,شارع عزيز المصري,57.5,65.5,74.8,65.5,Medium
KED-ROAD-00980,شارع العرفان,57.5,68.1,71.9,65.5,Medium
KED-ROAD-01609,شارع مسلم,57.5,70.7,68.7,65.5,Medium
KED-ROAD-00979,شارع العرفان,57.5,68.1,71.9,65.5,Medium
KED-ROAD-03498,,57.5,72.0,67.1,65.5,Medium
KED-ROAD-04272,شارع على منسى,57.5,70.6,68.6,65.4,Medium
KED-ROAD-00233,شارع دشودي,57.5,64.7,75.3,65.4,Medium
KED-ROAD-03918,شارع المحكمه,57.5,70.9,68.2,65.4,Medium
KED-ROAD-01764,شارع نصار,57.5,69.1,70.2,65.4,Medium
KED-ROAD-04273,شارع على منسى,57.5,70.6,68.6,65.4,Medium
KED-ROAD-01765,شارع نصار,57.5,69.1,70.2,65.4,Medium
KED-ROAD-00234,شارع دشودي,57.5,64.7,75.3,65.4,Medium
KED-ROAD-03639,شارع خلف السنترال,57.5,71.9,66.9,65.4,Medium
KED-ROAD-03638,شارع خلف السنترال,57.5,71.9,66.9,65.4,Medium
KED-ROAD-04355,شارع عبد الرازق,57.5,71.4,67.4,65.4,Medium
KED-ROAD-04910,شارع مبره محمد على,57.5,68.3,71.3,65.4,Medium
KED-ROAD-04356,شارع عبد الرازق,57.5,71.4,67.4,65.4,Medium
KED-ROAD-01090,,57.5,64.2,76.0,65.4,Medium
KED-ROAD-04911,شارع مبره محمد على,57.5,68.3,71.3,65.4,Medium
KED-ROAD-05705,,57.5,69.8,69.4,65.4,Medium
KED-ROAD-01907,,57.5,71.2,67.9,65.4,Medium
KED-ROAD-04307,شارع على منسى,57.5,70.4,68.8,65.4,Medium
KED-ROAD-03438,شارع الامه,57.5,70.7,68.4,65.4,Medium
KED-ROAD-03439,شارع الامه,57.5,70.7,68.4,65.4,Medium
KED-ROAD-04308,شارع على منسى,57.5,70.4,68.8,65.4,Medium
KED-ROAD-01089,,57.5,64.2,76.0,65.4,Medium
KED-ROAD-03441,شارع ابو الدرداء,57.5,71.7,67.2,65.4,Medium
KED-ROAD-03442,شارع ابو الدرداء,57.5,71.7,67.2,65.4,Medium
KED-ROAD-01795,شارع ادم,57.5,69.6,69.9,65.4,Medium
KED-ROAD-04788,,57.5,62.7,77.6,65.4,Medium
KED-ROAD-01794,شارع ادم,57.5,69.6,69.9,65.4,Medium
KED-ROAD-01146,شارع بكر الدكراوي,57.5,68.2,71.2,65.4,Medium
KED-ROAD-01160,شارع بدران,57.5,71.2,67.9,65.4,Medium
KED-ROAD-01145,شارع بكر الدكراوي,57.5,68.2,71.2,65.4,Medium
KED-ROAD-01159,شارع بدران,57.5,71.2,67.9,65.4,Medium
KED-ROAD-05706,,57.5,69.8,69.4,65.4,Medium
KED-ROAD-04732,,57.5,68.1,71.5,65.4,Medium
KED-ROAD-01642,شارع ابو هرجه,57.5,67.9,71.6,65.4,Medium
KED-ROAD-00505,شارع فلسطين,57.5,70.4,69.0,65.4,Medium
KED-ROAD-04789,,57.5,62.7,77.6,65.4,Medium
KED-ROAD-01906,,57.5,71.2,67.9,65.4,Medium
KED-ROAD-00504,شارع فلسطين,57.5,70.4,69.0,65.4,Medium
KED-ROAD-04731,,57.5,68.1,71.5,65.4,Medium
KED-ROAD-01643,شارع ابو هرجه,57.5,67.9,71.6,65.4,Medium
KED-ROAD-02046,,57.5,70.8,68.4,65.4,Medium
KED-ROAD-02045,,57.5,70.8,68.4,65.4,Medium
KED-ROAD-04459,شارع عبد اللطيف هيكل,57.5,70.3,68.9,65.4,Medium
KED-ROAD-06362,شارع خلف المساكن,57.5,68.4,71.1,65.4,Medium
KED-ROAD-04460,شارع عبد اللطيف هيكل,57.5,70.3,68.9,65.4,Medium
KED-ROAD-04000,شارع سعيد جاد,57.5,70.0,69.2,65.4,Medium
KED-ROAD-03983,شارع احمد بكر,57.5,69.7,69.6,65.4,Medium
KED-ROAD-06361,شارع خلف المساكن,57.5,68.4,71.1,65.4,Medium
KED-ROAD-04043,شارع عبد الرازق,57.5,70.0,69.4,65.4,Medium
KED-ROAD-04042,شارع عبد الرازق,57.5,70.0,69.4,65.4,Medium
KED-ROAD-04245,شارع احمد مزروع,57.5,69.7,69.5,65.4,Medium
KED-ROAD-02233,شارع الوزان,57.5,65.9,74.2,65.4,Medium
KED-ROAD-04246,شارع احمد مزروع,57.5,69.7,69.5,65.4,Medium
KED-ROAD-05080,شارع خلف المدارس,57.5,58.0,83.3,65.4,Medium
KED-ROAD-03404,,57.5,68.9,70.5,65.4,Medium
KED-ROAD-03999,شارع سعيد جاد,57.5,70.0,69.2,65.4,Medium
KED-ROAD-05079,شارع خلف المدارس,57.5,58.0,83.3,65.4,Medium
KED-ROAD-01646,شارع المنايفة,57.5,68.0,71.7,65.4,Medium
KED-ROAD-01647,شارع المنايفة,57.5,68.0,71.7,65.4,Medium
KED-ROAD-03917,شارع المحكمه,57.5,70.9,68.2,65.4,Medium
KED-ROAD-03403,,57.5,68.9,70.5,65.4,Medium
KED-ROAD-02234,شارع الوزان,57.5,65.9,74.2,65.4,Medium
KED-ROAD-03019,شارع جلال الدسوقي,57.5,63.6,76.5,65.3,Medium
KED-ROAD-03648,شارع السيدة عائشة,57.5,69.7,69.3,65.3,Medium
KED-ROAD-00655,شارع 2,57.5,70.3,68.6,65.3,Medium
KED-ROAD-03487,شارع مصطفى كحيل,57.5,69.6,69.3,65.3,Medium
KED-ROAD-03020,شارع جلال الدسوقي,57.5,63.6,76.5,65.3,Medium
KED-ROAD-03486,شارع مصطفى كحيل,57.5,69.6,69.3,65.3,Medium
KED-ROAD-00674,حارة ذكى مبارك,57.5,71.5,67.2,65.3,Medium
KED-ROAD-04792,,57.5,63.6,76.5,65.3,Medium
KED-ROAD-00656,شارع 2,57.5,70.3,68.6,65.3,Medium
KED-ROAD-03649,شارع السيدة عائشة,57.5,69.7,69.3,65.3,Medium
KED-ROAD-03840,شارع يوسف,57.5,65.5,74.2,65.3,Medium
KED-ROAD-01892,شارع لبيب,57.5,71.2,67.4,65.3,Medium
KED-ROAD-03841,شارع يوسف,57.5,65.5,74.2,65.3,Medium
KED-ROAD-01891,شارع لبيب,57.5,71.2,67.4,65.3,Medium
KED-ROAD-00939,شارع خفاجه,57.5,70.4,68.4,65.3,Medium
KED-ROAD-00940,شارع خفاجه,57.5,70.4,68.4,65.3,Medium
KED-ROAD-00305,,57.5,69.9,68.9,65.3,Medium
KED-ROAD-00306,,57.5,69.9,68.9,65.3,Medium
KED-ROAD-01849,شارع الحناوي,57.5,69.5,69.4,65.3,Medium
KED-ROAD-02498,شارع محمد بسيوني,57.5,67.2,72.2,65.3,Medium
KED-ROAD-04813,,57.5,63.6,76.5,65.3,Medium
KED-ROAD-01850,شارع الحناوي,57.5,69.5,69.4,65.3,Medium
KED-ROAD-02499,شارع محمد بسيوني,57.5,67.2,72.2,65.3,Medium
KED-ROAD-03250,شارع الجيش,57.5,69.9,69.1,65.3,Medium
KED-ROAD-01945,شارع ابو عسل,57.5,68.3,71.0,65.3,Medium
KED-ROAD-01946,شارع ابو عسل,57.5,68.3,71.0,65.3,Medium
KED-ROAD-03249,شارع الجيش,57.5,69.9,69.1,65.3,Medium
KED-ROAD-04164,شارع السيد البحيري,57.5,66.8,72.6,65.3,Medium
KED-ROAD-04163,شارع السيد البحيري,57.5,66.8,72.6,65.3,Medium
KED-ROAD-04228,شارع احمد مزروع,57.5,70.7,68.2,65.3,Medium
KED-ROAD-06181,شارع خلف المساكن,57.5,69.3,69.6,65.3,Medium
KED-ROAD-04229,شارع احمد مزروع,57.5,70.7,68.2,65.3,Medium
KED-ROAD-06182,شارع خلف المساكن,57.5,69.3,69.6,65.3,Medium
KED-ROAD-04477,,57.5,64.6,75.2,65.3,Medium
KED-ROAD-04289,شارع 16,57.5,70.4,68.4,65.3,Medium
KED-ROAD-02103,شارع حامد النداف,57.5,70.8,68.1,65.3,Medium
KED-ROAD-04476,,57.5,64.6,75.2,65.3,Medium
KED-ROAD-00673,حارة ذكى مبارك,57.5,71.5,67.2,65.3,Medium
KED-ROAD-02104,شارع حامد النداف,57.5,70.8,68.1,65.3,Medium
KED-ROAD-02953,شارع مسجد التوحيد,57.5,67.8,71.6,65.3,Medium
KED-ROAD-04290,شارع 16,57.5,70.4,68.4,65.3,Medium
KED-ROAD-02952,شارع مسجد التوحيد,57.5,67.8,71.6,65.3,Medium
KED-ROAD-02990,شارع غطاس تادرس,57.5,71.8,66.5,65.2,Medium
KED-ROAD-01615,شارع فتحي سعيد,57.5,67.3,71.8,65.2,Medium
KED-ROAD-02066,شارع 104,57.5,72.6,65.5,65.2,Medium
KED-ROAD-00094,"طريق كفر الدوار, ابو المطامير",57.5,68.6,70.2,65.2,Medium
KED-ROAD-00093,"طريق كفر الدوار, ابو المطامير",57.5,68.6,70.2,65.2,Medium
KED-ROAD-01650,شارع محروس,57.5,68.4,70.4,65.2,Medium
KED-ROAD-01934,شارع السيد القعيد,57.5,69.2,69.4,65.2,Medium
KED-ROAD-01933,شارع السيد القعيد,57.5,69.2,69.4,65.2,Medium
KED-ROAD-02382,,57.5,69.5,69.0,65.2,Medium
KED-ROAD-02381,,57.5,69.5,69.0,65.2,Medium
KED-ROAD-02380,شارع نجم,57.5,71.1,67.2,65.2,Medium
KED-ROAD-00890,شارع محمد عبده,57.5,72.4,65.8,65.2,Medium
KED-ROAD-00889,شارع محمد عبده,57.5,72.4,65.8,65.2,Medium
KED-ROAD-04619,شارع خلف المساكن,57.5,62.2,77.8,65.2,Medium
KED-ROAD-04618,شارع خلف المساكن,57.5,62.2,77.8,65.2,Medium
KED-ROAD-04612,شارع خلف المساكن,57.5,62.1,78.0,65.2,Medium
KED-ROAD-01614,شارع فتحي سعيد,57.5,67.3,71.8,65.2,Medium
KED-ROAD-01477,,57.5,71.4,66.8,65.2,Medium
KED-ROAD-01476,,57.5,71.4,66.8,65.2,Medium
KED-ROAD-01156,شارع الماظ,57.5,70.4,68.1,65.2,Medium
KED-ROAD-00215,شارع دشودي,57.5,66.6,72.4,65.2,Medium
KED-ROAD-02389,شارع سعد خليل,57.5,69.7,69.0,65.2,Medium
KED-ROAD-02412,شارع الحاج مسعود خليل,57.5,69.2,69.5,65.2,Medium
KED-ROAD-02411,شارع الحاج مسعود خليل,57.5,69.2,69.5,65.2,Medium
KED-ROAD-02401,شارع نجم,57.5,71.1,67.2,65.2,Medium
KED-ROAD-02390,شارع سعد خليل,57.5,69.7,69.0,65.2,Medium
KED-ROAD-00216,شارع دشودي,57.5,66.6,72.4,65.2,Medium
KED-ROAD-04733,شارع خلف المساكن,57.5,62.1,78.0,65.2,Medium
KED-ROAD-00496,شارع 44,57.5,70.6,67.8,65.2,Medium
KED-ROAD-05135,الطريق الدولي,57.5,70.3,68.2,65.2,Medium
KED-ROAD-01671,شارع محروس,57.5,68.4,70.4,65.2,Medium
KED-ROAD-00497,شارع 44,57.5,70.6,67.8,65.2,Medium
KED-ROAD-01155,شارع الماظ,57.5,70.4,68.1,65.2,Medium
KED-ROAD-01809,شارع السجينى,57.5,68.6,70.0,65.2,Medium
KED-ROAD-01808,شارع السجينى,57.5,68.6,70.0,65.2,Medium
KED-ROAD-05062,شارع غطاس تادرس,57.5,71.8,66.5,65.2,Medium
KED-ROAD-02065,شارع 104,57.5,72.6,65.5,65.2,Medium
KED-ROAD-03732,شارع بورسعيد,57.5,67.4,71.2,65.1,Medium
KED-ROAD-04098,شارع بسيوني,57.5,70.9,67.2,65.1,Medium
KED-ROAD-03937,شارع سعيد جاد,57.5,69.8,68.6,65.1,Medium
KED-ROAD-04097,شارع بسيوني,57.5,70.9,67.2,65.1,Medium
KED-ROAD-02574,,57.5,72.6,65.0,65.1,Medium
KED-ROAD-03938,شارع سعيد جاد,57.5,69.8,68.6,65.1,Medium
KED-ROAD-03731,شارع بورسعيد,57.5,67.4,71.2,65.1,Medium
KED-ROAD-02575,,57.5,72.6,65.0,65.1,Medium
KED-ROAD-01675,شارع لبيب,57.5,67.5,71.1,65.1,Medium
KED-ROAD-01674,شارع لبيب,57.5,67.5,71.1,65.1,Medium
KED-ROAD-03088,شارع 26 يوليو,57.5,70.8,67.4,65.1,Medium
KED-ROAD-03087,شارع 26 يوليو,57.5,70.8,67.4,65.1,Medium
KED-ROAD-02928,شارع 6,57.5,70.6,67.4,65.1,Medium
KED-ROAD-02929,شارع 6,57.5,70.6,67.4,65.1,Medium
KED-ROAD-05721,,57.5,70.4,67.7,65.1,Medium
KED-ROAD-01164,شارع لبيب,57.5,69.4,69.0,65.1,Medium
KED-ROAD-01326,,57.5,69.9,68.5,65.1,Medium
KED-ROAD-01325,,57.5,69.9,68.5,65.1,Medium
KED-ROAD-01163,شارع لبيب,57.5,69.4,69.0,65.1,Medium
KED-ROAD-02607,شارع غريب,57.5,67.9,70.8,65.1,Medium
KED-ROAD-02608,شارع غريب,57.5,67.9,70.8,65.1,Medium
KED-ROAD-02022,طريق البردلة الرئيسى,57.5,67.2,71.7,65.1,Medium
KED-ROAD-01991,شارع حميده,57.5,70.7,67.5,65.1,Medium
KED-ROAD-02021,طريق البردلة الرئيسى,57.5,67.2,71.7,65.1,Medium
KED-ROAD-03039,شارع الجيش,57.5,70.3,68.0,65.1,Medium
KED-ROAD-01970,شارع حميده,57.5,70.7,67.5,65.1,Medium
KED-ROAD-03040,شارع الجيش,57.5,70.3,68.0,65.1,Medium
KED-ROAD-05720,,57.5,70.4,67.7,65.1,Medium
KED-ROAD-01774,شارع 11,57.5,70.2,68.0,65.1,Medium
KED-ROAD-01775,شارع 11,57.5,70.2,68.0,65.1,Medium
KED-ROAD-02121,,57.5,70.6,67.3,65.0,Medium
KED-ROAD-05049,شارع العدوى,57.5,70.2,67.7,65.0,Medium
KED-ROAD-03085,شارع محمود الصباغ,57.5,71.4,66.4,65.0,Medium
KED-ROAD-03086,شارع محمود الصباغ,57.5,71.4,66.4,65.0,Medium
KED-ROAD-06352,,57.5,70.2,67.6,65.0,Medium
KED-ROAD-05050,شارع العدوى,57.5,70.2,67.7,65.0,Medium
KED-ROAD-06425,,57.5,69.9,68.2,65.0,Medium
KED-ROAD-00831,,57.5,71.4,66.1,65.0,Medium
KED-ROAD-00830,,57.5,71.4,66.1,65.0,Medium
KED-ROAD-03187,شارع لواء الاسلام,57.5,65.6,73.1,65.0,Medium
KED-ROAD-02679,شارع جمال الدين الافغانى,57.5,71.6,66.0,65.0,Medium
KED-ROAD-02122,,57.5,70.6,67.3,65.0,Medium
KED-ROAD-02678,شارع حفنى ضيف,57.5,71.6,66.0,65.0,Medium
KED-ROAD-02751,,57.5,69.1,69.1,65.0,Medium
KED-ROAD-06424,,57.5,69.9,68.2,65.0,Medium
KED-ROAD-02730,,57.5,69.1,69.1,65.0,Medium
KED-ROAD-01877,شارع السجينى,57.5,69.6,68.4,65.0,Medium
KED-ROAD-04672,شارع صلاح سالم,57.5,72.4,64.9,65.0,Medium
KED-ROAD-06000,,57.5,68.9,69.2,65.0,Medium
KED-ROAD-02569,,57.5,70.4,67.4,65.0,Medium
KED-ROAD-06001,,57.5,68.9,69.2,65.0,Medium
KED-ROAD-04362,شارع رياض,57.5,70.8,67.2,65.0,Medium
KED-ROAD-01876,شارع السجينى,57.5,69.6,68.4,65.0,Medium
KED-ROAD-06353,,57.5,70.2,67.6,65.0,Medium
KED-ROAD-03186,شارع لواء الاسلام,57.5,65.6,73.1,65.0,Medium
KED-ROAD-04742,شارع مساكن غزل كفر الدوار الجديدة,57.5,61.6,77.7,65.0,Medium
KED-ROAD-04238,,57.5,69.0,69.1,65.0,Medium
KED-ROAD-04237,,57.5,69.0,69.1,65.0,Medium
KED-ROAD-04784,,57.5,62.0,77.2,65.0,Medium
KED-ROAD-04785,,57.5,62.0,77.2,65.0,Medium
KED-ROAD-04361,شارع رياض,57.5,70.8,67.2,65.0,Medium
KED-ROAD-04587,,57.5,62.9,76.4,65.0,Medium
KED-ROAD-02984,شارع شحاته,57.5,70.6,67.2,65.0,Medium
KED-ROAD-02985,شارع شحاته,57.5,70.6,67.2,65.0,Medium
KED-ROAD-02570,,57.5,70.4,67.4,65.0,Medium
KED-ROAD-01398,شارع علاء الدين,57.5,70.3,67.6,65.0,Medium
KED-ROAD-04673,شارع صلاح سالم,57.5,72.4,64.9,65.0,Medium
KED-ROAD-04586,,57.5,62.9,76.4,65.0,Medium
KED-ROAD-01397,شارع علاء الدين,57.5,70.3,67.6,65.0,Medium
KED-ROAD-04773,شارع مساكن غزل كفر الدوار الجديدة,57.5,61.6,77.7,65.0,Medium
KED-ROAD-02347,شارع 104,57.5,65.1,73.8,65.0,Medium
KED-ROAD-02346,شارع 104,57.5,65.1,73.8,65.0,Medium
KED-ROAD-05555,,57.5,71.3,66.2,64.9,Medium
KED-ROAD-06354,شارع خلف المساكن,57.5,70.2,67.2,64.9,Medium
KED-ROAD-01678,شارع فتحي سعيد,57.5,66.8,71.4,64.9,Medium
KED-ROAD-06355,شارع خلف المساكن,57.5,70.2,67.2,64.9,Medium
KED-ROAD-01679,شارع فتحي سعيد,57.5,66.8,71.4,64.9,Medium
KED-ROAD-05556,,57.5,71.3,66.2,64.9,Medium
KED-ROAD-03922,شارع عراقى,57.5,69.4,68.4,64.9,Medium
KED-ROAD-03921,شارع عراقى,57.5,69.4,68.4,64.9,Medium
KED-ROAD-00999,شارع القاهر,57.5,70.5,66.9,64.9,Medium
KED-ROAD-01000,شارع القاهر,57.5,70.5,66.9,64.9,Medium
KED-ROAD-00411,شارع الوقار,57.5,69.0,68.6,64.9,Medium
KED-ROAD-04852,شارع طاهر,57.5,68.6,69.2,64.9,Medium
KED-ROAD-04147,شارع 4,57.5,70.3,67.1,64.9,Medium
KED-ROAD-02890,شارع طاهر,57.5,68.6,69.2,64.9,Medium
KED-ROAD-02307,,57.5,61.8,77.2,64.9,Medium
KED-ROAD-04148,شارع 4,57.5,70.3,67.1,64.9,Medium
KED-ROAD-04181,شارع الشيخ,57.5,71.1,66.3,64.9,Medium
KED-ROAD-02308,,57.5,61.8,77.2,64.9,Medium
KED-ROAD-01947,,57.5,67.5,70.6,64.9,Medium
KED-ROAD-01948,,57.5,67.5,70.6,64.9,Medium
KED-ROAD-01320,شارع 28,57.5,68.2,69.6,64.9,Medium
KED-ROAD-01321,شارع 28,57.5,68.2,69.6,64.9,Medium
KED-ROAD-01346,,57.5,70.4,67.1,64.9,Medium
KED-ROAD-01345,,57.5,70.4,67.1,64.9,Medium
KED-ROAD-00280,شارع الوقار,57.5,69.0,68.6,64.9,Medium
KED-ROAD-04180,شارع الشيخ,57.5,71.1,66.3,64.9,Medium
KED-ROAD-02605,شارع غريب,57.5,70.0,67.5,64.9,Medium
KED-ROAD-02606,شارع غريب,57.5,70.0,67.5,64.9,Medium
KED-ROAD-01133,شارع بدران,57.5,69.1,68.5,64.9,Medium
KED-ROAD-01134,شارع بدران,57.5,69.1,68.5,64.9,Medium
KED-ROAD-01865,شارع شتا,57.5,70.5,67.0,64.9,Medium
KED-ROAD-01864,شارع شتا,57.5,70.5,67.0,64.9,Medium
KED-ROAD-05710,,57.5,70.2,67.2,64.8,Medium
KED-ROAD-05711,,57.5,70.0,67.4,64.8,Medium
KED-ROAD-05709,,57.5,70.2,67.2,64.8,Medium
KED-ROAD-06189,شارع اللواء محمود ابراهيم الكومى,57.5,68.4,69.1,64.8,Medium
KED-ROAD-06190,شارع اللواء محمود ابراهيم الكومى,57.5,68.4,69.1,64.8,Medium
KED-ROAD-04713,شارع محفوظ,57.5,68.6,68.9,64.8,Medium
KED-ROAD-04572,,57.5,70.1,67.3,64.8,Medium
KED-ROAD-04714,شارع محفوظ,57.5,68.6,68.9,64.8,Medium
KED-ROAD-06203,,57.5,70.0,67.4,64.8,Medium
KED-ROAD-01409,شارع تميم,57.5,70.1,67.2,64.8,Medium
KED-ROAD-00516,شارع الجمهوريه,57.5,68.7,68.6,64.8,Medium
KED-ROAD-00517,شارع الجمهوريه,57.5,68.7,68.6,64.8,Medium
KED-ROAD-04603,,57.5,70.1,67.3,64.8,Medium
KED-ROAD-01410,شارع تميم,57.5,70.1,67.2,64.8,Medium
KED-ROAD-01932,شارع غازي,57.5,68.2,69.4,64.8,Medium
KED-ROAD-03946,شارع محروس,57.5,69.8,67.6,64.8,Medium
KED-ROAD-03947,شارع محروس,57.5,69.8,67.6,64.8,Medium
KED-ROAD-03976,شارع لبيب,57.5,69.6,67.7,64.8,Medium
KED-ROAD-03955,شارع لبيب,57.5,69.6,67.7,64.8,Medium
KED-ROAD-01931,شارع غازي,57.5,68.2,69.4,64.8,Medium
KED-ROAD-01938,شارع عبد الرازق,57.5,68.1,69.3,64.8,Medium
KED-ROAD-01937,شارع عبد الرازق,57.5,68.1,69.3,64.8,Medium
KED-ROAD-04580,,57.5,61.9,76.2,64.7,Medium
KED-ROAD-04581,,57.5,61.9,76.2,64.7,Medium
KED-ROAD-06175,,57.5,67.8,69.4,64.7,Medium
KED-ROAD-01663,شارع الترعه القديمة,57.5,69.0,68.3,64.7,Medium
KED-ROAD-01664,شارع الترعه القديمة,57.5,69.0,68.3,64.7,Medium
KED-ROAD-02526,حارة خضير,57.5,68.0,69.3,64.7,Medium
KED-ROAD-02525,حارة خضير,57.5,68.0,69.3,64.7,Medium
KED-ROAD-01124,شارع بكر الدكراوي,57.5,67.3,70.2,64.7,Medium
KED-ROAD-01123,شارع بكر الدكراوي,57.5,67.3,70.2,64.7,Medium
KED-ROAD-04140,شارع السجينى,57.5,67.5,69.9,64.7,Medium
KED-ROAD-04139,شارع السجينى,57.5,67.5,69.9,64.7,Medium
KED-ROAD-02379,,57.5,69.4,67.5,64.7,Medium
KED-ROAD-04068,شارع بسيوني,57.5,70.4,66.4,64.7,Medium
KED-ROAD-02378,,57.5,69.4,67.5,64.7,Medium
KED-ROAD-01093,شارع مدخل كفر الدوار,57.5,70.6,66.2,64.7,Medium
KED-ROAD-01927,شارع فوزي شعيب,57.5,69.2,67.7,64.7,Medium
KED-ROAD-04067,شارع بسيوني,57.5,70.4,66.4,64.7,Medium
KED-ROAD-01926,شارع فوزي شعيب,57.5,69.2,67.7,64.7,Medium
KED-ROAD-04991,شارع على بركه,57.5,66.2,71.3,64.7,Medium
KED-ROAD-05002,شارع على بركه,57.5,66.2,71.3,64.7,Medium
KED-ROAD-00425,شارع عبد الله نديم,57.5,69.7,67.1,64.7,Medium
KED-ROAD-00992,شارع جلال الدسوقي,57.5,69.5,67.4,64.7,Medium
KED-ROAD-01895,شارع احمد بكر,57.5,70.2,66.7,64.7,Medium
KED-ROAD-00424,شارع عبد الله نديم,57.5,69.7,67.1,64.7,Medium
KED-ROAD-03724,شارع التأمين الصحى,57.5,70.0,66.9,64.7,Medium
KED-ROAD-03725,شارع التأمين الصحى,57.5,70.0,66.9,64.7,Medium
KED-ROAD-06176,,57.5,67.8,69.4,64.7,Medium
KED-ROAD-06179,,57.5,70.0,67.0,64.7,Medium
KED-ROAD-06180,,57.5,70.0,67.0,64.7,Medium
KED-ROAD-05690,,57.5,67.9,69.5,64.7,Medium
KED-ROAD-00991,شارع جلال الدسوقي,57.5,69.5,67.4,64.7,Medium
KED-ROAD-05691,,57.5,67.9,69.5,64.7,Medium
KED-ROAD-02947,شارع المستقبل,57.5,69.6,67.1,64.6,Medium
KED-ROAD-05999,,57.5,68.8,67.8,64.6,Medium
KED-ROAD-05998,,57.5,68.8,67.8,64.6,Medium
KED-ROAD-00761,شارع الخير,57.5,72.4,63.9,64.6,Medium
KED-ROAD-04252,شارع احمد مزروع,57.5,66.8,70.3,64.6,Medium
KED-ROAD-04251,شارع احمد مزروع,57.5,66.8,70.3,64.6,Medium
KED-ROAD-01998,شارع الاحمر,57.5,70.0,66.6,64.6,Medium
KED-ROAD-02946,شارع المستقبل,57.5,69.6,67.1,64.6,Medium
KED-ROAD-00200,شارع 102,57.5,67.5,69.5,64.6,Medium
KED-ROAD-04767,,57.5,61.9,75.9,64.6,Medium
KED-ROAD-02591,,57.5,69.8,66.7,64.6,Medium
KED-ROAD-04766,,57.5,61.9,75.9,64.6,Medium
KED-ROAD-01418,شارع العيسوي,57.5,69.7,66.8,64.6,Medium
KED-ROAD-01999,شارع الاحمر,57.5,70.0,66.6,64.6,Medium
KED-ROAD-00762,شارع الخير,57.5,72.4,63.9,64.6,Medium
KED-ROAD-01868,شارع محروس,57.5,69.5,67.3,64.6,Medium
KED-ROAD-00631,شارع 102,57.5,67.5,69.5,64.6,Medium
KED-ROAD-01867,شارع محروس,57.5,69.5,67.3,64.6,Medium
KED-ROAD-03435,شارع التحرير,57.5,69.7,66.8,64.6,Medium
KED-ROAD-01244,شارع مسجد ابى بكر الصديق,57.5,69.9,66.7,64.6,Medium
KED-ROAD-05030,شارع مساكن المجلس,57.5,67.3,69.8,64.6,Medium
KED-ROAD-01245,شارع مسجد ابى بكر الصديق,57.5,69.9,66.7,64.6,Medium
KED-ROAD-03434,شارع التحرير,57.5,69.7,66.8,64.6,Medium
KED-ROAD-03795,الطريق الدولي,57.5,68.5,68.3,64.6,Medium
KED-ROAD-05085,شارع عبد العزيز الزمراني,57.5,70.1,66.5,64.6,Medium
KED-ROAD-01419,شارع العيسوي,57.5,69.7,66.8,64.6,Medium
KED-ROAD-02560,,57.5,69.8,66.7,64.6,Medium
KED-ROAD-04213,شارع السيد القعيد,57.5,69.5,67.2,64.6,Medium
KED-ROAD-04214,شارع السيد القعيد,57.5,69.5,67.2,64.6,Medium
KED-ROAD-05086,شارع عبد العزيز الزمراني,57.5,70.1,66.5,64.6,Medium
KED-ROAD-05029,شارع مساكن المجلس,57.5,67.3,69.8,64.6,Medium
KED-ROAD-01181,شارع بكر الدكراوي,57.5,69.5,66.8,64.5,Medium
KED-ROAD-02484,شارع العمرجي,57.5,67.8,68.9,64.5,Medium
KED-ROAD-04395,شارع الزربة,57.5,70.9,65.1,64.5,Medium
KED-ROAD-00201,شارع على مبروك خفاجه,57.5,69.0,67.4,64.5,Medium
KED-ROAD-00202,شارع على مبروك خفاجه,57.5,69.0,67.4,64.5,Medium
KED-ROAD-04394,شارع الزربة,57.5,70.9,65.1,64.5,Medium
KED-ROAD-06002,,57.5,68.2,68.3,64.5,Medium
KED-ROAD-06003,,57.5,68.2,68.3,64.5,Medium
KED-ROAD-03780,شارع عدلى,57.5,69.6,66.6,64.5,Medium
KED-ROAD-02402,شارع 32,57.5,69.4,67.0,64.5,Medium
KED-ROAD-02403,شارع 32,57.5,69.4,67.0,64.5,Medium
KED-ROAD-03781,شارع عدلى,57.5,69.6,66.6,64.5,Medium
KED-ROAD-00956,شارع القاهر,57.5,63.9,73.5,64.5,Medium
KED-ROAD-02485,شارع العمرجي,57.5,67.8,68.9,64.5,Medium
KED-ROAD-05093,الطريق الدولي,57.5,70.9,65.3,64.5,Medium
KED-ROAD-01110,شارع بكر الدكراوي,57.5,69.5,66.8,64.5,Medium
KED-ROAD-03751,شارع عاطف سالم,57.5,69.4,66.9,64.5,Medium
KED-ROAD-05850,,57.5,71.9,64.0,64.5,Medium
KED-ROAD-03750,شارع عاطف سالم,57.5,69.4,66.9,64.5,Medium
KED-ROAD-01069,,57.5,60.6,77.0,64.5,Medium
KED-ROAD-05819,,57.5,71.9,64.0,64.5,Medium
KED-ROAD-00955,شارع القاهر,57.5,63.9,73.5,64.5,Medium
KED-ROAD-01070,,57.5,60.6,77.0,64.5,Medium
KED-ROAD-06027,,57.5,59.6,78.0,64.4,Medium
KED-ROAD-04782,,57.5,61.2,76.2,64.4,Medium
KED-ROAD-02572,شارع الجرجاوى,57.5,70.3,65.6,64.4,Medium
KED-ROAD-05708,,57.5,69.0,67.1,64.4,Medium
KED-ROAD-05707,,57.5,69.0,67.1,64.4,Medium
KED-ROAD-04560,شارع بورسعيد,57.5,71.7,63.8,64.4,Medium
KED-ROAD-01978,شارع الحناوي,57.5,65.8,70.8,64.4,Medium
KED-ROAD-03274,شارع الرزق,57.5,70.6,65.3,64.4,Medium
KED-ROAD-06026,,57.5,59.6,78.0,64.4,Medium
KED-ROAD-00961,,57.5,73.0,62.5,64.4,Medium
KED-ROAD-00962,,57.5,73.0,62.5,64.4,Medium
KED-ROAD-05121,شارع مساكن التمليك,57.5,69.4,66.6,64.4,Medium
KED-ROAD-04644,,57.5,69.9,66.0,64.4,Medium
KED-ROAD-02573,شارع الجرجاوى,57.5,70.3,65.6,64.4,Medium
KED-ROAD-00841,شارع عمر مكرم,57.5,69.4,66.4,64.4,Medium
KED-ROAD-05120,شارع مساكن التمليك,57.5,69.4,66.6,64.4,Medium
KED-ROAD-00842,شارع عمر مكرم,57.5,69.4,66.4,64.4,Medium
KED-ROAD-04645,,57.5,69.9,66.0,64.4,Medium
KED-ROAD-03273,شارع الرزق,57.5,70.6,65.3,64.4,Medium
KED-ROAD-01977,شارع الحناوي,57.5,65.8,70.8,64.4,Medium
KED-ROAD-04783,,57.5,61.2,76.2,64.4,Medium
KED-ROAD-02836,شارع المستشفى الشامله,57.5,68.7,67.2,64.3,Medium
KED-ROAD-02771,شارع 5,57.5,70.6,64.8,64.3,Medium
KED-ROAD-01170,شارع اللبان,57.5,67.5,68.6,64.3,Medium
KED-ROAD-02635,شارع احمد يونس,57.5,70.1,65.6,64.3,Medium
KED-ROAD-00666,شارع 2,57.5,71.7,63.5,64.3,Medium
KED-ROAD-00665,شارع 2,57.5,71.7,63.5,64.3,Medium
KED-ROAD-02750,شارع 5,57.5,70.6,64.8,64.3,Medium
KED-ROAD-04411,شارع مسجد التقوى,57.5,70.3,65.2,64.3,Medium
KED-ROAD-04908,شارع 8,57.5,65.1,71.5,64.3,Medium
KED-ROAD-02655,شارع 26 يوليو,57.5,68.7,67.0,64.3,Medium
KED-ROAD-02654,شارع 26 يوليو,57.5,68.7,67.0,64.3,Medium
KED-ROAD-04412,شارع مسجد التقوى,57.5,70.3,65.2,64.3,Medium
KED-ROAD-00915,شارع السبكى,57.5,70.6,65.0,64.3,Medium
KED-ROAD-00925,شارع الجواهر,57.5,73.5,61.5,64.3,Medium
KED-ROAD-00926,شارع الجواهر,57.5,73.5,61.5,64.3,Medium
KED-ROAD-00127,شارع المدينه المنورة,57.5,69.5,66.0,64.3,Medium
KED-ROAD-01500,شارع حمزه,57.5,69.9,65.8,64.3,Medium
KED-ROAD-01506,شارع مسلم,57.5,69.4,66.3,64.3,Medium
KED-ROAD-04909,شارع 8,57.5,65.1,71.5,64.3,Medium
KED-ROAD-00128,شارع المدينه المنورة,57.5,69.5,66.0,64.3,Medium
KED-ROAD-01507,شارع مسلم,57.5,69.4,66.3,64.3,Medium
KED-ROAD-00916,شارع السبكى,57.5,70.6,65.0,64.3,Medium
KED-ROAD-00193,شارع المصرف,57.5,69.9,65.6,64.3,Medium
KED-ROAD-00192,شارع المصرف,57.5,69.9,65.6,64.3,Medium
KED-ROAD-01621,شارع حمزه,57.5,69.9,65.8,64.3,Medium
KED-ROAD-02837,شارع المستشفى الشامله,57.5,68.7,67.2,64.3,Medium
KED-ROAD-02634,شارع احمد يونس,57.5,70.1,65.6,64.3,Medium
KED-ROAD-01169,شارع اللبان,57.5,67.5,68.6,64.3,Medium
KED-ROAD-02124,شارع 105,57.5,69.3,66.2,64.2,Medium
KED-ROAD-02123,شارع 105,57.5,69.3,66.2,64.2,Medium
KED-ROAD-05001,شارع شحاته,57.5,71.3,63.9,64.2,Medium
KED-ROAD-02965,شارع على بركه,57.5,67.6,68.1,64.2,Medium
KED-ROAD-00693,شارع الوحدة العربية,57.5,70.2,64.9,64.2,Medium
KED-ROAD-00692,شارع الوحدة العربية,57.5,70.2,64.9,64.2,Medium
KED-ROAD-03035,شارع الاتوبيس,57.5,69.1,66.3,64.2,Medium
KED-ROAD-02072,,57.5,70.2,64.9,64.2,Medium
KED-ROAD-04686,شارع مبره محمد على,57.5,71.0,64.1,64.2,Medium
KED-ROAD-04520,,57.5,67.4,68.3,64.2,Medium
KED-ROAD-00679,شارع ابو بكر الصديق,57.5,70.8,64.2,64.2,Medium
KED-ROAD-00680,شارع ابو بكر الصديق,57.5,70.8,64.2,64.2,Medium
KED-ROAD-01147,,57.5,71.5,63.6,64.2,Medium
KED-ROAD-04519,,57.5,67.4,68.3,64.2,Medium
KED-ROAD-03036,شارع الاتوبيس,57.5,69.1,66.3,64.2,Medium
KED-ROAD-02071,,57.5,70.2,64.9,64.2,Medium
KED-ROAD-04685,شارع مبره محمد على,57.5,71.0,64.1,64.2,Medium
KED-ROAD-02593,شارع محمد كساب,57.5,69.1,66.2,64.2,Medium
KED-ROAD-02964,شارع على بركه,57.5,67.6,68.1,64.2,Medium
KED-ROAD-03874,,57.5,71.5,63.4,64.2,Medium
KED-ROAD-03875,,57.5,71.5,63.4,64.2,Medium
KED-ROAD-03067,حارة أرابيسك,57.5,70.7,64.4,64.2,Medium
KED-ROAD-03068,حارة أرابيسك,57.5,70.7,64.4,64.2,Medium
KED-ROAD-02592,شارع محمد كساب,57.5,69.1,66.2,64.2,Medium
KED-ROAD-01148,,57.5,71.5,63.6,64.2,Medium
KED-ROAD-04705,شارع اللواء محمود ابراهيم الكومى,57.5,68.4,67.1,64.2,Medium
KED-ROAD-04824,شارع مساكن الغزل,57.5,52.9,85.1,64.2,Medium
KED-ROAD-04825,شارع مساكن الغزل,57.5,52.9,85.1,64.2,Medium
KED-ROAD-04704,شارع اللواء محمود ابراهيم الكومى,57.5,68.4,67.1,64.2,Medium
KED-ROAD-03962,شارع محمد رفاعى,57.5,70.9,64.2,64.2,Medium
KED-ROAD-00872,شارع مصطفى كامل,57.5,72.5,62.4,64.2,Medium
KED-ROAD-03961,شارع محمد رفاعى,57.5,70.9,64.2,64.2,Medium
KED-ROAD-00104,,57.5,70.3,65.0,64.2,Medium
KED-ROAD-00103,,57.5,70.3,65.0,64.2,Medium
KED-ROAD-03768,شارع عدلى,57.5,69.2,66.1,64.2,Medium
KED-ROAD-00873,شارع مصطفى كامل,57.5,72.5,62.4,64.2,Medium
KED-ROAD-05070,شارع حسن مرزوق,57.5,71.5,63.6,64.2,Medium
KED-ROAD-05072,شارع حسن مرزوق,57.5,69.4,65.8,64.2,Medium
KED-ROAD-05051,شارع حسن مرزوق,57.5,69.4,65.8,64.2,Medium
KED-ROAD-05069,شارع حسن مرزوق,57.5,71.5,63.6,64.2,Medium
KED-ROAD-04830,,57.5,67.2,68.4,64.2,Medium
KED-ROAD-04831,,57.5,67.2,68.4,64.2,Medium
KED-ROAD-03705,"طريق دمنهور, كفر الدوار",57.5,71.4,63.5,64.2,Medium
KED-ROAD-03704,"طريق دمنهور, كفر الدوار",57.5,71.4,63.5,64.2,Medium
KED-ROAD-03747,شارع عدلى,57.5,69.2,66.1,64.2,Medium
KED-ROAD-00966,شارع جلال الدسوقي,57.5,68.4,67.2,64.2,Medium
KED-ROAD-00965,شارع جلال الدسوقي,57.5,68.4,67.2,64.2,Medium
KED-ROAD-05022,شارع شحاته,57.5,71.3,63.9,64.2,Medium
KED-ROAD-02688,شارع الإمام الشافعى,57.5,70.5,64.2,64.1,Medium
KED-ROAD-01719,شارع الترعه القديمة,57.5,69.4,65.6,64.1,Medium
KED-ROAD-01718,شارع الترعه القديمة,57.5,69.4,65.6,64.1,Medium
KED-ROAD-06419,,57.5,70.3,64.5,64.1,Medium
KED-ROAD-02694,شارع 7,57.5,70.0,64.9,64.1,Medium
KED-ROAD-02695,شارع 7,57.5,70.0,64.9,64.1,Medium
KED-ROAD-02689,شارع الإمام الشافعى,57.5,70.5,64.2,64.1,Medium
KED-ROAD-00968,شارع جلال الدسوقي,57.5,69.0,66.2,64.1,Medium
KED-ROAD-01900,شارع شتا,57.5,67.9,67.2,64.1,Medium
KED-ROAD-00967,شارع جلال الدسوقي,57.5,69.0,66.2,64.1,Medium
KED-ROAD-01899,شارع شتا,57.5,67.9,67.2,64.1,Medium
KED-ROAD-04231,شارع على منسى,57.5,71.0,63.8,64.1,Medium
KED-ROAD-04404,,57.5,70.8,64.1,64.1,Medium
KED-ROAD-04198,شارع الوزير,57.5,70.4,64.5,64.1,Medium
KED-ROAD-04230,شارع على منسى,57.5,71.0,63.8,64.1,Medium
KED-ROAD-03873,,57.5,69.5,65.6,64.1,Medium
KED-ROAD-03872,,57.5,69.5,65.6,64.1,Medium
KED-ROAD-03895,الطريق الدولي,57.5,69.7,65.2,64.1,Medium
KED-ROAD-02221,شارع سعيد حمادة,57.5,66.0,69.6,64.1,Medium
KED-ROAD-04917,شارع صلاح سالم,57.5,72.5,62.1,64.1,Medium
KED-ROAD-02115,"طريق كفر الدوار, ابو المطامير",57.5,70.8,64.1,64.1,Medium
KED-ROAD-02116,"طريق كفر الدوار, ابو المطامير",57.5,70.8,64.1,64.1,Medium
KED-ROAD-01202,,57.5,41.9,97.8,64.1,Medium
KED-ROAD-01201,,57.5,41.9,97.8,64.1,Medium
KED-ROAD-03494,,57.5,67.7,67.6,64.1,Medium
KED-ROAD-04190,شارع الفقى,57.5,67.6,67.7,64.1,Medium
KED-ROAD-04191,شارع الفقى,57.5,67.6,67.7,64.1,Medium
KED-ROAD-06213,شارع خلف المساكن,57.5,69.4,65.8,64.1,Medium
KED-ROAD-06212,,57.5,70.3,64.5,64.1,Medium
KED-ROAD-04210,شارع غازي,57.5,68.2,66.9,64.1,Medium
KED-ROAD-04209,شارع غازي,57.5,68.2,66.9,64.1,Medium
KED-ROAD-04199,شارع الوزير,57.5,70.4,64.5,64.1,Medium
KED-ROAD-04916,شارع صلاح سالم,57.5,72.5,62.1,64.1,Medium
KED-ROAD-00087,,57.5,70.6,64.3,64.1,Medium
KED-ROAD-04566,,57.5,59.4,77.2,64.1,Medium
KED-ROAD-03495,,57.5,67.7,67.6,64.1,Medium
KED-ROAD-00088,,57.5,70.6,64.3,64.1,Medium
KED-ROAD-04567,,57.5,59.4,77.2,64.1,Medium
KED-ROAD-06178,,57.5,69.0,65.9,64.1,Medium
KED-ROAD-06177,,57.5,69.0,65.9,64.1,Medium
KED-ROAD-06183,شارع خلف المساكن,57.5,69.4,65.8,64.1,Medium
KED-ROAD-02222,شارع سعيد حمادة,57.5,66.0,69.6,64.1,Medium
KED-ROAD-04403,,57.5,70.8,64.1,64.1,Medium
KED-ROAD-03728,شارع الشهيد حسنى كامل,57.5,67.5,67.6,64.0,Medium
KED-ROAD-00995,شارع جلال الدسوقي,57.5,68.1,66.9,64.0,Medium
KED-ROAD-00996,شارع جلال الدسوقي,57.5,68.1,66.9,64.0,Medium
KED-ROAD-00937,شارع جلال الدسوقي,57.5,66.7,68.4,64.0,Medium
KED-ROAD-04927,شارع جمعه جامع,57.5,68.4,66.5,64.0,Medium
KED-ROAD-04926,شارع جمعه جامع,57.5,68.4,66.5,64.0,Medium
KED-ROAD-00919,,57.5,71.8,62.6,64.0,Medium
KED-ROAD-01955,شارع فوزي شعيب,57.5,70.7,63.8,64.0,Medium
KED-ROAD-03580,شارع الشهيد حسنى كامل,57.5,67.5,67.6,64.0,Medium
KED-ROAD-00776,شارع التراث,57.5,71.1,63.4,64.0,Medium
KED-ROAD-00775,شارع التراث,57.5,71.1,63.4,64.0,Medium
KED-ROAD-02336,شارع 4,57.5,68.2,66.6,64.0,Medium
KED-ROAD-00938,شارع جلال الدسوقي,57.5,66.7,68.4,64.0,Medium
KED-ROAD-01413,شارع حمزه,57.5,70.5,64.1,64.0,Medium
KED-ROAD-03905,,57.5,70.5,64.0,64.0,Medium
KED-ROAD-00923,شارع التراث,57.5,72.3,61.8,64.0,Medium
KED-ROAD-00924,شارع التراث,57.5,72.3,61.8,64.0,Medium
KED-ROAD-00920,,57.5,71.8,62.6,64.0,Medium
KED-ROAD-02335,شارع 4,57.5,68.2,66.6,64.0,Medium
KED-ROAD-02585,شارع 10,57.5,70.1,64.4,64.0,Medium
KED-ROAD-02584,شارع 10,57.5,70.1,64.4,64.0,Medium
KED-ROAD-03076,شارع الاتوبيس,57.5,65.4,70.0,64.0,Medium
KED-ROAD-03075,شارع الاتوبيس,57.5,65.4,70.0,64.0,Medium
KED-ROAD-01414,شارع حمزه,57.5,70.5,64.1,64.0,Medium
KED-ROAD-03904,,57.5,70.5,64.0,64.0,Medium
KED-ROAD-02941,شارع جمال الدين الافغانى,57.5,71.5,63.0,64.0,Medium
KED-ROAD-04421,شارع مسجد النور,57.5,70.8,63.7,64.0,Medium
KED-ROAD-04488,شارع صلاح سالم,57.5,68.9,65.8,64.0,Medium
KED-ROAD-02278,شارع مدخل كفر الدوار,57.5,70.5,63.9,64.0,Medium
KED-ROAD-04422,شارع مسجد النور,57.5,70.8,63.7,64.0,Medium
KED-ROAD-04487,شارع صلاح سالم,57.5,68.9,65.8,64.0,Medium
KED-ROAD-02930,شارع جمال الدين الافغانى,57.5,71.5,63.0,64.0,Medium
KED-ROAD-02893,,57.5,62.8,73.1,64.0,Medium
KED-ROAD-02894,,57.5,62.8,73.1,64.0,Medium
KED-ROAD-04760,شارع الشهيد طلعت ابراهيم عبد الحميد,57.5,70.2,64.4,64.0,Medium
KED-ROAD-01956,شارع فوزي شعيب,57.5,70.7,63.8,64.0,Medium
KED-ROAD-04761,شارع الشهيد طلعت ابراهيم عبد الحميد,57.5,70.2,64.4,64.0,Medium
KED-ROAD-04933,شارع عمر بن عبد العزيز,57.5,69.9,64.8,64.0,Medium
KED-ROAD-04934,شارع عمر بن عبد العزيز,57.5,69.9,64.8,64.0,Medium
KED-ROAD-01281,شارع براني,57.5,69.1,65.5,63.9,Medium
KED-ROAD-03402,شارع مصطفى كحيل,57.5,69.8,64.6,63.9,Medium
KED-ROAD-03401,شارع مصطفى كحيل,57.5,69.8,64.6,63.9,Medium
KED-ROAD-01379,شارع بكر الدكراوي,57.5,65.7,69.3,63.9,Medium
KED-ROAD-01380,شارع بكر الدكراوي,57.5,65.7,69.3,63.9,Medium
KED-ROAD-03687,شارع بورسعيد,57.5,70.7,63.4,63.9,Medium
KED-ROAD-01143,شارع احمد بكر,57.5,68.7,65.7,63.9,Medium
KED-ROAD-01282,شارع براني,57.5,69.1,65.5,63.9,Medium
KED-ROAD-03619,شارع خلف السنترال,57.5,71.5,62.4,63.9,Medium
KED-ROAD-03620,شارع خلف السنترال,57.5,71.5,62.4,63.9,Medium
KED-ROAD-01144,شارع احمد بكر,57.5,68.7,65.7,63.9,Medium
KED-ROAD-03686,شارع بورسعيد,57.5,70.7,63.4,63.9,Medium
KED-ROAD-02778,شارع حافظ ابراهيم,57.5,72.0,61.9,63.9,Medium
KED-ROAD-04902,شارع مسجد ابو الحمد,57.5,66.8,68.0,63.9,Medium
KED-ROAD-02755,شارع 5,57.5,66.1,68.8,63.9,Medium
KED-ROAD-05074,شارع العدوى,57.5,67.8,66.8,63.9,Medium
KED-ROAD-05073,شارع العدوى,57.5,67.8,66.8,63.9,Medium
KED-ROAD-02810,شارع مدخل كفر الدوار,57.5,69.8,64.5,63.9,Medium
KED-ROAD-05103,الطريق الدولي,57.5,66.2,68.6,63.9,Medium
KED-ROAD-02754,شارع 5,57.5,66.1,68.8,63.9,Medium
KED-ROAD-02747,شارع الشهيد احمد عبد العزيز,57.5,72.6,61.3,63.9,Medium
KED-ROAD-02746,شارع الشهيد احمد عبد العزيز,57.5,72.6,61.3,63.9,Medium
KED-ROAD-00772,شارع ابو عجوز,57.5,71.4,62.6,63.9,Medium
KED-ROAD-00212,"طريق كفر الدوار, ابو المطامير",57.5,68.7,65.9,63.9,Medium
KED-ROAD-06196,شارع اللواء محمود ابراهيم الكومى,57.5,67.8,66.7,63.9,Medium
KED-ROAD-00771,شارع ابو عجوز,57.5,71.4,62.6,63.9,Medium
KED-ROAD-00211,"طريق كفر الدوار, ابو المطامير",57.5,68.7,65.9,63.9,Medium
KED-ROAD-01032,شارع دشودي,57.5,48.1,89.9,63.9,Medium
KED-ROAD-03138,شارع الاعراب,57.5,69.5,64.9,63.9,Medium
KED-ROAD-03137,شارع الاعراب,57.5,69.5,64.9,63.9,Medium
KED-ROAD-02397,شارع 33,57.5,69.1,65.2,63.9,Medium
KED-ROAD-02396,شارع 33,57.5,69.1,65.2,63.9,Medium
KED-ROAD-05828,,57.5,70.1,64.0,63.9,Medium
KED-ROAD-05827,,57.5,70.1,64.0,63.9,Medium
KED-ROAD-01031,شارع دشودي,57.5,48.1,89.9,63.9,Medium
KED-ROAD-02779,شارع حافظ ابراهيم,57.5,72.0,61.9,63.9,Medium
KED-ROAD-04820,,57.5,66.2,68.6,63.9,Medium
KED-ROAD-02913,شارع الإمام الشافعى,57.5,68.7,65.7,63.9,Medium
KED-ROAD-02912,شارع الإمام الشافعى,57.5,68.7,65.7,63.9,Medium
KED-ROAD-04821,,57.5,66.2,68.6,63.9,Medium
KED-ROAD-02235,شارع دشودي,57.5,40.5,98.7,63.9,Medium
KED-ROAD-06195,شارع اللواء محمود ابراهيم الكومى,57.5,67.8,66.7,63.9,Medium
KED-ROAD-04903,شارع مسجد ابو الحمد,57.5,66.8,68.0,63.9,Medium
KED-ROAD-02236,شارع دشودي,57.5,40.5,98.7,63.9,Medium
KED-ROAD-00460,شارع 23,57.5,70.0,64.0,63.8,Medium
KED-ROAD-00350,عطفه والي,57.5,71.4,62.1,63.8,Medium
KED-ROAD-00461,شارع 23,57.5,70.0,64.0,63.8,Medium
KED-ROAD-05031,,57.5,69.9,64.1,63.8,Medium
KED-ROAD-00454,شارع المعز,57.5,70.4,63.6,63.8,Medium
KED-ROAD-04688,شارع مبره محمد على,57.5,70.6,63.3,63.8,Medium
KED-ROAD-00361,عطفه والي,57.5,71.4,62.1,63.8,Medium
KED-ROAD-00902,شارع التراث,57.5,71.7,62.0,63.8,Medium
KED-ROAD-00901,شارع التراث,57.5,71.7,62.0,63.8,Medium
KED-ROAD-04177,شارع السجينى,57.5,66.0,68.7,63.8,Medium
KED-ROAD-00951,شارع جلال الدسوقي,57.5,67.5,66.8,63.8,Medium
KED-ROAD-04178,شارع السجينى,57.5,66.0,68.7,63.8,Medium
KED-ROAD-00173,شارع 107,57.5,70.5,63.2,63.8,Medium
KED-ROAD-00174,شارع 107,57.5,70.5,63.2,63.8,Medium
KED-ROAD-04687,شارع مبره محمد على,57.5,70.6,63.3,63.8,Medium
KED-ROAD-05142,,57.5,69.9,64.1,63.8,Medium
KED-ROAD-05084,شارع العدوى,57.5,70.0,63.9,63.8,Medium
KED-ROAD-02819,شارع عبد الرزاق عبد الحميد,57.5,69.8,64.1,63.8,Medium
KED-ROAD-02820,شارع عبد الرزاق عبد الحميد,57.5,69.8,64.1,63.8,Medium
KED-ROAD-05083,شارع العدوى,57.5,70.0,63.9,63.8,Medium
KED-ROAD-00969,شارع الجواهر,57.5,72.4,61.0,63.8,Medium
KED-ROAD-00970,شارع الجواهر,57.5,72.4,61.0,63.8,Medium
KED-ROAD-00952,شارع جلال الدسوقي,57.5,67.5,66.8,63.8,Medium
KED-ROAD-00455,شارع المعز,57.5,70.4,63.6,63.8,Medium
KED-ROAD-03664,شارع الرزق,57.5,68.7,65.2,63.7,Medium
KED-ROAD-05302,شارع بالي,57.5,70.0,63.6,63.7,Medium
KED-ROAD-04540,,57.5,69.8,63.9,63.7,Medium
KED-ROAD-04432,,57.5,71.5,61.8,63.7,Medium
KED-ROAD-05303,شارع بالي,57.5,70.0,63.6,63.7,Medium
KED-ROAD-04539,,57.5,69.8,63.9,63.7,Medium
KED-ROAD-04833,شارع الاداره الصحيه,57.5,68.7,65.2,63.7,Medium
KED-ROAD-04832,شارع الاداره الصحيه,57.5,68.7,65.2,63.7,Medium
KED-ROAD-04543,,57.5,71.5,61.8,63.7,Medium
KED-ROAD-00375,عطفه والي,57.5,70.5,63.0,63.7,Medium
KED-ROAD-05033,شارع على بركه,57.5,68.5,65.1,63.7,Medium
KED-ROAD-03316,شارع عزيز المصري,57.5,65.3,69.2,63.7,Medium
KED-ROAD-03315,شارع عزيز المصري,57.5,65.3,69.2,63.7,Medium
KED-ROAD-00171,شارع خليفه,57.5,71.6,61.8,63.7,Medium
KED-ROAD-03655,شارع خلف السنترال,57.5,69.3,64.3,63.7,Medium
KED-ROAD-04987,,57.5,63.5,71.3,63.7,Medium
KED-ROAD-00374,عطفه والي,57.5,70.5,63.0,63.7,Medium
KED-ROAD-00172,شارع خليفه,57.5,71.6,61.8,63.7,Medium
KED-ROAD-04988,,57.5,63.5,71.3,63.7,Medium
KED-ROAD-05034,شارع على بركه,57.5,68.5,65.1,63.7,Medium
KED-ROAD-04576,,57.5,66.6,67.3,63.7,Medium
KED-ROAD-00784,شارع الخير,57.5,71.4,61.8,63.7,Medium
KED-ROAD-00783,شارع الخير,57.5,71.4,61.8,63.7,Medium
KED-ROAD-00941,شارع الخير,57.5,72.0,61.2,63.7,Medium
KED-ROAD-03665,شارع الرزق,57.5,68.7,65.2,63.7,Medium
KED-ROAD-01063,,57.5,71.0,62.5,63.7,Medium
KED-ROAD-01062,,57.5,71.0,62.5,63.7,Medium
KED-ROAD-02457,,57.5,70.2,63.3,63.7,Medium
KED-ROAD-02456,,57.5,70.2,63.3,63.7,Medium
KED-ROAD-03656,شارع خلف السنترال,57.5,69.3,64.3,63.7,Medium
KED-ROAD-06204,شارع خلف المساكن,57.5,67.6,66.3,63.7,Medium
KED-ROAD-00942,شارع الخير,57.5,72.0,61.2,63.7,Medium
KED-ROAD-03901,,57.5,70.0,63.7,63.7,Medium
KED-ROAD-01806,,57.5,71.7,61.5,63.7,Medium
KED-ROAD-01807,,57.5,71.7,61.5,63.7,Medium
KED-ROAD-04577,,57.5,66.6,67.3,63.7,Medium
KED-ROAD-03900,,57.5,70.0,63.7,63.7,Medium
KED-ROAD-06205,شارع خلف المساكن,57.5,67.6,66.3,63.7,Medium
KED-ROAD-02876,,57.5,63.5,70.9,63.6,Medium
KED-ROAD-04977,,57.5,68.7,64.8,63.6,Medium
KED-ROAD-04978,,57.5,68.7,64.8,63.6,Medium
KED-ROAD-02875,,57.5,63.5,70.9,63.6,Medium
KED-ROAD-05626,,57.5,72.6,60.2,63.6,Medium
KED-ROAD-01989,شارع حميده,57.5,69.6,63.7,63.6,Medium
KED-ROAD-05625,,57.5,72.6,60.2,63.6,Medium
KED-ROAD-01109,شارع المنايفة,57.5,68.9,64.4,63.6,Medium
KED-ROAD-05701,,57.5,66.7,67.1,63.6,Medium
KED-ROAD-01108,شارع المنايفة,57.5,68.9,64.4,63.6,Medium
KED-ROAD-05805,,57.5,65.6,68.5,63.6,Medium
KED-ROAD-02352,شارع نجم,57.5,70.6,62.5,63.6,Medium
KED-ROAD-02353,شارع نجم,57.5,70.6,62.5,63.6,Medium
KED-ROAD-05804,,57.5,65.6,68.5,63.6,Medium
KED-ROAD-01990,شارع حميده,57.5,69.6,63.7,63.6,Medium
KED-ROAD-05817,,57.5,72.1,60.8,63.6,Medium
KED-ROAD-05818,,57.5,72.1,60.8,63.6,Medium
KED-ROAD-04448,شارع احمد عرابى,57.5,69.2,64.3,63.6,Medium
KED-ROAD-06349,,57.5,66.7,67.1,63.6,Medium
KED-ROAD-03654,شارع خلف السنترال,57.5,70.8,61.8,63.5,Medium
KED-ROAD-03653,شارع خلف السنترال,57.5,70.8,61.8,63.5,Medium
KED-ROAD-02703,شارع محمد بسيوني,57.5,63.7,70.3,63.5,Medium
KED-ROAD-02702,شارع محمد بسيوني,57.5,63.7,70.3,63.5,Medium
KED-ROAD-00381,,57.5,70.1,62.9,63.5,Medium
KED-ROAD-00431,شارع 41,57.5,70.5,62.5,63.5,Medium
KED-ROAD-05236,شارع حامد عبد المحسن,57.5,69.7,63.3,63.5,Medium
KED-ROAD-00730,شارع خفاجه,57.5,72.2,60.3,63.5,Medium
KED-ROAD-05443,,57.5,70.5,62.3,63.5,Medium
KED-ROAD-05444,,57.5,70.5,62.3,63.5,Medium
KED-ROAD-00729,شارع خفاجه,57.5,72.2,60.3,63.5,Medium
KED-ROAD-04142,شارع 4,57.5,69.8,63.1,63.5,Medium
KED-ROAD-04174,شارع الوزير,57.5,71.6,60.9,63.5,Medium
KED-ROAD-04173,شارع الوزير,57.5,71.6,60.9,63.5,Medium
KED-ROAD-04195,شارع البنا,57.5,68.6,64.7,63.5,Medium
KED-ROAD-05542,,57.5,70.4,62.5,63.5,Medium
KED-ROAD-04194,شارع البنا,57.5,68.6,64.7,63.5,Medium
KED-ROAD-00911,عطفه جلال الدسوقي,57.5,71.4,61.3,63.5,Medium
KED-ROAD-05543,,57.5,70.4,62.5,63.5,Medium
KED-ROAD-04141,شارع 4,57.5,69.8,63.1,63.5,Medium
KED-ROAD-00934,شارع الجميل,57.5,70.7,62.2,63.5,Medium
KED-ROAD-00912,عطفه جلال الدسوقي,57.5,71.4,61.3,63.5,Medium
KED-ROAD-05826,,57.5,69.0,64.1,63.5,Medium
KED-ROAD-00933,شارع الجميل,57.5,70.7,62.2,63.5,Medium
KED-ROAD-05825,,57.5,69.0,64.1,63.5,Medium
KED-ROAD-00678,شارع إسماعيل شحاتة,57.5,70.5,62.4,63.5,Medium
KED-ROAD-00677,شارع إسماعيل شحاتة,57.5,70.5,62.4,63.5,Medium
KED-ROAD-05235,شارع حامد عبد المحسن,57.5,69.7,63.3,63.5,Medium
KED-ROAD-00300,شارع 41,57.5,70.5,62.5,63.5,Medium
KED-ROAD-04661,,57.5,59.1,75.6,63.5,Medium
KED-ROAD-00333,شارع الجيش,57.5,71.9,60.6,63.5,Medium
KED-ROAD-04736,شارع السواقين,57.5,66.2,67.4,63.5,Medium
KED-ROAD-04737,شارع السواقين,57.5,66.2,67.4,63.5,Medium
KED-ROAD-00436,حارة النجوم,57.5,71.6,61.0,63.5,Medium
KED-ROAD-00437,حارة النجوم,57.5,71.6,61.0,63.5,Medium
KED-ROAD-00370,,57.5,70.1,62.9,63.5,Medium
KED-ROAD-02720,,57.5,69.0,63.9,63.5,Medium
KED-ROAD-02741,,57.5,69.0,63.9,63.5,Medium
KED-ROAD-05405,,57.5,69.0,63.7,63.4,Medium
KED-ROAD-06435,,57.5,68.1,64.8,63.4,Medium
KED-ROAD-05404,,57.5,69.0,63.7,63.4,Medium
KED-ROAD-06436,,57.5,68.1,64.8,63.4,Medium
KED-ROAD-03105,شارع غزه,57.5,71.5,60.8,63.4,Medium
KED-ROAD-04056,شارع الاحمر,57.5,71.1,61.3,63.4,Medium
KED-ROAD-03106,شارع غزه,57.5,71.5,60.8,63.4,Medium
KED-ROAD-04332,شارع بورسعيد,57.5,70.5,62.0,63.4,Medium
KED-ROAD-04057,شارع الاحمر,57.5,71.1,61.3,63.4,Medium
KED-ROAD-00797,شارع الجميل,57.5,69.7,63.0,63.4,Medium
KED-ROAD-00798,شارع الجميل,57.5,69.7,63.0,63.4,Medium
KED-ROAD-00079,,57.5,72.0,60.2,63.4,Medium
KED-ROAD-00080,,57.5,72.0,60.2,63.4,Medium
KED-ROAD-00409,شارع داير البندر,57.5,71.5,60.8,63.4,Medium
KED-ROAD-00408,شارع داير البندر,57.5,71.5,60.8,63.4,Medium
KED-ROAD-00487,شارع 41,57.5,70.9,61.5,63.4,Medium
KED-ROAD-00526,عطفه المأمون,57.5,71.4,60.8,63.4,Medium
KED-ROAD-05251,شارع عبد العزيز الزمراني,57.5,66.8,66.4,63.4,Medium
KED-ROAD-05250,شارع عبد العزيز الزمراني,57.5,66.8,66.4,63.4,Medium
KED-ROAD-00486,شارع 41,57.5,70.9,61.5,63.4,Medium
KED-ROAD-04100,شارع احمد مزروع,57.5,68.5,64.3,63.4,Medium
KED-ROAD-00397,شارع الخير,57.5,72.0,60.2,63.4,Medium
KED-ROAD-00396,شارع الخير,57.5,72.0,60.2,63.4,Medium
KED-ROAD-01185,شارع الروايح,57.5,69.7,62.7,63.4,Medium
KED-ROAD-01184,شارع الروايح,57.5,69.7,62.7,63.4,Medium
KED-ROAD-00527,عطفه المأمون,57.5,71.4,60.8,63.4,Medium
KED-ROAD-04099,شارع احمد مزروع,57.5,68.5,64.3,63.4,Medium
KED-ROAD-02957,,57.5,69.9,62.6,63.4,Medium
KED-ROAD-02956,,57.5,69.9,62.6,63.4,Medium
KED-ROAD-00160,شارع 108,57.5,71.0,61.0,63.3,Medium
KED-ROAD-01218,شارع بكر الدكراوي,57.5,67.6,65.1,63.3,Medium
KED-ROAD-03975,شارع البسطاويسي,57.5,72.1,59.8,63.3,Medium
KED-ROAD-03583,,57.5,70.6,61.6,63.3,Medium
KED-ROAD-00676,حارة ضياء الدين,57.5,71.2,60.9,63.3,Medium
KED-ROAD-04110,شارع على منسى,57.5,71.9,60.1,63.3,Medium
KED-ROAD-01122,,57.5,68.2,64.3,63.3,Medium
KED-ROAD-04754,شارع الشهيد طلعت ابراهيم عبد الحميد,57.5,66.9,65.7,63.3,Medium
KED-ROAD-03584,,57.5,70.6,61.6,63.3,Medium
KED-ROAD-01219,شارع بكر الدكراوي,57.5,67.6,65.1,63.3,Medium
KED-ROAD-03996,شارع البسطاويسي,57.5,72.1,59.8,63.3,Medium
KED-ROAD-05959,شارع الترعه,57.5,67.4,65.2,63.3,Medium
KED-ROAD-03380,,57.5,67.9,64.7,63.3,Medium
KED-ROAD-03826,,57.5,67.9,64.7,63.3,Medium
KED-ROAD-00232,,57.5,70.8,61.4,63.3,Medium
KED-ROAD-00231,,57.5,70.8,61.4,63.3,Medium
KED-ROAD-00971,شارع التراث,57.5,71.9,59.9,63.3,Medium
KED-ROAD-00973,شارع الاعراب,57.5,70.5,61.7,63.3,Medium
KED-ROAD-00974,شارع الاعراب,57.5,70.5,61.7,63.3,Medium
KED-ROAD-00249,شارع الجيش,57.5,70.3,61.7,63.3,Medium
KED-ROAD-05798,,57.5,70.9,61.0,63.3,Medium
KED-ROAD-05797,,57.5,70.9,61.0,63.3,Medium
KED-ROAD-04554,شارع مسجد التقوى,57.5,70.9,61.1,63.3,Medium
KED-ROAD-04555,شارع مسجد التقوى,57.5,70.9,61.1,63.3,Medium
KED-ROAD-04611,,57.5,67.5,65.2,63.3,Medium
KED-ROAD-04610,,57.5,67.5,65.2,63.3,Medium
KED-ROAD-04598,,57.5,67.8,64.6,63.3,Medium
KED-ROAD-04599,,57.5,67.8,64.6,63.3,Medium
KED-ROAD-04111,شارع على منسى,57.5,71.9,60.1,63.3,Medium
KED-ROAD-05255,شارع حامد عبد المحسن,57.5,68.6,63.8,63.3,Medium
KED-ROAD-04768,,57.5,58.3,76.0,63.3,Medium
KED-ROAD-04755,شارع الشهيد طلعت ابراهيم عبد الحميد,57.5,66.9,65.7,63.3,Medium
KED-ROAD-00972,شارع التراث,57.5,71.9,59.9,63.3,Medium
KED-ROAD-05960,شارع الترعه,57.5,67.4,65.2,63.3,Medium
KED-ROAD-00765,شارع مصطفى كامل,57.5,70.6,61.6,63.3,Medium
KED-ROAD-04769,,57.5,58.3,76.0,63.3,Medium
KED-ROAD-01121,,57.5,68.2,64.3,63.3,Medium
KED-ROAD-01061,شارع مدخل كفر الدوار,57.5,69.9,62.3,63.3,Medium
KED-ROAD-05256,شارع حامد عبد المحسن,57.5,68.6,63.8,63.3,Medium
KED-ROAD-00281,شارع 108,57.5,71.0,61.0,63.3,Medium
KED-ROAD-00675,حارة ضياء الدين,57.5,71.2,60.9,63.3,Medium
KED-ROAD-00766,شارع مصطفى كامل,57.5,70.6,61.6,63.3,Medium
KED-ROAD-00734,,57.5,69.0,62.9,63.2,Medium
KED-ROAD-00039,,57.5,70.3,61.5,63.2,Medium
KED-ROAD-00076,,57.5,70.6,61.3,63.2,Medium
KED-ROAD-00075,,57.5,70.6,61.3,63.2,Medium
KED-ROAD-00040,,57.5,70.3,61.5,63.2,Medium
KED-ROAD-00948,شارع العرفان,57.5,70.1,61.8,63.2,Medium
KED-ROAD-05595,,57.5,72.9,58.6,63.2,Medium
KED-ROAD-05596,,57.5,72.9,58.6,63.2,Medium
KED-ROAD-01821,شارع محمد رفاعى,57.5,72.0,59.5,63.2,Medium
KED-ROAD-04420,حارة 4,57.5,67.8,64.3,63.2,Medium
KED-ROAD-04419,حارة 4,57.5,67.8,64.3,63.2,Medium
KED-ROAD-04969,شارع الاداره الصحيه,57.5,69.8,62.2,63.2,Medium
KED-ROAD-01780,شارع محمد رفاعى,57.5,72.0,59.5,63.2,Medium
KED-ROAD-00483,حارة النجوم,57.5,70.3,61.5,63.2,Medium
KED-ROAD-00095,"طريق كفر الدوار, ابو المطامير",57.5,67.1,65.4,63.2,Medium
KED-ROAD-03466,,57.5,71.3,60.5,63.2,Medium
KED-ROAD-03467,,57.5,71.3,60.5,63.2,Medium
KED-ROAD-05295,شارع عبد العزيز الزمراني,57.5,70.8,61.0,63.2,Medium
KED-ROAD-05296,شارع عبد العزيز الزمراني,57.5,70.8,61.0,63.2,Medium
KED-ROAD-04970,شارع الاداره الصحيه,57.5,69.8,62.2,63.2,Medium
KED-ROAD-04973,شارع حسين سلام,57.5,71.1,60.6,63.2,Medium
KED-ROAD-04974,شارع حسين سلام,57.5,71.1,60.6,63.2,Medium
KED-ROAD-00735,,57.5,69.0,62.9,63.2,Medium
KED-ROAD-02619,شارع مسجد الرحمن,57.5,71.2,60.7,63.2,Medium
KED-ROAD-00947,شارع العرفان,57.5,70.1,61.8,63.2,Medium
KED-ROAD-03674,شارع خلف السنترال,57.5,65.7,67.0,63.2,Medium
KED-ROAD-02618,شارع مسجد الرحمن,57.5,71.2,60.7,63.2,Medium
KED-ROAD-03675,شارع خلف السنترال,57.5,65.7,67.0,63.2,Medium
KED-ROAD-05438,,57.5,70.0,61.8,63.2,Medium
KED-ROAD-00482,حارة النجوم,57.5,70.3,61.5,63.2,Medium
KED-ROAD-00770,شارع الانوار,57.5,71.0,60.7,63.2,Medium
KED-ROAD-05437,,57.5,70.0,61.8,63.2,Medium
KED-ROAD-05965,شارع الترعه,57.5,66.6,65.8,63.2,Medium
KED-ROAD-05966,شارع الترعه,57.5,66.6,65.8,63.2,Medium
KED-ROAD-05796,,57.5,70.6,61.2,63.2,Medium
KED-ROAD-00769,شارع الانوار,57.5,71.0,60.7,63.2,Medium
KED-ROAD-00096,"طريق كفر الدوار, ابو المطامير",57.5,67.1,65.4,63.2,Medium
KED-ROAD-05795,,57.5,70.6,61.2,63.2,Medium
KED-ROAD-00180,شارع محمد متولي الشعراوى,57.5,69.4,62.4,63.1,Medium
KED-ROAD-03617,,57.5,72.2,59.1,63.1,Medium
KED-ROAD-02492,شارع محمد بسيوني,57.5,68.5,63.2,63.1,Medium
KED-ROAD-03618,,57.5,72.2,59.1,63.1,Medium
KED-ROAD-00788,شارع مصطفى كامل,57.5,70.5,61.0,63.1,Medium
KED-ROAD-05005,شارع شحاته,57.5,65.7,66.7,63.1,Medium
KED-ROAD-05289,شارع 57,57.5,69.3,62.5,63.1,Medium
KED-ROAD-05288,شارع 57,57.5,69.3,62.5,63.1,Medium
KED-ROAD-02493,شارع محمد بسيوني,57.5,68.5,63.2,63.1,Medium
KED-ROAD-03460,شارع الشعراء,57.5,67.7,64.3,63.1,Medium
KED-ROAD-03455,شارع الأدباء,57.5,68.5,63.4,63.1,Medium
KED-ROAD-05741,,57.5,73.1,57.9,63.1,Medium
KED-ROAD-02468,حارة عواد,57.5,70.9,60.5,63.1,Medium
KED-ROAD-02469,حارة عواد,57.5,70.9,60.5,63.1,Medium
KED-ROAD-05737,,57.5,71.7,59.5,63.1,Medium
KED-ROAD-03920,شارع محمد رفاعى,57.5,71.4,60.1,63.1,Medium
KED-ROAD-05260,شارع حسن مرزوق,57.5,68.3,63.5,63.1,Medium
KED-ROAD-05981,,57.5,70.4,60.9,63.1,Medium
KED-ROAD-04651,,57.5,70.7,60.7,63.1,Medium
KED-ROAD-00905,شارع الخير,57.5,70.2,61.4,63.1,Medium
KED-ROAD-04650,,57.5,70.7,60.7,63.1,Medium
KED-ROAD-03461,شارع الشعراء,57.5,67.7,64.3,63.1,Medium
KED-ROAD-03919,شارع محمد رفاعى,57.5,71.4,60.1,63.1,Medium
KED-ROAD-05738,,57.5,71.7,59.5,63.1,Medium
KED-ROAD-05980,,57.5,70.4,60.9,63.1,Medium
KED-ROAD-04992,امتداد شارع الخليج الاعظم,57.5,69.1,62.8,63.1,Medium
KED-ROAD-03454,شارع الأدباء,57.5,68.5,63.4,63.1,Medium
KED-ROAD-05259,شارع حسن مرزوق,57.5,68.3,63.5,63.1,Medium
KED-ROAD-03267,شارع القوى,57.5,70.2,61.4,63.1,Medium
KED-ROAD-00897,شارع إسماعيل شحاتة,57.5,71.3,60.2,63.1,Medium
KED-ROAD-00896,شارع إسماعيل شحاتة,57.5,71.3,60.2,63.1,Medium
KED-ROAD-00906,شارع الخير,57.5,70.2,61.4,63.1,Medium
KED-ROAD-03733,شارع بيبرس,57.5,70.1,61.4,63.1,Medium
KED-ROAD-00240,شارع المصرف,57.5,69.6,62.0,63.1,Medium
KED-ROAD-00239,شارع المصرف,57.5,69.6,62.0,63.1,Medium
KED-ROAD-05812,,57.5,71.5,59.7,63.1,Medium
KED-ROAD-00774,شارع خفاجه,57.5,70.4,61.0,63.1,Medium
KED-ROAD-03268,شارع القوى,57.5,70.2,61.4,63.1,Medium
KED-ROAD-02400,شارع 34,57.5,68.5,63.3,63.1,Medium
KED-ROAD-02421,شارع 34,57.5,68.5,63.3,63.1,Medium
KED-ROAD-03734,شارع بيبرس,57.5,70.1,61.4,63.1,Medium
KED-ROAD-00179,شارع محمد متولي الشعراوى,57.5,69.4,62.4,63.1,Medium
KED-ROAD-00773,شارع خفاجه,57.5,70.4,61.0,63.1,Medium
KED-ROAD-05621,,57.5,73.1,57.9,63.1,Medium
KED-ROAD-02889,شارع طاهر,57.5,69.6,62.2,63.1,Medium
KED-ROAD-04200,شارع الحناوي,57.5,66.0,66.1,63.1,Medium
KED-ROAD-04201,شارع الحناوي,57.5,66.0,66.1,63.1,Medium
KED-ROAD-04941,امتداد شارع الخليج الاعظم,57.5,69.1,62.8,63.1,Medium
KED-ROAD-05097,شارع عمرو بن العاص,57.5,69.9,61.5,63.1,Medium
KED-ROAD-05098,شارع عمرو بن العاص,57.5,69.9,61.5,63.1,Medium
KED-ROAD-00949,شارع الجميل,57.5,69.5,62.2,63.1,Medium
KED-ROAD-03280,,57.5,67.3,64.8,63.1,Medium
KED-ROAD-00787,شارع مصطفى كامل,57.5,70.5,61.0,63.1,Medium
KED-ROAD-02888,شارع طاهر,57.5,69.6,62.2,63.1,Medium
KED-ROAD-05811,,57.5,71.5,59.7,63.1,Medium
KED-ROAD-05006,شارع شحاته,57.5,65.7,66.7,63.1,Medium
KED-ROAD-03279,,57.5,67.3,64.8,63.1,Medium
KED-ROAD-00950,شارع الجميل,57.5,69.5,62.2,63.1,Medium
KED-ROAD-05095,شارع مدرسه طلعت حرب,57.5,70.6,61.0,63.1,Medium
KED-ROAD-05096,شارع مدرسه طلعت حرب,57.5,70.6,61.0,63.1,Medium
KED-ROAD-03411,شارع محمود الصباغ,57.5,71.6,59.3,63.0,Medium
KED-ROAD-01783,,57.5,70.9,60.1,63.0,Medium
KED-ROAD-05605,,57.5,70.8,60.5,63.0,Medium
KED-ROAD-05606,,57.5,70.8,60.5,63.0,Medium
KED-ROAD-03317,شارع القنال,57.5,66.5,65.4,63.0,Medium
KED-ROAD-03318,شارع القنال,57.5,66.5,65.4,63.0,Medium
KED-ROAD-04932,امتداد شارع الخليج الاعظم,57.5,69.8,61.6,63.0,Medium
KED-ROAD-02857,شارع محطة الصرف الصحى,57.5,65.9,65.9,63.0,Medium
KED-ROAD-02858,شارع محطة الصرف الصحى,57.5,65.9,65.9,63.0,Medium
KED-ROAD-03134,شارع التراث,57.5,72.2,58.7,63.0,Medium
KED-ROAD-03133,شارع التراث,57.5,72.2,58.7,63.0,Medium
KED-ROAD-05268,شارع 57,57.5,69.1,62.2,63.0,Medium
KED-ROAD-05267,شارع 57,57.5,69.1,62.2,63.0,Medium
KED-ROAD-05088,شارع العدوى,57.5,68.9,62.4,63.0,Medium
KED-ROAD-04077,شارع احمد مزروع,57.5,71.6,59.4,63.0,Medium
KED-ROAD-02770,امتداد شارع الخليج الاعظم,57.5,69.8,61.6,63.0,Medium
KED-ROAD-04076,شارع احمد مزروع,57.5,71.6,59.4,63.0,Medium
KED-ROAD-05087,شارع العدوى,57.5,68.9,62.4,63.0,Medium
KED-ROAD-04778,,57.5,55.8,77.9,63.0,Medium
KED-ROAD-02089,,57.5,70.9,60.1,63.0,Medium
KED-ROAD-01782,,57.5,70.9,60.1,63.0,Medium
KED-ROAD-02090,,57.5,70.9,60.1,63.0,Medium
KED-ROAD-05441,,57.5,72.1,58.8,63.0,Medium
KED-ROAD-05442,,57.5,72.1,58.8,63.0,Medium
KED-ROAD-03412,شارع محمود الصباغ,57.5,71.6,59.3,63.0,Medium
KED-ROAD-03862,شارع يوسف,57.5,71.5,59.6,63.0,Medium
KED-ROAD-03863,شارع يوسف,57.5,71.5,59.6,63.0,Medium
KED-ROAD-04779,,57.5,55.8,77.9,63.0,Medium
KED-ROAD-05746,,57.5,72.4,58.0,62.9,Medium
KED-ROAD-05794,,57.5,69.5,61.3,62.9,Medium
KED-ROAD-04963,شارع ابو العلاء المعري,57.5,71.5,59.2,62.9,Medium
KED-ROAD-00122,,57.5,70.4,60.6,62.9,Medium
KED-ROAD-00121,,57.5,70.4,60.6,62.9,Medium
KED-ROAD-05793,,57.5,69.5,61.3,62.9,Medium
KED-ROAD-05162,,57.5,69.2,61.7,62.9,Medium
KED-ROAD-03588,,57.5,71.7,58.8,62.9,Medium
KED-ROAD-05331,شارع مسجد السلام,57.5,68.3,63.0,62.9,Medium
KED-ROAD-05330,شارع مسجد السلام,57.5,68.3,63.0,62.9,Medium
KED-ROAD-03651,شارع خلف السنترال,57.5,70.8,59.9,62.9,Medium
KED-ROAD-03652,شارع خلف السنترال,57.5,70.8,59.9,62.9,Medium
KED-ROAD-04964,شارع ابو العلاء المعري,57.5,71.5,59.2,62.9,Medium
KED-ROAD-04791,,57.5,64.0,68.0,62.9,Medium
KED-ROAD-01869,شارع البسطاويسي,57.5,71.3,59.2,62.9,Medium
KED-ROAD-04790,,57.5,64.0,68.0,62.9,Medium
KED-ROAD-02169,,57.5,69.0,62.2,62.9,Medium
KED-ROAD-02149,,57.5,70.4,60.5,62.9,Medium
KED-ROAD-01528,شارع الشاويش,57.5,69.8,61.1,62.9,Medium
KED-ROAD-01870,شارع البسطاويسي,57.5,71.3,59.2,62.9,Medium
KED-ROAD-02168,,57.5,69.0,62.2,62.9,Medium
KED-ROAD-03006,,57.5,70.9,60.0,62.9,Medium
KED-ROAD-02150,,57.5,70.4,60.5,62.9,Medium
KED-ROAD-03587,,57.5,71.7,58.8,62.9,Medium
KED-ROAD-03321,شارع إسماعيل شحاتة,57.5,72.3,58.1,62.9,Medium
KED-ROAD-03322,شارع إسماعيل شحاتة,57.5,72.3,58.1,62.9,Medium
KED-ROAD-05747,,57.5,72.4,58.0,62.9,Medium
KED-ROAD-05924,,57.5,72.7,57.8,62.9,Medium
KED-ROAD-01529,شارع الشاويش,57.5,69.8,61.1,62.9,Medium
KED-ROAD-05925,,57.5,72.7,57.8,62.9,Medium
KED-ROAD-05101,,57.5,69.2,61.7,62.9,Medium
KED-ROAD-03005,,57.5,70.9,60.0,62.9,Medium
KED-ROAD-00764,عطفه جلال الدسوقي,57.5,71.4,59.1,62.9,Medium
KED-ROAD-00763,عطفه جلال الدسوقي,57.5,71.4,59.1,62.9,Medium
KED-ROAD-05953,,57.5,69.3,61.3,62.8,Medium
KED-ROAD-04940,شارع عمرو بن العاص,57.5,70.4,60.1,62.8,Medium
KED-ROAD-06227,,57.5,71.7,58.5,62.8,Medium
KED-ROAD-04939,شارع عمرو بن العاص,57.5,70.4,60.1,62.8,Medium
KED-ROAD-01577,شارع عبد المنعم,57.5,71.3,59.0,62.8,Medium
KED-ROAD-01578,شارع عبد المنعم,57.5,71.3,59.0,62.8,Medium
KED-ROAD-02766,شارع حافظ ابراهيم,57.5,69.6,61.1,62.8,Medium
KED-ROAD-02767,شارع حافظ ابراهيم,57.5,69.6,61.1,62.8,Medium
KED-ROAD-00682,شارع إسماعيل شحاتة,57.5,69.6,60.8,62.8,Medium
KED-ROAD-00481,,57.5,70.7,59.7,62.8,Medium
KED-ROAD-05954,,57.5,69.3,61.3,62.8,Medium
KED-ROAD-06228,,57.5,71.7,58.5,62.8,Medium
KED-ROAD-05975,,57.5,69.2,61.4,62.8,Medium
KED-ROAD-00140,شارع سامى شميسة,57.5,65.0,66.4,62.8,Medium
KED-ROAD-05511,,57.5,72.2,57.9,62.8,Medium
KED-ROAD-05974,,57.5,69.2,61.4,62.8,Medium
KED-ROAD-03508,شارع السيدة عائشة,57.5,70.6,59.8,62.8,Medium
KED-ROAD-03509,شارع السيدة عائشة,57.5,70.6,59.8,62.8,Medium
KED-ROAD-03477,شارع الاتوبيس,57.5,70.2,60.5,62.8,Medium
KED-ROAD-03478,شارع الاتوبيس,57.5,70.2,60.5,62.8,Medium
KED-ROAD-04328,شارع البنا,57.5,69.6,61.1,62.8,Medium
KED-ROAD-06222,,57.5,72.2,57.9,62.8,Medium
KED-ROAD-04327,شارع البنا,57.5,69.6,61.1,62.8,Medium
KED-ROAD-00681,شارع إسماعيل شحاتة,57.5,69.6,60.8,62.8,Medium
KED-ROAD-00440,,57.5,70.7,59.7,62.8,Medium
KED-ROAD-00139,شارع سامى شميسة,57.5,65.0,66.4,62.8,Medium
KED-ROAD-00473,شارع 37,57.5,71.8,58.1,62.7,Medium
KED-ROAD-00472,شارع 37,57.5,71.8,58.1,62.7,Medium
KED-ROAD-01195,شارع احمد بكر,57.5,72.0,57.8,62.7,Medium
KED-ROAD-00828,,57.5,72.9,56.9,62.7,Medium
KED-ROAD-05264,شارع عبد العزيز الزمراني,57.5,67.4,63.4,62.7,Medium
KED-ROAD-01194,شارع احمد بكر,57.5,72.0,57.8,62.7,Medium
KED-ROAD-02095,"طريق كفر الدوار, ابو المطامير",57.5,70.0,60.2,62.7,Medium
KED-ROAD-02096,"طريق كفر الدوار, ابو المطامير",57.5,70.0,60.2,62.7,Medium
KED-ROAD-05636,,57.5,72.2,57.6,62.7,Medium
KED-ROAD-05635,,57.5,72.2,57.6,62.7,Medium
KED-ROAD-01102,,57.5,37.4,98.3,62.7,Medium
KED-ROAD-02315,,57.5,69.8,60.5,62.7,Medium
KED-ROAD-04189,شارع 4,57.5,68.9,61.5,62.7,Medium
KED-ROAD-04188,شارع 4,57.5,68.9,61.5,62.7,Medium
KED-ROAD-00120,,57.5,71.3,58.6,62.7,Medium
KED-ROAD-00119,,57.5,71.3,58.6,62.7,Medium
KED-ROAD-03817,شارع يوسف,57.5,69.9,60.2,62.7,Medium
KED-ROAD-03816,شارع يوسف,57.5,69.9,60.2,62.7,Medium
KED-ROAD-00071,,57.5,70.1,60.0,62.7,Medium
KED-ROAD-00072,,57.5,70.1,60.0,62.7,Medium
KED-ROAD-04958,شارع الاداره الصحيه,57.5,70.5,59.7,62.7,Medium
KED-ROAD-02791,شارع الترعه,57.5,69.8,60.5,62.7,Medium
KED-ROAD-00829,,57.5,72.9,56.9,62.7,Medium
KED-ROAD-02316,,57.5,69.8,60.5,62.7,Medium
KED-ROAD-00636,شارع 35,57.5,69.3,61.1,62.7,Medium
KED-ROAD-05263,شارع عبد العزيز الزمراني,57.5,67.4,63.4,62.7,Medium
KED-ROAD-02760,شارع الترعه,57.5,69.8,60.5,62.7,Medium
KED-ROAD-03630,,57.5,72.4,57.5,62.7,Medium
KED-ROAD-03631,,57.5,72.4,57.5,62.7,Medium
KED-ROAD-01720,شارع احمد بكر,57.5,69.6,60.8,62.7,Medium
KED-ROAD-00637,شارع 35,57.5,69.3,61.1,62.7,Medium
KED-ROAD-01101,,57.5,37.4,98.3,62.7,Medium
KED-ROAD-04957,شارع الاداره الصحيه,57.5,70.5,59.7,62.7,Medium
KED-ROAD-04161,شارع الشيخ,57.5,71.3,58.5,62.6,Medium
KED-ROAD-05786,,57.5,69.6,60.2,62.6,Medium
KED-ROAD-05785,,57.5,69.6,60.2,62.6,Medium
KED-ROAD-00123,,57.5,70.0,59.7,62.6,Medium
KED-ROAD-00124,,57.5,70.0,59.7,62.6,Medium
KED-ROAD-04558,شارع الجوهري,57.5,72.0,57.8,62.6,Medium
KED-ROAD-03397,شارع التأمين الصحى,57.5,70.0,59.9,62.6,Medium
KED-ROAD-03398,شارع التأمين الصحى,57.5,70.0,59.9,62.6,Medium
KED-ROAD-05152,,57.5,70.2,59.8,62.6,Medium
KED-ROAD-00019,,57.5,69.3,60.8,62.6,Medium
KED-ROAD-00792,شارع السبكى,57.5,71.8,57.8,62.6,Medium
KED-ROAD-04557,شارع الجوهري,57.5,72.0,57.8,62.6,Medium
KED-ROAD-05153,,57.5,70.2,59.8,62.6,Medium
KED-ROAD-00020,,57.5,69.3,60.8,62.6,Medium
KED-ROAD-00791,شارع السبكى,57.5,71.8,57.8,62.6,Medium
KED-ROAD-03464,شارع الامه,57.5,70.0,59.8,62.6,Medium
KED-ROAD-03465,شارع الامه,57.5,70.0,59.8,62.6,Medium
KED-ROAD-05187,,57.5,71.3,58.6,62.6,Medium
KED-ROAD-04929,شارع مبره محمد على,57.5,65.2,65.3,62.6,Medium
KED-ROAD-04417,شارع الجوهري,57.5,67.5,62.8,62.6,Medium
KED-ROAD-04418,شارع الجوهري,57.5,67.5,62.8,62.6,Medium
KED-ROAD-00273,,57.5,69.9,60.2,62.6,Medium
KED-ROAD-05130,شارع مساكن التمليك,57.5,70.6,59.1,62.6,Medium
KED-ROAD-03471,شارع النهضة,57.5,68.4,61.9,62.6,Medium
KED-ROAD-03135,شارع الجميل,57.5,71.2,58.4,62.6,Medium
KED-ROAD-03136,شارع الجميل,57.5,71.2,58.4,62.6,Medium
KED-ROAD-05188,,57.5,71.3,58.6,62.6,Medium
KED-ROAD-01114,,57.5,70.7,59.0,62.6,Medium
KED-ROAD-01115,,57.5,70.7,59.0,62.6,Medium
KED-ROAD-04162,شارع الشيخ,57.5,71.3,58.5,62.6,Medium
KED-ROAD-05129,شارع مساكن التمليك,57.5,70.6,59.1,62.6,Medium
KED-ROAD-05311,شارع مسجد السلام,57.5,66.7,63.8,62.6,Medium
KED-ROAD-05310,شارع مسجد السلام,57.5,66.7,63.8,62.6,Medium
KED-ROAD-04928,شارع مبره محمد على,57.5,65.2,65.3,62.6,Medium
KED-ROAD-03472,شارع النهضة,57.5,68.4,61.9,62.6,Medium
KED-ROAD-01751,شارع احمد بكر,57.5,70.7,59.1,62.6,Medium
KED-ROAD-04715,شارع خلف مسجد محفوظ,57.5,66.3,63.9,62.5,Medium
KED-ROAD-04556,شارع بورسعيد,57.5,70.7,59.0,62.5,Medium
KED-ROAD-06254,شارع مسجد الهدي,57.5,73.2,55.8,62.5,Medium
KED-ROAD-04716,شارع خلف مسجد محفوظ,57.5,66.3,63.9,62.5,Medium
KED-ROAD-06253,شارع مسجد الهدي,57.5,73.2,55.8,62.5,Medium
KED-ROAD-00028,,57.5,72.6,56.6,62.5,Medium
KED-ROAD-05538,,57.5,70.8,58.5,62.5,Medium
KED-ROAD-04918,شارع المطافى,57.5,69.0,60.6,62.5,Medium
KED-ROAD-04919,شارع المطافى,57.5,69.0,60.6,62.5,Medium
KED-ROAD-05586,,57.5,71.6,57.8,62.5,Medium
KED-ROAD-05587,,57.5,71.6,57.8,62.5,Medium
KED-ROAD-05486,,57.5,71.3,58.0,62.5,Medium
KED-ROAD-00085,,57.5,70.7,58.7,62.5,Medium
KED-ROAD-05487,,57.5,71.3,58.0,62.5,Medium
KED-ROAD-05253,شارع 200,57.5,63.7,66.9,62.5,Medium
KED-ROAD-04906,شارع مبره محمد على,57.5,62.6,68.1,62.5,Medium
KED-ROAD-04907,شارع مبره محمد على,57.5,62.6,68.1,62.5,Medium
KED-ROAD-03898,,57.5,67.5,62.6,62.5,Medium
KED-ROAD-05460,,57.5,70.4,59.0,62.5,Medium
KED-ROAD-00885,شارع نبيل منصور,57.5,73.0,56.1,62.5,Medium
KED-ROAD-00886,شارع نبيل منصور,57.5,73.0,56.1,62.5,Medium
KED-ROAD-03899,,57.5,67.5,62.6,62.5,Medium
KED-ROAD-05461,,57.5,70.4,59.0,62.5,Medium
KED-ROAD-06104,,57.5,71.7,57.6,62.5,Medium
KED-ROAD-06093,,57.5,71.7,57.6,62.5,Medium
KED-ROAD-04787,,57.5,67.1,63.0,62.5,Medium
KED-ROAD-05505,,57.5,72.2,56.9,62.5,Medium
KED-ROAD-05506,,57.5,72.2,56.9,62.5,Medium
KED-ROAD-04786,,57.5,67.1,63.0,62.5,Medium
KED-ROAD-05254,شارع 200,57.5,63.7,66.9,62.5,Medium
KED-ROAD-00714,شارع التراث,57.5,69.0,60.8,62.5,Medium
KED-ROAD-05432,,57.5,68.1,61.9,62.5,Medium
KED-ROAD-00713,شارع التراث,57.5,69.0,60.8,62.5,Medium
KED-ROAD-05947,,57.5,67.4,62.7,62.5,Medium
KED-ROAD-05958,,57.5,67.4,62.7,62.5,Medium
KED-ROAD-05118,شارع عمرو بن العاص,57.5,69.0,60.9,62.5,Medium
KED-ROAD-05119,شارع عمرو بن العاص,57.5,69.0,60.9,62.5,Medium
KED-ROAD-05539,,57.5,70.8,58.5,62.5,Medium
KED-ROAD-00086,,57.5,70.7,58.7,62.5,Medium
KED-ROAD-05111,,57.5,68.1,61.9,62.5,Medium
KED-ROAD-00027,,57.5,72.6,56.6,62.5,Medium
KED-ROAD-03529,شارع لواء الاسلام,57.5,70.4,58.9,62.4,Medium
KED-ROAD-05394,,57.5,72.0,57.0,62.4,Medium
KED-ROAD-05395,,57.5,72.0,57.0,62.4,Medium
KED-ROAD-05208,,57.5,71.3,57.7,62.4,Medium
KED-ROAD-04456,شارع بورسعيد,57.5,70.5,58.6,62.4,Medium
KED-ROAD-04455,شارع بورسعيد,57.5,70.5,58.6,62.4,Medium
KED-ROAD-03528,شارع لواء الاسلام,57.5,70.4,58.9,62.4,Medium
KED-ROAD-00125,شارع المدينه المنورة,57.5,70.2,59.0,62.4,Medium
KED-ROAD-06264,,57.5,71.9,57.0,62.4,Medium
KED-ROAD-06265,,57.5,71.9,57.0,62.4,Medium
KED-ROAD-02179,شارع 2,57.5,69.9,59.3,62.4,Medium
KED-ROAD-02175,,57.5,70.0,59.4,62.4,Medium
KED-ROAD-04089,,57.5,70.3,58.8,62.4,Medium
KED-ROAD-05772,الطريق الدولي,57.5,68.8,60.6,62.4,Medium
KED-ROAD-00126,شارع المدينه المنورة,57.5,70.2,59.0,62.4,Medium
KED-ROAD-05952,,57.5,69.6,59.7,62.4,Medium
KED-ROAD-05213,,57.5,70.6,58.5,62.4,Medium
KED-ROAD-05214,,57.5,70.6,58.5,62.4,Medium
KED-ROAD-02300,شارع ابو المكارم,57.5,69.5,59.9,62.4,Medium
KED-ROAD-02299,شارع ابو المكارم,57.5,69.5,59.9,62.4,Medium
KED-ROAD-05951,,57.5,69.6,59.7,62.4,Medium
KED-ROAD-05209,,57.5,71.3,57.7,62.4,Medium
KED-ROAD-03951,شارع السيد البحيري,57.5,70.2,58.8,62.4,Medium
KED-ROAD-06336,,57.5,69.3,60.1,62.4,Medium
KED-ROAD-00143,شارع على مبروك خفاجه,57.5,62.1,68.5,62.4,Medium
KED-ROAD-05603,,57.5,71.2,57.8,62.4,Medium
KED-ROAD-05602,,57.5,71.2,57.8,62.4,Medium
KED-ROAD-04182,شارع بورسعيد,57.5,70.9,58.2,62.4,Medium
KED-ROAD-00144,شارع على مبروك خفاجه,57.5,62.1,68.5,62.4,Medium
KED-ROAD-00904,شارع الجواهر,57.5,71.7,57.4,62.4,Medium
KED-ROAD-00932,عطفه جلال الدسوقي,57.5,71.5,57.4,62.4,Medium
KED-ROAD-00927,شارع العرفان,57.5,71.5,57.5,62.4,Medium
KED-ROAD-00903,شارع الجواهر,57.5,71.7,57.4,62.4,Medium
KED-ROAD-00931,عطفه جلال الدسوقي,57.5,71.5,57.4,62.4,Medium
KED-ROAD-00928,شارع العرفان,57.5,71.5,57.5,62.4,Medium
KED-ROAD-06335,,57.5,69.3,60.1,62.4,Medium
KED-ROAD-02174,,57.5,70.0,59.4,62.4,Medium
KED-ROAD-04088,,57.5,70.3,58.8,62.4,Medium
KED-ROAD-02178,شارع 2,57.5,69.9,59.3,62.4,Medium
KED-ROAD-03952,شارع السيد البحيري,57.5,70.2,58.8,62.4,Medium
KED-ROAD-05411,,57.5,70.6,58.1,62.3,Medium
KED-ROAD-05410,,57.5,70.6,58.1,62.3,Medium
KED-ROAD-03563,شارع التحرير,57.5,69.5,59.5,62.3,Medium
KED-ROAD-06305,,57.5,71.5,57.3,62.3,Medium
KED-ROAD-01566,شارع راغب الكحيلي,57.5,71.7,56.9,62.3,Medium
KED-ROAD-00402,شارع الجيش,57.5,69.5,59.7,62.3,Medium
KED-ROAD-01565,شارع راغب الكحيلي,57.5,71.7,56.9,62.3,Medium
KED-ROAD-06306,,57.5,71.5,57.3,62.3,Medium
KED-ROAD-00098,"طريق كفر الدوار, ابو المطامير",57.5,69.2,59.7,62.3,Medium
KED-ROAD-00097,"طريق كفر الدوار, ابو المطامير",57.5,69.2,59.7,62.3,Medium
KED-ROAD-01173,شارع ابو هرجه,57.5,68.3,60.9,62.3,Medium
KED-ROAD-04324,شارع السيد البحيري,57.5,67.4,61.9,62.3,Medium
KED-ROAD-00716,شارع محمد الصاوى,57.5,71.7,57.0,62.3,Medium
KED-ROAD-05923,,57.5,71.3,57.3,62.3,Medium
KED-ROAD-05922,,57.5,71.3,57.3,62.3,Medium
KED-ROAD-03564,شارع التحرير,57.5,69.5,59.5,62.3,Medium
KED-ROAD-02672,شارع الكفاح,57.5,70.8,57.8,62.3,Medium
KED-ROAD-02673,شارع الكفاح,57.5,70.8,57.8,62.3,Medium
KED-ROAD-00388,شارع صقر,57.5,71.1,57.6,62.3,Medium
KED-ROAD-06144,,57.5,71.4,57.2,62.3,Medium
KED-ROAD-06133,,57.5,71.4,57.2,62.3,Medium
KED-ROAD-02943,شارع الاداره الصحيه,57.5,71.2,57.5,62.3,Medium
KED-ROAD-02942,شارع الاداره الصحيه,57.5,71.2,57.5,62.3,Medium
KED-ROAD-05508,,57.5,72.1,56.4,62.3,Medium
KED-ROAD-00930,شارع الاعراب,57.5,71.1,57.5,62.3,Medium
KED-ROAD-05507,,57.5,72.1,56.4,62.3,Medium
KED-ROAD-06282,,57.5,71.2,57.4,62.3,Medium
KED-ROAD-02038,شارع حامد النداف,57.5,68.7,60.4,62.3,Medium
KED-ROAD-00781,عطفه جلال الدسوقي,57.5,71.3,57.3,62.3,Medium
KED-ROAD-02037,شارع حامد النداف,57.5,68.7,60.4,62.3,Medium
KED-ROAD-00522,شارع الجنة,57.5,69.0,60.2,62.3,Medium
KED-ROAD-00523,شارع الجنة,57.5,69.0,60.2,62.3,Medium
KED-ROAD-06283,,57.5,71.2,57.4,62.3,Medium
KED-ROAD-05576,,57.5,71.2,57.6,62.3,Medium
KED-ROAD-05577,,57.5,71.2,57.6,62.3,Medium
KED-ROAD-05970,,57.5,69.9,59.0,62.3,Medium
KED-ROAD-03722,شارع صبحى,57.5,68.9,60.1,62.3,Medium
KED-ROAD-05748,,57.5,69.8,59.0,62.3,Medium
KED-ROAD-05749,,57.5,69.8,59.0,62.3,Medium
KED-ROAD-04706,شارع بالي,57.5,71.0,57.9,62.3,Medium
KED-ROAD-03723,شارع صبحى,57.5,68.9,60.1,62.3,Medium
KED-ROAD-01508,,57.5,70.7,58.3,62.3,Medium
KED-ROAD-01509,,57.5,70.7,58.3,62.3,Medium
KED-ROAD-04204,شارع السيد البحيري,57.5,67.4,61.9,62.3,Medium
KED-ROAD-00129,شارع محمد عبيد جنيدي,57.5,60.3,70.2,62.3,Medium
KED-ROAD-05940,,57.5,69.6,59.4,62.3,Medium
KED-ROAD-05939,,57.5,69.6,59.4,62.3,Medium
KED-ROAD-00715,شارع محمد الصاوى,57.5,71.7,57.0,62.3,Medium
KED-ROAD-01174,شارع ابو هرجه,57.5,68.3,60.9,62.3,Medium
KED-ROAD-05784,,57.5,68.6,60.6,62.3,Medium
KED-ROAD-04707,شارع بالي,57.5,71.0,57.9,62.3,Medium
KED-ROAD-05971,,57.5,69.9,59.0,62.3,Medium
KED-ROAD-06247,,57.5,71.9,56.7,62.3,Medium
KED-ROAD-06246,,57.5,71.9,56.7,62.3,Medium
KED-ROAD-00929,شارع الاعراب,57.5,71.1,57.5,62.3,Medium
KED-ROAD-04748,,57.5,64.5,65.5,62.3,Medium
KED-ROAD-04749,,57.5,64.5,65.5,62.3,Medium
KED-ROAD-00782,عطفه جلال الدسوقي,57.5,71.3,57.3,62.3,Medium
KED-ROAD-00945,شارع الجواهر,57.5,72.4,56.3,62.3,Medium
KED-ROAD-00946,شارع الجواهر,57.5,72.4,56.3,62.3,Medium
KED-ROAD-04518,شارع صلاح سالم,57.5,67.6,61.7,62.3,Medium
KED-ROAD-04517,شارع صلاح سالم,57.5,67.6,61.7,62.3,Medium
KED-ROAD-00387,شارع صقر,57.5,71.1,57.6,62.3,Medium
KED-ROAD-05783,,57.5,68.6,60.6,62.3,Medium
KED-ROAD-00130,شارع محمد عبيد جنيدي,57.5,60.3,70.2,62.3,Medium
KED-ROAD-05192,,57.5,72.3,55.9,62.2,Medium
KED-ROAD-05100,,57.5,68.1,60.7,62.2,Medium
KED-ROAD-03482,شارع السيدة عائشة,57.5,70.9,57.6,62.2,Medium
KED-ROAD-04319,شارع بورسعيد,57.5,70.9,57.5,62.2,Medium
KED-ROAD-05193,,57.5,72.3,55.9,62.2,Medium
KED-ROAD-04318,شارع بورسعيد,57.5,70.9,57.5,62.2,Medium
KED-ROAD-00190,شارع الوقار,57.5,69.3,59.2,62.2,Medium
KED-ROAD-03523,شارع لواء الاسلام,57.5,69.7,58.9,62.2,Medium
KED-ROAD-03522,شارع لواء الاسلام,57.5,69.7,58.9,62.2,Medium
KED-ROAD-05099,,57.5,68.1,60.7,62.2,Medium
KED-ROAD-01556,شارع الحاج حسن سليمان,57.5,71.3,57.2,62.2,Medium
KED-ROAD-05520,,57.5,72.0,56.3,62.2,Medium
KED-ROAD-00189,شارع الوقار,57.5,69.3,59.2,62.2,Medium
KED-ROAD-05424,,57.5,73.0,55.1,62.2,Medium
KED-ROAD-03483,شارع السيدة عائشة,57.5,70.9,57.6,62.2,Medium
KED-ROAD-06139,,57.5,71.6,56.7,62.2,Medium
KED-ROAD-04882,شارع 1,57.5,71.9,56.3,62.2,Medium
KED-ROAD-05326,شارع 57,57.5,68.3,60.6,62.2,Medium
KED-ROAD-05327,شارع 57,57.5,68.3,60.6,62.2,Medium
KED-ROAD-05837,,57.5,71.4,56.9,62.2,Medium
KED-ROAD-05836,,57.5,71.4,56.9,62.2,Medium
KED-ROAD-05548,,57.5,72.0,56.3,62.2,Medium
KED-ROAD-05521,,57.5,72.0,56.3,62.2,Medium
KED-ROAD-04001,شارع البسطاويسي,57.5,70.1,58.3,62.2,Medium
KED-ROAD-04002,شارع البسطاويسي,57.5,70.1,58.3,62.2,Medium
KED-ROAD-01555,شارع الحاج حسن سليمان,57.5,71.3,57.2,62.2,Medium
KED-ROAD-05549,,57.5,72.0,56.3,62.2,Medium
KED-ROAD-04861,شارع 1,57.5,71.9,56.3,62.2,Medium
KED-ROAD-03758,شارع بيبرس,57.5,69.0,59.7,62.2,Medium
KED-ROAD-03737,شارع بيبرس,57.5,69.0,59.7,62.2,Medium
KED-ROAD-06140,,57.5,71.6,56.7,62.2,Medium
KED-ROAD-01260,شارع مسجد ابى بكر الصديق,57.5,72.0,56.3,62.2,Medium
KED-ROAD-06086,,57.5,73.0,55.1,62.2,Medium
KED-ROAD-03689,شارع بورسعيد,57.5,69.4,59.4,62.2,Medium
KED-ROAD-03688,شارع بورسعيد,57.5,69.4,59.4,62.2,Medium
KED-ROAD-05730,,57.5,71.4,57.1,62.2,Medium
KED-ROAD-05729,,57.5,71.4,57.1,62.2,Medium
KED-ROAD-01259,شارع مسجد ابى بكر الصديق,57.5,72.0,56.3,62.2,Medium
KED-ROAD-03623,شارع الامه,57.5,70.6,57.6,62.1,Medium
KED-ROAD-01168,,57.5,69.8,58.5,62.1,Medium
KED-ROAD-01167,,57.5,69.8,58.5,62.1,Medium
KED-ROAD-05551,,57.5,71.2,57.0,62.1,Medium
KED-ROAD-00755,شارع خفاجه,57.5,70.9,57.2,62.1,Medium
KED-ROAD-02640,شارع 26 يوليو,57.5,67.9,60.8,62.1,Medium
KED-ROAD-05550,,57.5,71.2,57.0,62.1,Medium
KED-ROAD-02661,شارع 26 يوليو,57.5,67.9,60.8,62.1,Medium
KED-ROAD-03622,شارع الامه,57.5,70.6,57.6,62.1,Medium
KED-ROAD-05723,,57.5,70.2,57.9,62.1,Medium
KED-ROAD-05724,,57.5,70.2,57.9,62.1,Medium
KED-ROAD-05439,شارع عمرو بن العاص,57.5,69.2,59.1,62.1,Medium
KED-ROAD-05440,شارع عمرو بن العاص,57.5,69.2,59.1,62.1,Medium
KED-ROAD-03616,شارع الاتوبيس,57.5,69.8,58.4,62.1,Medium
KED-ROAD-03615,شارع الاتوبيس,57.5,69.8,58.4,62.1,Medium
KED-ROAD-01896,شارع احمد بكر,57.5,63.8,65.6,62.1,Medium
KED-ROAD-00757,شارع التراث,57.5,70.8,57.1,62.1,Medium
KED-ROAD-02483,شارع السد العالى,57.5,69.2,59.3,62.1,Medium
KED-ROAD-02482,شارع السد العالى,57.5,69.2,59.3,62.1,Medium
KED-ROAD-02474,شارع نجم,57.5,71.1,56.9,62.1,Medium
KED-ROAD-02475,شارع نجم,57.5,71.1,56.9,62.1,Medium
KED-ROAD-00758,شارع التراث,57.5,70.8,57.1,62.1,Medium
KED-ROAD-00378,,57.5,71.6,56.5,62.1,Medium
KED-ROAD-00379,,57.5,71.6,56.5,62.1,Medium
KED-ROAD-00756,شارع خفاجه,57.5,70.9,57.2,62.1,Medium
KED-ROAD-05469,,57.5,70.9,57.0,62.1,Medium
KED-ROAD-05470,,57.5,70.9,57.0,62.1,Medium
KED-ROAD-05146,,57.5,69.4,59.0,62.1,Medium
KED-ROAD-05147,,57.5,69.4,59.0,62.1,Medium
KED-ROAD-02826,شارع الحاج يوسف صديق,57.5,70.8,57.1,62.1,Medium
KED-ROAD-02825,شارع الحاج يوسف صديق,57.5,70.8,57.1,62.1,Medium
KED-ROAD-04427,شارع صافي دراز,57.5,71.5,56.5,62.1,Medium
KED-ROAD-04426,شارع صافي دراز,57.5,71.5,56.5,62.1,Medium
KED-ROAD-00907,شارع العرفان,57.5,71.4,56.6,62.1,Medium
KED-ROAD-00908,شارع العرفان,57.5,71.4,56.6,62.1,Medium
KED-ROAD-00909,شارع الاعراب,57.5,72.1,55.8,62.1,Medium
KED-ROAD-00910,شارع الاعراب,57.5,72.1,55.8,62.1,Medium
KED-ROAD-05407,,57.5,70.1,58.0,62.1,Medium
KED-ROAD-06146,,57.5,71.0,57.0,62.1,Medium
KED-ROAD-06145,,57.5,71.0,57.0,62.1,Medium
KED-ROAD-05406,,57.5,70.1,58.0,62.1,Medium
KED-ROAD-03055,شارع القاهر,57.5,71.4,56.3,62.0,Medium
KED-ROAD-05032,شارع ماجد,57.5,70.0,58.0,62.0,Medium
KED-ROAD-05526,,57.5,72.4,55.2,62.0,Medium
KED-ROAD-01215,شارع بكر الدكراوي,57.5,68.9,59.1,62.0,Medium
KED-ROAD-03056,شارع القاهر,57.5,71.4,56.3,62.0,Medium
KED-ROAD-02246,شارع الحاج مسعود خليل,57.5,69.8,58.1,62.0,Medium
KED-ROAD-02777,شارع ابو العلاء المعري,57.5,67.6,60.8,62.0,Medium
KED-ROAD-01214,شارع بكر الدكراوي,57.5,68.9,59.1,62.0,Medium
KED-ROAD-04322,شارع بورسعيد,57.5,70.7,57.0,62.0,Medium
KED-ROAD-02247,شارع الحاج مسعود خليل,57.5,69.8,58.1,62.0,Medium
KED-ROAD-05525,,57.5,72.4,55.2,62.0,Medium
KED-ROAD-02776,شارع ابو العلاء المعري,57.5,67.6,60.8,62.0,Medium
KED-ROAD-02328,,57.5,66.9,61.6,62.0,Medium
KED-ROAD-02327,,57.5,66.9,61.6,62.0,Medium
KED-ROAD-00657,عطفه الشهداء,57.5,68.2,60.1,62.0,Medium
KED-ROAD-02960,شارع ماجد,57.5,70.0,58.0,62.0,Medium
KED-ROAD-06132,,57.5,70.4,57.3,62.0,Medium
KED-ROAD-06131,,57.5,70.4,57.3,62.0,Medium
KED-ROAD-03561,شارع التحرير,57.5,70.6,57.1,62.0,Medium
KED-ROAD-03562,شارع التحرير,57.5,70.6,57.1,62.0,Medium
KED-ROAD-03374,شارع 26 يوليو,57.5,69.2,58.8,62.0,Medium
KED-ROAD-02269,شارع ابو المكارم,57.5,70.5,57.5,62.0,Medium
KED-ROAD-02270,شارع ابو المكارم,57.5,70.5,57.5,62.0,Medium
KED-ROAD-06316,,57.5,69.7,58.2,62.0,Medium
KED-ROAD-06315,,57.5,69.7,58.2,62.0,Medium
KED-ROAD-00207,,57.5,71.4,56.4,62.0,Medium
KED-ROAD-03375,شارع 26 يوليو,57.5,69.2,58.8,62.0,Medium
KED-ROAD-05627,,57.5,74.0,53.3,62.0,Medium
KED-ROAD-05628,,57.5,74.0,53.3,62.0,Medium
KED-ROAD-00208,,57.5,71.4,56.4,62.0,Medium
KED-ROAD-05585,,57.5,71.5,56.0,62.0,Medium
KED-ROAD-05584,,57.5,71.5,56.0,62.0,Medium
KED-ROAD-03018,شارع جلال الدسوقي,57.5,66.4,62.1,62.0,Medium
KED-ROAD-03017,شارع جلال الدسوقي,57.5,66.4,62.1,62.0,Medium
KED-ROAD-05513,,57.5,71.1,56.7,62.0,Medium
KED-ROAD-05277,شارع 58,57.5,71.0,56.7,62.0,Medium
KED-ROAD-05276,شارع 58,57.5,71.0,56.7,62.0,Medium
KED-ROAD-05247,شارع عبد القادر عباده,57.5,63.7,65.2,62.0,Medium
KED-ROAD-05976,,57.5,71.7,56.0,62.0,Medium
KED-ROAD-05977,,57.5,71.7,56.0,62.0,Medium
KED-ROAD-05161,,57.5,71.8,55.8,62.0,Medium
KED-ROAD-05613,,57.5,72.8,54.7,62.0,Medium
KED-ROAD-05614,,57.5,72.8,54.7,62.0,Medium
KED-ROAD-05160,,57.5,71.8,55.8,62.0,Medium
KED-ROAD-05246,شارع عبد القادر عباده,57.5,63.7,65.2,62.0,Medium
KED-ROAD-05512,,57.5,71.1,56.7,62.0,Medium
KED-ROAD-00658,عطفه الشهداء,57.5,68.2,60.1,62.0,Medium
KED-ROAD-01534,شارع مسجد الهيتي,57.5,70.9,56.6,61.9,Medium
KED-ROAD-01535,شارع مسجد الهيتي,57.5,70.9,56.6,61.9,Medium
KED-ROAD-00899,,57.5,71.1,56.3,61.9,Medium
KED-ROAD-00572,شارع عثمان بن عفان,57.5,69.6,58.0,61.9,Medium
KED-ROAD-00209,شارع سامى شميسة,57.5,70.5,57.1,61.9,Medium
KED-ROAD-05481,,57.5,72.8,54.2,61.9,Medium
KED-ROAD-04775,شارع مساكن غزل كفر الدوار الجديدة,57.5,61.4,67.6,61.9,Medium
KED-ROAD-02680,شارع غزوه بدر,57.5,70.8,56.6,61.9,Medium
KED-ROAD-04774,شارع مساكن غزل كفر الدوار الجديدة,57.5,61.4,67.6,61.9,Medium
KED-ROAD-01732,شارع ابراهيم شهاب,57.5,69.9,57.6,61.9,Medium
KED-ROAD-05908,,57.5,72.8,54.1,61.9,Medium
KED-ROAD-01570,شارع الشاويش,57.5,70.6,56.9,61.9,Medium
KED-ROAD-01569,شارع الشاويش,57.5,70.6,56.9,61.9,Medium
KED-ROAD-00210,شارع سامى شميسة,57.5,70.5,57.1,61.9,Medium
KED-ROAD-00898,,57.5,71.1,56.3,61.9,Medium
KED-ROAD-05919,,57.5,73.0,54.2,61.9,Medium
KED-ROAD-05929,,57.5,72.8,54.1,61.9,Medium
KED-ROAD-05198,,57.5,69.5,58.3,61.9,Medium
KED-ROAD-05199,,57.5,69.5,58.3,61.9,Medium
KED-ROAD-03628,شارع الامه,57.5,70.4,57.0,61.9,Medium
KED-ROAD-03629,شارع الامه,57.5,70.4,57.0,61.9,Medium
KED-ROAD-00571,شارع عثمان بن عفان,57.5,69.6,58.0,61.9,Medium
KED-ROAD-00267,شارع 109,57.5,68.3,59.5,61.9,Medium
KED-ROAD-01803,,57.5,69.9,57.7,61.9,Medium
KED-ROAD-05620,,57.5,72.9,54.2,61.9,Medium
KED-ROAD-01802,,57.5,69.9,57.7,61.9,Medium
KED-ROAD-02007,,57.5,70.3,57.3,61.9,Medium
KED-ROAD-04233,شارع مهران,57.5,71.9,55.2,61.9,Medium
KED-ROAD-02008,,57.5,70.3,57.3,61.9,Medium
KED-ROAD-05619,,57.5,72.9,54.2,61.9,Medium
KED-ROAD-05215,,57.5,70.3,57.3,61.9,Medium
KED-ROAD-04232,شارع مهران,57.5,71.9,55.2,61.9,Medium
KED-ROAD-00268,شارع 109,57.5,68.3,59.5,61.9,Medium
KED-ROAD-05216,,57.5,70.3,57.3,61.9,Medium
KED-ROAD-06239,شارع على بن ابى طالب,57.5,71.1,56.1,61.9,Medium
KED-ROAD-06238,شارع على بن ابى طالب,57.5,71.1,56.1,61.9,Medium
KED-ROAD-04542,شارع صافي دراز,57.5,71.2,56.0,61.9,Medium
KED-ROAD-04541,شارع صافي دراز,57.5,71.2,56.0,61.9,Medium
KED-ROAD-02049,شارع سعد رخا,57.5,71.5,55.8,61.9,Medium
KED-ROAD-02050,شارع سعد رخا,57.5,71.5,55.8,61.9,Medium
KED-ROAD-03800,شارع بيبرس,57.5,69.2,58.3,61.9,Medium
KED-ROAD-03801,شارع بيبرس,57.5,69.2,58.3,61.9,Medium
KED-ROAD-05898,,57.5,73.0,54.2,61.9,Medium
KED-ROAD-06291,,57.5,70.0,57.5,61.9,Medium
KED-ROAD-05502,,57.5,72.8,54.2,61.9,Medium
KED-ROAD-06290,,57.5,70.0,57.5,61.9,Medium
KED-ROAD-03596,شارع بورسعيد,57.5,70.8,56.6,61.9,Medium
KED-ROAD-03597,شارع بورسعيد,57.5,70.8,56.6,61.9,Medium
KED-ROAD-01733,شارع ابراهيم شهاب,57.5,69.9,57.6,61.9,Medium
KED-ROAD-06137,,57.5,70.6,56.9,61.9,Medium
KED-ROAD-06138,,57.5,70.6,56.9,61.9,Medium
KED-ROAD-02691,شارع غزوه بدر,57.5,70.8,56.6,61.9,Medium
KED-ROAD-05396,,57.5,70.4,57.0,61.9,Medium
KED-ROAD-05397,,57.5,70.4,57.0,61.9,Medium
KED-ROAD-05532,,57.5,69.8,57.4,61.8,Medium
KED-ROAD-04315,شارع بورسعيد,57.5,70.8,56.4,61.8,Medium
KED-ROAD-05533,,57.5,69.8,57.4,61.8,Medium
KED-ROAD-06414,,57.5,73.2,53.4,61.8,Medium
KED-ROAD-06058,,57.5,70.3,57.0,61.8,Medium
KED-ROAD-05547,,57.5,71.8,55.2,61.8,Medium
KED-ROAD-05546,,57.5,71.8,55.2,61.8,Medium
KED-ROAD-05412,شارع محمد انور السادات,57.5,69.0,58.3,61.8,Medium
KED-ROAD-05600,,57.5,68.3,59.3,61.8,Medium
KED-ROAD-05154,,57.5,71.2,55.9,61.8,Medium
KED-ROAD-05155,,57.5,71.2,55.9,61.8,Medium
KED-ROAD-04546,,57.5,70.9,56.2,61.8,Medium
KED-ROAD-06059,,57.5,70.3,57.0,61.8,Medium
KED-ROAD-05599,,57.5,68.3,59.3,61.8,Medium
KED-ROAD-04547,,57.5,70.9,56.2,61.8,Medium
KED-ROAD-03131,شارع المدينه,57.5,72.0,54.9,61.8,Medium
KED-ROAD-03727,شارع صبحى,57.5,68.3,59.3,61.8,Medium
KED-ROAD-03726,شارع صبحى,57.5,68.3,59.3,61.8,Medium
KED-ROAD-03715,شارع عمر افندى,57.5,69.1,58.2,61.8,Medium
KED-ROAD-00446,شارع فلسطين,57.5,69.9,57.4,61.8,Medium
KED-ROAD-04510,شارع اللواء محمود ابراهيم الكومى,57.5,65.2,62.7,61.8,Medium
KED-ROAD-04511,شارع اللواء محمود ابراهيم الكومى,57.5,65.2,62.7,61.8,Medium
KED-ROAD-03263,شارع الترعه,57.5,69.5,57.8,61.8,Medium
KED-ROAD-03827,,57.5,68.4,59.1,61.8,Medium
KED-ROAD-00108,,57.5,69.2,58.4,61.8,Medium
KED-ROAD-02318,,57.5,70.1,57.0,61.8,Medium
KED-ROAD-02317,,57.5,70.1,57.0,61.8,Medium
KED-ROAD-00447,شارع فلسطين,57.5,69.9,57.4,61.8,Medium
KED-ROAD-00101,,57.5,70.0,57.2,61.8,Medium
KED-ROAD-03749,,57.5,68.1,59.3,61.8,Medium
KED-ROAD-03748,,57.5,68.1,59.3,61.8,Medium
KED-ROAD-02821,شارع الشهيد احمد مبروك,57.5,70.1,57.1,61.8,Medium
KED-ROAD-01316,,57.5,70.1,57.1,61.8,Medium
KED-ROAD-01317,,57.5,70.1,57.1,61.8,Medium
KED-ROAD-02822,شارع الشهيد احمد مبروك,57.5,70.1,57.1,61.8,Medium
KED-ROAD-02988,شارع المستقبل,57.5,70.7,56.5,61.8,Medium
KED-ROAD-02989,شارع المستقبل,57.5,70.7,56.5,61.8,Medium
KED-ROAD-04015,شارع بورسعيد,57.5,70.8,56.4,61.8,Medium
KED-ROAD-02735,شارع حافظ ابراهيم,57.5,71.2,55.9,61.8,Medium
KED-ROAD-02734,شارع حافظ ابراهيم,57.5,71.2,55.9,61.8,Medium
KED-ROAD-02775,شارع صلاح عبد العزيز,57.5,70.3,57.0,61.8,Medium
KED-ROAD-04892,شارع مينا يونس,57.5,69.0,58.4,61.8,Medium
KED-ROAD-06101,,57.5,69.7,57.6,61.8,Medium
KED-ROAD-03132,شارع المدينه,57.5,72.0,54.9,61.8,Medium
KED-ROAD-01871,شارع محمد رفاعى,57.5,70.2,56.9,61.8,Medium
KED-ROAD-01840,شارع محمد رفاعى,57.5,70.2,56.9,61.8,Medium
KED-ROAD-03550,,57.5,70.0,57.4,61.8,Medium
KED-ROAD-02774,شارع صلاح عبد العزيز,57.5,70.3,57.0,61.8,Medium
KED-ROAD-05848,,57.5,70.8,56.5,61.8,Medium
KED-ROAD-05847,,57.5,70.8,56.5,61.8,Medium
KED-ROAD-02508,شارع سلطان,57.5,71.4,55.8,61.8,Medium
KED-ROAD-02509,شارع سلطان,57.5,71.4,55.8,61.8,Medium
KED-ROAD-06102,,57.5,69.7,57.6,61.8,Medium
KED-ROAD-05131,شارع محمد انور السادات,57.5,69.0,58.3,61.8,Medium
KED-ROAD-03571,,57.5,70.0,57.4,61.8,Medium
KED-ROAD-06413,,57.5,73.2,53.4,61.8,Medium
KED-ROAD-03828,,57.5,68.4,59.1,61.8,Medium
KED-ROAD-05301,الطريق الدولي,57.5,69.6,57.7,61.8,Medium
KED-ROAD-00102,,57.5,70.0,57.2,61.8,Medium
KED-ROAD-03941,شارع البسطاويسي,57.5,71.4,55.5,61.8,Medium
KED-ROAD-03942,شارع البسطاويسي,57.5,71.4,55.5,61.8,Medium
KED-ROAD-03000,شارع مينا يونس,57.5,69.0,58.4,61.8,Medium
KED-ROAD-00107,,57.5,69.2,58.4,61.8,Medium
KED-ROAD-03264,شارع الترعه,57.5,69.5,57.8,61.8,Medium
KED-ROAD-03714,شارع عمر افندى,57.5,69.1,58.2,61.8,Medium
KED-ROAD-01773,شارع احمد بكر,57.5,71.0,55.7,61.7,Medium
KED-ROAD-05463,,57.5,68.4,58.9,61.7,Medium
KED-ROAD-05571,,57.5,71.4,55.5,61.7,Medium
KED-ROAD-05570,,57.5,71.4,55.5,61.7,Medium
KED-ROAD-05536,,57.5,69.9,57.0,61.7,Medium
KED-ROAD-02859,شارع احمد عرابى,57.5,70.0,56.8,61.7,Medium
KED-ROAD-00151,,57.5,65.0,62.8,61.7,Medium
KED-ROAD-02725,شارع 26 يوليو,57.5,68.3,59.0,61.7,Medium
KED-ROAD-05569,,57.5,70.2,56.5,61.7,Medium
KED-ROAD-00066,,57.5,69.5,57.4,61.7,Medium
KED-ROAD-05568,,57.5,70.2,56.5,61.7,Medium
KED-ROAD-05537,,57.5,69.9,57.0,61.7,Medium
KED-ROAD-05634,,57.5,69.5,57.6,61.7,Medium
KED-ROAD-05180,,57.5,71.6,55.2,61.7,Medium
KED-ROAD-05201,,57.5,68.9,58.0,61.7,Medium
KED-ROAD-01456,شارع اللبان,57.5,70.1,56.9,61.7,Medium
KED-ROAD-01457,شارع اللبان,57.5,70.1,56.9,61.7,Medium
KED-ROAD-00168,شارع المصرف,57.5,70.5,56.2,61.7,Medium
KED-ROAD-04863,شارع مبره محمد على,57.5,70.5,56.3,61.7,Medium
KED-ROAD-05973,,57.5,69.2,57.7,61.7,Medium
KED-ROAD-02860,شارع احمد عرابى,57.5,70.0,56.8,61.7,Medium
KED-ROAD-02726,شارع 26 يوليو,57.5,68.3,59.0,61.7,Medium
KED-ROAD-05156,,57.5,71.4,55.2,61.7,Medium
KED-ROAD-05464,,57.5,68.4,58.9,61.7,Medium
KED-ROAD-01640,شارع الصافي,57.5,70.4,56.5,61.7,Medium
KED-ROAD-05427,,57.5,71.5,55.0,61.7,Medium
KED-ROAD-05972,,57.5,69.2,57.7,61.7,Medium
KED-ROAD-02417,شارع الخطيب,57.5,70.5,56.3,61.7,Medium
KED-ROAD-05428,,57.5,71.5,55.0,61.7,Medium
KED-ROAD-01596,شارع محمد عيسي,57.5,72.3,54.3,61.7,Medium
KED-ROAD-02322,,57.5,69.4,57.7,61.7,Medium
KED-ROAD-01337,,57.5,69.8,57.3,61.7,Medium
KED-ROAD-01338,,57.5,69.8,57.3,61.7,Medium
KED-ROAD-05609,,57.5,69.3,57.9,61.7,Medium
KED-ROAD-01595,شارع محمد عيسي,57.5,72.3,54.3,61.7,Medium
KED-ROAD-05610,,57.5,69.3,57.9,61.7,Medium
KED-ROAD-03792,شارع صبحى,57.5,69.7,57.2,61.7,Medium
KED-ROAD-00167,شارع المصرف,57.5,70.5,56.2,61.7,Medium
KED-ROAD-02418,شارع الخطيب,57.5,70.5,56.3,61.7,Medium
KED-ROAD-01639,شارع الصافي,57.5,70.4,56.5,61.7,Medium
KED-ROAD-05157,,57.5,71.4,55.2,61.7,Medium
KED-ROAD-02321,,57.5,69.4,57.7,61.7,Medium
KED-ROAD-03009,شارع جوده,57.5,69.3,57.7,61.7,Medium
KED-ROAD-03010,شارع جوده,57.5,69.3,57.7,61.7,Medium
KED-ROAD-04666,,57.5,69.9,57.1,61.7,Medium
KED-ROAD-04667,,57.5,69.9,57.1,61.7,Medium
KED-ROAD-00065,,57.5,69.5,57.4,61.7,Medium
KED-ROAD-05633,,57.5,69.5,57.6,61.7,Medium
KED-ROAD-01424,شارع لبيب,57.5,69.1,57.8,61.7,Medium
KED-ROAD-03474,شارع النهضة,57.5,66.9,60.4,61.7,Medium
KED-ROAD-03473,شارع النهضة,57.5,66.9,60.4,61.7,Medium
KED-ROAD-03791,شارع صبحى,57.5,69.7,57.2,61.7,Medium
KED-ROAD-01425,شارع لبيب,57.5,69.1,57.8,61.7,Medium
KED-ROAD-04862,شارع مبره محمد على,57.5,70.5,56.3,61.7,Medium
KED-ROAD-00152,,57.5,65.0,62.8,61.7,Medium
KED-ROAD-05905,,57.5,72.3,54.1,61.7,Medium
KED-ROAD-05200,,57.5,68.9,58.0,61.7,Medium
KED-ROAD-05181,,57.5,71.6,55.2,61.7,Medium
KED-ROAD-05904,,57.5,72.3,54.1,61.7,Medium
KED-ROAD-05191,,57.5,70.7,55.6,61.6,Medium
KED-ROAD-00786,شارع الجواهر,57.5,68.8,57.9,61.6,Medium
KED-ROAD-01175,,57.5,69.2,57.4,61.6,Medium
KED-ROAD-06215,,57.5,67.7,59.4,61.6,Medium
KED-ROAD-04461,شارع بورسعيد,57.5,69.6,56.9,61.6,Medium
KED-ROAD-02491,شارع نجم,57.5,67.5,59.6,61.6,Medium
KED-ROAD-05025,شارع مساكن المجلس,57.5,66.0,61.4,61.6,Medium
KED-ROAD-05026,شارع مساكن المجلس,57.5,66.0,61.4,61.6,Medium
KED-ROAD-01176,,57.5,69.2,57.4,61.6,Medium
KED-ROAD-05190,,57.5,71.7,54.6,61.6,Medium
KED-ROAD-04462,شارع بورسعيد,57.5,69.6,56.9,61.6,Medium
KED-ROAD-05917,,57.5,69.5,57.2,61.6,Medium
KED-ROAD-06311,,57.5,70.0,56.6,61.6,Medium
KED-ROAD-00785,شارع الجواهر,57.5,68.8,57.9,61.6,Medium
KED-ROAD-02443,شارع نجم,57.5,71.9,54.3,61.6,Medium
KED-ROAD-04005,شارع السيد البحيري,57.5,70.9,55.6,61.6,Medium
KED-ROAD-04136,شارع السيد البحيري,57.5,70.9,55.6,61.6,Medium
KED-ROAD-02848,شارع 26 يوليو,57.5,69.8,56.7,61.6,Medium
KED-ROAD-02849,شارع 26 يوليو,57.5,69.8,56.7,61.6,Medium
KED-ROAD-02442,شارع نجم,57.5,71.9,54.3,61.6,Medium
KED-ROAD-05900,,57.5,70.6,55.8,61.6,Medium
KED-ROAD-05899,,57.5,70.6,55.8,61.6,Medium
KED-ROAD-05196,,57.5,70.4,56.0,61.6,Medium
KED-ROAD-05197,,57.5,70.4,56.0,61.6,Medium
KED-ROAD-06084,,57.5,71.3,55.1,61.6,Medium
KED-ROAD-03830,شارع دسوقي,57.5,68.6,58.2,61.6,Medium
KED-ROAD-03829,شارع دسوقي,57.5,68.6,58.2,61.6,Medium
KED-ROAD-06085,,57.5,71.3,55.1,61.6,Medium
KED-ROAD-02480,شارع نجم,57.5,67.5,59.6,61.6,Medium
KED-ROAD-05189,,57.5,71.7,54.6,61.6,Medium
KED-ROAD-02773,شارع ابو العلاء المعري,57.5,69.1,57.7,61.6,Medium
KED-ROAD-02061,"طريق كفر الدوار, ابو المطامير",57.5,71.9,54.4,61.6,Medium
KED-ROAD-05916,,57.5,69.5,57.2,61.6,Medium
KED-ROAD-05212,,57.5,70.7,55.6,61.6,Medium
KED-ROAD-04247,,57.5,69.2,57.5,61.6,Medium
KED-ROAD-04248,,57.5,69.2,57.5,61.6,Medium
KED-ROAD-00879,شارع المدينه,57.5,71.9,54.5,61.6,Medium
KED-ROAD-02772,شارع ابو العلاء المعري,57.5,69.1,57.7,61.6,Medium
KED-ROAD-02062,"طريق كفر الدوار, ابو المطامير",57.5,71.9,54.4,61.6,Medium
KED-ROAD-06330,,57.5,70.0,56.6,61.6,Medium
KED-ROAD-06214,,57.5,67.7,59.4,61.6,Medium
KED-ROAD-02325,,57.5,68.4,58.3,61.6,Medium
KED-ROAD-02326,,57.5,68.4,58.3,61.6,Medium
KED-ROAD-00878,شارع المدينه,57.5,71.9,54.5,61.6,Medium
KED-ROAD-04331,شارع الحناوي,57.5,67.0,59.7,61.5,Medium
KED-ROAD-04330,شارع الحناوي,57.5,67.0,59.7,61.5,Medium
KED-ROAD-00078,,57.5,70.8,55.2,61.5,Medium
KED-ROAD-00077,,57.5,70.8,55.2,61.5,Medium
KED-ROAD-05274,شارع مدبولى,57.5,69.4,57.1,61.5,Medium
KED-ROAD-05202,,57.5,70.5,55.8,61.5,Medium
KED-ROAD-05203,,57.5,70.5,55.8,61.5,Medium
KED-ROAD-05275,شارع مدبولى,57.5,69.4,57.1,61.5,Medium
KED-ROAD-06099,,57.5,69.0,57.6,61.5,Medium
KED-ROAD-06100,,57.5,69.0,57.6,61.5,Medium
KED-ROAD-05522,,57.5,72.3,53.4,61.5,Medium
KED-ROAD-06111,,57.5,71.4,54.6,61.5,Medium
KED-ROAD-00265,شارع 110,57.5,70.1,56.3,61.5,Medium
KED-ROAD-00266,شارع 110,57.5,70.1,56.3,61.5,Medium
KED-ROAD-05183,,57.5,71.5,54.4,61.5,Medium
KED-ROAD-05184,,57.5,71.5,54.4,61.5,Medium
KED-ROAD-05479,,57.5,71.6,54.6,61.5,Medium
KED-ROAD-06343,,57.5,69.5,56.7,61.5,Medium
KED-ROAD-05912,,57.5,71.6,54.4,61.5,Medium
KED-ROAD-06224,,57.5,71.8,54.3,61.5,Medium
KED-ROAD-02800,شارع رفاعه الطهطاوى,57.5,69.9,56.5,61.5,Medium
KED-ROAD-06092,,57.5,68.9,57.6,61.5,Medium
KED-ROAD-06091,,57.5,68.9,57.6,61.5,Medium
KED-ROAD-01267,شارع السقا,57.5,71.3,54.8,61.5,Medium
KED-ROAD-01268,شارع السقا,57.5,71.3,54.8,61.5,Medium
KED-ROAD-06342,,57.5,69.5,56.7,61.5,Medium
KED-ROAD-03413,شارع الترعه,57.5,70.7,55.5,61.5,Medium
KED-ROAD-04962,شارع رفاعه الطهطاوى,57.5,69.9,56.5,61.5,Medium
KED-ROAD-03414,شارع الترعه,57.5,70.7,55.5,61.5,Medium
KED-ROAD-05445,,57.5,67.0,59.6,61.5,Medium
KED-ROAD-05565,,57.5,70.2,56.1,61.5,Medium
KED-ROAD-05564,,57.5,70.2,56.1,61.5,Medium
KED-ROAD-05913,,57.5,71.6,54.4,61.5,Medium
KED-ROAD-05446,,57.5,67.0,59.6,61.5,Medium
KED-ROAD-05447,شارع مساكن التمليك,57.5,64.6,62.4,61.5,Medium
KED-ROAD-05448,شارع مساكن التمليك,57.5,64.6,62.4,61.5,Medium
KED-ROAD-06015,شارع اللواء محمود ابراهيم الكومى,57.5,63.3,63.9,61.5,Medium
KED-ROAD-06223,,57.5,71.8,54.3,61.5,Medium
KED-ROAD-01772,شارع احمد بكر,57.5,64.4,62.6,61.5,Medium
KED-ROAD-01667,شارع الاحمر,57.5,70.8,55.2,61.5,Medium
KED-ROAD-05578,,57.5,70.8,55.4,61.5,Medium
KED-ROAD-05501,,57.5,72.3,53.4,61.5,Medium
KED-ROAD-05579,,57.5,70.8,55.4,61.5,Medium
KED-ROAD-01848,شارع ابراهيم شهاب,57.5,71.4,54.7,61.5,Medium
KED-ROAD-06016,شارع اللواء محمود ابراهيم الكومى,57.5,63.3,63.9,61.5,Medium
KED-ROAD-01668,شارع الاحمر,57.5,70.8,55.2,61.5,Medium
KED-ROAD-02842,شارع المستشفى الشامله,57.5,69.5,56.7,61.5,Medium
KED-ROAD-05559,,57.5,72.4,53.5,61.5,Medium
KED-ROAD-05903,,57.5,70.5,55.7,61.5,Medium
KED-ROAD-05902,,57.5,70.5,55.7,61.5,Medium
KED-ROAD-05560,,57.5,72.4,53.5,61.5,Medium
KED-ROAD-01847,شارع ابراهيم شهاب,57.5,71.4,54.7,61.5,Medium
KED-ROAD-06112,,57.5,71.4,54.6,61.5,Medium
KED-ROAD-02843,شارع المستشفى الشامله,57.5,69.5,56.7,61.5,Medium
KED-ROAD-05480,,57.5,71.6,54.6,61.5,Medium
KED-ROAD-05857,,57.5,69.8,56.0,61.4,Medium
KED-ROAD-02094,"طريق كفر الدوار, ابو المطامير",57.5,67.8,58.3,61.4,Medium
KED-ROAD-06122,,57.5,70.7,55.2,61.4,Medium
KED-ROAD-05858,,57.5,69.8,56.0,61.4,Medium
KED-ROAD-03204,شارع 26 يوليو,57.5,71.5,54.1,61.4,Medium
KED-ROAD-05582,شارع عمارات التمليك,57.5,70.0,55.7,61.4,Medium
KED-ROAD-05855,,57.5,69.7,56.2,61.4,Medium
KED-ROAD-05660,,57.5,69.5,56.6,61.4,Medium
KED-ROAD-05852,شارع بلال بن رباح,57.5,70.4,55.4,61.4,Medium
KED-ROAD-05659,,57.5,69.5,56.6,61.4,Medium
KED-ROAD-04617,,57.5,62.3,65.0,61.4,Medium
KED-ROAD-04616,,57.5,62.3,65.0,61.4,Medium
KED-ROAD-02324,,57.5,65.2,61.5,61.4,Medium
KED-ROAD-05643,,57.5,68.4,57.6,61.4,Medium
KED-ROAD-05870,,57.5,70.1,55.9,61.4,Medium
KED-ROAD-05845,,57.5,69.2,56.7,61.4,Medium
KED-ROAD-05846,,57.5,69.2,56.7,61.4,Medium
KED-ROAD-04523,شارع 5,57.5,68.6,57.6,61.4,Medium
KED-ROAD-06121,,57.5,70.7,55.2,61.4,Medium
KED-ROAD-00688,,57.5,71.1,54.7,61.4,Medium
KED-ROAD-00687,,57.5,71.1,54.7,61.4,Medium
KED-ROAD-05856,,57.5,69.7,56.2,61.4,Medium
KED-ROAD-05642,,57.5,68.4,57.6,61.4,Medium
KED-ROAD-05583,شارع عمارات التمليك,57.5,70.0,55.7,61.4,Medium
KED-ROAD-05195,,57.5,71.1,54.6,61.4,Medium
KED-ROAD-00090,,57.5,69.6,56.4,61.4,Medium
KED-ROAD-00089,,57.5,69.6,56.4,61.4,Medium
KED-ROAD-05813,,57.5,67.4,59.0,61.4,Medium
KED-ROAD-05814,,57.5,67.4,59.0,61.4,Medium
KED-ROAD-05808,,57.5,68.8,57.4,61.4,Medium
KED-ROAD-04512,شارع 5,57.5,68.6,57.6,61.4,Medium
KED-ROAD-04152,شارع الفقى,57.5,68.7,57.6,61.4,Medium
KED-ROAD-05194,,57.5,71.1,54.6,61.4,Medium
KED-ROAD-05618,شارع عمارات التمليك,57.5,72.1,53.5,61.4,Medium
KED-ROAD-02323,,57.5,65.2,61.5,61.4,Medium
KED-ROAD-05617,شارع عمارات التمليك,57.5,72.1,53.5,61.4,Medium
KED-ROAD-04151,شارع الفقى,57.5,68.7,57.6,61.4,Medium
KED-ROAD-05809,,57.5,68.8,57.4,61.4,Medium
KED-ROAD-04851,شارع مبره محمد على,57.5,70.6,55.2,61.4,Medium
KED-ROAD-05782,شارع مساكن المجلس,57.5,65.6,61.0,61.4,Medium
KED-ROAD-03203,شارع 26 يوليو,57.5,71.5,54.1,61.4,Medium
KED-ROAD-05869,,57.5,70.1,55.9,61.4,Medium
KED-ROAD-04850,شارع مبره محمد على,57.5,70.6,55.2,61.4,Medium
KED-ROAD-05024,شارع مساكن المجلس,57.5,65.6,61.0,61.4,Medium
KED-ROAD-02093,"طريق كفر الدوار, ابو المطامير",57.5,67.8,58.3,61.4,Medium
KED-ROAD-05475,,57.5,71.0,54.3,61.3,Medium
KED-ROAD-05204,,57.5,71.2,54.0,61.3,Medium
KED-ROAD-05205,,57.5,71.2,54.0,61.3,Medium
KED-ROAD-05476,,57.5,71.0,54.3,61.3,Medium
KED-ROAD-00153,شارع دشودي,57.5,64.3,62.1,61.3,Medium
KED-ROAD-00154,شارع دشودي,57.5,64.3,62.1,61.3,Medium
KED-ROAD-04880,,57.5,70.6,54.8,61.3,Medium
KED-ROAD-04881,,57.5,70.6,54.8,61.3,Medium
KED-ROAD-02263,شارع 7,57.5,71.4,53.9,61.3,Medium
KED-ROAD-02011,طريق البردلة الرئيسى,57.5,63.8,62.7,61.3,Medium
KED-ROAD-02012,طريق البردلة الرئيسى,57.5,63.8,62.7,61.3,Medium
KED-ROAD-01522,شارع 9,57.5,68.8,57.0,61.3,Medium
KED-ROAD-01523,شارع 9,57.5,68.8,57.0,61.3,Medium
KED-ROAD-05140,شارع مدرسه طلعت حرب,57.5,69.7,55.9,61.3,Medium
KED-ROAD-05141,شارع مدرسه طلعت حرب,57.5,69.7,55.9,61.3,Medium
KED-ROAD-02264,شارع 7,57.5,71.4,53.9,61.3,Medium
KED-ROAD-00131,,57.5,68.5,57.4,61.3,Medium
KED-ROAD-05909,,57.5,69.4,56.3,61.3,Medium
KED-ROAD-05910,,57.5,69.0,56.8,61.3,Medium
KED-ROAD-00132,,57.5,68.5,57.4,61.3,Medium
KED-ROAD-05186,,57.5,70.0,55.7,61.3,Medium
KED-ROAD-05647,شارع مساكن الرحمن,57.5,68.4,57.5,61.3,Medium
KED-ROAD-05911,,57.5,69.0,56.8,61.3,Medium
KED-ROAD-05928,,57.5,68.7,56.9,61.3,Medium
KED-ROAD-01526,شارع الترعه القديمة,57.5,69.2,56.6,61.3,Medium
KED-ROAD-01527,شارع الترعه القديمة,57.5,69.2,56.6,61.3,Medium
KED-ROAD-04431,شارع صافي دراز,57.5,69.4,56.2,61.3,Medium
KED-ROAD-05888,,57.5,69.4,56.3,61.3,Medium
KED-ROAD-03194,شارع 26 يوليو,57.5,66.6,59.7,61.3,Medium
KED-ROAD-05646,شارع مساكن الرحمن,57.5,68.4,57.5,61.3,Medium
KED-ROAD-01979,شارع الاحمر,57.5,67.8,58.2,61.3,Medium
KED-ROAD-01980,شارع الاحمر,57.5,67.8,58.2,61.3,Medium
KED-ROAD-05179,,57.5,71.1,54.2,61.3,Medium
KED-ROAD-05178,,57.5,71.1,54.2,61.3,Medium
KED-ROAD-05938,,57.5,68.7,56.9,61.3,Medium
KED-ROAD-04430,شارع صافي دراز,57.5,69.4,56.2,61.3,Medium
KED-ROAD-05185,,57.5,70.0,55.7,61.3,Medium
KED-ROAD-03195,شارع 26 يوليو,57.5,66.6,59.7,61.3,Medium
KED-ROAD-01786,شارع لبيب,57.5,72.9,52.1,61.3,Medium
KED-ROAD-01787,شارع لبيب,57.5,72.9,52.1,61.3,Medium
KED-ROAD-02087,,57.5,70.2,55.3,61.3,Medium
KED-ROAD-02088,,57.5,70.2,55.3,61.3,Medium
KED-ROAD-05673,,57.5,67.9,57.8,61.2,Medium
KED-ROAD-03593,,57.5,71.0,54.3,61.2,Medium
KED-ROAD-03592,,57.5,71.0,54.3,61.2,Medium
KED-ROAD-05662,,57.5,68.9,56.4,61.2,Medium
KED-ROAD-05661,,57.5,68.9,56.4,61.2,Medium
KED-ROAD-05527,,57.5,73.1,51.7,61.2,Medium
KED-ROAD-05528,,57.5,73.1,51.7,61.2,Medium
KED-ROAD-00550,شارع عثمان بن عفان,57.5,72.3,52.5,61.2,Medium
KED-ROAD-01823,شارع محروس,57.5,71.6,53.3,61.2,Medium
KED-ROAD-01278,شارع صقر,57.5,71.1,53.9,61.2,Medium
KED-ROAD-05934,شارع الترعه,57.5,66.5,59.3,61.2,Medium
KED-ROAD-01279,شارع صقر,57.5,71.1,53.9,61.2,Medium
KED-ROAD-05942,,57.5,68.9,56.7,61.2,Medium
KED-ROAD-05941,,57.5,68.9,56.7,61.2,Medium
KED-ROAD-02501,شارع الخطيب,57.5,69.6,55.9,61.2,Medium
KED-ROAD-05935,شارع الترعه,57.5,66.5,59.3,61.2,Medium
KED-ROAD-06098,,57.5,68.1,57.6,61.2,Medium
KED-ROAD-02629,شارع حسن يونس,57.5,68.2,57.2,61.2,Medium
KED-ROAD-02628,شارع حسن يونس,57.5,68.2,57.2,61.2,Medium
KED-ROAD-05159,,57.5,70.3,55.0,61.2,Medium
KED-ROAD-05158,,57.5,70.3,55.0,61.2,Medium
KED-ROAD-06097,,57.5,68.1,57.6,61.2,Medium
KED-ROAD-05930,,57.5,72.5,52.3,61.2,Medium
KED-ROAD-06109,,57.5,70.3,54.9,61.2,Medium
KED-ROAD-01822,شارع محروس,57.5,71.6,53.3,61.2,Medium
KED-ROAD-01810,شارع لبيب,57.5,72.4,52.5,61.2,Medium
KED-ROAD-05931,,57.5,72.5,52.3,61.2,Medium
KED-ROAD-06110,,57.5,70.3,54.9,61.2,Medium
KED-ROAD-00591,شارع عثمان بن عفان,57.5,72.3,52.5,61.2,Medium
KED-ROAD-05725,,57.5,69.6,55.5,61.2,Medium
KED-ROAD-05726,,57.5,69.6,55.5,61.2,Medium
KED-ROAD-05426,,57.5,70.3,55.0,61.2,Medium
KED-ROAD-05672,,57.5,67.9,57.8,61.2,Medium
KED-ROAD-05425,,57.5,70.3,55.0,61.2,Medium
KED-ROAD-02190,شارع الخطيب,57.5,69.6,55.9,61.2,Medium
KED-ROAD-04385,شارع السيد البحيري,57.5,70.0,55.2,61.2,Medium
KED-ROAD-05151,,57.5,69.5,55.9,61.2,Medium
KED-ROAD-05150,,57.5,69.5,55.9,61.2,Medium
KED-ROAD-04386,شارع السيد البحيري,57.5,70.0,55.2,61.2,Medium
KED-ROAD-01391,شارع الصافي,57.5,69.9,55.2,61.2,Medium
KED-ROAD-05864,,57.5,70.5,54.8,61.2,Medium
KED-ROAD-05863,,57.5,70.5,54.8,61.2,Medium
KED-ROAD-01392,شارع الصافي,57.5,69.9,55.2,61.2,Medium
KED-ROAD-01831,شارع لبيب,57.5,72.4,52.5,61.2,Medium
KED-ROAD-06385,,57.5,70.7,54.0,61.1,Medium
KED-ROAD-05171,,57.5,70.7,53.9,61.1,Medium
KED-ROAD-05168,,57.5,70.5,54.3,61.1,Medium
KED-ROAD-04440,شارع اللواء محمود ابراهيم الكومى,57.5,70.0,54.9,61.1,Medium
KED-ROAD-04441,شارع اللواء محمود ابراهيم الكومى,57.5,70.0,54.9,61.1,Medium
KED-ROAD-06386,,57.5,70.7,54.0,61.1,Medium
KED-ROAD-01118,شارع بكر الدكراوي,57.5,67.5,57.8,61.1,Medium
KED-ROAD-06323,,57.5,72.2,52.3,61.1,Medium
KED-ROAD-03199,شارع 26 يوليو,57.5,70.7,54.1,61.1,Medium
KED-ROAD-00014,,57.5,72.0,52.6,61.1,Medium
KED-ROAD-01117,شارع بكر الدكراوي,57.5,67.5,57.8,61.1,Medium
KED-ROAD-05167,,57.5,70.5,54.3,61.1,Medium
KED-ROAD-03382,,57.5,70.9,53.7,61.1,Medium
KED-ROAD-04689,شارع مبره محمد على,57.5,70.5,54.5,61.1,Medium
KED-ROAD-03381,,57.5,70.9,53.7,61.1,Medium
KED-ROAD-04690,شارع مبره محمد على,57.5,70.5,54.5,61.1,Medium
KED-ROAD-03198,شارع 26 يوليو,57.5,70.7,54.1,61.1,Medium
KED-ROAD-06322,,57.5,72.2,52.3,61.1,Medium
KED-ROAD-05531,شارع على بن ابى طالب,57.5,71.9,52.8,61.1,Medium
KED-ROAD-05224,,57.5,69.0,56.0,61.1,Medium
KED-ROAD-05895,,57.5,70.6,54.3,61.1,Medium
KED-ROAD-06252,شارع على بن ابى طالب,57.5,71.9,52.8,61.1,Medium
KED-ROAD-05806,,57.5,70.0,55.0,61.1,Medium
KED-ROAD-06069,,57.5,69.8,55.1,61.1,Medium
KED-ROAD-05594,,57.5,72.4,52.1,61.1,Medium
KED-ROAD-05593,,57.5,72.4,52.1,61.1,Medium
KED-ROAD-06070,,57.5,69.8,55.1,61.1,Medium
KED-ROAD-06081,شارع اللواء محمود ابراهيم الكومى,57.5,67.7,57.5,61.1,Medium
KED-ROAD-05495,,57.5,71.1,53.8,61.1,Medium
KED-ROAD-01395,شارع 9,57.5,70.0,55.0,61.1,Medium
KED-ROAD-05807,,57.5,70.0,55.0,61.1,Medium
KED-ROAD-05496,,57.5,71.1,53.8,61.1,Medium
KED-ROAD-05225,,57.5,69.0,56.0,61.1,Medium
KED-ROAD-05894,,57.5,70.6,54.3,61.1,Medium
KED-ROAD-06082,شارع اللواء محمود ابراهيم الكومى,57.5,67.7,57.5,61.1,Medium
KED-ROAD-00417,حارة الياقوت,57.5,69.8,55.2,61.1,Medium
KED-ROAD-01161,شارع بكر الدكراوي,57.5,68.5,56.8,61.1,Medium
KED-ROAD-06297,,57.5,71.9,52.8,61.1,Medium
KED-ROAD-06257,,57.5,71.7,52.8,61.1,Medium
KED-ROAD-06438,,57.5,71.3,53.4,61.1,Medium
KED-ROAD-06258,,57.5,71.7,52.8,61.1,Medium
KED-ROAD-01158,,57.5,69.6,55.3,61.1,Medium
KED-ROAD-00416,حارة الياقوت,57.5,69.8,55.2,61.1,Medium
KED-ROAD-06298,,57.5,71.9,52.8,61.1,Medium
KED-ROAD-01162,شارع بكر الدكراوي,57.5,68.5,56.8,61.1,Medium
KED-ROAD-00603,شارع محمد متولي الشعراوى,57.5,70.3,54.5,61.1,Medium
KED-ROAD-01157,,57.5,69.6,55.3,61.1,Medium
KED-ROAD-00604,شارع محمد متولي الشعراوى,57.5,70.3,54.5,61.1,Medium
KED-ROAD-02538,حارة عواد,57.5,68.0,57.1,61.1,Medium
KED-ROAD-02539,حارة عواد,57.5,68.0,57.1,61.1,Medium
KED-ROAD-01396,شارع 9,57.5,70.0,55.0,61.1,Medium
KED-ROAD-06437,,57.5,71.3,53.4,61.1,Medium
KED-ROAD-00013,,57.5,72.0,52.6,61.1,Medium
KED-ROAD-05182,,57.5,70.7,53.9,61.1,Medium
KED-ROAD-05927,,57.5,71.2,53.1,61.0,Medium
KED-ROAD-05616,,57.5,71.5,53.0,61.0,Medium
KED-ROAD-01894,شارع البسطاويسي,57.5,70.0,54.7,61.0,Medium
KED-ROAD-05654,,57.5,70.1,54.3,61.0,Medium
KED-ROAD-05926,,57.5,71.2,53.1,61.0,Medium
KED-ROAD-06235,,57.5,71.8,52.5,61.0,Medium
KED-ROAD-05615,,57.5,71.5,53.0,61.0,Medium
KED-ROAD-05921,,57.5,71.5,52.9,61.0,Medium
KED-ROAD-06046,,57.5,68.0,57.1,61.0,Medium
KED-ROAD-00799,,57.5,68.7,56.1,61.0,Medium
KED-ROAD-00148,,57.5,62.6,63.3,61.0,Medium
KED-ROAD-00800,,57.5,68.7,56.1,61.0,Medium
KED-ROAD-06243,,57.5,70.3,54.1,61.0,Medium
KED-ROAD-03553,شارع التحرير,57.5,69.9,54.7,61.0,Medium
KED-ROAD-05920,,57.5,71.5,52.9,61.0,Medium
KED-ROAD-05645,شارع محمد انور السادات,57.5,70.0,54.4,61.0,Medium
KED-ROAD-05653,,57.5,70.1,54.3,61.0,Medium
KED-ROAD-06229,,57.5,71.2,53.2,61.0,Medium
KED-ROAD-06234,,57.5,71.8,52.5,61.0,Medium
KED-ROAD-06045,,57.5,68.0,57.1,61.0,Medium
KED-ROAD-06230,,57.5,71.2,53.2,61.0,Medium
KED-ROAD-05176,,57.5,69.8,54.8,61.0,Medium
KED-ROAD-00147,,57.5,62.6,63.3,61.0,Medium
KED-ROAD-01153,شارع 9,57.5,71.4,53.0,61.0,Medium
KED-ROAD-01154,شارع 9,57.5,71.4,53.0,61.0,Medium
KED-ROAD-00347,عطفه والي,57.5,71.9,52.4,61.0,Medium
KED-ROAD-05644,شارع محمد انور السادات,57.5,70.0,54.4,61.0,Medium
KED-ROAD-05177,,57.5,69.8,54.8,61.0,Medium
KED-ROAD-00346,عطفه والي,57.5,71.9,52.4,61.0,Medium
KED-ROAD-05835,,57.5,70.0,54.4,61.0,Medium
KED-ROAD-05474,,57.5,69.6,55.0,61.0,Medium
KED-ROAD-05473,,57.5,69.6,55.0,61.0,Medium
KED-ROAD-05834,,57.5,70.0,54.4,61.0,Medium
KED-ROAD-03521,شارع 26 يوليو,57.5,71.2,53.2,61.0,Medium
KED-ROAD-06276,,57.5,71.4,52.9,61.0,Medium
KED-ROAD-03510,شارع 26 يوليو,57.5,71.2,53.2,61.0,Medium
KED-ROAD-06275,,57.5,71.4,52.9,61.0,Medium
KED-ROAD-06280,,57.5,71.4,52.9,61.0,Medium
KED-ROAD-03965,شارع الشيخ,57.5,71.7,52.7,61.0,Medium
KED-ROAD-02566,شارع السد العالى,57.5,69.8,54.7,61.0,Medium
KED-ROAD-01893,شارع البسطاويسي,57.5,70.0,54.7,61.0,Medium
KED-ROAD-05223,,57.5,68.8,56.1,61.0,Medium
KED-ROAD-05222,,57.5,68.8,56.1,61.0,Medium
KED-ROAD-04614,,57.5,61.1,64.9,61.0,Medium
KED-ROAD-04615,,57.5,61.1,64.9,61.0,Medium
KED-ROAD-05561,,57.5,71.7,52.7,61.0,Medium
KED-ROAD-05231,شارع مساكن التمليك,57.5,70.7,53.7,61.0,Medium
KED-ROAD-05230,شارع مساكن التمليك,57.5,70.7,53.7,61.0,Medium
KED-ROAD-06279,,57.5,71.4,52.9,61.0,Medium
KED-ROAD-06242,,57.5,70.3,54.1,61.0,Medium
KED-ROAD-05592,,57.5,71.7,52.7,61.0,Medium
KED-ROAD-02565,شارع السد العالى,57.5,69.8,54.7,61.0,Medium
KED-ROAD-03552,شارع التحرير,57.5,69.9,54.7,61.0,Medium
KED-ROAD-03986,شارع الشيخ,57.5,71.7,52.7,61.0,Medium
KED-ROAD-05865,شارع الترعه,57.5,68.2,56.3,60.9,Medium
KED-ROAD-05499,شارع مسجد الهدي,57.5,72.1,51.7,60.9,Medium
KED-ROAD-01487,شارع السقا,57.5,70.2,53.9,60.9,Medium
KED-ROAD-05562,شارع مساكن التمليك,57.5,70.5,53.8,60.9,Medium
KED-ROAD-06293,,57.5,71.1,52.9,60.9,Medium
KED-ROAD-05761,,57.5,72.2,51.8,60.9,Medium
KED-ROAD-00501,شارع داير البندر,57.5,71.2,52.8,60.9,Medium
KED-ROAD-00480,شارع داير البندر,57.5,71.2,52.8,60.9,Medium
KED-ROAD-05278,شارع مدبولى,57.5,70.1,54.1,60.9,Medium
KED-ROAD-00795,شارع خفاجه,57.5,66.4,58.6,60.9,Medium
KED-ROAD-00796,شارع خفاجه,57.5,66.4,58.6,60.9,Medium
KED-ROAD-05165,,57.5,69.0,55.3,60.9,Medium
KED-ROAD-02081,"طريق كفر الدوار, ابو المطامير",57.5,70.6,53.5,60.9,Medium
KED-ROAD-05279,شارع مدبولى,57.5,70.1,54.1,60.9,Medium
KED-ROAD-05174,,57.5,69.4,54.9,60.9,Medium
KED-ROAD-05523,شارع مسجد الهدي,57.5,73.4,50.4,60.9,Medium
KED-ROAD-05524,شارع مسجد الهدي,57.5,73.4,50.4,60.9,Medium
KED-ROAD-04795,,57.5,61.8,63.8,60.9,Medium
KED-ROAD-05175,,57.5,69.4,54.9,60.9,Medium
KED-ROAD-06119,,57.5,69.0,55.4,60.9,Medium
KED-ROAD-01132,شارع 9,57.5,72.0,51.9,60.9,Medium
KED-ROAD-04794,,57.5,61.8,63.8,60.9,Medium
KED-ROAD-02082,"طريق كفر الدوار, ابو المطامير",57.5,70.6,53.5,60.9,Medium
KED-ROAD-00619,,57.5,71.2,52.9,60.9,Medium
KED-ROAD-05762,,57.5,72.2,51.8,60.9,Medium
KED-ROAD-05686,شارع محمد انور السادات,57.5,70.9,53.3,60.9,Medium
KED-ROAD-01131,شارع 9,57.5,72.0,51.9,60.9,Medium
KED-ROAD-05687,شارع محمد انور السادات,57.5,70.9,53.3,60.9,Medium
KED-ROAD-05767,,57.5,71.5,52.4,60.9,Medium
KED-ROAD-05768,,57.5,71.5,52.4,60.9,Medium
KED-ROAD-00620,,57.5,71.2,52.9,60.9,Medium
KED-ROAD-04158,شارع السيد البحيري,57.5,66.0,59.0,60.9,Medium
KED-ROAD-04125,شارع الشيخ,57.5,70.0,54.1,60.9,Medium
KED-ROAD-06120,,57.5,69.0,55.4,60.9,Medium
KED-ROAD-05743,شارع عمارات التمليك,57.5,72.8,50.9,60.9,Medium
KED-ROAD-05742,شارع عمارات التمليك,57.5,72.8,50.9,60.9,Medium
KED-ROAD-04126,شارع الشيخ,57.5,70.0,54.1,60.9,Medium
KED-ROAD-05500,شارع مسجد الهدي,57.5,72.1,51.7,60.9,Medium
KED-ROAD-05166,,57.5,69.0,55.3,60.9,Medium
KED-ROAD-05416,,57.5,69.7,54.7,60.9,Medium
KED-ROAD-05415,,57.5,69.7,54.7,60.9,Medium
KED-ROAD-02320,,57.5,68.7,56.0,60.9,Medium
KED-ROAD-06294,,57.5,71.1,52.9,60.9,Medium
KED-ROAD-06068,,57.5,69.2,55.1,60.9,Medium
KED-ROAD-02319,,57.5,68.7,56.0,60.9,Medium
KED-ROAD-03112,شارع زين العابدين,57.5,70.6,53.7,60.9,Medium
KED-ROAD-05563,شارع مساكن التمليك,57.5,70.5,53.8,60.9,Medium
KED-ROAD-06067,,57.5,69.2,55.1,60.9,Medium
KED-ROAD-04157,شارع السيد البحيري,57.5,66.0,59.0,60.9,Medium
KED-ROAD-05866,شارع الترعه,57.5,68.2,56.3,60.9,Medium
KED-ROAD-03113,شارع زين العابدين,57.5,70.6,53.7,60.9,Medium
KED-ROAD-01486,شارع السقا,57.5,70.2,53.9,60.9,Medium
KED-ROAD-00810,شارع ابو بكر الصديق,57.5,70.0,54.3,60.9,Medium
KED-ROAD-00691,شارع ابو بكر الصديق,57.5,70.0,54.3,60.9,Medium
KED-ROAD-05624,,57.5,71.8,51.8,60.8,Medium
KED-ROAD-05937,شارع الترعه,57.5,67.0,57.4,60.8,Medium
KED-ROAD-06065,,57.5,68.9,55.2,60.8,Medium
KED-ROAD-06123,,57.5,69.1,55.0,60.8,Medium
KED-ROAD-06066,,57.5,68.9,55.2,60.8,Medium
KED-ROAD-05530,شارع مسجد الهدي,57.5,73.3,50.2,60.8,Medium
KED-ROAD-05529,شارع مسجد الهدي,57.5,73.3,50.2,60.8,Medium
KED-ROAD-00390,حارة نهضة مصر,57.5,73.5,49.7,60.8,Medium
KED-ROAD-05211,,57.5,70.0,53.9,60.8,Medium
KED-ROAD-01119,شارع بكر الدكراوي,57.5,67.7,56.5,60.8,Medium
KED-ROAD-03001,شارع الجيش,57.5,69.5,54.4,60.8,Medium
KED-ROAD-03002,شارع الجيش,57.5,69.5,54.4,60.8,Medium
KED-ROAD-04320,شارع بورسعيد,57.5,70.4,53.5,60.8,Medium
KED-ROAD-00318,شارع السيد حسنين,57.5,71.8,51.7,60.8,Medium
KED-ROAD-00319,شارع السيد حسنين,57.5,71.8,51.7,60.8,Medium
KED-ROAD-05936,شارع الترعه,57.5,67.0,57.4,60.8,Medium
KED-ROAD-01120,شارع بكر الدكراوي,57.5,67.7,56.5,60.8,Medium
KED-ROAD-00618,,57.5,69.0,55.1,60.8,Medium
KED-ROAD-02494,شارع محمد ذكى,57.5,69.9,54.1,60.8,Medium
KED-ROAD-01549,شارع الشاويش,57.5,69.5,54.5,60.8,Medium
KED-ROAD-01550,شارع الشاويش,57.5,69.5,54.5,60.8,Medium
KED-ROAD-00430,شارع داير البندر,57.5,70.8,53.0,60.8,Medium
KED-ROAD-05756,,57.5,68.3,56.0,60.8,Medium
KED-ROAD-05623,,57.5,71.8,51.8,60.8,Medium
KED-ROAD-05138,شارع مدرسه طلعت حرب,57.5,69.9,54.0,60.8,Medium
KED-ROAD-05210,,57.5,70.0,53.9,60.8,Medium
KED-ROAD-05755,,57.5,68.3,56.0,60.8,Medium
KED-ROAD-02495,شارع محمد ذكى,57.5,69.9,54.1,60.8,Medium
KED-ROAD-04534,شارع مسجد التقوى,57.5,69.9,54.0,60.8,Medium
KED-ROAD-00617,,57.5,69.0,55.1,60.8,Medium
KED-ROAD-00328,عطفه والي,57.5,70.7,53.2,60.8,Medium
KED-ROAD-05881,,57.5,69.1,55.0,60.8,Medium
KED-ROAD-05880,,57.5,69.1,55.0,60.8,Medium
KED-ROAD-04533,شارع مسجد التقوى,57.5,69.9,54.0,60.8,Medium
KED-ROAD-05139,شارع مدرسه طلعت حرب,57.5,69.9,54.0,60.8,Medium
KED-ROAD-01141,شارع بكر الدكراوي,57.5,67.4,56.8,60.8,Medium
KED-ROAD-05207,,57.5,71.2,52.5,60.8,Medium
KED-ROAD-05497,,57.5,71.3,52.2,60.8,Medium
KED-ROAD-05498,,57.5,71.3,52.2,60.8,Medium
KED-ROAD-00329,عطفه والي,57.5,70.7,53.2,60.8,Medium
KED-ROAD-01142,شارع بكر الدكراوي,57.5,67.4,56.8,60.8,Medium
KED-ROAD-05206,,57.5,71.2,52.5,60.8,Medium
KED-ROAD-00389,حارة نهضة مصر,57.5,73.5,49.7,60.8,Medium
KED-ROAD-00451,شارع داير البندر,57.5,70.8,53.0,60.8,Medium
KED-ROAD-01623,شارع السقا,57.5,70.9,52.9,60.8,Medium
KED-ROAD-01622,شارع السقا,57.5,70.9,52.9,60.8,Medium
KED-ROAD-00412,شارع الوقار,57.5,72.5,51.0,60.8,Medium
KED-ROAD-00413,شارع الوقار,57.5,72.5,51.0,60.8,Medium
KED-ROAD-06124,,57.5,69.1,55.0,60.8,Medium
KED-ROAD-05420,,57.5,69.5,54.0,60.7,Medium
KED-ROAD-05409,,57.5,68.8,54.9,60.7,Medium
KED-ROAD-05419,,57.5,69.5,54.0,60.7,Medium
KED-ROAD-05408,,57.5,68.8,54.9,60.7,Medium
KED-ROAD-00394,عطفه والي,57.5,67.2,57.0,60.7,Medium
KED-ROAD-00528,شارع داير البندر,57.5,69.1,54.7,60.7,Medium
KED-ROAD-00529,شارع داير البندر,57.5,69.1,54.7,60.7,Medium
KED-ROAD-05838,,57.5,70.4,53.1,60.7,Medium
KED-ROAD-03253,شارع الامه,57.5,70.1,53.4,60.7,Medium
KED-ROAD-04211,شارع 4,57.5,68.9,54.7,60.7,Medium
KED-ROAD-04212,شارع 4,57.5,68.9,54.7,60.7,Medium
KED-ROAD-02926,شارع جمال الدين الافغانى,57.5,70.8,52.6,60.7,Medium
KED-ROAD-02927,شارع جمال الدين الافغانى,57.5,70.8,52.6,60.7,Medium
KED-ROAD-05839,,57.5,70.4,53.1,60.7,Medium
KED-ROAD-03231,شارع 26 يوليو,57.5,71.3,52.2,60.7,Medium
KED-ROAD-03232,شارع 26 يوليو,57.5,71.3,52.2,60.7,Medium
KED-ROAD-02524,شارع سلطان,57.5,69.4,54.2,60.7,Medium
KED-ROAD-03254,شارع الامه,57.5,70.1,53.4,60.7,Medium
KED-ROAD-05148,,57.5,67.3,56.8,60.7,Medium
KED-ROAD-05149,,57.5,67.3,56.8,60.7,Medium
KED-ROAD-02265,شارع 8,57.5,70.6,53.0,60.7,Medium
KED-ROAD-02266,شارع 8,57.5,70.6,53.0,60.7,Medium
KED-ROAD-04496,شارع 15,57.5,66.9,57.1,60.7,Medium
KED-ROAD-04497,شارع 15,57.5,66.9,57.1,60.7,Medium
KED-ROAD-02422,شارع إسماعيل شحاتة,57.5,70.5,52.8,60.7,Medium
KED-ROAD-02423,شارع إسماعيل شحاتة,57.5,70.5,52.8,60.7,Medium
KED-ROAD-02523,شارع سلطان,57.5,69.4,54.2,60.7,Medium
KED-ROAD-01530,شارع مسجد الهيتي,57.5,70.2,53.4,60.7,Medium
KED-ROAD-01531,شارع مسجد الهيتي,57.5,70.2,53.4,60.7,Medium
KED-ROAD-05163,,57.5,69.5,54.2,60.7,Medium
KED-ROAD-05164,,57.5,69.5,54.2,60.7,Medium
KED-ROAD-05220,شارع مساكن التمليك,57.5,68.3,55.6,60.7,Medium
KED-ROAD-01828,شارع محمد رفاعى,57.5,70.5,53.2,60.7,Medium
KED-ROAD-05172,,57.5,69.3,54.3,60.7,Medium
KED-ROAD-05173,,57.5,69.3,54.3,60.7,Medium
KED-ROAD-03923,شارع البسطاويسي,57.5,71.2,52.1,60.7,Medium
KED-ROAD-03924,شارع البسطاويسي,57.5,71.2,52.1,60.7,Medium
KED-ROAD-06375,,57.5,68.9,54.7,60.7,Medium
KED-ROAD-06376,,57.5,68.9,54.7,60.7,Medium
KED-ROAD-03698,شارع بورسعيد,57.5,70.5,52.8,60.7,Medium
KED-ROAD-03699,شارع بورسعيد,57.5,70.5,52.8,60.7,Medium
KED-ROAD-01974,شارع الاحمر,57.5,69.1,54.5,60.7,Medium
KED-ROAD-06186,شارع اللواء محمود ابراهيم الكومى,57.5,66.5,57.5,60.7,Medium
KED-ROAD-00741,,57.5,72.6,50.7,60.7,Medium
KED-ROAD-00742,,57.5,72.6,50.7,60.7,Medium
KED-ROAD-04259,شارع محمد رفاعى,57.5,69.8,53.9,60.7,Medium
KED-ROAD-04260,شارع محمد رفاعى,57.5,69.8,53.9,60.7,Medium
KED-ROAD-01827,شارع محمد رفاعى,57.5,70.5,53.2,60.7,Medium
KED-ROAD-05219,شارع مساكن التمليك,57.5,68.3,55.6,60.7,Medium
KED-ROAD-06185,شارع اللواء محمود ابراهيم الكومى,57.5,66.5,57.5,60.7,Medium
KED-ROAD-02986,شارع المستقبل,57.5,70.7,52.8,60.7,Medium
KED-ROAD-02987,شارع المستقبل,57.5,70.7,52.8,60.7,Medium
KED-ROAD-05534,,57.5,71.0,52.6,60.7,Medium
KED-ROAD-05535,,57.5,71.0,52.6,60.7,Medium
KED-ROAD-01973,شارع الاحمر,57.5,69.1,54.5,60.7,Medium
KED-ROAD-00395,عطفه والي,57.5,67.2,57.0,60.7,Medium
KED-ROAD-01746,شارع المحكمه,57.5,69.2,54.2,60.6,Medium
KED-ROAD-01747,شارع المحكمه,57.5,69.2,54.2,60.6,Medium
KED-ROAD-05580,,57.5,71.1,52.1,60.6,Medium
KED-ROAD-05472,,57.5,70.4,52.9,60.6,Medium
KED-ROAD-05421,,57.5,70.4,52.9,60.6,Medium
KED-ROAD-05581,,57.5,71.1,52.1,60.6,Medium
KED-ROAD-01673,شارع ابراهيم شهاب,57.5,69.1,54.4,60.6,Medium
KED-ROAD-06274,,57.5,67.5,56.2,60.6,Medium
KED-ROAD-01442,شارع بكر الدكراوي,57.5,68.8,54.5,60.6,Medium
KED-ROAD-05612,شارع عمارات التمليك,57.5,71.3,51.6,60.6,Medium
KED-ROAD-00005,طريق البردلة الرئيسى,57.5,62.1,62.3,60.6,Medium
KED-ROAD-03342,شارع ام صابر,57.5,66.4,57.6,60.6,Medium
KED-ROAD-03341,شارع ام صابر,57.5,66.4,57.6,60.6,Medium
KED-ROAD-06154,,57.5,71.3,51.9,60.6,Medium
KED-ROAD-05169,,57.5,69.8,53.3,60.6,Medium
KED-ROAD-05170,,57.5,69.8,53.3,60.6,Medium
KED-ROAD-06153,,57.5,71.3,51.9,60.6,Medium
KED-ROAD-00006,طريق البردلة الرئيسى,57.5,62.1,62.3,60.6,Medium
KED-ROAD-04531,,57.5,70.6,52.4,60.6,Medium
KED-ROAD-04530,,57.5,70.6,52.4,60.6,Medium
KED-ROAD-06393,,57.5,69.8,53.6,60.6,Medium
KED-ROAD-05604,شارع عمارات التمليك,57.5,71.3,51.6,60.6,Medium
KED-ROAD-06394,,57.5,69.8,53.6,60.6,Medium
KED-ROAD-05892,,57.5,70.5,52.7,60.6,Medium
KED-ROAD-05893,,57.5,70.5,52.7,60.6,Medium
KED-ROAD-01443,شارع بكر الدكراوي,57.5,68.8,54.5,60.6,Medium
KED-ROAD-03224,شارع 26 يوليو,57.5,69.4,53.8,60.6,Medium
KED-ROAD-03223,شارع 26 يوليو,57.5,69.4,53.8,60.6,Medium
KED-ROAD-03107,,57.5,71.2,52.0,60.6,Medium
KED-ROAD-06273,,57.5,67.5,56.2,60.6,Medium
KED-ROAD-03108,,57.5,71.2,52.0,60.6,Medium
KED-ROAD-01672,شارع ابراهيم شهاب,57.5,69.1,54.4,60.6,Medium
KED-ROAD-00633,شارع المقابر,57.5,56.0,69.1,60.5,Medium
KED-ROAD-00632,شارع المقابر,57.5,56.0,69.1,60.5,Medium
KED-ROAD-03980,شارع السيد البحيري,57.5,67.3,56.1,60.5,Medium
KED-ROAD-00489,حارة النجوم,57.5,69.6,53.3,60.5,Medium
KED-ROAD-02781,شارع الشهيد احمد عبد العزيز,57.5,72.4,50.2,60.5,Medium
KED-ROAD-05455,,57.5,66.8,56.7,60.5,Medium
KED-ROAD-03328,شارع الشعب,57.5,69.2,53.8,60.5,Medium
KED-ROAD-01898,شارع البسطاويسي,57.5,71.3,51.5,60.5,Medium
KED-ROAD-03379,,57.5,66.9,56.4,60.5,Medium
KED-ROAD-03958,شارع محمد رفاعى,57.5,71.9,50.9,60.5,Medium
KED-ROAD-06167,,57.5,70.3,52.6,60.5,Medium
KED-ROAD-01897,شارع البسطاويسي,57.5,71.3,51.5,60.5,Medium
KED-ROAD-00488,حارة النجوم,57.5,69.6,53.3,60.5,Medium
KED-ROAD-05477,,57.5,70.4,52.3,60.5,Medium
KED-ROAD-05517,,57.5,72.1,50.4,60.5,Medium
KED-ROAD-05516,,57.5,72.1,50.4,60.5,Medium
KED-ROAD-05651,شارع محمد انور السادات,57.5,68.6,54.4,60.5,Medium
KED-ROAD-05650,شارع محمد انور السادات,57.5,68.6,54.4,60.5,Medium
KED-ROAD-02589,شارع محمد خضر,57.5,69.3,53.8,60.5,Medium
KED-ROAD-02279,شارع مدخل كفر الدوار,57.5,69.7,53.2,60.5,Medium
KED-ROAD-02588,شارع محمد خضر,57.5,69.3,53.8,60.5,Medium
KED-ROAD-05454,,57.5,66.8,56.7,60.5,Medium
KED-ROAD-03378,,57.5,66.9,56.4,60.5,Medium
KED-ROAD-02597,شارع محمد خضر,57.5,71.3,51.4,60.5,Medium
KED-ROAD-05478,,57.5,70.4,52.3,60.5,Medium
KED-ROAD-00634,,57.5,70.2,52.6,60.5,Medium
KED-ROAD-00635,,57.5,70.2,52.6,60.5,Medium
KED-ROAD-03835,شارع الشهيد احمد عبد العزيز,57.5,72.4,50.2,60.5,Medium
KED-ROAD-01834,شارع المحكمه,57.5,69.9,53.0,60.5,Medium
KED-ROAD-06168,,57.5,70.3,52.6,60.5,Medium
KED-ROAD-03979,شارع السيد البحيري,57.5,67.3,56.1,60.5,Medium
KED-ROAD-03957,شارع محمد رفاعى,57.5,71.9,50.9,60.5,Medium
KED-ROAD-03327,شارع الشعب,57.5,69.2,53.8,60.5,Medium
KED-ROAD-01835,شارع المحكمه,57.5,69.9,53.0,60.5,Medium
KED-ROAD-01439,شارع احمد بكر,57.5,70.6,52.1,60.5,Medium
KED-ROAD-01440,شارع احمد بكر,57.5,70.6,52.1,60.5,Medium
KED-ROAD-02596,شارع محمد خضر,57.5,71.3,51.4,60.5,Medium
KED-ROAD-03595,,57.5,66.9,56.1,60.4,Medium
KED-ROAD-03516,شارع لواء الاسلام,57.5,68.5,54.2,60.4,Medium
KED-ROAD-05652,,57.5,68.4,54.5,60.4,Medium
KED-ROAD-03601,,57.5,71.7,50.5,60.4,Medium
KED-ROAD-05733,,57.5,68.9,54.0,60.4,Medium
KED-ROAD-03594,,57.5,66.9,56.1,60.4,Medium
KED-ROAD-01911,,57.5,68.4,54.5,60.4,Medium
KED-ROAD-05879,,57.5,69.9,52.6,60.4,Medium
KED-ROAD-05849,,57.5,69.9,52.6,60.4,Medium
KED-ROAD-00105,,57.5,68.2,54.7,60.4,Medium
KED-ROAD-00652,عطفه الشهداء,57.5,67.1,56.0,60.4,Medium
KED-ROAD-00106,,57.5,68.2,54.7,60.4,Medium
KED-ROAD-00651,عطفه الشهداء,57.5,67.1,56.0,60.4,Medium
KED-ROAD-02690,شارع غزوه بدر,57.5,72.0,50.1,60.4,Medium
KED-ROAD-05668,,57.5,69.8,52.8,60.4,Medium
KED-ROAD-05667,,57.5,69.8,52.8,60.4,Medium
KED-ROAD-02911,شارع غزوه بدر,57.5,72.0,50.1,60.4,Medium
KED-ROAD-05418,شارع محمد انور السادات,57.5,69.8,52.7,60.4,Medium
KED-ROAD-05417,شارع محمد انور السادات,57.5,69.8,52.7,60.4,Medium
KED-ROAD-01433,شارع الصافي,57.5,70.2,52.5,60.4,Medium
KED-ROAD-02394,,57.5,67.9,55.0,60.4,Medium
KED-ROAD-01912,,57.5,68.4,54.5,60.4,Medium
KED-ROAD-01434,شارع الصافي,57.5,70.2,52.5,60.4,Medium
KED-ROAD-06004,شارع مساكن الإسكان الصناعى,57.5,68.9,53.9,60.4,Medium
KED-ROAD-02395,,57.5,67.9,55.0,60.4,Medium
KED-ROAD-02078,شارع سعد رخا,57.5,70.6,52.0,60.4,Medium
KED-ROAD-02337,,57.5,39.9,87.6,60.4,Medium
KED-ROAD-02338,,57.5,39.9,87.6,60.4,Medium
KED-ROAD-05541,شارع مساكن التمليك,57.5,70.0,52.6,60.4,Medium
KED-ROAD-02077,شارع سعد رخا,57.5,70.6,52.0,60.4,Medium
KED-ROAD-01408,شارع 9,57.5,70.7,51.7,60.4,Medium
KED-ROAD-00420,شارع 38,57.5,66.7,56.3,60.4,Medium
KED-ROAD-05540,شارع مساكن التمليك,57.5,70.0,52.6,60.4,Medium
KED-ROAD-04712,شارع مساكن الإسكان الصناعى,57.5,68.9,53.9,60.4,Medium
KED-ROAD-05629,,57.5,72.5,49.5,60.4,Medium
KED-ROAD-03661,شارع خلف السنترال,57.5,72.2,50.0,60.4,Medium
KED-ROAD-02053,"طريق كفر الدوار, ابو المطامير",57.5,71.5,50.9,60.4,Medium
KED-ROAD-03515,شارع لواء الاسلام,57.5,68.5,54.2,60.4,Medium
KED-ROAD-03602,,57.5,71.7,50.5,60.4,Medium
KED-ROAD-03640,شارع خلف السنترال,57.5,72.2,50.0,60.4,Medium
KED-ROAD-02054,"طريق كفر الدوار, ابو المطامير",57.5,71.5,50.9,60.4,Medium
KED-ROAD-00441,شارع 38,57.5,66.7,56.3,60.4,Medium
KED-ROAD-02795,شارع عمرو بن العاص,57.5,70.0,52.5,60.4,Medium
KED-ROAD-01543,شارع الحاج حسن سليمان,57.5,69.8,52.7,60.4,Medium
KED-ROAD-01407,شارع 9,57.5,70.7,51.7,60.4,Medium
KED-ROAD-05734,,57.5,68.9,54.0,60.4,Medium
KED-ROAD-05641,,57.5,68.4,54.5,60.4,Medium
KED-ROAD-02794,شارع عمرو بن العاص,57.5,70.0,52.5,60.4,Medium
KED-ROAD-05630,,57.5,72.5,49.5,60.4,Medium
KED-ROAD-01542,شارع الحاج حسن سليمان,57.5,69.8,52.7,60.4,Medium
KED-ROAD-05883,,57.5,67.8,54.6,60.3,Medium
KED-ROAD-05670,,57.5,69.4,53.0,60.3,Medium
KED-ROAD-05669,,57.5,69.4,53.0,60.3,Medium
KED-ROAD-05882,,57.5,67.8,54.6,60.3,Medium
KED-ROAD-05891,,57.5,68.2,54.5,60.3,Medium
KED-ROAD-05890,,57.5,68.2,54.5,60.3,Medium
KED-ROAD-00159,شارع المصرف,57.5,71.5,50.5,60.3,Medium
KED-ROAD-05588,شارع عمارات التمليك,57.5,71.6,50.2,60.3,Medium
KED-ROAD-05589,شارع عمارات التمليك,57.5,71.6,50.2,60.3,Medium
KED-ROAD-05061,الطريق الدولي,57.5,70.3,52.0,60.3,Medium
KED-ROAD-03281,شارع القوى,57.5,71.1,51.0,60.3,Medium
KED-ROAD-01830,شارع محمد رفاعى,57.5,71.5,50.6,60.3,Medium
KED-ROAD-03356,شارع 26 يوليو,57.5,68.4,54.1,60.3,Medium
KED-ROAD-03357,شارع 26 يوليو,57.5,68.2,54.2,60.3,Medium
KED-ROAD-03282,شارع القوى,57.5,71.1,51.0,60.3,Medium
KED-ROAD-05558,,57.5,72.3,49.6,60.3,Medium
KED-ROAD-05557,,57.5,72.3,49.6,60.3,Medium
KED-ROAD-01404,شارع الصافي,57.5,67.9,54.7,60.3,Medium
KED-ROAD-01403,شارع الصافي,57.5,67.9,54.7,60.3,Medium
KED-ROAD-05842,شارع بلال بن رباح,57.5,69.9,52.5,60.3,Medium
KED-ROAD-00158,شارع المصرف,57.5,71.5,50.5,60.3,Medium
KED-ROAD-06158,,57.5,70.1,52.2,60.3,Medium
KED-ROAD-04258,شارع صقر,57.5,70.2,51.8,60.3,Medium
KED-ROAD-03358,شارع 26 يوليو,57.5,68.2,54.2,60.3,Medium
KED-ROAD-03355,شارع 26 يوليو,57.5,68.4,54.1,60.3,Medium
KED-ROAD-01318,شارع المستشفى الشامله,57.5,68.6,53.8,60.3,Medium
KED-ROAD-06157,,57.5,70.1,52.2,60.3,Medium
KED-ROAD-01277,شارع مسجد الهدي الاسلامى,57.5,68.5,54.0,60.3,Medium
KED-ROAD-04257,شارع صقر,57.5,70.2,51.8,60.3,Medium
KED-ROAD-02473,شارع السد العالى,57.5,72.4,49.6,60.3,Medium
KED-ROAD-02472,شارع السد العالى,57.5,72.4,49.6,60.3,Medium
KED-ROAD-01872,شارع محمد رفاعى,57.5,70.2,52.1,60.3,Medium
KED-ROAD-01276,شارع مسجد الهدي الاسلامى,57.5,68.5,54.0,60.3,Medium
KED-ROAD-01213,شارع بكر الدكراوي,57.5,68.7,53.8,60.3,Medium
KED-ROAD-01873,شارع محمد رفاعى,57.5,70.2,52.1,60.3,Medium
KED-ROAD-02487,,57.5,68.2,54.5,60.3,Medium
KED-ROAD-02486,,57.5,68.2,54.5,60.3,Medium
KED-ROAD-01861,شارع محمد رفاعى,57.5,71.5,50.6,60.3,Medium
KED-ROAD-00582,زقاق الشهيد احمد المنسى,57.5,72.1,50.0,60.3,Medium
KED-ROAD-00581,زقاق الشهيد احمد المنسى,57.5,72.1,50.0,60.3,Medium
KED-ROAD-01222,شارع بكر الدكراوي,57.5,68.7,53.8,60.3,Medium
KED-ROAD-04857,شارع 1,57.5,68.5,53.9,60.3,Medium
KED-ROAD-04858,شارع 1,57.5,68.5,53.9,60.3,Medium
KED-ROAD-06411,,57.5,71.9,49.8,60.2,Medium
KED-ROAD-06412,,57.5,71.9,49.8,60.2,Medium
KED-ROAD-02160,,57.5,70.6,51.1,60.2,Medium
KED-ROAD-02159,,57.5,70.6,51.1,60.2,Medium
KED-ROAD-06184,شارع اللواء محمود ابراهيم الكومى,57.5,66.9,55.6,60.2,Medium
KED-ROAD-05345,شارع صيدلية الشحات الكبري,57.5,69.5,52.6,60.2,Medium
KED-ROAD-01462,شارع 9,57.5,70.8,50.9,60.2,Medium
KED-ROAD-01461,شارع 9,57.5,70.8,50.9,60.2,Medium
KED-ROAD-05876,شارع بلال بن رباح,57.5,66.8,55.8,60.2,Medium
KED-ROAD-05346,شارع صيدلية الشحات الكبري,57.5,69.5,52.6,60.2,Medium
KED-ROAD-05886,,57.5,67.7,54.7,60.2,Medium
KED-ROAD-05572,,57.5,70.8,51.1,60.2,Medium
KED-ROAD-05573,,57.5,70.8,51.1,60.2,Medium
KED-ROAD-03944,شارع السجينى,57.5,69.7,52.1,60.2,Medium
KED-ROAD-05914,,57.5,70.7,51.2,60.2,Medium
KED-ROAD-03943,شارع السجينى,57.5,69.7,52.1,60.2,Medium
KED-ROAD-05915,,57.5,70.7,51.2,60.2,Medium
KED-ROAD-05887,,57.5,67.7,54.7,60.2,Medium
KED-ROAD-05066,شارع جمعه جامع,57.5,60.0,63.7,60.2,Medium
KED-ROAD-04544,شارع صافي دراز,57.5,69.5,52.5,60.2,Medium
KED-ROAD-05145,شارع بلال بن رباح,57.5,66.7,55.8,60.2,Medium
KED-ROAD-04990,امتداد شارع الخليج الاعظم,57.5,65.0,57.8,60.2,Medium
KED-ROAD-02756,شارع الترعه,57.5,66.9,55.6,60.2,Medium
KED-ROAD-02757,شارع الترعه,57.5,66.9,55.6,60.2,Medium
KED-ROAD-04989,امتداد شارع الخليج الاعظم,57.5,65.0,57.8,60.2,Medium
KED-ROAD-05065,شارع جمعه جامع,57.5,60.0,63.7,60.2,Medium
KED-ROAD-04545,شارع صافي دراز,57.5,69.5,52.5,60.2,Medium
KED-ROAD-04175,شارع 4,57.5,69.4,52.5,60.2,Medium
KED-ROAD-04185,شارع 4,57.5,69.4,52.5,60.2,Medium
KED-ROAD-06083,شارع اللواء محمود ابراهيم الكومى,57.5,66.9,55.6,60.2,Medium
KED-ROAD-04921,شارع المطافى,57.5,66.7,55.6,60.1,Medium
KED-ROAD-00671,حارة ذكى مبارك,57.5,69.9,51.5,60.1,Medium
KED-ROAD-04920,شارع المطافى,57.5,66.7,55.6,60.1,Medium
KED-ROAD-05948,,57.5,67.9,54.1,60.1,Medium
KED-ROAD-04893,شارع شحاته,57.5,67.7,54.3,60.1,Medium
KED-ROAD-00274,شارع الجيش,57.5,70.9,50.5,60.1,Medium
KED-ROAD-05956,شارع مساكن التمليك,57.5,69.5,52.3,60.1,Medium
KED-ROAD-04016,شارع مسجد النور,57.5,70.7,50.7,60.1,Medium
KED-ROAD-06321,شارع عمارات التمليك,57.5,72.7,48.4,60.1,Medium
KED-ROAD-05955,شارع مساكن التمليك,57.5,69.5,52.3,60.1,Medium
KED-ROAD-04894,شارع شحاته,57.5,67.7,54.3,60.1,Medium
KED-ROAD-01824,شارع احمد بكر,57.5,66.3,55.7,60.1,Medium
KED-ROAD-05918,,57.5,67.9,54.1,60.1,Medium
KED-ROAD-00672,حارة ذكى مبارك,57.5,69.9,51.5,60.1,Medium
KED-ROAD-00255,,57.5,70.3,51.3,60.1,Medium
KED-ROAD-05574,,57.5,70.7,50.7,60.1,Medium
KED-ROAD-05575,,57.5,70.7,50.7,60.1,Medium
KED-ROAD-02369,,57.5,70.8,50.7,60.1,Medium
KED-ROAD-05873,شارع بلال بن رباح,57.5,68.1,54.0,60.1,Medium
KED-ROAD-03858,شارع سلام,57.5,71.2,50.3,60.1,Medium
KED-ROAD-02370,,57.5,70.8,50.7,60.1,Medium
KED-ROAD-01908,شارع مسجد الهدي الاسلامى,57.5,71.5,49.7,60.1,Medium
KED-ROAD-00502,شارع عبد الله نديم,57.5,70.2,51.4,60.1,Medium
KED-ROAD-02438,شارع نجم,57.5,70.6,51.0,60.1,Medium
KED-ROAD-03859,شارع سلام,57.5,71.2,50.3,60.1,Medium
KED-ROAD-00503,شارع عبد الله نديم,57.5,70.2,51.4,60.1,Medium
KED-ROAD-02439,شارع نجم,57.5,70.6,51.0,60.1,Medium
KED-ROAD-03449,شارع النهضة,57.5,70.4,51.1,60.1,Medium
KED-ROAD-03450,شارع النهضة,57.5,70.4,51.1,60.1,Medium
KED-ROAD-02448,شارع نجم,57.5,71.8,49.6,60.1,Medium
KED-ROAD-02449,شارع نجم,57.5,71.8,49.6,60.1,Medium
KED-ROAD-05649,,57.5,67.8,54.0,60.1,Medium
KED-ROAD-05648,,57.5,67.8,54.0,60.1,Medium
KED-ROAD-05631,شارع عمارات التمليك,57.5,72.7,48.4,60.1,Medium
KED-ROAD-01909,شارع مسجد الهدي الاسلامى,57.5,71.5,49.7,60.1,Medium
KED-ROAD-04017,شارع مسجد النور,57.5,70.7,50.7,60.1,Medium
KED-ROAD-06166,,57.5,69.3,52.4,60.1,Medium
KED-ROAD-06165,,57.5,69.3,52.4,60.1,Medium
KED-ROAD-04149,شارع 10,57.5,68.3,53.1,60.0,Medium
KED-ROAD-05109,شارع عمرو بن العاص,57.5,66.3,55.5,60.0,Medium
KED-ROAD-03643,شارع مصطفى كحيل,57.5,67.6,54.1,60.0,Medium
KED-ROAD-01779,,57.5,71.8,49.3,60.0,Medium
KED-ROAD-05744,,57.5,71.4,49.7,60.0,Medium
KED-ROAD-00170,عطفه المأمون,57.5,69.8,51.3,60.0,Medium
KED-ROAD-01024,,57.5,29.7,98.1,60.0,Medium
KED-ROAD-01729,شارع لبيب,57.5,69.0,52.4,60.0,Medium
KED-ROAD-01728,شارع لبيب,57.5,69.0,52.4,60.0,Medium
KED-ROAD-01023,,57.5,29.7,98.1,60.0,Medium
KED-ROAD-00169,عطفه المأمون,57.5,69.8,51.3,60.0,Medium
KED-ROAD-00423,شارع 36,57.5,66.9,54.9,60.0,Medium
KED-ROAD-02515,شارع سلطان,57.5,72.5,48.4,60.0,Medium
KED-ROAD-02387,شارع 2,57.5,70.7,50.3,60.0,Medium
KED-ROAD-01919,شارع مسجد النور,57.5,70.3,51.0,60.0,Medium
KED-ROAD-00704,حارة نهضة مصر,57.5,73.5,47.1,60.0,Medium
KED-ROAD-00703,حارة نهضة مصر,57.5,73.5,47.1,60.0,Medium
KED-ROAD-05110,شارع عمرو بن العاص,57.5,66.3,55.5,60.0,Medium
KED-ROAD-01778,,57.5,71.8,49.3,60.0,Medium
KED-ROAD-05884,,57.5,69.0,52.6,60.0,Medium
KED-ROAD-05885,,57.5,69.0,52.6,60.0,Medium
KED-ROAD-06383,,57.5,71.1,49.9,60.0,Medium
KED-ROAD-06384,,57.5,71.1,49.9,60.0,Medium
KED-ROAD-01704,شارع ابراهيم شهاب,57.5,69.2,52.2,60.0,Medium
KED-ROAD-01705,شارع ابراهيم شهاب,57.5,69.2,52.2,60.0,Medium
KED-ROAD-06160,شارع مساكن 144,57.5,72.0,48.8,60.0,Medium
KED-ROAD-02514,شارع سلطان,57.5,72.5,48.4,60.0,Medium
KED-ROAD-00422,شارع 36,57.5,66.9,54.9,60.0,Medium
KED-ROAD-02388,شارع 2,57.5,70.7,50.3,60.0,Medium
KED-ROAD-06225,,57.5,71.5,49.5,60.0,Medium
KED-ROAD-06159,شارع مساكن 144,57.5,72.0,48.8,60.0,Medium
KED-ROAD-05745,,57.5,71.4,49.7,60.0,Medium
KED-ROAD-03642,شارع مصطفى كحيل,57.5,67.6,54.1,60.0,Medium
KED-ROAD-06226,,57.5,71.5,49.5,60.0,Medium
KED-ROAD-05492,,57.5,69.5,52.0,60.0,Medium
KED-ROAD-00793,شارع الشاذلى,57.5,71.2,49.9,60.0,Medium
KED-ROAD-04069,شارع مهران,57.5,71.8,49.1,60.0,Medium
KED-ROAD-06446,,57.5,71.2,49.8,60.0,Medium
KED-ROAD-00345,حارة الشيخ سليم البشري,57.5,71.6,49.2,60.0,Medium
KED-ROAD-00270,شارع محمد متولي الشعراوى,57.5,72.7,48.1,60.0,Medium
KED-ROAD-00269,شارع محمد متولي الشعراوى,57.5,72.7,48.1,60.0,Medium
KED-ROAD-06439,,57.5,71.2,49.8,60.0,Medium
KED-ROAD-00794,شارع الشاذلى,57.5,71.2,49.9,60.0,Medium
KED-ROAD-04070,شارع مهران,57.5,71.8,49.1,60.0,Medium
KED-ROAD-00344,حارة الشيخ سليم البشري,57.5,71.6,49.2,60.0,Medium
KED-ROAD-04192,شارع 4,57.5,68.9,52.5,60.0,Medium
KED-ROAD-04193,شارع 4,57.5,68.9,52.5,60.0,Medium
KED-ROAD-04150,شارع 10,57.5,68.3,53.1,60.0,Medium
KED-ROAD-05471,,57.5,69.5,52.0,60.0,Medium
KED-ROAD-01920,شارع مسجد النور,57.5,70.3,51.0,60.0,Medium
KED-ROAD-04589,,57.5,48.2,76.4,59.9,Medium
KED-ROAD-04588,,57.5,48.2,76.4,59.9,Medium
KED-ROAD-02467,حارة عواد,57.5,71.9,48.7,59.9,Medium
KED-ROAD-02466,حارة عواد,57.5,71.9,48.7,59.9,Medium
KED-ROAD-05722,,57.5,71.3,49.5,59.9,Medium
KED-ROAD-03429,شارع الترعه,57.5,70.9,49.8,59.9,Medium
KED-ROAD-05591,,57.5,71.0,49.7,59.9,Medium
KED-ROAD-06348,,57.5,66.2,55.5,59.9,Medium
KED-ROAD-03981,شارع السيد البحيري,57.5,69.2,52.0,59.9,Medium
KED-ROAD-06369,,57.5,66.2,55.5,59.9,Medium
KED-ROAD-04399,شارع حواش,57.5,69.8,51.1,59.9,Medium
KED-ROAD-04398,شارع حواش,57.5,69.8,51.1,59.9,Medium
KED-ROAD-02908,شارع رفاعه الطهطاوى,57.5,70.2,50.5,59.9,Medium
KED-ROAD-03982,شارع السيد البحيري,57.5,69.2,52.0,59.9,Medium
KED-ROAD-05897,,57.5,70.2,50.7,59.9,Medium
KED-ROAD-02909,شارع رفاعه الطهطاوى,57.5,70.2,50.5,59.9,Medium
KED-ROAD-05896,,57.5,70.2,50.7,59.9,Medium
KED-ROAD-06231,,57.5,71.3,49.5,59.9,Medium
KED-ROAD-03430,شارع الترعه,57.5,70.9,49.8,59.9,Medium
KED-ROAD-03809,,57.5,70.5,50.3,59.9,Medium
KED-ROAD-03810,,57.5,70.5,50.3,59.9,Medium
KED-ROAD-05590,,57.5,71.0,49.7,59.9,Medium
KED-ROAD-01691,شارع ابراهيم شهاب,57.5,69.4,51.5,59.9,Medium
KED-ROAD-05840,شارع بلال بن رباح,57.5,67.2,54.4,59.9,Medium
KED-ROAD-01680,شارع ابراهيم شهاب,57.5,69.4,51.5,59.9,Medium
KED-ROAD-01918,شارع ابو عسل,57.5,67.5,53.8,59.9,Medium
KED-ROAD-01917,شارع ابو عسل,57.5,67.5,53.8,59.9,Medium
KED-ROAD-05493,شارع مسجد الهدي,57.5,70.8,50.1,59.9,Medium
KED-ROAD-06047,,57.5,64.8,57.1,59.9,Medium
KED-ROAD-06048,,57.5,64.8,57.1,59.9,Medium
KED-ROAD-05494,شارع مسجد الهدي,57.5,70.8,50.1,59.9,Medium
KED-ROAD-05503,,57.5,69.7,51.0,59.8,Medium
KED-ROAD-03984,شارع السيد البحيري,57.5,69.8,50.9,59.8,Medium
KED-ROAD-02646,شارع 26 يوليو,57.5,65.6,55.7,59.8,Medium
KED-ROAD-06442,,57.5,68.4,52.4,59.8,Medium
KED-ROAD-02647,شارع 26 يوليو,57.5,65.6,55.7,59.8,Medium
KED-ROAD-01929,شارع مسجد الهدي الاسلامى,57.5,71.1,49.4,59.8,Medium
KED-ROAD-05504,,57.5,69.7,51.0,59.8,Medium
KED-ROAD-02568,شارع السد العالى,57.5,70.0,50.6,59.8,Medium
KED-ROAD-06443,,57.5,68.4,52.4,59.8,Medium
KED-ROAD-02517,شارع سلطان,57.5,69.4,51.4,59.8,Medium
KED-ROAD-05601,,57.5,68.0,53.0,59.8,Medium
KED-ROAD-03387,شارع بورسعيد,57.5,67.7,53.4,59.8,Medium
KED-ROAD-00720,شارع التراث,57.5,72.1,48.3,59.8,Medium
KED-ROAD-00719,شارع التراث,57.5,72.1,48.3,59.8,Medium
KED-ROAD-02502,شارع الخطيب,57.5,67.9,52.8,59.8,Medium
KED-ROAD-00292,شارع الوقار,57.5,73.0,47.1,59.8,Medium
KED-ROAD-02862,,57.5,67.2,53.9,59.8,Medium
KED-ROAD-02329,,57.5,63.7,57.8,59.8,Medium
KED-ROAD-02330,,57.5,63.7,57.8,59.8,Medium
KED-ROAD-02863,,57.5,67.2,53.9,59.8,Medium
KED-ROAD-02516,شارع سلطان,57.5,69.4,51.4,59.8,Medium
KED-ROAD-00293,شارع الوقار,57.5,73.0,47.1,59.8,Medium
KED-ROAD-01928,شارع مسجد الهدي الاسلامى,57.5,71.1,49.4,59.8,Medium
KED-ROAD-05122,الطريق الدولي,57.5,69.1,51.6,59.8,Medium
KED-ROAD-03985,شارع السيد البحيري,57.5,69.8,50.9,59.8,Medium
KED-ROAD-02567,شارع السد العالى,57.5,70.0,50.6,59.8,Medium
KED-ROAD-03936,شارع محمد رفاعى,57.5,71.2,49.2,59.8,Medium
KED-ROAD-03925,شارع محمد رفاعى,57.5,71.2,49.2,59.8,Medium
KED-ROAD-05679,,57.5,63.8,58.0,59.8,Medium
KED-ROAD-03549,,57.5,69.9,50.6,59.8,Medium
KED-ROAD-02503,شارع الخطيب,57.5,67.9,52.8,59.8,Medium
KED-ROAD-05678,,57.5,63.8,58.0,59.8,Medium
KED-ROAD-03548,,57.5,69.9,50.6,59.8,Medium
KED-ROAD-03388,شارع بورسعيد,57.5,67.7,53.4,59.8,Medium
KED-ROAD-05622,,57.5,68.0,53.0,59.8,Medium
KED-ROAD-06156,,57.5,68.7,52.1,59.8,Medium
KED-ROAD-06155,,57.5,68.7,52.1,59.8,Medium
KED-ROAD-00177,شارع محمد متولي الشعراوى,57.5,71.6,48.7,59.8,Medium
KED-ROAD-01388,,57.5,68.0,52.9,59.8,Medium
KED-ROAD-01389,,57.5,68.0,52.9,59.8,Medium
KED-ROAD-00178,شارع محمد متولي الشعراوى,57.5,71.6,48.7,59.8,Medium
KED-ROAD-04169,شارع البنا,57.5,71.1,48.9,59.7,Medium
KED-ROAD-02392,,57.5,65.8,55.1,59.7,Medium
KED-ROAD-04170,شارع البنا,57.5,71.1,48.9,59.7,Medium
KED-ROAD-04891,شارع 2,57.5,70.3,49.8,59.7,Medium
KED-ROAD-01584,,57.5,59.9,62.0,59.7,Medium
KED-ROAD-01583,,57.5,59.9,62.0,59.7,Medium
KED-ROAD-05875,شارع بلال بن رباح,57.5,66.9,54.0,59.7,Medium
KED-ROAD-06062,,57.5,71.4,48.5,59.7,Medium
KED-ROAD-01750,شارع الاحمر,57.5,70.6,49.5,59.7,Medium
KED-ROAD-00733,,57.5,71.1,49.0,59.7,Medium
KED-ROAD-00732,,57.5,71.1,49.0,59.7,Medium
KED-ROAD-00283,شارع محمد متولي الشعراوى,57.5,70.8,49.3,59.7,Medium
KED-ROAD-06063,,57.5,71.4,48.5,59.7,Medium
KED-ROAD-05853,شارع بلال بن رباح,57.5,70.4,49.7,59.7,Medium
KED-ROAD-02393,,57.5,65.8,55.1,59.7,Medium
KED-ROAD-05232,شارع 2,57.5,70.3,49.8,59.7,Medium
KED-ROAD-03259,شارع الامه,57.5,69.0,51.2,59.7,Medium
KED-ROAD-06089,,57.5,71.5,48.4,59.7,Medium
KED-ROAD-00282,شارع محمد متولي الشعراوى,57.5,70.8,49.3,59.7,Medium
KED-ROAD-00407,شارع المعز,57.5,66.5,54.2,59.7,Medium
KED-ROAD-03260,شارع الامه,57.5,69.0,51.2,59.7,Medium
KED-ROAD-00406,شارع المعز,57.5,66.5,54.2,59.7,Medium
KED-ROAD-01781,شارع الاحمر,57.5,70.6,49.5,59.7,Medium
KED-ROAD-06090,,57.5,71.5,48.4,59.7,Medium
KED-ROAD-06009,,57.5,65.9,54.7,59.6,Medium
KED-ROAD-03931,,57.5,71.1,48.8,59.6,Medium
KED-ROAD-04134,شارع البنا,57.5,69.0,51.2,59.6,Medium
KED-ROAD-03120,,57.5,71.7,47.9,59.6,Medium
KED-ROAD-06010,,57.5,65.9,54.7,59.6,Medium
KED-ROAD-06188,شارع اللواء محمود ابراهيم الكومى,57.5,68.5,51.7,59.6,Medium
KED-ROAD-02693,شارع جمال الدين الافغانى,57.5,71.7,47.9,59.6,Medium
KED-ROAD-06187,شارع اللواء محمود ابراهيم الكومى,57.5,68.5,51.7,59.6,Medium
KED-ROAD-02692,شارع جمال الدين الافغانى,57.5,71.7,47.9,59.6,Medium
KED-ROAD-04133,شارع البنا,57.5,69.0,51.2,59.6,Medium
KED-ROAD-03932,,57.5,71.1,48.8,59.6,Medium
KED-ROAD-02877,شارع الاداره الصحيه,57.5,67.9,52.4,59.6,Medium
KED-ROAD-00250,شارع الجيش,57.5,70.1,49.8,59.6,Medium
KED-ROAD-02878,شارع الاداره الصحيه,57.5,67.9,52.4,59.6,Medium
KED-ROAD-03121,,57.5,71.7,47.9,59.6,Medium
KED-ROAD-04956,شارع حافظ ابراهيم,57.5,71.5,48.3,59.6,Medium
KED-ROAD-04223,شارع رياض,57.5,69.7,50.2,59.6,Medium
KED-ROAD-04224,شارع رياض,57.5,69.7,50.2,59.6,Medium
KED-ROAD-02542,حارة عواد,57.5,70.4,49.6,59.6,Medium
KED-ROAD-06341,,57.5,71.4,48.3,59.6,Medium
KED-ROAD-04955,شارع حافظ ابراهيم,57.5,71.5,48.3,59.6,Medium
KED-ROAD-01921,شارع صقر,57.5,70.8,48.9,59.6,Medium
KED-ROAD-01910,شارع صقر,57.5,70.8,48.9,59.6,Medium
KED-ROAD-06340,,57.5,71.4,48.3,59.6,Medium
KED-ROAD-06392,,57.5,70.1,49.8,59.6,Medium
KED-ROAD-06391,,57.5,70.1,49.8,59.6,Medium
KED-ROAD-02543,حارة عواد,57.5,70.4,49.6,59.6,Medium
KED-ROAD-01767,شارع ابراهيم شهاب,57.5,71.5,47.9,59.5,Medium
KED-ROAD-01766,شارع ابراهيم شهاب,57.5,71.5,47.9,59.5,Medium
KED-ROAD-04321,شارع بورسعيد,57.5,70.1,49.5,59.5,Medium
KED-ROAD-04383,شارع السيد البحيري,57.5,69.7,50.0,59.5,Medium
KED-ROAD-04384,شارع السيد البحيري,57.5,69.7,50.0,59.5,Medium
KED-ROAD-05950,,57.5,68.3,51.7,59.5,Medium
KED-ROAD-01961,شارع صقر,57.5,70.3,49.2,59.5,Medium
KED-ROAD-01415,شارع العيسوي,57.5,69.4,50.4,59.5,Medium
KED-ROAD-04817,,57.5,54.0,68.2,59.5,Medium
KED-ROAD-04816,,57.5,54.0,68.2,59.5,Medium
KED-ROAD-01416,شارع العيسوي,57.5,69.4,50.4,59.5,Medium
KED-ROAD-03119,شارع مصطفى كامل,57.5,71.0,48.5,59.5,Medium
KED-ROAD-05949,,57.5,68.3,51.7,59.5,Medium
KED-ROAD-05081,الطريق الدولي,57.5,68.5,51.2,59.5,Medium
KED-ROAD-03118,شارع مصطفى كامل,57.5,71.0,48.5,59.5,Medium
KED-ROAD-02521,شارع سلطان,57.5,68.3,51.7,59.5,Medium
KED-ROAD-00894,,57.5,71.2,48.1,59.5,Medium
KED-ROAD-00639,شارع إسماعيل شحاتة,57.5,65.3,55.1,59.5,Medium
KED-ROAD-00638,شارع إسماعيل شحاتة,57.5,65.3,55.1,59.5,Medium
KED-ROAD-00895,,57.5,71.2,48.1,59.5,Medium
KED-ROAD-06136,,57.5,71.1,48.3,59.5,Medium
KED-ROAD-06135,,57.5,71.1,48.3,59.5,Medium
KED-ROAD-04537,شارع الجوهري,57.5,65.4,54.8,59.5,Medium
KED-ROAD-04538,شارع الجوهري,57.5,65.4,54.8,59.5,Medium
KED-ROAD-03409,شارع مصطفى كحيل,57.5,69.7,50.1,59.5,Medium
KED-ROAD-01930,شارع صقر,57.5,70.3,49.2,59.5,Medium
KED-ROAD-02522,شارع سلطان,57.5,68.3,51.7,59.5,Medium
KED-ROAD-03408,شارع مصطفى كحيل,57.5,69.7,50.1,59.5,Medium
KED-ROAD-00475,شارع داير البندر,57.5,72.0,46.8,59.4,Medium
KED-ROAD-04206,شارع 4,57.5,68.9,50.4,59.4,Medium
KED-ROAD-04205,شارع 4,57.5,68.9,50.4,59.4,Medium
KED-ROAD-06142,,57.5,71.3,47.6,59.4,Medium
KED-ROAD-04750,,57.5,56.1,65.4,59.4,Medium
KED-ROAD-04682,شارع 58,57.5,67.6,52.1,59.4,Medium
KED-ROAD-04703,شارع 58,57.5,67.6,52.1,59.4,Medium
KED-ROAD-03158,شارع جلال الدسوقي,57.5,65.5,54.4,59.4,Medium
KED-ROAD-00474,شارع داير البندر,57.5,72.0,46.8,59.4,Medium
KED-ROAD-03197,شارع 26 يوليو,57.5,67.2,52.4,59.4,Medium
KED-ROAD-05351,شارع صيدلية الشحات الكبري,57.5,68.9,50.6,59.4,Medium
KED-ROAD-01952,شارع شتا,57.5,70.5,48.8,59.4,Medium
KED-ROAD-01951,شارع شتا,57.5,70.5,48.8,59.4,Medium
KED-ROAD-04803,,57.5,70.3,49.0,59.4,Medium
KED-ROAD-02549,شارع السد العالى,57.5,69.0,50.4,59.4,Medium
KED-ROAD-02548,شارع السد العالى,57.5,69.0,50.4,59.4,Medium
KED-ROAD-04762,,57.5,70.3,49.0,59.4,Medium
KED-ROAD-03196,شارع 26 يوليو,57.5,67.2,52.4,59.4,Medium
KED-ROAD-03159,شارع جلال الدسوقي,57.5,65.5,54.4,59.4,Medium
KED-ROAD-05362,شارع صيدلية الشحات الكبري,57.5,68.9,50.6,59.4,Medium
KED-ROAD-05379,شارع صيدلية الشحات الكبري,57.5,69.9,49.4,59.4,Medium
KED-ROAD-01776,شارع محمد عيسي,57.5,70.3,48.8,59.4,Medium
KED-ROAD-06141,,57.5,71.3,47.6,59.4,Medium
KED-ROAD-04751,,57.5,56.1,65.4,59.4,Medium
KED-ROAD-00650,شارع داير البندر,57.5,68.3,51.1,59.4,Medium
KED-ROAD-01860,,57.5,70.7,48.6,59.4,Medium
KED-ROAD-00649,شارع داير البندر,57.5,68.3,51.1,59.4,Medium
KED-ROAD-05677,شارع محمد انور السادات,57.5,63.0,57.5,59.4,Medium
KED-ROAD-01777,شارع محمد عيسي,57.5,70.3,48.8,59.4,Medium
KED-ROAD-04562,,57.5,70.1,49.1,59.4,Medium
KED-ROAD-01966,شارع الزربة,57.5,70.3,49.0,59.4,Medium
KED-ROAD-01967,شارع الزربة,57.5,70.3,49.0,59.4,Medium
KED-ROAD-01881,,57.5,70.7,48.6,59.4,Medium
KED-ROAD-05676,شارع محمد انور السادات,57.5,63.0,57.5,59.4,Medium
KED-ROAD-04593,,57.5,70.1,49.1,59.4,Medium
KED-ROAD-05378,شارع صيدلية الشحات الكبري,57.5,69.9,49.4,59.4,Medium
KED-ROAD-01854,شارع الاحمر,57.5,70.5,48.3,59.3,Medium
KED-ROAD-00539,شارع عثمان بن عفان,57.5,70.6,48.1,59.3,Medium
KED-ROAD-00538,شارع عثمان بن عفان,57.5,70.6,48.1,59.3,Medium
KED-ROAD-01969,شارع براني,57.5,70.3,48.6,59.3,Medium
KED-ROAD-03589,,57.5,68.9,50.1,59.3,Medium
KED-ROAD-01968,شارع براني,57.5,70.3,48.6,59.3,Medium
KED-ROAD-06134,,57.5,70.8,47.9,59.3,Medium
KED-ROAD-02478,شارع محمد خضر,57.5,66.2,53.3,59.3,Medium
KED-ROAD-01984,,57.5,68.9,50.3,59.3,Medium
KED-ROAD-03590,,57.5,68.9,50.1,59.3,Medium
KED-ROAD-02479,شارع محمد خضر,57.5,66.2,53.3,59.3,Medium
KED-ROAD-01994,شارع حميده,57.5,70.6,48.1,59.3,Medium
KED-ROAD-01983,,57.5,68.9,50.3,59.3,Medium
KED-ROAD-00164,شارع المصرف,57.5,69.3,49.9,59.3,Medium
KED-ROAD-01995,شارع حميده,57.5,70.6,48.1,59.3,Medium
KED-ROAD-01855,شارع الاحمر,57.5,70.5,48.3,59.3,Medium
KED-ROAD-04087,شارع حواش,57.5,70.4,48.4,59.3,Medium
KED-ROAD-06088,,57.5,70.5,48.5,59.3,Medium
KED-ROAD-06087,,57.5,70.5,48.5,59.3,Medium
KED-ROAD-05978,شارع الترعه,57.5,63.8,56.3,59.3,Medium
KED-ROAD-04208,شارع 4,57.5,69.6,49.4,59.3,Medium
KED-ROAD-00163,شارع المصرف,57.5,69.3,49.9,59.3,Medium
KED-ROAD-05979,شارع الترعه,57.5,63.8,56.3,59.3,Medium
KED-ROAD-04207,شارع 4,57.5,69.6,49.4,59.3,Medium
KED-ROAD-02797,شارع عمرو بن العاص,57.5,68.2,51.1,59.3,Medium
KED-ROAD-02796,شارع عمرو بن العاص,57.5,68.2,51.1,59.3,Medium
KED-ROAD-06113,,57.5,70.8,47.9,59.3,Medium
KED-ROAD-04086,شارع حواش,57.5,70.4,48.4,59.3,Medium
KED-ROAD-03503,شارع السيدة عائشة,57.5,68.9,50.4,59.3,Medium
KED-ROAD-03502,شارع السيدة عائشة,57.5,68.9,50.4,59.3,Medium
KED-ROAD-01135,,57.5,68.2,50.8,59.2,Medium
KED-ROAD-02248,شارع الجرجاوى,57.5,69.3,49.4,59.2,Medium
KED-ROAD-00612,شارع الوقار,57.5,67.6,51.3,59.2,Medium
KED-ROAD-00611,شارع الوقار,57.5,67.6,51.3,59.2,Medium
KED-ROAD-02249,شارع الجرجاوى,57.5,69.3,49.4,59.2,Medium
KED-ROAD-03821,امتداد شارع الخليج الاعظم,57.5,67.9,51.2,59.2,Medium
KED-ROAD-01136,,57.5,68.2,50.8,59.2,Medium
KED-ROAD-02463,شارع على بن ابى طالب,57.5,71.4,46.9,59.2,Medium
KED-ROAD-03820,امتداد شارع الخليج الاعظم,57.5,67.9,51.2,59.2,Medium
KED-ROAD-02462,شارع على بن ابى طالب,57.5,71.4,46.9,59.2,Medium
KED-ROAD-00373,شارع التراث,57.5,70.4,48.3,59.2,Medium
KED-ROAD-05957,شارع عمارات التمليك,57.5,69.8,48.7,59.2,Medium
KED-ROAD-00372,شارع التراث,57.5,70.4,48.3,59.2,Medium
KED-ROAD-05967,شارع عمارات التمليك,57.5,69.8,48.7,59.2,Medium
KED-ROAD-05510,,57.5,67.2,51.4,59.1,Medium
KED-ROAD-01962,شارع فوزي شعيب,57.5,70.7,47.6,59.1,Medium
KED-ROAD-05509,,57.5,67.2,51.4,59.1,Medium
KED-ROAD-01943,شارع براني,57.5,67.8,50.9,59.1,Medium
KED-ROAD-01353,شارع مسجد الكوثر,57.5,69.2,49.0,59.1,Medium
KED-ROAD-01354,شارع مسجد الكوثر,57.5,69.2,49.0,59.1,Medium
KED-ROAD-01400,,57.5,67.7,50.8,59.1,Medium
KED-ROAD-01399,,57.5,67.7,50.8,59.1,Medium
KED-ROAD-03369,,57.5,70.0,48.1,59.1,Medium
KED-ROAD-03370,,57.5,70.0,48.1,59.1,Medium
KED-ROAD-00580,,57.5,71.8,46.2,59.1,Medium
KED-ROAD-04626,شارع السواقين,57.5,68.8,49.7,59.1,Medium
KED-ROAD-04627,شارع السواقين,57.5,68.8,49.7,59.1,Medium
KED-ROAD-03539,شارع التحرير,57.5,67.9,50.7,59.1,Medium
KED-ROAD-04654,شارع بورسعيد,57.5,69.4,49.0,59.1,Medium
KED-ROAD-04653,شارع بورسعيد,57.5,69.4,49.0,59.1,Medium
KED-ROAD-03540,شارع التحرير,57.5,67.9,50.7,59.1,Medium
KED-ROAD-05727,,57.5,69.5,49.0,59.1,Medium
KED-ROAD-00579,,57.5,71.8,46.2,59.1,Medium
KED-ROAD-05728,,57.5,69.5,49.0,59.1,Medium
KED-ROAD-01703,شارع السقا,57.5,70.8,47.5,59.1,Medium
KED-ROAD-06056,,57.5,69.8,48.5,59.1,Medium
KED-ROAD-01838,,57.5,68.5,49.9,59.1,Medium
KED-ROAD-01944,شارع براني,57.5,67.8,50.9,59.1,Medium
KED-ROAD-04365,,57.5,69.7,48.5,59.1,Medium
KED-ROAD-01702,شارع السقا,57.5,70.8,47.5,59.1,Medium
KED-ROAD-04360,شارع السيد البحيري,57.5,68.9,49.5,59.1,Medium
KED-ROAD-04359,شارع السيد البحيري,57.5,68.9,49.5,59.1,Medium
KED-ROAD-01963,شارع فوزي شعيب,57.5,70.7,47.6,59.1,Medium
KED-ROAD-04366,,57.5,69.7,48.5,59.1,Medium
KED-ROAD-06057,,57.5,69.8,48.5,59.1,Medium
KED-ROAD-01839,,57.5,68.5,49.9,59.1,Medium
KED-ROAD-00834,شارع الجمهوريه,57.5,71.0,47.1,59.1,Medium
KED-ROAD-00835,شارع الجمهوريه,57.5,71.0,47.1,59.1,Medium
KED-ROAD-06143,,57.5,69.6,48.3,59.0,Medium
KED-ROAD-05665,,57.5,70.5,47.2,59.0,Medium
KED-ROAD-05342,شارع صيدلية الشحات الكبري,57.5,68.1,50.3,59.0,Medium
KED-ROAD-04155,شارع 4,57.5,69.7,48.3,59.0,Medium
KED-ROAD-03216,شارع 26 يوليو,57.5,70.1,47.9,59.0,Medium
KED-ROAD-04166,شارع 4,57.5,69.7,48.3,59.0,Medium
KED-ROAD-04905,شارع 4,57.5,68.5,49.5,59.0,Medium
KED-ROAD-04904,شارع 4,57.5,68.5,49.5,59.0,Medium
KED-ROAD-01559,,57.5,70.3,47.6,59.0,Medium
KED-ROAD-01560,,57.5,70.3,47.6,59.0,Medium
KED-ROAD-03261,شارع محمود الصباغ,57.5,69.6,48.3,59.0,Medium
KED-ROAD-02200,شارع الخطيب,57.5,68.3,49.9,59.0,Medium
KED-ROAD-02092,"طريق كفر الدوار, ابو المطامير",57.5,69.2,48.8,59.0,Medium
KED-ROAD-02091,"طريق كفر الدوار, ابو المطامير",57.5,69.2,48.8,59.0,Medium
KED-ROAD-06164,,57.5,69.6,48.3,59.0,Medium
KED-ROAD-04387,شارع السيد البحيري,57.5,69.7,48.2,59.0,Medium
KED-ROAD-04388,شارع السيد البحيري,57.5,69.7,48.2,59.0,Medium
KED-ROAD-05321,شارع صيدلية الشحات الكبري,57.5,68.1,50.3,59.0,Medium
KED-ROAD-03262,شارع محمود الصباغ,57.5,69.6,48.3,59.0,Medium
KED-ROAD-05598,,57.5,66.1,52.5,59.0,Medium
KED-ROAD-03504,شارع لواء الاسلام,57.5,68.3,50.0,59.0,Medium
KED-ROAD-05597,,57.5,66.1,52.5,59.0,Medium
KED-ROAD-05675,,57.5,62.9,56.3,59.0,Medium
KED-ROAD-02511,شارع الخطيب,57.5,68.3,49.9,59.0,Medium
KED-ROAD-03519,شارع 26 يوليو,57.5,68.0,50.3,59.0,Medium
KED-ROAD-03505,شارع لواء الاسلام,57.5,68.3,50.0,59.0,Medium
KED-ROAD-00640,شارع إسماعيل شحاتة,57.5,69.3,48.5,59.0,Medium
KED-ROAD-03520,شارع 26 يوليو,57.5,68.0,50.3,59.0,Medium
KED-ROAD-05674,,57.5,62.9,56.3,59.0,Medium
KED-ROAD-05666,,57.5,70.5,47.2,59.0,Medium
KED-ROAD-02451,شارع إسماعيل شحاتة,57.5,69.3,48.5,59.0,Medium
KED-ROAD-03215,شارع 26 يوليو,57.5,70.1,47.9,59.0,Medium
KED-ROAD-04325,شارع السيد البحيري,57.5,65.9,52.4,58.9,Medium
KED-ROAD-01997,شارع الزربة,57.5,71.4,45.8,58.9,Medium
KED-ROAD-04021,,57.5,67.7,50.2,58.9,Medium
KED-ROAD-01199,شارع اللبان,57.5,67.9,50.0,58.9,Medium
KED-ROAD-05632,,57.5,70.8,46.5,58.9,Medium
KED-ROAD-04632,شارع مساكن غزل كفر الدوار الجديدة,57.5,68.3,49.7,58.9,Medium
KED-ROAD-06125,,57.5,69.6,48.2,58.9,Medium
KED-ROAD-00954,شارع جلال الدسوقي,57.5,64.8,53.7,58.9,Medium
KED-ROAD-00953,شارع جلال الدسوقي,57.5,64.8,53.7,58.9,Medium
KED-ROAD-05683,شارع محمد انور السادات,57.5,64.0,54.6,58.9,Medium
KED-ROAD-01925,شارع الزربة,57.5,70.0,47.6,58.9,Medium
KED-ROAD-01924,شارع الزربة,57.5,70.0,47.6,58.9,Medium
KED-ROAD-05682,شارع محمد انور السادات,57.5,64.0,54.6,58.9,Medium
KED-ROAD-01198,شارع اللبان,57.5,67.9,50.0,58.9,Medium
KED-ROAD-04873,شارع ناتجاس,57.5,68.5,49.4,58.9,Medium
KED-ROAD-04753,شارع مساكن غزل كفر الدوار الجديدة,57.5,68.3,49.7,58.9,Medium
KED-ROAD-01996,شارع الزربة,57.5,71.4,45.8,58.9,Medium
KED-ROAD-04020,,57.5,67.7,50.2,58.9,Medium
KED-ROAD-06374,,57.5,68.6,49.3,58.9,Medium
KED-ROAD-06373,,57.5,68.6,49.3,58.9,Medium
KED-ROAD-04326,شارع السيد البحيري,57.5,65.9,52.4,58.9,Medium
KED-ROAD-02780,شارع عمر بن عبد العزيز,57.5,70.7,46.9,58.9,Medium
KED-ROAD-06151,,57.5,71.3,46.2,58.9,Medium
KED-ROAD-06126,,57.5,69.6,48.2,58.9,Medium
KED-ROAD-06152,,57.5,71.3,46.2,58.9,Medium
KED-ROAD-05431,,57.5,70.8,46.5,58.9,Medium
KED-ROAD-06060,,57.5,68.9,48.7,58.9,Medium
KED-ROAD-06061,,57.5,68.9,48.7,58.9,Medium
KED-ROAD-04942,شارع عمر بن عبد العزيز,57.5,70.7,46.9,58.9,Medium
KED-ROAD-04872,شارع ناتجاس,57.5,68.5,49.4,58.9,Medium
KED-ROAD-06147,,57.5,68.7,48.7,58.8,Medium
KED-ROAD-00443,حارة النجوم,57.5,67.4,50.2,58.8,Medium
KED-ROAD-02906,شارع الترعه,57.5,70.7,46.5,58.8,Medium
KED-ROAD-02907,شارع الترعه,57.5,70.7,46.5,58.8,Medium
KED-ROAD-02000,شارع براني,57.5,71.2,45.7,58.8,Medium
KED-ROAD-03230,حارة السلامه,57.5,70.2,47.0,58.8,Medium
KED-ROAD-00508,شارع عبد الله نديم,57.5,70.6,46.4,58.8,Medium
KED-ROAD-05889,,57.5,67.5,50.2,58.8,Medium
KED-ROAD-03229,حارة السلامه,57.5,70.2,47.0,58.8,Medium
KED-ROAD-05859,,57.5,67.5,50.2,58.8,Medium
KED-ROAD-00509,شارع عبد الله نديم,57.5,70.6,46.4,58.8,Medium
KED-ROAD-04138,شارع السيد البحيري,57.5,71.3,45.8,58.8,Medium
KED-ROAD-00442,حارة النجوم,57.5,67.4,50.2,58.8,Medium
KED-ROAD-06014,,57.5,59.2,60.0,58.8,Medium
KED-ROAD-04137,شارع السيد البحيري,57.5,71.3,45.8,58.8,Medium
KED-ROAD-06148,,57.5,68.7,48.7,58.8,Medium
KED-ROAD-04026,شارع براني,57.5,71.2,45.7,58.8,Medium
KED-ROAD-03361,شارع 26 يوليو,57.5,67.9,49.8,58.8,Medium
KED-ROAD-03299,شارع الرزق,57.5,67.5,50.3,58.8,Medium
KED-ROAD-01976,شارع مسجد الهدي الاسلامى,57.5,70.5,46.5,58.8,Medium
KED-ROAD-04486,شارع مؤسسه الكهرباء,57.5,68.3,49.3,58.8,Medium
KED-ROAD-04485,شارع مؤسسه الكهرباء,57.5,68.3,49.3,58.8,Medium
KED-ROAD-05732,,57.5,59.0,60.0,58.8,Medium
KED-ROAD-04662,,57.5,59.2,60.0,58.8,Medium
KED-ROAD-03362,شارع 26 يوليو,57.5,67.9,49.8,58.8,Medium
KED-ROAD-03405,شارع الرزق,57.5,67.5,50.3,58.8,Medium
KED-ROAD-01975,شارع مسجد الهدي الاسلامى,57.5,70.5,46.5,58.8,Medium
KED-ROAD-03531,شارع 26 يوليو,57.5,66.3,51.6,58.8,Medium
KED-ROAD-03532,شارع 26 يوليو,57.5,66.3,51.6,58.8,Medium
KED-ROAD-05227,شارع مساكن التمليك,57.5,68.8,48.6,58.8,Medium
KED-ROAD-05607,,57.5,66.9,51.0,58.8,Medium
KED-ROAD-05226,شارع مساكن التمليك,57.5,68.8,48.6,58.8,Medium
KED-ROAD-05611,,57.5,59.0,60.0,58.8,Medium
KED-ROAD-05608,,57.5,66.9,51.0,58.8,Medium
KED-ROAD-05422,,57.5,70.8,46.3,58.8,Medium
KED-ROAD-05423,,57.5,70.8,46.3,58.8,Medium
KED-ROAD-02683,شارع الفتوح,57.5,65.2,52.6,58.7,Medium
KED-ROAD-06108,شارع مساكن الرحمن,57.5,68.7,48.4,58.7,Medium
KED-ROAD-06107,شارع مساكن الرحمن,57.5,68.7,48.4,58.7,Medium
KED-ROAD-06106,شارع مساكن الرحمن,57.5,68.8,48.1,58.7,Medium
KED-ROAD-06105,شارع مساكن الرحمن,57.5,68.8,48.1,58.7,Medium
KED-ROAD-01985,شارع شتا,57.5,68.9,48.3,58.7,Medium
KED-ROAD-04640,شارع صلاح سالم,57.5,68.8,48.4,58.7,Medium
KED-ROAD-04408,,57.5,70.6,46.2,58.7,Medium
KED-ROAD-04639,شارع صلاح سالم,57.5,68.8,48.4,58.7,Medium
KED-ROAD-03225,شارع الامه,57.5,69.0,47.9,58.7,Medium
KED-ROAD-03248,شارع الشهيد حامد هنداوي,57.5,66.2,51.3,58.7,Medium
KED-ROAD-01441,شارع بكر الدكراوي,57.5,68.5,48.5,58.7,Medium
KED-ROAD-03226,شارع الامه,57.5,69.0,47.9,58.7,Medium
KED-ROAD-03247,شارع الشهيد حامد هنداوي,57.5,66.2,51.3,58.7,Medium
KED-ROAD-01417,شارع بكر الدكراوي,57.5,68.5,48.5,58.7,Medium
KED-ROAD-02682,شارع الفتوح,57.5,65.2,52.6,58.7,Medium
KED-ROAD-04061,شارع مسجد النور,57.5,70.5,46.2,58.7,Medium
KED-ROAD-04060,شارع مسجد النور,57.5,70.5,46.2,58.7,Medium
KED-ROAD-04407,,57.5,70.6,46.2,58.7,Medium
KED-ROAD-01986,شارع شتا,57.5,68.9,48.3,58.7,Medium
KED-ROAD-03514,,57.5,68.4,48.7,58.7,Medium
KED-ROAD-03513,,57.5,68.4,48.7,58.7,Medium
KED-ROAD-06308,,57.5,68.4,48.4,58.6,Medium
KED-ROAD-01471,شارع الروايح,57.5,69.3,47.5,58.6,Medium
KED-ROAD-04117,شارع 10,57.5,67.6,49.2,58.6,Medium
KED-ROAD-03934,,57.5,70.2,46.2,58.6,Medium
KED-ROAD-05466,,57.5,65.5,51.7,58.6,Medium
KED-ROAD-03933,,57.5,70.2,46.2,58.6,Medium
KED-ROAD-01957,شارع مسجد النور,57.5,69.0,47.8,58.6,Medium
KED-ROAD-00918,شارع خفاجه,57.5,67.9,48.9,58.6,Medium
KED-ROAD-05465,,57.5,65.5,51.7,58.6,Medium
KED-ROAD-05124,الطريق الدولي,57.5,68.3,48.7,58.6,Medium
KED-ROAD-04084,شارع رياض,57.5,70.1,46.4,58.6,Medium
KED-ROAD-00917,شارع خفاجه,57.5,67.9,48.9,58.6,Medium
KED-ROAD-01992,شارع صقر,57.5,70.3,46.3,58.6,Medium
KED-ROAD-04085,شارع رياض,57.5,70.1,46.4,58.6,Medium
KED-ROAD-01993,شارع صقر,57.5,70.3,46.3,58.6,Medium
KED-ROAD-01420,شارع الروايح,57.5,69.3,47.5,58.6,Medium
KED-ROAD-04951,شارع حافظ ابراهيم,57.5,70.9,45.6,58.6,Medium
KED-ROAD-04952,شارع حافظ ابراهيم,57.5,70.9,45.6,58.6,Medium
KED-ROAD-06307,,57.5,68.4,48.4,58.6,Medium
KED-ROAD-04080,شارع عبد الرازق,57.5,69.7,47.0,58.6,Medium
KED-ROAD-04081,شارع عبد الرازق,57.5,69.7,47.0,58.6,Medium
KED-ROAD-01958,شارع مسجد النور,57.5,69.0,47.8,58.6,Medium
KED-ROAD-04118,شارع 10,57.5,67.6,49.2,58.6,Medium
KED-ROAD-02798,حارة رفاعه الطهطاوى,57.5,69.4,47.1,58.5,Medium
KED-ROAD-04600,شارع خلف المساكن,57.5,67.1,49.5,58.5,Medium
KED-ROAD-01796,شارع الاحمر,57.5,70.3,46.1,58.5,Medium
KED-ROAD-04601,شارع خلف المساكن,57.5,67.1,49.5,58.5,Medium
KED-ROAD-01256,شارع مسجد ابى بكر الصديق,57.5,69.9,46.2,58.5,Medium
KED-ROAD-03995,شارع محمد رفاعى,57.5,67.4,49.2,58.5,Medium
KED-ROAD-01255,شارع مسجد ابى بكر الصديق,57.5,69.9,46.2,58.5,Medium
KED-ROAD-01617,شارع ابراهيم شهاب,57.5,70.1,46.2,58.5,Medium
KED-ROAD-01616,شارع ابراهيم شهاب,57.5,70.1,46.2,58.5,Medium
KED-ROAD-05944,,57.5,63.9,53.3,58.5,Medium
KED-ROAD-05943,,57.5,63.9,53.3,58.5,Medium
KED-ROAD-04116,شارع محمد رفاعى,57.5,67.4,49.2,58.5,Medium
KED-ROAD-01797,شارع الاحمر,57.5,70.3,46.1,58.5,Medium
KED-ROAD-02799,حارة رفاعه الطهطاوى,57.5,69.4,47.1,58.5,Medium
KED-ROAD-01238,شارع السقا,57.5,69.9,46.0,58.4,Medium
KED-ROAD-04215,شارع عبد الرازق,57.5,68.2,48.0,58.4,Medium
KED-ROAD-01763,شارع ابراهيم شهاب,57.5,70.1,45.8,58.4,Medium
KED-ROAD-06071,,57.5,68.7,47.4,58.4,Medium
KED-ROAD-05702,شارع مساكن 144,57.5,68.1,48.2,58.4,Medium
KED-ROAD-01237,شارع السقا,57.5,69.9,46.0,58.4,Medium
KED-ROAD-00377,شارع الخير,57.5,69.7,46.2,58.4,Medium
KED-ROAD-01713,شارع الاحمر,57.5,69.9,45.9,58.4,Medium
KED-ROAD-01714,شارع الاحمر,57.5,69.9,45.9,58.4,Medium
KED-ROAD-06072,,57.5,68.7,47.4,58.4,Medium
KED-ROAD-06173,شارع مساكن 144,57.5,68.1,48.2,58.4,Medium
KED-ROAD-04950,شارع ابو العلاء المعري,57.5,69.6,46.2,58.4,Medium
KED-ROAD-00376,شارع الخير,57.5,69.7,46.2,58.4,Medium
KED-ROAD-04949,شارع ابو العلاء المعري,57.5,69.6,46.2,58.4,Medium
KED-ROAD-04216,شارع عبد الرازق,57.5,68.2,48.0,58.4,Medium
KED-ROAD-04035,شارع الزربة,57.5,70.0,45.9,58.4,Medium
KED-ROAD-01762,شارع ابراهيم شهاب,57.5,70.1,45.8,58.4,Medium
KED-ROAD-04066,شارع الزربة,57.5,70.0,45.9,58.4,Medium
KED-ROAD-06207,,57.5,69.2,46.6,58.3,Medium
KED-ROAD-04022,شارع شتا,57.5,69.8,45.8,58.3,Medium
KED-ROAD-05983,شارع الترعه,57.5,67.0,49.2,58.3,Medium
KED-ROAD-05982,شارع الترعه,57.5,67.0,49.2,58.3,Medium
KED-ROAD-04023,شارع شتا,57.5,69.8,45.8,58.3,Medium
KED-ROAD-04107,شارع صقر,57.5,69.5,46.2,58.3,Medium
KED-ROAD-01553,شارع عبد المنعم,57.5,69.4,46.2,58.3,Medium
KED-ROAD-00136,,57.5,65.5,50.8,58.3,Medium
KED-ROAD-04106,شارع صقر,57.5,69.5,46.2,58.3,Medium
KED-ROAD-04922,شارع 2,57.5,69.6,46.1,58.3,Medium
KED-ROAD-04923,شارع 2,57.5,69.6,46.1,58.3,Medium
KED-ROAD-00135,,57.5,65.5,50.8,58.3,Medium
KED-ROAD-01554,شارع عبد المنعم,57.5,69.4,46.2,58.3,Medium
KED-ROAD-05360,,57.5,66.8,49.4,58.3,Medium
KED-ROAD-03808,شارع الاداره الصحيه,57.5,69.9,45.6,58.3,Medium
KED-ROAD-05361,,57.5,66.8,49.4,58.3,Medium
KED-ROAD-03807,شارع الاداره الصحيه,57.5,69.9,45.6,58.3,Medium
KED-ROAD-06346,,57.5,67.3,48.8,58.3,Medium
KED-ROAD-06347,,57.5,67.3,48.8,58.3,Medium
KED-ROAD-06206,,57.5,69.2,46.6,58.3,Medium
KED-ROAD-04338,شارع حواش,57.5,69.7,45.7,58.2,Medium
KED-ROAD-03927,,57.5,69.5,45.8,58.2,Medium
KED-ROAD-05739,شارع الترعه,57.5,67.3,48.5,58.2,Medium
KED-ROAD-06163,شارع مساكن 144,57.5,69.0,46.5,58.2,Medium
KED-ROAD-04339,شارع حواش,57.5,69.7,45.7,58.2,Medium
KED-ROAD-06174,شارع مساكن 144,57.5,69.0,46.5,58.2,Medium
KED-ROAD-01697,شارع الاحمر,57.5,69.2,46.4,58.2,Medium
KED-ROAD-01696,شارع الاحمر,57.5,69.2,46.4,58.2,Medium
KED-ROAD-03928,,57.5,69.5,45.8,58.2,Medium
KED-ROAD-01127,شارع الصافي,57.5,69.1,46.2,58.2,Medium
KED-ROAD-01128,شارع الصافي,57.5,69.1,46.2,58.2,Medium
KED-ROAD-06129,,57.5,69.5,45.8,58.2,Medium
KED-ROAD-06130,,57.5,69.5,45.8,58.2,Medium
KED-ROAD-00262,شارع المصرف,57.5,65.2,50.9,58.2,Medium
KED-ROAD-00261,شارع المصرف,57.5,65.2,50.9,58.2,Medium
KED-ROAD-05740,شارع الترعه,57.5,67.3,48.5,58.2,Medium
KED-ROAD-01641,شارع ابراهيم شهاب,57.5,68.2,47.0,58.1,Medium
KED-ROAD-03712,شارع عمر افندى,57.5,68.1,47.3,58.1,Medium
KED-ROAD-06054,,57.5,66.4,49.1,58.1,Medium
KED-ROAD-01620,شارع ابراهيم شهاب,57.5,68.2,47.0,58.1,Medium
KED-ROAD-04343,,57.5,69.1,45.9,58.1,Medium
KED-ROAD-04344,,57.5,69.1,45.9,58.1,Medium
KED-ROAD-03713,شارع عمر افندى,57.5,68.1,47.3,58.1,Medium
KED-ROAD-06055,,57.5,66.4,49.1,58.1,Medium
KED-ROAD-01454,شارع السقا,57.5,68.0,47.1,58.1,Medium
KED-ROAD-01455,شارع السقا,57.5,68.0,47.1,58.1,Medium
KED-ROAD-02344,شارع المصرف,57.5,68.9,46.1,58.1,Medium
KED-ROAD-04796,,57.5,54.1,63.6,58.1,Medium
KED-ROAD-04797,,57.5,54.1,63.6,58.1,Medium
KED-ROAD-02199,شارع ابو العزايم,57.5,69.3,45.9,58.1,Medium
KED-ROAD-02198,شارع ابو العزايم,57.5,69.3,45.9,58.1,Medium
KED-ROAD-02345,شارع المصرف,57.5,68.9,46.1,58.1,Medium
KED-ROAD-00187,شارع الوقار,57.5,69.1,45.6,58.0,Medium
KED-ROAD-01753,شارع محمد عيسي,57.5,69.2,45.6,58.0,Medium
KED-ROAD-01752,شارع محمد عيسي,57.5,69.2,45.6,58.0,Medium
KED-ROAD-00188,شارع الوقار,57.5,69.1,45.6,58.0,Medium
KED-ROAD-01445,شارع بكر الدكراوي,57.5,68.7,46.2,58.0,Medium
KED-ROAD-01444,شارع بكر الدكراوي,57.5,68.7,46.2,58.0,Medium
KED-ROAD-01533,شارع عبد المنعم,57.5,68.4,46.5,58.0,Medium
KED-ROAD-01532,شارع عبد المنعم,57.5,68.4,46.5,58.0,Medium
KED-ROAD-02348,شارع المقابر,57.5,60.0,55.8,57.9,Medium
KED-ROAD-02349,شارع المقابر,57.5,60.0,55.8,57.9,Medium
KED-ROAD-02250,شارع الخطيب,57.5,68.0,46.5,57.9,Medium
KED-ROAD-04809,,57.5,66.9,48.0,57.9,Medium
KED-ROAD-04808,,57.5,66.9,48.0,57.9,Medium
KED-ROAD-05018,شارع مساكن المجلس,57.5,68.3,46.3,57.9,Medium
KED-ROAD-05019,شارع مساكن المجلس,57.5,68.3,46.3,57.9,Medium
KED-ROAD-02531,شارع الخطيب,57.5,68.0,46.5,57.9,Medium
KED-ROAD-06114,شارع مساكن الرحمن,57.5,66.6,47.8,57.8,Medium
KED-ROAD-01851,شارع الاحمر,57.5,68.5,45.8,57.8,Medium
KED-ROAD-04699,,57.5,68.2,45.9,57.8,Medium
KED-ROAD-01820,شارع الاحمر,57.5,68.5,45.8,57.8,Medium
KED-ROAD-06074,شارع اللواء محمود ابراهيم الكومى,57.5,65.6,48.9,57.8,Medium
KED-ROAD-06103,شارع مساكن الرحمن,57.5,66.6,47.8,57.8,Medium
KED-ROAD-05658,,57.5,67.3,47.0,57.8,Medium
KED-ROAD-06023,شارع اللواء محمود ابراهيم الكومى,57.5,65.6,48.9,57.8,Medium
KED-ROAD-05657,,57.5,67.3,47.0,57.8,Medium
KED-ROAD-04700,,57.5,68.2,45.9,57.8,Medium
KED-ROAD-01286,,57.5,67.2,47.0,57.7,Medium
KED-ROAD-01285,,57.5,67.2,47.0,57.7,Medium
KED-ROAD-02108,طريق ترعه السعرانية,57.5,66.6,47.2,57.6,Medium
KED-ROAD-02107,طريق ترعه السعرانية,57.5,66.6,47.2,57.6,Medium
KED-ROAD-03376,,57.5,64.9,48.8,57.5,Medium
KED-ROAD-03377,,57.5,64.9,48.8,57.5,Medium
KED-ROAD-05640,شارع مساكن الرحمن,57.5,66.3,46.7,57.4,Medium
KED-ROAD-04812,,57.5,63.5,50.1,57.4,Medium
KED-ROAD-04823,,57.5,63.5,50.1,57.4,Medium
KED-ROAD-01187,شارع بكر الدكراوي,57.5,67.5,45.5,57.4,Medium
KED-ROAD-05639,شارع مساكن الرحمن,57.5,66.3,46.7,57.4,Medium
KED-ROAD-01188,شارع بكر الدكراوي,57.5,67.5,45.5,57.4,Medium
KED-ROAD-04777,,57.5,50.7,65.1,57.4,Medium
KED-ROAD-04776,,57.5,50.7,65.1,57.4,Medium
KED-ROAD-05735,شارع الترعه,57.5,59.6,54.5,57.3,Medium
KED-ROAD-05736,شارع الترعه,57.5,59.6,54.5,57.3,Medium
KED-ROAD-02915,شارع ابو حنيفه,57.5,66.6,46.3,57.3,Medium
KED-ROAD-02914,شارع ابو حنيفه,57.5,66.6,46.3,57.3,Medium
KED-ROAD-06314,,57.5,60.1,53.5,57.2,Medium
KED-ROAD-06313,,57.5,60.1,53.5,57.2,Medium
KED-ROAD-02342,شارع المدينه المنورة,57.5,42.8,73.4,57.1,Medium
KED-ROAD-06036,,57.5,60.7,52.3,57.1,Medium
KED-ROAD-06035,,57.5,60.7,52.3,57.1,Medium
KED-ROAD-02341,شارع المدينه المنورة,57.5,42.8,73.4,57.1,Medium
KED-ROAD-05945,,57.5,64.3,48.3,57.1,Medium
KED-ROAD-05946,,57.5,64.3,48.3,57.1,Medium
KED-ROAD-01022,شارع سعيد حمادة,57.5,64.8,46.2,56.7,Medium
KED-ROAD-01021,شارع سعيد حمادة,57.5,64.8,46.2,56.7,Medium
KED-ROAD-02545,حارة عواد,57.5,64.6,45.9,56.5,Medium
KED-ROAD-02544,حارة عواد,57.5,64.6,45.9,56.5,Medium
KED-ROAD-04828,,57.5,61.5,48.5,56.2,Medium
KED-ROAD-04829,,57.5,61.5,48.5,56.2,Medium
KED-ROAD-01035,شارع دشودي,57.5,46.2,65.5,56.0,Medium
KED-ROAD-01036,شارع دشودي,57.5,46.2,65.5,56.0,Medium
KED-ROAD-05681,,57.5,56.6,53.3,55.9,Medium
KED-ROAD-00421,حارة النجوم,57.5,55.6,54.5,55.9,Medium
KED-ROAD-00410,حارة النجوم,57.5,55.6,54.5,55.9,Medium
KED-ROAD-05680,,57.5,56.6,53.3,55.9,Medium
KED-ROAD-06025,شارع مساكن الإسكان الصناعى,57.5,59.1,49.7,55.7,Medium
KED-ROAD-06024,شارع مساكن الإسكان الصناعى,57.5,59.1,49.7,55.7,Medium
KED-ROAD-05985,شارع الترعه,57.5,58.4,50.4,55.7,Medium
KED-ROAD-05984,شارع الترعه,57.5,58.4,50.4,55.7,Medium
KED-ROAD-02309,,57.5,49.9,59.1,55.3,Medium
KED-ROAD-02310,,57.5,49.9,59.1,55.3,Medium
KED-ROAD-00145,,57.5,56.1,48.9,54.4,Medium
KED-ROAD-00146,,57.5,56.1,48.9,54.4,Medium
KED-ROAD-00141,,57.5,38.5,59.0,51.3,Medium
KED-ROAD-00142,,57.5,38.5,59.0,51.3,Medium
KED-ROAD-00023,,57.5,74.7,0.0,46.3,Medium
KED-ROAD-00024,,57.5,74.7,0.0,46.3,Medium
KED-ROAD-06296,شارع مسجد الهدي,57.5,74.1,0.0,46.1,Medium
KED-ROAD-06295,شارع مسجد الهدي,57.5,74.1,0.0,46.1,Medium
KED-ROAD-00710,شارع صقر,57.5,73.6,0.0,45.9,Medium
KED-ROAD-00727,شارع صقر,57.5,73.5,0.0,45.9,Medium
KED-ROAD-00728,شارع صقر,57.5,73.5,0.0,45.9,Medium
KED-ROAD-00330,عطفه الجمهوريه,57.5,73.5,0.0,45.9,Medium
KED-ROAD-00709,شارع صقر,57.5,73.6,0.0,45.9,Medium
KED-ROAD-05765,,57.5,73.7,0.0,45.9,Medium
KED-ROAD-05766,,57.5,73.7,0.0,45.9,Medium
KED-ROAD-00341,عطفه الجمهوريه,57.5,73.5,0.0,45.9,Medium
KED-ROAD-00726,شارع مصطفى كامل,57.5,73.5,0.0,45.8,Medium
KED-ROAD-00702,شارع صقر,57.5,73.3,0.0,45.8,Medium
KED-ROAD-05861,,57.5,73.2,0.0,45.8,Medium
KED-ROAD-00725,شارع مصطفى كامل,57.5,73.5,0.0,45.8,Medium
KED-ROAD-00701,شارع صقر,57.5,73.3,0.0,45.8,Medium
KED-ROAD-05862,,57.5,73.2,0.0,45.8,Medium
KED-ROAD-06277,شارع مسجد الهدي,57.5,73.0,0.0,45.7,Medium
KED-ROAD-01298,شارع ابراهيم شهاب,57.5,73.2,0.0,45.7,Medium
KED-ROAD-01297,شارع ابراهيم شهاب,57.5,73.2,0.0,45.7,Medium
KED-ROAD-00324,شارع السيد حسنين,57.5,73.2,0.0,45.7,Medium
KED-ROAD-00325,شارع السيد حسنين,57.5,73.2,0.0,45.7,Medium
KED-ROAD-06278,شارع مسجد الهدي,57.5,73.0,0.0,45.7,Medium
KED-ROAD-01293,شارع ابراهيم شهاب,57.5,72.6,0.0,45.6,Medium
KED-ROAD-04550,شارع بورسعيد,57.5,72.7,0.0,45.6,Medium
KED-ROAD-01294,شارع ابراهيم شهاب,57.5,72.6,0.0,45.6,Medium
KED-ROAD-02127,شارع الصعايدة,57.5,72.8,0.0,45.6,Medium
KED-ROAD-06409,شارع عمرو بن العاص,57.5,72.9,0.0,45.6,Medium
KED-ROAD-00029,,57.5,72.9,0.0,45.6,Medium
KED-ROAD-02128,شارع الصعايدة,57.5,72.8,0.0,45.6,Medium
KED-ROAD-04391,شارع الزربة,57.5,72.6,0.0,45.6,Medium
KED-ROAD-00838,شارع الجمهوريه,57.5,72.9,0.0,45.6,Medium
KED-ROAD-00866,شارع الاعراب,57.5,72.7,0.0,45.6,Medium
KED-ROAD-05491,شارع عمرو بن العاص,57.5,72.9,0.0,45.6,Medium
KED-ROAD-04392,شارع الزربة,57.5,72.6,0.0,45.6,Medium
KED-ROAD-00030,,57.5,72.9,0.0,45.6,Medium
KED-ROAD-06410,شارع عمرو بن العاص,57.5,72.9,0.0,45.6,Medium
KED-ROAD-05490,شارع عمرو بن العاص,57.5,72.9,0.0,45.6,Medium
KED-ROAD-00867,شارع الاعراب,57.5,72.7,0.0,45.6,Medium
KED-ROAD-00356,عطفه والي,57.5,72.8,0.0,45.6,Medium
KED-ROAD-00839,شارع الجمهوريه,57.5,72.9,0.0,45.6,Medium
KED-ROAD-00357,عطفه والي,57.5,72.8,0.0,45.6,Medium
KED-ROAD-00789,شارع مصطفى كامل,57.5,72.8,0.0,45.6,Medium
KED-ROAD-03257,حارة السلامه,57.5,72.8,0.0,45.6,Medium
KED-ROAD-00790,شارع مصطفى كامل,57.5,72.8,0.0,45.6,Medium
KED-ROAD-03258,حارة السلامه,57.5,72.8,0.0,45.6,Medium
KED-ROAD-05519,شارع عمرو بن العاص,57.5,72.6,0.0,45.5,Medium
KED-ROAD-02364,شارع سعد خليل,57.5,72.5,0.0,45.5,Medium
KED-ROAD-02363,شارع سعد خليل,57.5,72.5,0.0,45.5,Medium
KED-ROAD-06390,شارع عمرو بن العاص,57.5,72.5,0.0,45.5,Medium
KED-ROAD-06389,شارع عمرو بن العاص,57.5,72.5,0.0,45.5,Medium
KED-ROAD-06244,شارع عمرو بن العاص,57.5,72.4,0.0,45.5,Medium
KED-ROAD-06245,شارع عمرو بن العاص,57.5,72.4,0.0,45.5,Medium
KED-ROAD-04551,شارع بورسعيد,57.5,72.5,0.0,45.5,Medium
KED-ROAD-05518,شارع عمرو بن العاص,57.5,72.6,0.0,45.5,Medium
KED-ROAD-06260,شارع مسجد الهدي,57.5,72.5,0.0,45.5,Medium
KED-ROAD-06261,شارع مسجد الهدي,57.5,72.5,0.0,45.5,Medium
KED-ROAD-00882,,57.5,72.6,0.0,45.5,Medium
KED-ROAD-06382,شارع عمرو بن العاص,57.5,72.5,0.0,45.5,Medium
KED-ROAD-06259,شارع مسجد الهدي,57.5,72.5,0.0,45.5,Medium
KED-ROAD-01880,شارع محمد رفاعى,57.5,72.4,0.0,45.5,Medium
KED-ROAD-00881,,57.5,72.6,0.0,45.5,Medium
KED-ROAD-06381,شارع عمرو بن العاص,57.5,72.5,0.0,45.5,Medium
KED-ROAD-00386,حارة نهضة مصر,57.5,72.6,0.0,45.5,Medium
KED-ROAD-00360,,57.5,72.6,0.0,45.5,Medium
KED-ROAD-04034,شارع الاحمر,57.5,72.4,0.0,45.5,Medium
KED-ROAD-04033,شارع الاحمر,57.5,72.4,0.0,45.5,Medium
KED-ROAD-00371,,57.5,72.6,0.0,45.5,Medium
KED-ROAD-00975,شارع المدينه,57.5,72.5,0.0,45.5,Medium
KED-ROAD-00976,شارع المدينه,57.5,72.5,0.0,45.5,Medium
KED-ROAD-00823,حارة نهضة مصر,57.5,72.6,0.0,45.5,Medium
KED-ROAD-00707,شارع خفاجه,57.5,72.5,0.0,45.5,Medium
KED-ROAD-03164,شارع إسماعيل شحاتة,57.5,72.4,0.0,45.5,Medium
KED-ROAD-03165,شارع إسماعيل شحاتة,57.5,72.4,0.0,45.5,Medium
KED-ROAD-00584,زقاق الشهيد احمد المنسى,57.5,72.4,0.0,45.5,Medium
KED-ROAD-00583,زقاق الشهيد احمد المنسى,57.5,72.4,0.0,45.5,Medium
KED-ROAD-06281,شارع مسجد الهدي,57.5,72.4,0.0,45.5,Medium
KED-ROAD-03115,شارع المدينه,57.5,72.6,0.0,45.5,Medium
KED-ROAD-06292,شارع مسجد الهدي,57.5,72.4,0.0,45.5,Medium
KED-ROAD-02579,شارع محمد خضر,57.5,72.4,0.0,45.5,Medium
KED-ROAD-03916,شارع محمد رفاعى,57.5,72.4,0.0,45.5,Medium
KED-ROAD-06272,شارع مسجد الهدي,57.5,72.5,0.0,45.5,Medium
KED-ROAD-02578,شارع محمد خضر,57.5,72.4,0.0,45.5,Medium
KED-ROAD-03114,شارع المدينه,57.5,72.6,0.0,45.5,Medium
KED-ROAD-00708,شارع خفاجه,57.5,72.5,0.0,45.5,Medium
KED-ROAD-00721,شارع الانوار,57.5,72.6,0.0,45.5,Medium
KED-ROAD-00722,شارع الانوار,57.5,72.6,0.0,45.5,Medium
KED-ROAD-06395,شارع عمرو بن العاص,57.5,72.3,0.0,45.4,Medium
KED-ROAD-03151,شارع زين العابدين,57.5,72.3,0.0,45.4,Medium
KED-ROAD-06396,شارع عمرو بن العاص,57.5,72.3,0.0,45.4,Medium
KED-ROAD-04144,شارع السيد البحيري,57.5,72.1,0.0,45.4,Medium
KED-ROAD-01567,شارع عبد المنعم,57.5,72.1,0.0,45.4,Medium
KED-ROAD-01568,شارع عبد المنعم,57.5,72.1,0.0,45.4,Medium
KED-ROAD-03130,شارع زين العابدين,57.5,72.3,0.0,45.4,Medium
KED-ROAD-00349,عطفه السيدة عائشة,57.5,72.2,0.0,45.4,Medium
KED-ROAD-04674,شارع صلاح سالم,57.5,72.2,0.0,45.4,Medium
KED-ROAD-00568,زقاق الشهيد احمد المنسى,57.5,72.3,0.0,45.4,Medium
KED-ROAD-04143,شارع السيد البحيري,57.5,72.1,0.0,45.4,Medium
KED-ROAD-04675,شارع صلاح سالم,57.5,72.2,0.0,45.4,Medium
KED-ROAD-00864,شارع الجمهوريه,57.5,72.2,0.0,45.4,Medium
KED-ROAD-00587,حارة نهضة مصر,57.5,72.3,0.0,45.4,Medium
KED-ROAD-00449,شارع داير البندر,57.5,72.2,0.0,45.4,Medium
KED-ROAD-00448,شارع داير البندر,57.5,72.2,0.0,45.4,Medium
KED-ROAD-05483,شارع عمرو بن العاص,57.5,72.2,0.0,45.4,Medium
KED-ROAD-05482,شارع عمرو بن العاص,57.5,72.2,0.0,45.4,Medium
KED-ROAD-05489,شارع عمرو بن العاص,57.5,72.1,0.0,45.4,Medium
KED-ROAD-02961,شارع الاداره الصحيه,57.5,72.2,0.0,45.4,Medium
KED-ROAD-00348,عطفه السيدة عائشة,57.5,72.2,0.0,45.4,Medium
KED-ROAD-00342,عطفه الجمهوريه,57.5,72.3,0.0,45.4,Medium
KED-ROAD-00343,عطفه الجمهوريه,57.5,72.3,0.0,45.4,Medium
KED-ROAD-02920,شارع الاداره الصحيه,57.5,72.2,0.0,45.4,Medium
KED-ROAD-00560,زقاق الشهيد احمد المنسى,57.5,72.3,0.0,45.4,Medium
KED-ROAD-05488,شارع عمرو بن العاص,57.5,72.1,0.0,45.4,Medium
KED-ROAD-00588,حارة نهضة مصر,57.5,72.3,0.0,45.4,Medium
KED-ROAD-00865,شارع الجمهوريه,57.5,72.2,0.0,45.4,Medium
KED-ROAD-05763,,57.5,72.3,0.0,45.4,Medium
KED-ROAD-05764,,57.5,72.3,0.0,45.4,Medium
KED-ROAD-01283,شارع شتا,57.5,72.3,0.0,45.4,Medium
KED-ROAD-06251,,57.5,72.2,0.0,45.4,Medium
KED-ROAD-06250,,57.5,72.2,0.0,45.4,Medium
KED-ROAD-06161,شارع مساكن 144,57.5,72.3,0.0,45.4,Medium
KED-ROAD-06162,شارع مساكن 144,57.5,72.3,0.0,45.4,Medium
KED-ROAD-01284,شارع شتا,57.5,72.3,0.0,45.4,Medium
KED-ROAD-02218,شارع 6,57.5,71.8,0.0,45.3,Medium
KED-ROAD-03209,شارع 26 يوليو,57.5,72.0,0.0,45.3,Medium
KED-ROAD-03210,شارع 26 يوليو,57.5,72.0,0.0,45.3,Medium
KED-ROAD-00869,شارع الجمهوريه,57.5,71.8,0.0,45.3,Medium
KED-ROAD-00477,شارع فلسطين,57.5,71.9,0.0,45.3,Medium
KED-ROAD-00858,,57.5,71.9,0.0,45.3,Medium
KED-ROAD-00857,,57.5,71.9,0.0,45.3,Medium
KED-ROAD-02028,شارع حامد النداف,57.5,71.9,0.0,45.3,Medium
KED-ROAD-02130,شارع الصعايدة,57.5,71.8,0.0,45.3,Medium
KED-ROAD-01236,شارع السقا,57.5,71.8,0.0,45.3,Medium
KED-ROAD-01235,شارع السقا,57.5,71.8,0.0,45.3,Medium
KED-ROAD-02580,شارع محمد خضر,57.5,71.9,0.0,45.3,Medium
KED-ROAD-03145,شارع الجمهوريه,57.5,71.9,0.0,45.3,Medium
KED-ROAD-03162,شارع إسماعيل شحاتة,57.5,71.8,0.0,45.3,Medium
KED-ROAD-03146,شارع الجمهوريه,57.5,71.9,0.0,45.3,Medium
KED-ROAD-04548,,57.5,72.0,0.0,45.3,Medium
KED-ROAD-02129,شارع الصعايدة,57.5,71.8,0.0,45.3,Medium
KED-ROAD-06262,شارع عمرو بن العاص,57.5,71.9,0.0,45.3,Medium
KED-ROAD-06263,شارع عمرو بن العاص,57.5,71.9,0.0,45.3,Medium
KED-ROAD-06248,شارع عمرو بن العاص,57.5,71.9,0.0,45.3,Medium
KED-ROAD-04031,شارع الاحمر,57.5,71.8,0.0,45.3,Medium
KED-ROAD-04032,شارع الاحمر,57.5,71.8,0.0,45.3,Medium
KED-ROAD-04269,شارع على منسى,57.5,72.0,0.0,45.3,Medium
KED-ROAD-03788,حارة خضير,57.5,71.8,0.0,45.3,Medium
KED-ROAD-05514,شارع عمرو بن العاص,57.5,71.9,0.0,45.3,Medium
KED-ROAD-04347,شارع مسجد النور,57.5,71.9,0.0,45.3,Medium
KED-ROAD-04348,شارع مسجد النور,57.5,71.9,0.0,45.3,Medium
KED-ROAD-04696,,57.5,71.9,0.0,45.3,Medium
KED-ROAD-06249,شارع عمرو بن العاص,57.5,71.9,0.0,45.3,Medium
KED-ROAD-04549,,57.5,72.0,0.0,45.3,Medium
KED-ROAD-02762,شارع الشهيد احمد عبد العزيز,57.5,72.1,0.0,45.3,Medium
KED-ROAD-05515,شارع عمرو بن العاص,57.5,71.9,0.0,45.3,Medium
KED-ROAD-04695,,57.5,71.9,0.0,45.3,Medium
KED-ROAD-06233,شارع عمرو بن العاص,57.5,72.0,0.0,45.3,Medium
KED-ROAD-06232,شارع عمرو بن العاص,57.5,72.0,0.0,45.3,Medium
KED-ROAD-00664,,57.5,71.8,0.0,45.3,Medium
KED-ROAD-03427,شارع محمود الصباغ,57.5,71.9,0.0,45.3,Medium
KED-ROAD-00663,,57.5,71.8,0.0,45.3,Medium
KED-ROAD-02611,شارع محمد خضر,57.5,71.9,0.0,45.3,Medium
KED-ROAD-03777,حارة خضير,57.5,71.8,0.0,45.3,Medium
KED-ROAD-04268,شارع على منسى,57.5,72.0,0.0,45.3,Medium
KED-ROAD-02303,,57.5,71.8,0.0,45.3,Medium
KED-ROAD-03163,شارع إسماعيل شحاتة,57.5,71.8,0.0,45.3,Medium
KED-ROAD-00476,شارع فلسطين,57.5,71.9,0.0,45.3,Medium
KED-ROAD-06299,شارع مسجد الهدي,57.5,72.0,0.0,45.3,Medium
KED-ROAD-02217,شارع 6,57.5,71.8,0.0,45.3,Medium
KED-ROAD-02027,شارع حامد النداف,57.5,71.9,0.0,45.3,Medium
KED-ROAD-02162,شارع 106,57.5,71.9,0.0,45.3,Medium
KED-ROAD-02161,شارع 106,57.5,71.9,0.0,45.3,Medium
KED-ROAD-00590,حارة نهضة مصر,57.5,71.8,0.0,45.3,Medium
KED-ROAD-00868,شارع الجمهوريه,57.5,71.8,0.0,45.3,Medium
KED-ROAD-00780,,57.5,71.9,0.0,45.3,Medium
KED-ROAD-04240,شارع حواش,57.5,71.8,0.0,45.3,Medium
KED-ROAD-03428,شارع محمود الصباغ,57.5,71.9,0.0,45.3,Medium
KED-ROAD-00779,,57.5,71.9,0.0,45.3,Medium
KED-ROAD-04239,شارع حواش,57.5,71.8,0.0,45.3,Medium
KED-ROAD-06300,شارع مسجد الهدي,57.5,72.0,0.0,45.3,Medium
KED-ROAD-02304,,57.5,71.8,0.0,45.3,Medium
KED-ROAD-00589,حارة نهضة مصر,57.5,71.8,0.0,45.3,Medium
KED-ROAD-02763,شارع الشهيد احمد عبد العزيز,57.5,72.1,0.0,45.3,Medium
KED-ROAD-00743,شارع الانوار,57.5,71.5,0.0,45.2,Medium
KED-ROAD-04267,شارع على منسى,57.5,71.6,0.0,45.2,Medium
KED-ROAD-02355,شارع نجم,57.5,71.5,0.0,45.2,Medium
KED-ROAD-02354,شارع نجم,57.5,71.5,0.0,45.2,Medium
KED-ROAD-03101,شارع دنشواى,57.5,71.7,0.0,45.2,Medium
KED-ROAD-05696,شارع مساكن 144,57.5,71.6,0.0,45.2,Medium
KED-ROAD-05932,,57.5,71.6,0.0,45.2,Medium
KED-ROAD-03102,شارع دنشواى,57.5,71.7,0.0,45.2,Medium
KED-ROAD-03128,شارع زين العابدين,57.5,71.6,0.0,45.2,Medium
KED-ROAD-03129,شارع زين العابدين,57.5,71.6,0.0,45.2,Medium
KED-ROAD-01172,شارع احمد بكر,57.5,71.7,0.0,45.2,Medium
KED-ROAD-06270,شارع عمرو بن العاص,57.5,71.8,0.0,45.2,Medium
KED-ROAD-00426,شارع داير البندر,57.5,71.7,0.0,45.2,Medium
KED-ROAD-00427,شارع داير البندر,57.5,71.7,0.0,45.2,Medium
KED-ROAD-05429,,57.5,71.6,0.0,45.2,Medium
KED-ROAD-02738,شارع حافظ ابراهيم,57.5,71.6,0.0,45.2,Medium
KED-ROAD-00746,عطفه جلال الدسوقي,57.5,71.6,0.0,45.2,Medium
KED-ROAD-00745,عطفه جلال الدسوقي,57.5,71.6,0.0,45.2,Medium
KED-ROAD-00744,شارع الانوار,57.5,71.5,0.0,45.2,Medium
KED-ROAD-04266,شارع على منسى,57.5,71.6,0.0,45.2,Medium
KED-ROAD-00337,شارع الجيش,57.5,71.5,0.0,45.2,Medium
KED-ROAD-03141,شارع الجمهوريه,57.5,71.5,0.0,45.2,Medium
KED-ROAD-03142,شارع الجمهوريه,57.5,71.5,0.0,45.2,Medium
KED-ROAD-01463,شارع احمد بكر,57.5,71.5,0.0,45.2,Medium
KED-ROAD-01464,شارع احمد بكر,57.5,71.5,0.0,45.2,Medium
KED-ROAD-03496,شارع الامه,57.5,71.5,0.0,45.2,Medium
KED-ROAD-03497,شارع الامه,57.5,71.5,0.0,45.2,Medium
KED-ROAD-03023,شارع الغنيمى,57.5,71.6,0.0,45.2,Medium
KED-ROAD-01250,,57.5,71.7,0.0,45.2,Medium
KED-ROAD-01240,شارع السقا,57.5,71.6,0.0,45.2,Medium
KED-ROAD-01239,شارع السقا,57.5,71.6,0.0,45.2,Medium
KED-ROAD-05933,,57.5,71.6,0.0,45.2,Medium
KED-ROAD-03024,شارع الغنيمى,57.5,71.6,0.0,45.2,Medium
KED-ROAD-06271,شارع عمرو بن العاص,57.5,71.8,0.0,45.2,Medium
KED-ROAD-06266,شارع عمرو بن العاص,57.5,71.7,0.0,45.2,Medium
KED-ROAD-01841,شارع ابراهيم شهاب,57.5,71.5,0.0,45.2,Medium
KED-ROAD-01842,شارع ابراهيم شهاب,57.5,71.5,0.0,45.2,Medium
KED-ROAD-02553,شارع محمد كساب,57.5,71.7,0.0,45.2,Medium
KED-ROAD-00276,شارع محمد متولي الشعراوى,57.5,71.6,0.0,45.2,Medium
KED-ROAD-01593,شارع عبد المنعم,57.5,71.7,0.0,45.2,Medium
KED-ROAD-01594,شارع عبد المنعم,57.5,71.7,0.0,45.2,Medium
KED-ROAD-00586,شارع الجمهوريه,57.5,71.5,0.0,45.2,Medium
KED-ROAD-00585,شارع الجمهوريه,57.5,71.5,0.0,45.2,Medium
KED-ROAD-00855,شارع سعد زغلول,57.5,71.6,0.0,45.2,Medium
KED-ROAD-00856,شارع سعد زغلول,57.5,71.6,0.0,45.2,Medium
KED-ROAD-00861,شارع الانوار,57.5,71.7,0.0,45.2,Medium
KED-ROAD-00862,شارع العرفان,57.5,71.6,0.0,45.2,Medium
KED-ROAD-02464,شارع العمرجي,57.5,71.7,0.0,45.2,Medium
KED-ROAD-00863,شارع العرفان,57.5,71.6,0.0,45.2,Medium
KED-ROAD-05695,شارع مساكن 144,57.5,71.6,0.0,45.2,Medium
KED-ROAD-02026,شارع حامد النداف,57.5,71.6,0.0,45.2,Medium
KED-ROAD-00439,شارع 41,57.5,71.7,0.0,45.2,Medium
KED-ROAD-02025,شارع حامد النداف,57.5,71.6,0.0,45.2,Medium
KED-ROAD-00667,شارع إسماعيل شحاتة,57.5,71.5,0.0,45.2,Medium
KED-ROAD-00438,شارع 41,57.5,71.7,0.0,45.2,Medium
KED-ROAD-06267,شارع عمرو بن العاص,57.5,71.7,0.0,45.2,Medium
KED-ROAD-03954,شارع احمد بكر,57.5,71.7,0.0,45.2,Medium
KED-ROAD-05430,,57.5,71.6,0.0,45.2,Medium
KED-ROAD-04701,شارع بالي,57.5,71.6,0.0,45.2,Medium
KED-ROAD-01271,,57.5,71.7,0.0,45.2,Medium
KED-ROAD-04698,,57.5,71.7,0.0,45.2,Medium
KED-ROAD-03295,شارع الامه,57.5,71.7,0.0,45.2,Medium
KED-ROAD-03296,شارع الامه,57.5,71.7,0.0,45.2,Medium
KED-ROAD-04702,شارع بالي,57.5,71.6,0.0,45.2,Medium
KED-ROAD-00323,شارع السيد حسنين,57.5,71.7,0.0,45.2,Medium
KED-ROAD-01922,شارع فوزي شعيب,57.5,71.7,0.0,45.2,Medium
KED-ROAD-01923,شارع فوزي شعيب,57.5,71.7,0.0,45.2,Medium
KED-ROAD-00275,شارع محمد متولي الشعراوى,57.5,71.6,0.0,45.2,Medium
KED-ROAD-02552,شارع محمد كساب,57.5,71.7,0.0,45.2,Medium
KED-ROAD-02465,شارع العمرجي,57.5,71.7,0.0,45.2,Medium
KED-ROAD-01171,شارع احمد بكر,57.5,71.7,0.0,45.2,Medium
KED-ROAD-00883,شارع الجمهوريه,57.5,71.7,0.0,45.2,Medium
KED-ROAD-00668,شارع إسماعيل شحاتة,57.5,71.5,0.0,45.2,Medium
KED-ROAD-00840,شارع الانوار,57.5,71.7,0.0,45.2,Medium
KED-ROAD-00322,شارع السيد حسنين,57.5,71.7,0.0,45.2,Medium
KED-ROAD-04697,,57.5,71.7,0.0,45.2,Medium
KED-ROAD-00435,شارع 41,57.5,71.6,0.0,45.2,Medium
KED-ROAD-00884,شارع الجمهوريه,57.5,71.7,0.0,45.2,Medium
KED-ROAD-01687,شارع السقا,57.5,71.7,0.0,45.2,Medium
KED-ROAD-01686,شارع السقا,57.5,71.7,0.0,45.2,Medium
KED-ROAD-00433,,57.5,71.7,0.0,45.2,Medium
KED-ROAD-00434,شارع 41,57.5,71.6,0.0,45.2,Medium
KED-ROAD-02739,شارع حافظ ابراهيم,57.5,71.6,0.0,45.2,Medium
KED-ROAD-00432,,57.5,71.7,0.0,45.2,Medium
KED-ROAD-04561,شارع بورسعيد,57.5,71.5,0.0,45.2,Medium
KED-ROAD-06256,,57.5,71.6,0.0,45.2,Medium
KED-ROAD-06255,,57.5,71.6,0.0,45.2,Medium
KED-ROAD-03443,شارع ابو الدرداء,57.5,71.3,0.0,45.1,Medium
KED-ROAD-03444,شارع ابو الدرداء,57.5,71.3,0.0,45.1,Medium
KED-ROAD-00358,عطفه والي,57.5,71.3,0.0,45.1,Medium
KED-ROAD-01344,,57.5,71.4,0.0,45.1,Medium
KED-ROAD-00359,عطفه والي,57.5,71.3,0.0,45.1,Medium
KED-ROAD-01343,,57.5,71.4,0.0,45.1,Medium
KED-ROAD-00175,شارع محمد متولي الشعراوى,57.5,71.4,0.0,45.1,Medium
KED-ROAD-00176,شارع محمد متولي الشعراوى,57.5,71.4,0.0,45.1,Medium
KED-ROAD-04051,شارع رياض,57.5,71.3,0.0,45.1,Medium
KED-ROAD-01048,,57.5,71.4,0.0,45.1,Medium
KED-ROAD-05799,,57.5,71.2,0.0,45.1,Medium
KED-ROAD-03283,شارع الاتوبيس,57.5,71.3,0.0,45.1,Medium
KED-ROAD-01047,,57.5,71.4,0.0,45.1,Medium
KED-ROAD-03284,شارع الاتوبيس,57.5,71.3,0.0,45.1,Medium
KED-ROAD-05820,,57.5,71.2,0.0,45.1,Medium
KED-ROAD-04050,شارع رياض,57.5,71.3,0.0,45.1,Medium
KED-ROAD-01784,شارع الاحمر,57.5,71.5,0.0,45.1,Medium
KED-ROAD-04677,,57.5,71.3,0.0,45.1,Medium
KED-ROAD-01748,شارع الاحمر,57.5,71.2,0.0,45.1,Medium
KED-ROAD-00599,,57.5,71.4,0.0,45.1,Medium
KED-ROAD-00598,,57.5,71.4,0.0,45.1,Medium
KED-ROAD-02749,شارع ابو العلاء المعري,57.5,71.3,0.0,45.1,Medium
KED-ROAD-02748,شارع ابو العلاء المعري,57.5,71.3,0.0,45.1,Medium
KED-ROAD-01744,شارع الاحمر,57.5,71.3,0.0,45.1,Medium
KED-ROAD-01745,شارع الاحمر,57.5,71.3,0.0,45.1,Medium
KED-ROAD-02783,امتداد شارع الخليج الاعظم,57.5,71.5,0.0,45.1,Medium
KED-ROAD-02782,امتداد شارع الخليج الاعظم,57.5,71.5,0.0,45.1,Medium
KED-ROAD-00659,حارة ضياء الدين,57.5,71.3,0.0,45.1,Medium
KED-ROAD-04676,,57.5,71.3,0.0,45.1,Medium
KED-ROAD-00660,حارة ضياء الدين,57.5,71.3,0.0,45.1,Medium
KED-ROAD-01749,شارع الاحمر,57.5,71.2,0.0,45.1,Medium
KED-ROAD-01785,شارع الاحمر,57.5,71.5,0.0,45.1,Medium
KED-ROAD-05134,الطريق الدولي,57.5,71.3,0.0,45.1,Medium
KED-ROAD-03027,شارع القاهر,57.5,71.4,0.0,45.1,Medium
KED-ROAD-03028,شارع القاهر,57.5,71.4,0.0,45.1,Medium
KED-ROAD-02944,شارع الاداره الصحيه,57.5,71.5,0.0,45.1,Medium
KED-ROAD-02945,شارع الاداره الصحيه,57.5,71.5,0.0,45.1,Medium
KED-ROAD-04235,شارع مسجد النور,57.5,71.2,0.0,45.1,Medium
KED-ROAD-04236,شارع مسجد النور,57.5,71.2,0.0,45.1,Medium
KED-ROAD-03058,شارع القاهر,57.5,71.4,0.0,45.1,Medium
KED-ROAD-03104,شارع الجمهوريه,57.5,71.4,0.0,45.1,Medium
KED-ROAD-00777,,57.5,71.3,0.0,45.1,Medium
KED-ROAD-05468,شارع مسجد الهدي,57.5,71.3,0.0,45.1,Medium
KED-ROAD-05467,شارع مسجد الهدي,57.5,71.3,0.0,45.1,Medium
KED-ROAD-03057,شارع القاهر,57.5,71.4,0.0,45.1,Medium
KED-ROAD-00778,,57.5,71.3,0.0,45.1,Medium
KED-ROAD-03103,شارع الجمهوريه,57.5,71.4,0.0,45.1,Medium
KED-ROAD-03117,شارع الخير,57.5,71.2,0.0,45.1,Medium
KED-ROAD-03116,شارع الخير,57.5,71.2,0.0,45.1,Medium
KED-ROAD-04115,شارع على منسى,57.5,71.3,0.0,45.1,Medium
KED-ROAD-04114,شارع على منسى,57.5,71.3,0.0,45.1,Medium
KED-ROAD-01474,شارع حمزه,57.5,71.3,0.0,45.1,Medium
KED-ROAD-01475,شارع حمزه,57.5,71.3,0.0,45.1,Medium
KED-ROAD-05693,شارع مساكن 144,57.5,71.4,0.0,45.1,Medium
KED-ROAD-05694,شارع مساكن 144,57.5,71.4,0.0,45.1,Medium
KED-ROAD-04959,شارع الاداره الصحيه,57.5,71.3,0.0,45.1,Medium
KED-ROAD-04960,شارع الاداره الصحيه,57.5,71.3,0.0,45.1,Medium
KED-ROAD-00060,,57.5,71.3,0.0,45.1,Medium
KED-ROAD-00294,شارع الوقار,57.5,71.3,0.0,45.1,Medium
KED-ROAD-00295,شارع الوقار,57.5,71.3,0.0,45.1,Medium
KED-ROAD-00316,,57.5,71.2,0.0,45.1,Medium
KED-ROAD-00032,,57.5,71.4,0.0,45.1,Medium
KED-ROAD-00059,,57.5,71.3,0.0,45.1,Medium
KED-ROAD-00031,,57.5,71.4,0.0,45.1,Medium
KED-ROAD-03219,شارع 26 يوليو,57.5,71.0,0.0,45.0,Medium
KED-ROAD-03270,شارع القوى,57.5,71.1,0.0,45.0,Medium
KED-ROAD-03220,شارع 26 يوليو,57.5,71.0,0.0,45.0,Medium
KED-ROAD-05830,,57.5,71.2,0.0,45.0,Medium
KED-ROAD-05831,,57.5,71.2,0.0,45.0,Medium
KED-ROAD-06377,شارع عمرو بن العاص,57.5,71.1,0.0,45.0,Medium
KED-ROAD-06378,شارع عمرو بن العاص,57.5,71.1,0.0,45.0,Medium
KED-ROAD-05758,,57.5,71.0,0.0,45.0,Medium
KED-ROAD-01371,شارع مسجد الكوثر,57.5,71.1,0.0,45.0,Medium
KED-ROAD-03309,شارع إسماعيل شحاتة,57.5,71.0,0.0,45.0,Medium
KED-ROAD-01372,شارع مسجد الكوثر,57.5,71.1,0.0,45.0,Medium
KED-ROAD-03755,,57.5,71.1,0.0,45.0,Medium
KED-ROAD-01046,شارع مدخل كفر الدوار,57.5,71.0,0.0,45.0,Medium
KED-ROAD-01289,شارع شتا,57.5,71.0,0.0,45.0,Medium
KED-ROAD-04954,شارع رفاعه الطهطاوى,57.5,71.0,0.0,45.0,Medium
KED-ROAD-04953,شارع رفاعه الطهطاوى,57.5,71.0,0.0,45.0,Medium
KED-ROAD-00429,شارع المعز,57.5,71.0,0.0,45.0,Medium
KED-ROAD-05655,,57.5,71.0,0.0,45.0,Medium
KED-ROAD-01290,شارع شتا,57.5,71.0,0.0,45.0,Medium
KED-ROAD-05656,,57.5,71.0,0.0,45.0,Medium
KED-ROAD-05757,,57.5,71.0,0.0,45.0,Medium
KED-ROAD-00428,شارع المعز,57.5,71.0,0.0,45.0,Medium
KED-ROAD-04915,شارع صلاح سالم,57.5,71.1,0.0,45.0,Medium
KED-ROAD-04914,شارع صلاح سالم,57.5,71.1,0.0,45.0,Medium
KED-ROAD-04948,شارع عمرو بن العاص,57.5,71.1,0.0,45.0,Medium
KED-ROAD-04947,شارع عمرو بن العاص,57.5,71.1,0.0,45.0,Medium
KED-ROAD-03269,شارع القوى,57.5,71.1,0.0,45.0,Medium
KED-ROAD-00813,شارع الوحدة العربية,57.5,71.2,0.0,45.0,Medium
KED-ROAD-00814,شارع الوحدة العربية,57.5,71.2,0.0,45.0,Medium
KED-ROAD-04012,شارع بورسعيد,57.5,71.1,0.0,45.0,Medium
KED-ROAD-04011,شارع بورسعيد,57.5,71.1,0.0,45.0,Medium
KED-ROAD-04028,شارع الاحمر,57.5,71.1,0.0,45.0,Medium
KED-ROAD-04027,شارع الاحمر,57.5,71.1,0.0,45.0,Medium
KED-ROAD-03310,شارع إسماعيل شحاتة,57.5,71.0,0.0,45.0,Medium
KED-ROAD-03754,,57.5,71.1,0.0,45.0,Medium
KED-ROAD-03876,شارع الاداره الصحيه,57.5,71.1,0.0,45.0,Medium
KED-ROAD-03877,شارع الاداره الصحيه,57.5,71.1,0.0,45.0,Medium
KED-ROAD-04234,شارع الزربة,57.5,71.0,0.0,45.0,Medium
KED-ROAD-04250,شارع حواش,57.5,71.0,0.0,45.0,Medium
KED-ROAD-04249,شارع حواش,57.5,71.0,0.0,45.0,Medium
KED-ROAD-04156,شارع سعيد جاد,57.5,71.2,0.0,45.0,Medium
KED-ROAD-05485,شارع عمرو بن العاص,57.5,71.1,0.0,45.0,Medium
KED-ROAD-04102,شارع مهران,57.5,71.0,0.0,45.0,Medium
KED-ROAD-04131,شارع محمد رفاعى,57.5,71.2,0.0,45.0,Medium
KED-ROAD-04132,شارع محمد رفاعى,57.5,71.2,0.0,45.0,Medium
KED-ROAD-01521,شارع الترعه القديمة,57.5,71.1,0.0,45.0,Medium
KED-ROAD-01510,شارع الترعه القديمة,57.5,71.1,0.0,45.0,Medium
KED-ROAD-03140,شارع المدينه,57.5,71.0,0.0,45.0,Medium
KED-ROAD-03139,شارع المدينه,57.5,71.0,0.0,45.0,Medium
KED-ROAD-04101,شارع مهران,57.5,71.0,0.0,45.0,Medium
KED-ROAD-01466,شارع الصافي,57.5,71.0,0.0,45.0,Medium
KED-ROAD-03168,شارع إسماعيل شحاتة,57.5,71.0,0.0,45.0,Medium
KED-ROAD-01465,شارع الصافي,57.5,71.0,0.0,45.0,Medium
KED-ROAD-05324,,57.5,71.2,0.0,45.0,Medium
KED-ROAD-02785,شارع عدلى,57.5,71.1,0.0,45.0,Medium
KED-ROAD-02784,شارع عدلى,57.5,71.1,0.0,45.0,Medium
KED-ROAD-01712,شارع احمد بكر,57.5,71.0,0.0,45.0,Medium
KED-ROAD-01711,شارع احمد بكر,57.5,71.0,0.0,45.0,Medium
KED-ROAD-00695,,57.5,71.1,0.0,45.0,Medium
KED-ROAD-00694,,57.5,71.1,0.0,45.0,Medium
KED-ROAD-01634,شارع احمد بكر,57.5,71.1,0.0,45.0,Medium
KED-ROAD-01633,شارع احمد بكر,57.5,71.1,0.0,45.0,Medium
KED-ROAD-02958,شارع ماجد,57.5,70.9,0.0,45.0,Medium
KED-ROAD-05401,,57.5,71.1,0.0,45.0,Medium
KED-ROAD-04295,,57.5,71.1,0.0,45.0,Medium
KED-ROAD-05400,,57.5,71.1,0.0,45.0,Medium
KED-ROAD-02959,شارع ماجد,57.5,70.9,0.0,45.0,Medium
KED-ROAD-00544,,57.5,71.2,0.0,45.0,Medium
KED-ROAD-00545,,57.5,71.2,0.0,45.0,Medium
KED-ROAD-02298,شارع محمد خضر,57.5,71.1,0.0,45.0,Medium
KED-ROAD-02297,شارع محمد خضر,57.5,71.1,0.0,45.0,Medium
KED-ROAD-04274,,57.5,71.1,0.0,45.0,Medium
KED-ROAD-03007,شارع الجيش,57.5,71.1,0.0,45.0,Medium
KED-ROAD-04265,شارع الزربة,57.5,71.0,0.0,45.0,Medium
KED-ROAD-03008,شارع الجيش,57.5,71.1,0.0,45.0,Medium
KED-ROAD-01563,شارع 12,57.5,71.1,0.0,45.0,Medium
KED-ROAD-01564,شارع 12,57.5,71.1,0.0,45.0,Medium
KED-ROAD-03169,شارع إسماعيل شحاتة,57.5,71.0,0.0,45.0,Medium
KED-ROAD-04145,شارع سعيد جاد,57.5,71.2,0.0,45.0,Medium
KED-ROAD-05484,شارع عمرو بن العاص,57.5,71.1,0.0,45.0,Medium
KED-ROAD-00706,شارع الانوار,57.5,71.2,0.0,45.0,Medium
KED-ROAD-00554,زقاق الشهيد احمد المنسى,57.5,71.0,0.0,45.0,Medium
KED-ROAD-02761,شارع الشهيد احمد عبد العزيز,57.5,71.1,0.0,45.0,Medium
KED-ROAD-05325,,57.5,71.2,0.0,45.0,Medium
KED-ROAD-00705,شارع الانوار,57.5,71.2,0.0,45.0,Medium
KED-ROAD-00606,شارع محمد متولي الشعراوى,57.5,71.1,0.0,45.0,Medium
KED-ROAD-00605,شارع محمد متولي الشعراوى,57.5,71.1,0.0,45.0,Medium
KED-ROAD-01768,شارع الاحمر,57.5,71.0,0.0,45.0,Medium
KED-ROAD-01769,شارع الاحمر,57.5,71.0,0.0,45.0,Medium
KED-ROAD-00559,زقاق الشهيد احمد المنسى,57.5,71.1,0.0,45.0,Medium
KED-ROAD-00558,زقاق الشهيد احمد المنسى,57.5,71.1,0.0,45.0,Medium
KED-ROAD-00555,زقاق الشهيد احمد المنسى,57.5,71.0,0.0,45.0,Medium
KED-ROAD-02740,شارع الشهيد احمد عبد العزيز,57.5,71.1,0.0,45.0,Medium
KED-ROAD-00540,شارع عثمان بن عفان,57.5,71.0,0.0,45.0,Medium
KED-ROAD-06269,,57.5,70.9,0.0,45.0,Medium
KED-ROAD-06268,,57.5,70.9,0.0,45.0,Medium
KED-ROAD-02413,شارع الحاج مسعود خليل,57.5,71.0,0.0,45.0,Medium
KED-ROAD-00551,شارع عثمان بن عفان,57.5,71.0,0.0,45.0,Medium
KED-ROAD-02414,شارع الحاج مسعود خليل,57.5,71.0,0.0,45.0,Medium
KED-ROAD-04641,شارع صلاح سالم,57.5,71.1,0.0,45.0,Medium
KED-ROAD-06241,شارع عمرو بن العاص,57.5,71.1,0.0,45.0,Medium
KED-ROAD-02577,شارع محمد خضر,57.5,71.1,0.0,45.0,Medium
KED-ROAD-02576,شارع محمد خضر,57.5,71.1,0.0,45.0,Medium
KED-ROAD-01843,شارع ابراهيم شهاب,57.5,71.1,0.0,45.0,Medium
KED-ROAD-04642,شارع صلاح سالم,57.5,71.1,0.0,45.0,Medium
KED-ROAD-01792,شارع الاحمر,57.5,70.9,0.0,45.0,Medium
KED-ROAD-01793,شارع الاحمر,57.5,70.9,0.0,45.0,Medium
KED-ROAD-02632,شارع احمد يونس,57.5,71.0,0.0,45.0,Medium
KED-ROAD-02633,شارع احمد يونس,57.5,71.0,0.0,45.0,Medium
KED-ROAD-05714,,57.5,71.0,0.0,45.0,Medium
KED-ROAD-06400,شارع محمد انور السادات,57.5,71.0,0.0,45.0,Medium
KED-ROAD-06399,شارع محمد انور السادات,57.5,71.0,0.0,45.0,Medium
KED-ROAD-06240,شارع عمرو بن العاص,57.5,71.1,0.0,45.0,Medium
KED-ROAD-02481,شارع العمرجي,57.5,71.0,0.0,45.0,Medium
KED-ROAD-02470,شارع العمرجي,57.5,71.0,0.0,45.0,Medium
KED-ROAD-01844,شارع ابراهيم شهاب,57.5,71.1,0.0,45.0,Medium
KED-ROAD-05715,,57.5,71.0,0.0,45.0,Medium
KED-ROAD-00391,شارع التراث,57.5,70.8,0.0,44.9,Medium
KED-ROAD-05663,,57.5,70.7,0.0,44.9,Medium
KED-ROAD-05664,,57.5,70.7,0.0,44.9,Medium
KED-ROAD-04968,شارع الاداره الصحيه,57.5,70.7,0.0,44.9,Medium
KED-ROAD-00084,,57.5,70.8,0.0,44.9,Medium
KED-ROAD-04967,شارع الاداره الصحيه,57.5,70.7,0.0,44.9,Medium
KED-ROAD-00380,شارع التراث,57.5,70.8,0.0,44.9,Medium
KED-ROAD-04564,,57.5,70.9,0.0,44.9,Medium
KED-ROAD-00317,شارع الجيش,57.5,70.9,0.0,44.9,Medium
KED-ROAD-02555,حارة عواد,57.5,70.7,0.0,44.9,Medium
KED-ROAD-02554,حارة عواد,57.5,70.7,0.0,44.9,Medium
KED-ROAD-02550,شارع السد العالى,57.5,70.7,0.0,44.9,Medium
KED-ROAD-02075,شارع سعد رخا,57.5,70.7,0.0,44.9,Medium
KED-ROAD-02571,شارع السد العالى,57.5,70.7,0.0,44.9,Medium
KED-ROAD-05776,,57.5,70.9,0.0,44.9,Medium
KED-ROAD-02076,شارع سعد رخا,57.5,70.7,0.0,44.9,Medium
KED-ROAD-05775,,57.5,70.9,0.0,44.9,Medium
KED-ROAD-04565,,57.5,70.9,0.0,44.9,Medium
KED-ROAD-02594,شارع محمد خضر,57.5,70.8,0.0,44.9,Medium
KED-ROAD-02595,شارع محمد خضر,57.5,70.8,0.0,44.9,Medium
KED-ROAD-01165,شارع احمد بكر,57.5,70.7,0.0,44.9,Medium
KED-ROAD-01336,,57.5,70.7,0.0,44.9,Medium
KED-ROAD-01335,,57.5,70.7,0.0,44.9,Medium
KED-ROAD-01166,شارع احمد بكر,57.5,70.7,0.0,44.9,Medium
KED-ROAD-00887,,57.5,70.9,0.0,44.9,Medium
KED-ROAD-00552,شارع الجنة,57.5,70.9,0.0,44.9,Medium
KED-ROAD-03856,,57.5,70.7,0.0,44.9,Medium
KED-ROAD-00888,,57.5,70.9,0.0,44.9,Medium
KED-ROAD-00669,شارع إسماعيل شحاتة,57.5,70.8,0.0,44.9,Medium
KED-ROAD-00670,شارع إسماعيل شحاتة,57.5,70.8,0.0,44.9,Medium
KED-ROAD-03798,شارع سلام,57.5,70.8,0.0,44.9,Medium
KED-ROAD-03799,شارع سلام,57.5,70.8,0.0,44.9,Medium
KED-ROAD-01045,,57.5,70.7,0.0,44.9,Medium
KED-ROAD-01743,شارع الاحمر,57.5,70.7,0.0,44.9,Medium
KED-ROAD-01742,شارع الاحمر,57.5,70.7,0.0,44.9,Medium
KED-ROAD-01059,,57.5,70.9,0.0,44.9,Medium
KED-ROAD-05791,,57.5,70.7,0.0,44.9,Medium
KED-ROAD-05792,,57.5,70.7,0.0,44.9,Medium
KED-ROAD-01044,,57.5,70.7,0.0,44.9,Medium
KED-ROAD-01060,,57.5,70.9,0.0,44.9,Medium
KED-ROAD-03701,شارع بورسعيد,57.5,70.7,0.0,44.9,Medium
KED-ROAD-03700,شارع بورسعيد,57.5,70.7,0.0,44.9,Medium
KED-ROAD-02445,شارع نجم,57.5,70.7,0.0,44.9,Medium
KED-ROAD-02444,شارع نجم,57.5,70.7,0.0,44.9,Medium
KED-ROAD-05566,,57.5,70.6,0.0,44.9,Medium
KED-ROAD-05816,,57.5,70.7,0.0,44.9,Medium
KED-ROAD-05821,,57.5,70.7,0.0,44.9,Medium
KED-ROAD-05822,,57.5,70.7,0.0,44.9,Medium
KED-ROAD-03285,شارع محمود الصباغ,57.5,70.7,0.0,44.9,Medium
KED-ROAD-03286,شارع محمود الصباغ,57.5,70.7,0.0,44.9,Medium
KED-ROAD-04437,شارع احمد عرابى,57.5,70.7,0.0,44.9,Medium
KED-ROAD-05815,,57.5,70.7,0.0,44.9,Medium
KED-ROAD-00876,شارع مصطفى كامل,57.5,70.6,0.0,44.9,Medium
KED-ROAD-00877,شارع مصطفى كامل,57.5,70.6,0.0,44.9,Medium
KED-ROAD-05567,,57.5,70.6,0.0,44.9,Medium
KED-ROAD-03857,,57.5,70.7,0.0,44.9,Medium
KED-ROAD-01737,شارع ابراهيم شهاب,57.5,70.9,0.0,44.9,Medium
KED-ROAD-01736,شارع ابراهيم شهاب,57.5,70.9,0.0,44.9,Medium
KED-ROAD-04683,,57.5,70.7,0.0,44.9,Medium
KED-ROAD-00553,شارع الجنة,57.5,70.9,0.0,44.9,Medium
KED-ROAD-06367,شارع محمد انور السادات,57.5,70.7,0.0,44.9,Medium
KED-ROAD-06368,شارع محمد انور السادات,57.5,70.7,0.0,44.9,Medium
KED-ROAD-00340,شارع الجيش,57.5,70.8,0.0,44.9,Medium
KED-ROAD-06303,,57.5,70.9,0.0,44.9,Medium
KED-ROAD-03491,شارع الامه,57.5,70.8,0.0,44.9,Medium
KED-ROAD-06398,,57.5,70.9,0.0,44.9,Medium
KED-ROAD-06397,,57.5,70.9,0.0,44.9,Medium
KED-ROAD-03470,شارع الامه,57.5,70.8,0.0,44.9,Medium
KED-ROAD-06304,,57.5,70.9,0.0,44.9,Medium
KED-ROAD-05458,شارع عمرو بن العاص,57.5,70.8,0.0,44.9,Medium
KED-ROAD-06350,,57.5,70.8,0.0,44.9,Medium
KED-ROAD-02312,شارع اسماعيل محمد,57.5,70.7,0.0,44.9,Medium
KED-ROAD-05459,شارع عمرو بن العاص,57.5,70.8,0.0,44.9,Medium
KED-ROAD-00083,,57.5,70.8,0.0,44.9,Medium
KED-ROAD-05414,,57.5,70.8,0.0,44.9,Medium
KED-ROAD-05413,,57.5,70.8,0.0,44.9,Medium
KED-ROAD-04037,شارع الاحمر,57.5,70.7,0.0,44.9,Medium
KED-ROAD-01432,شارع احمد بكر,57.5,70.7,0.0,44.9,Medium
KED-ROAD-06351,,57.5,70.8,0.0,44.9,Medium
KED-ROAD-01431,شارع احمد بكر,57.5,70.7,0.0,44.9,Medium
KED-ROAD-04351,شارع مسجد النور,57.5,70.9,0.0,44.9,Medium
KED-ROAD-04389,شارع الزربة,57.5,70.9,0.0,44.9,Medium
KED-ROAD-02010,شارع 7,57.5,70.9,0.0,44.9,Medium
KED-ROAD-02009,شارع 7,57.5,70.9,0.0,44.9,Medium
KED-ROAD-01606,شارع احمد بكر,57.5,70.8,0.0,44.9,Medium
KED-ROAD-01607,شارع الصافي,57.5,70.8,0.0,44.9,Medium
KED-ROAD-01608,شارع الصافي,57.5,70.8,0.0,44.9,Medium
KED-ROAD-04036,شارع الاحمر,57.5,70.7,0.0,44.9,Medium
KED-ROAD-00197,شارع مسجد الشهداء,57.5,70.7,0.0,44.9,Medium
KED-ROAD-01605,شارع احمد بكر,57.5,70.8,0.0,44.9,Medium
KED-ROAD-00196,شارع مسجد الشهداء,57.5,70.7,0.0,44.9,Medium
KED-ROAD-04352,شارع مسجد النور,57.5,70.9,0.0,44.9,Medium
KED-ROAD-01689,شارع السقا,57.5,70.9,0.0,44.9,Medium
KED-ROAD-04390,شارع الزربة,57.5,70.9,0.0,44.9,Medium
KED-ROAD-02814,شارع محمد خضر,57.5,70.8,0.0,44.9,Medium
KED-ROAD-02813,شارع محمد خضر,57.5,70.8,0.0,44.9,Medium
KED-ROAD-01688,شارع السقا,57.5,70.9,0.0,44.9,Medium
KED-ROAD-01684,شارع السقا,57.5,70.7,0.0,44.9,Medium
KED-ROAD-01685,شارع السقا,57.5,70.7,0.0,44.9,Medium
KED-ROAD-04684,,57.5,70.7,0.0,44.9,Medium
KED-ROAD-02812,شارع محمد خضر,57.5,70.7,0.0,44.9,Medium
KED-ROAD-04400,,57.5,70.8,0.0,44.9,Medium
KED-ROAD-02811,شارع محمد خضر,57.5,70.7,0.0,44.9,Medium
KED-ROAD-04401,,57.5,70.8,0.0,44.9,Medium
KED-ROAD-00519,,57.5,70.8,0.0,44.9,Medium
KED-ROAD-00518,,57.5,70.8,0.0,44.9,Medium
KED-ROAD-02375,شارع نجم,57.5,70.7,0.0,44.9,Medium
KED-ROAD-02374,شارع نجم,57.5,70.7,0.0,44.9,Medium
KED-ROAD-03180,شارع لواء الاسلام,57.5,70.7,0.0,44.9,Medium
KED-ROAD-02968,,57.5,70.9,0.0,44.9,Medium
KED-ROAD-01592,شارع محمد عيسي,57.5,70.9,0.0,44.9,Medium
KED-ROAD-00336,شارع الجيش,57.5,70.8,0.0,44.9,Medium
KED-ROAD-02311,شارع اسماعيل محمد,57.5,70.7,0.0,44.9,Medium
KED-ROAD-02301,,57.5,70.9,0.0,44.9,Medium
KED-ROAD-01591,شارع محمد عيسي,57.5,70.9,0.0,44.9,Medium
KED-ROAD-02969,,57.5,70.9,0.0,44.9,Medium
KED-ROAD-03218,شارع 26 يوليو,57.5,70.8,0.0,44.9,Medium
KED-ROAD-03217,شارع 26 يوليو,57.5,70.8,0.0,44.9,Medium
KED-ROAD-03179,شارع لواء الاسلام,57.5,70.7,0.0,44.9,Medium
KED-ROAD-02302,,57.5,70.9,0.0,44.9,Medium
KED-ROAD-01950,شارع مسجد النور,57.5,70.9,0.0,44.9,Medium
KED-ROAD-01949,شارع مسجد النور,57.5,70.9,0.0,44.9,Medium
KED-ROAD-00848,شارع 1,57.5,70.6,0.0,44.8,Medium
KED-ROAD-03969,شارع البسطاويسي,57.5,70.4,0.0,44.8,Medium
KED-ROAD-02399,شارع إسماعيل شحاتة,57.5,70.5,0.0,44.8,Medium
KED-ROAD-02398,شارع إسماعيل شحاتة,57.5,70.5,0.0,44.8,Medium
KED-ROAD-03294,حارة السلامه,57.5,70.5,0.0,44.8,Medium
KED-ROAD-04416,شارع مسجد النور,57.5,70.4,0.0,44.8,Medium
KED-ROAD-00271,شارع محمد متولي الشعراوى,57.5,70.4,0.0,44.8,Medium
KED-ROAD-04423,شارع 18,57.5,70.4,0.0,44.8,Medium
KED-ROAD-00272,شارع محمد متولي الشعراوى,57.5,70.4,0.0,44.8,Medium
KED-ROAD-03293,حارة السلامه,57.5,70.5,0.0,44.8,Medium
KED-ROAD-03812,,57.5,70.5,0.0,44.8,Medium
KED-ROAD-03811,,57.5,70.5,0.0,44.8,Medium
KED-ROAD-01761,شارع ابراهيم شهاب,57.5,70.4,0.0,44.8,Medium
KED-ROAD-04937,امتداد شارع الخليج الاعظم,57.5,70.6,0.0,44.8,Medium
KED-ROAD-04938,امتداد شارع الخليج الاعظم,57.5,70.6,0.0,44.8,Medium
KED-ROAD-04524,,57.5,70.6,0.0,44.8,Medium
KED-ROAD-04525,,57.5,70.6,0.0,44.8,Medium
KED-ROAD-00601,شارع 105,57.5,70.5,0.0,44.8,Medium
KED-ROAD-03446,شارع ابو الدرداء,57.5,70.4,0.0,44.8,Medium
KED-ROAD-01151,شارع الصافي,57.5,70.4,0.0,44.8,Medium
KED-ROAD-01152,شارع الصافي,57.5,70.4,0.0,44.8,Medium
KED-ROAD-02603,شارع محمد خضر,57.5,70.5,0.0,44.8,Medium
KED-ROAD-01878,شارع محمد رفاعى,57.5,70.6,0.0,44.8,Medium
KED-ROAD-01879,شارع محمد رفاعى,57.5,70.6,0.0,44.8,Medium
KED-ROAD-02604,شارع محمد خضر,57.5,70.5,0.0,44.8,Medium
KED-ROAD-03349,شارع 26 يوليو,57.5,70.4,0.0,44.8,Medium
KED-ROAD-02187,شارع الحاج مسعود خليل,57.5,70.4,0.0,44.8,Medium
KED-ROAD-03445,شارع ابو الدرداء,57.5,70.4,0.0,44.8,Medium
KED-ROAD-05039,شارع شحاته,57.5,70.6,0.0,44.8,Medium
KED-ROAD-05040,شارع شحاته,57.5,70.6,0.0,44.8,Medium
KED-ROAD-00007,شارع الشهيد محمد العطار,57.5,70.4,0.0,44.8,Medium
KED-ROAD-00847,شارع 1,57.5,70.6,0.0,44.8,Medium
KED-ROAD-03970,شارع البسطاويسي,57.5,70.4,0.0,44.8,Medium
KED-ROAD-02765,شارع حافظ ابراهيم,57.5,70.4,0.0,44.8,Medium
KED-ROAD-01740,شارع ابراهيم شهاب,57.5,70.4,0.0,44.8,Medium
KED-ROAD-00602,شارع 105,57.5,70.5,0.0,44.8,Medium
KED-ROAD-01091,شارع القنطره,57.5,70.6,0.0,44.8,Medium
KED-ROAD-00921,شارع الخير,57.5,70.6,0.0,44.8,Medium
KED-ROAD-00922,شارع الخير,57.5,70.6,0.0,44.8,Medium
KED-ROAD-00569,زقاق الشهيد احمد المنسى,57.5,70.6,0.0,44.8,Medium
KED-ROAD-00570,زقاق الشهيد احمد المنسى,57.5,70.6,0.0,44.8,Medium
KED-ROAD-01092,شارع القنطره,57.5,70.6,0.0,44.8,Medium
KED-ROAD-04692,شارع 58,57.5,70.5,0.0,44.8,Medium
KED-ROAD-02186,شارع الحاج مسعود خليل,57.5,70.4,0.0,44.8,Medium
KED-ROAD-03350,شارع 26 يوليو,57.5,70.4,0.0,44.8,Medium
KED-ROAD-01666,شارع احمد بكر,57.5,70.5,0.0,44.8,Medium
KED-ROAD-02847,شارع 26 يوليو,57.5,70.5,0.0,44.8,Medium
KED-ROAD-01665,شارع احمد بكر,57.5,70.5,0.0,44.8,Medium
KED-ROAD-04415,شارع مسجد النور,57.5,70.4,0.0,44.8,Medium
KED-ROAD-02357,شارع نجم,57.5,70.4,0.0,44.8,Medium
KED-ROAD-04059,شارع الاحمر,57.5,70.6,0.0,44.8,Medium
KED-ROAD-00469,شارع المعز,57.5,70.4,0.0,44.8,Medium
KED-ROAD-02935,شارع الاداره الصحيه,57.5,70.5,0.0,44.8,Medium
KED-ROAD-02934,شارع الاداره الصحيه,57.5,70.5,0.0,44.8,Medium
KED-ROAD-04372,شارع مسجد النور,57.5,70.5,0.0,44.8,Medium
KED-ROAD-04371,شارع مسجد النور,57.5,70.5,0.0,44.8,Medium
KED-ROAD-01654,شارع السقا,57.5,70.5,0.0,44.8,Medium
KED-ROAD-01655,شارع السقا,57.5,70.5,0.0,44.8,Medium
KED-ROAD-04058,شارع الاحمر,57.5,70.6,0.0,44.8,Medium
KED-ROAD-04047,شارع بسيوني,57.5,70.6,0.0,44.8,Medium
KED-ROAD-04376,,57.5,70.5,0.0,44.8,Medium
KED-ROAD-04377,,57.5,70.5,0.0,44.8,Medium
KED-ROAD-00467,شارع عثمان بن عفان,57.5,70.5,0.0,44.8,Medium
KED-ROAD-00466,شارع عثمان بن عفان,57.5,70.5,0.0,44.8,Medium
KED-ROAD-00468,شارع المعز,57.5,70.4,0.0,44.8,Medium
KED-ROAD-05092,الطريق الدولي,57.5,70.4,0.0,44.8,Medium
KED-ROAD-00238,شارع الجيش,57.5,70.5,0.0,44.8,Medium
KED-ROAD-04402,شارع 18,57.5,70.4,0.0,44.8,Medium
KED-ROAD-01727,شارع الاحمر,57.5,70.6,0.0,44.8,Medium
KED-ROAD-02764,شارع حافظ ابراهيم,57.5,70.4,0.0,44.8,Medium
KED-ROAD-01726,شارع الاحمر,57.5,70.6,0.0,44.8,Medium
KED-ROAD-04409,شارع مسجد النور,57.5,70.4,0.0,44.8,Medium
KED-ROAD-04410,شارع مسجد النور,57.5,70.4,0.0,44.8,Medium
KED-ROAD-03977,,57.5,70.5,0.0,44.8,Medium
KED-ROAD-05544,,57.5,70.5,0.0,44.8,Medium
KED-ROAD-00191,شارع المصرف,57.5,70.4,0.0,44.8,Medium
KED-ROAD-03978,,57.5,70.5,0.0,44.8,Medium
KED-ROAD-05545,,57.5,70.5,0.0,44.8,Medium
KED-ROAD-02846,شارع 26 يوليو,57.5,70.5,0.0,44.8,Medium
KED-ROAD-00506,شارع 41,57.5,70.4,0.0,44.8,Medium
KED-ROAD-00507,شارع 41,57.5,70.4,0.0,44.8,Medium
KED-ROAD-04046,شارع بسيوني,57.5,70.6,0.0,44.8,Medium
KED-ROAD-06285,شارع عمرو بن العاص,57.5,70.6,0.0,44.8,Medium
KED-ROAD-02356,شارع نجم,57.5,70.4,0.0,44.8,Medium
KED-ROAD-02340,شارع المصرف,57.5,70.4,0.0,44.8,Medium
KED-ROAD-06284,شارع عمرو بن العاص,57.5,70.6,0.0,44.8,Medium
KED-ROAD-04691,شارع 58,57.5,70.5,0.0,44.8,Medium
KED-ROAD-04154,,57.5,70.4,0.0,44.8,Medium
KED-ROAD-04153,,57.5,70.4,0.0,44.8,Medium
KED-ROAD-01965,شارع حميده,57.5,70.4,0.0,44.8,Medium
KED-ROAD-01964,شارع حميده,57.5,70.4,0.0,44.8,Medium
KED-ROAD-04277,شارع محمد رفاعى,57.5,70.4,0.0,44.8,Medium
KED-ROAD-04090,شارع مسجد النور,57.5,70.4,0.0,44.8,Medium
KED-ROAD-04091,شارع مسجد النور,57.5,70.4,0.0,44.8,Medium
KED-ROAD-04219,شارع محمد رفاعى,57.5,70.5,0.0,44.8,Medium
KED-ROAD-04220,شارع محمد رفاعى,57.5,70.5,0.0,44.8,Medium
KED-ROAD-01538,شارع عبد المنعم,57.5,70.6,0.0,44.8,Medium
KED-ROAD-01539,شارع عبد المنعم,57.5,70.6,0.0,44.8,Medium
KED-ROAD-02314,,57.5,70.5,0.0,44.8,Medium
KED-ROAD-02998,,57.5,70.4,0.0,44.8,Medium
KED-ROAD-02999,,57.5,70.4,0.0,44.8,Medium
KED-ROAD-02313,,57.5,70.5,0.0,44.8,Medium
KED-ROAD-04278,شارع محمد رفاعى,57.5,70.4,0.0,44.8,Medium
KED-ROAD-02286,حارة عواد,57.5,70.4,0.0,44.8,Medium
KED-ROAD-01959,شارع شتا,57.5,70.6,0.0,44.8,Medium
KED-ROAD-02285,حارة عواد,57.5,70.4,0.0,44.8,Medium
KED-ROAD-01960,شارع شتا,57.5,70.6,0.0,44.8,Medium
KED-ROAD-00008,شارع الشهيد محمد العطار,57.5,70.4,0.0,44.8,Medium
KED-ROAD-03463,حارة السلامه,57.5,70.5,0.0,44.8,Medium
KED-ROAD-03462,حارة السلامه,57.5,70.5,0.0,44.8,Medium
KED-ROAD-06405,شارع محمد انور السادات,57.5,70.5,0.0,44.8,Medium
KED-ROAD-06406,شارع محمد انور السادات,57.5,70.5,0.0,44.8,Medium
KED-ROAD-02125,شارع الصعايدة,57.5,70.4,0.0,44.8,Medium
KED-ROAD-02126,شارع الصعايدة,57.5,70.4,0.0,44.8,Medium
KED-ROAD-05027,,57.5,70.1,0.0,44.7,Medium
KED-ROAD-04946,شارع حافظ ابراهيم,57.5,70.2,0.0,44.7,Medium
KED-ROAD-02601,شارع محمد خضر,57.5,70.3,0.0,44.7,Medium
KED-ROAD-02602,شارع محمد خضر,57.5,70.3,0.0,44.7,Medium
KED-ROAD-02581,شارع 10,57.5,70.3,0.0,44.7,Medium
KED-ROAD-01280,شارع الزربة,57.5,70.1,0.0,44.7,Medium
KED-ROAD-00767,شارع الجواهر,57.5,70.1,0.0,44.7,Medium
KED-ROAD-00768,شارع الجواهر,57.5,70.1,0.0,44.7,Medium
KED-ROAD-06289,شارع عمرو بن العاص,57.5,70.3,0.0,44.7,Medium
KED-ROAD-00399,شارع التراث,57.5,70.2,0.0,44.7,Medium
KED-ROAD-00400,شارع التراث,57.5,70.2,0.0,44.7,Medium
KED-ROAD-05028,,57.5,70.1,0.0,44.7,Medium
KED-ROAD-02079,,57.5,70.1,0.0,44.7,Medium
KED-ROAD-02080,,57.5,70.1,0.0,44.7,Medium
KED-ROAD-04945,شارع حافظ ابراهيم,57.5,70.2,0.0,44.7,Medium
KED-ROAD-01901,شارع الزربة,57.5,70.1,0.0,44.7,Medium
KED-ROAD-02428,شارع سلطان,57.5,70.3,0.0,44.7,Medium
KED-ROAD-02429,شارع سلطان,57.5,70.3,0.0,44.7,Medium
KED-ROAD-01067,,57.5,70.3,0.0,44.7,Medium
KED-ROAD-06288,شارع عمرو بن العاص,57.5,70.3,0.0,44.7,Medium
KED-ROAD-06345,,57.5,70.1,0.0,44.7,Medium
KED-ROAD-04127,شارع محمد رفاعى,57.5,70.1,0.0,44.7,Medium
KED-ROAD-04128,شارع محمد رفاعى,57.5,70.1,0.0,44.7,Medium
KED-ROAD-03122,شارع زين العابدين,57.5,70.3,0.0,44.7,Medium
KED-ROAD-03053,شارع القاهر,57.5,70.1,0.0,44.7,Medium
KED-ROAD-03054,شارع القاهر,57.5,70.1,0.0,44.7,Medium
KED-ROAD-01573,شارع 12,57.5,70.3,0.0,44.7,Medium
KED-ROAD-01574,شارع 12,57.5,70.3,0.0,44.7,Medium
KED-ROAD-01068,,57.5,70.3,0.0,44.7,Medium
KED-ROAD-05789,,57.5,70.1,0.0,44.7,Medium
KED-ROAD-05790,,57.5,70.1,0.0,44.7,Medium
KED-ROAD-02696,شارع جمال الدين الافغانى,57.5,70.3,0.0,44.7,Medium
KED-ROAD-02697,شارع جمال الدين الافغانى,57.5,70.3,0.0,44.7,Medium
KED-ROAD-00284,شارع محمد متولي الشعراوى,57.5,70.2,0.0,44.7,Medium
KED-ROAD-00285,شارع محمد متولي الشعراوى,57.5,70.2,0.0,44.7,Medium
KED-ROAD-00683,شارع إسماعيل شحاتة,57.5,70.2,0.0,44.7,Medium
KED-ROAD-00684,شارع إسماعيل شحاتة,57.5,70.2,0.0,44.7,Medium
KED-ROAD-02676,حارة النور,57.5,70.2,0.0,44.7,Medium
KED-ROAD-02677,حارة النور,57.5,70.2,0.0,44.7,Medium
KED-ROAD-04314,شارع مسجد النور,57.5,70.1,0.0,44.7,Medium
KED-ROAD-05127,شارع مساكن التمليك,57.5,70.1,0.0,44.7,Medium
KED-ROAD-05128,شارع مساكن التمليك,57.5,70.1,0.0,44.7,Medium
KED-ROAD-00069,,57.5,70.1,0.0,44.7,Medium
KED-ROAD-00070,,57.5,70.1,0.0,44.7,Medium
KED-ROAD-06344,,57.5,70.1,0.0,44.7,Medium
KED-ROAD-00542,شارع داير البندر,57.5,70.3,0.0,44.7,Medium
KED-ROAD-00543,شارع داير البندر,57.5,70.3,0.0,44.7,Medium
KED-ROAD-03275,شارع 26 يوليو,57.5,70.2,0.0,44.7,Medium
KED-ROAD-03276,شارع 26 يوليو,57.5,70.2,0.0,44.7,Medium
KED-ROAD-00957,شارع الجيش,57.5,70.2,0.0,44.7,Medium
KED-ROAD-06363,شارع محمد انور السادات,57.5,70.2,0.0,44.7,Medium
KED-ROAD-06364,شارع محمد انور السادات,57.5,70.2,0.0,44.7,Medium
KED-ROAD-06365,شارع محمد انور السادات,57.5,70.3,0.0,44.7,Medium
KED-ROAD-06366,شارع محمد انور السادات,57.5,70.3,0.0,44.7,Medium
KED-ROAD-00444,شارع داير البندر,57.5,70.1,0.0,44.7,Medium
KED-ROAD-00445,شارع داير البندر,57.5,70.1,0.0,44.7,Medium
KED-ROAD-04078,شارع احمد مزروع,57.5,70.1,0.0,44.7,Medium
KED-ROAD-04079,شارع احمد مزروع,57.5,70.1,0.0,44.7,Medium
KED-ROAD-04040,شارع رياض,57.5,70.2,0.0,44.7,Medium
KED-ROAD-04041,شارع رياض,57.5,70.2,0.0,44.7,Medium
KED-ROAD-03123,شارع زين العابدين,57.5,70.3,0.0,44.7,Medium
KED-ROAD-04313,شارع مسجد النور,57.5,70.1,0.0,44.7,Medium
KED-ROAD-00958,,57.5,70.3,0.0,44.7,Medium
KED-ROAD-00959,,57.5,70.3,0.0,44.7,Medium
KED-ROAD-03765,,57.5,70.3,0.0,44.7,Medium
KED-ROAD-03766,,57.5,70.3,0.0,44.7,Medium
KED-ROAD-03778,شارع عدلى,57.5,70.3,0.0,44.7,Medium
KED-ROAD-03779,شارع عدلى,57.5,70.3,0.0,44.7,Medium
KED-ROAD-04435,شارع اللواء محمود ابراهيم الكومى,57.5,70.1,0.0,44.7,Medium
KED-ROAD-02731,شارع بورسعيد,57.5,70.3,0.0,44.7,Medium
KED-ROAD-00943,شارع التراث,57.5,70.3,0.0,44.7,Medium
KED-ROAD-00944,شارع التراث,57.5,70.3,0.0,44.7,Medium
KED-ROAD-03966,شارع البسطاويسي,57.5,70.2,0.0,44.7,Medium
KED-ROAD-02922,شارع جمال الدين الافغانى,57.5,70.1,0.0,44.7,Medium
KED-ROAD-02923,شارع جمال الدين الافغانى,57.5,70.1,0.0,44.7,Medium
KED-ROAD-04334,شارع حواش,57.5,70.3,0.0,44.7,Medium
KED-ROAD-04335,شارع حواش,57.5,70.3,0.0,44.7,Medium
KED-ROAD-06356,شارع خلف المساكن,57.5,70.1,0.0,44.7,Medium
KED-ROAD-06357,شارع خلف المساكن,57.5,70.1,0.0,44.7,Medium
KED-ROAD-01451,شارع السقا,57.5,70.3,0.0,44.7,Medium
KED-ROAD-05844,,57.5,70.1,0.0,44.7,Medium
KED-ROAD-04073,شارع بسيوني,57.5,70.2,0.0,44.7,Medium
KED-ROAD-04074,شارع بسيوني,57.5,70.2,0.0,44.7,Medium
KED-ROAD-04367,شارع مسجد النور,57.5,70.3,0.0,44.7,Medium
KED-ROAD-04368,شارع مسجد النور,57.5,70.3,0.0,44.7,Medium
KED-ROAD-03945,شارع البسطاويسي,57.5,70.2,0.0,44.7,Medium
KED-ROAD-03948,شارع احمد بكر,57.5,70.3,0.0,44.7,Medium
KED-ROAD-04436,شارع اللواء محمود ابراهيم الكومى,57.5,70.1,0.0,44.7,Medium
KED-ROAD-04424,شارع صافي دراز,57.5,70.2,0.0,44.7,Medium
KED-ROAD-04425,شارع صافي دراز,57.5,70.2,0.0,44.7,Medium
KED-ROAD-02744,شارع ابو العلاء المعري,57.5,70.1,0.0,44.7,Medium
KED-ROAD-02745,شارع ابو العلاء المعري,57.5,70.1,0.0,44.7,Medium
KED-ROAD-01716,شارع محمد عيسي,57.5,70.3,0.0,44.7,Medium
KED-ROAD-01717,شارع محمد عيسي,57.5,70.3,0.0,44.7,Medium
KED-ROAD-02710,شارع بورسعيد,57.5,70.3,0.0,44.7,Medium
KED-ROAD-05293,شارع عبد العزيز الزمراني,57.5,70.2,0.0,44.7,Medium
KED-ROAD-05294,شارع عبد العزيز الزمراني,57.5,70.2,0.0,44.7,Medium
KED-ROAD-03297,شارع التحرير,57.5,70.3,0.0,44.7,Medium
KED-ROAD-03298,شارع التحرير,57.5,70.3,0.0,44.7,Medium
KED-ROAD-05823,,57.5,70.3,0.0,44.7,Medium
KED-ROAD-00194,شارع مسجد الشهداء,57.5,70.2,0.0,44.7,Medium
KED-ROAD-00195,شارع مسجد الشهداء,57.5,70.2,0.0,44.7,Medium
KED-ROAD-05832,,57.5,70.2,0.0,44.7,Medium
KED-ROAD-05833,,57.5,70.2,0.0,44.7,Medium
KED-ROAD-05843,,57.5,70.1,0.0,44.7,Medium
KED-ROAD-01430,شارع السقا,57.5,70.3,0.0,44.7,Medium
KED-ROAD-05824,,57.5,70.3,0.0,44.7,Medium
KED-ROAD-01422,شارع السقا,57.5,70.2,0.0,44.7,Medium
KED-ROAD-01423,شارع السقا,57.5,70.2,0.0,44.7,Medium
KED-ROAD-01935,شارع الاحمر,57.5,70.1,0.0,44.7,Medium
KED-ROAD-01936,شارع الاحمر,57.5,70.1,0.0,44.7,Medium
KED-ROAD-05336,شارع محفوظ,57.5,70.2,0.0,44.7,Medium
KED-ROAD-05337,شارع محفوظ,57.5,70.2,0.0,44.7,Medium
KED-ROAD-05340,شارع محفوظ,57.5,70.1,0.0,44.7,Medium
KED-ROAD-05341,شارع محفوظ,57.5,70.1,0.0,44.7,Medium
KED-ROAD-03456,شارع النهضة,57.5,70.1,0.0,44.7,Medium
KED-ROAD-03457,شارع النهضة,57.5,70.1,0.0,44.7,Medium
KED-ROAD-02540,شارع 10,57.5,70.3,0.0,44.7,Medium
KED-ROAD-01874,شارع محمد رفاعى,57.5,70.2,0.0,44.7,Medium
KED-ROAD-01875,شارع محمد رفاعى,57.5,70.2,0.0,44.7,Medium
KED-ROAD-06403,شارع محمد انور السادات,57.5,70.2,0.0,44.7,Medium
KED-ROAD-06404,شارع محمد انور السادات,57.5,70.2,0.0,44.7,Medium
KED-ROAD-04478,شارع اللواء محمود ابراهيم الكومى,57.5,70.2,0.0,44.7,Medium
KED-ROAD-04479,شارع اللواء محمود ابراهيم الكومى,57.5,70.2,0.0,44.7,Medium
KED-ROAD-02147,,57.5,70.1,0.0,44.7,Medium
KED-ROAD-01191,شارع لبيب,57.5,70.3,0.0,44.7,Medium
KED-ROAD-01192,شارع لبيب,57.5,70.3,0.0,44.7,Medium
KED-ROAD-02148,,57.5,70.1,0.0,44.7,Medium
KED-ROAD-00038,,57.5,70.2,0.0,44.7,Medium
KED-ROAD-00037,,57.5,70.2,0.0,44.7,Medium
KED-ROAD-02056,"طريق كفر الدوار, ابو المطامير",57.5,69.8,0.0,44.6,Medium
KED-ROAD-02055,"طريق كفر الدوار, ابو المطامير",57.5,69.8,0.0,44.6,Medium
KED-ROAD-05698,شارع مساكن 144,57.5,69.9,0.0,44.6,Medium
KED-ROAD-05697,شارع مساكن 144,57.5,69.9,0.0,44.6,Medium
KED-ROAD-03469,,57.5,69.9,0.0,44.6,Medium
KED-ROAD-03468,,57.5,69.9,0.0,44.6,Medium
KED-ROAD-01249,شارع صقر,57.5,70.0,0.0,44.6,Medium
KED-ROAD-01248,شارع صقر,57.5,70.0,0.0,44.6,Medium
KED-ROAD-01247,شارع الزربة,57.5,69.9,0.0,44.6,Medium
KED-ROAD-01246,شارع الزربة,57.5,69.9,0.0,44.6,Medium
KED-ROAD-06172,شارع مساكن 144,57.5,69.9,0.0,44.6,Medium
KED-ROAD-06171,شارع مساكن 144,57.5,69.9,0.0,44.6,Medium
KED-ROAD-00647,شارع داير البندر,57.5,69.8,0.0,44.6,Medium
KED-ROAD-04473,شارع اللواء محمود ابراهيم الكومى,57.5,69.8,0.0,44.6,Medium
KED-ROAD-06237,شارع عمرو بن العاص,57.5,70.0,0.0,44.6,Medium
KED-ROAD-06236,شارع عمرو بن العاص,57.5,70.0,0.0,44.6,Medium
KED-ROAD-01263,شارع السقا,57.5,70.0,0.0,44.6,Medium
KED-ROAD-00822,شارع الجمهوريه,57.5,70.0,0.0,44.6,Medium
KED-ROAD-00821,شارع الجمهوريه,57.5,70.0,0.0,44.6,Medium
KED-ROAD-00697,,57.5,69.9,0.0,44.6,Medium
KED-ROAD-06078,,57.5,69.9,0.0,44.6,Medium
KED-ROAD-00696,,57.5,69.9,0.0,44.6,Medium
KED-ROAD-02410,شارع إسماعيل شحاتة,57.5,69.9,0.0,44.6,Medium
KED-ROAD-00820,شارع 1,57.5,69.9,0.0,44.6,Medium
KED-ROAD-02196,شارع الحاج مسعود خليل,57.5,69.8,0.0,44.6,Medium
KED-ROAD-05353,شارع محفوظ,57.5,70.0,0.0,44.6,Medium
KED-ROAD-05352,شارع محفوظ,57.5,70.0,0.0,44.6,Medium
KED-ROAD-06077,,57.5,69.9,0.0,44.6,Medium
KED-ROAD-01677,شارع ابراهيم شهاب,57.5,69.9,0.0,44.6,Medium
KED-ROAD-01676,شارع ابراهيم شهاب,57.5,69.9,0.0,44.6,Medium
KED-ROAD-03272,شارع 26 يوليو,57.5,70.1,0.0,44.6,Medium
KED-ROAD-03271,شارع 26 يوليو,57.5,70.1,0.0,44.6,Medium
KED-ROAD-00819,شارع 1,57.5,69.9,0.0,44.6,Medium
KED-ROAD-03972,شارع السجينى,57.5,70.1,0.0,44.6,Medium
KED-ROAD-03971,شارع السجينى,57.5,70.1,0.0,44.6,Medium
KED-ROAD-02921,شارع ابو حنيفه,57.5,70.0,0.0,44.6,Medium
KED-ROAD-01604,شارع ابراهيم شهاب,57.5,70.0,0.0,44.6,Medium
KED-ROAD-04288,شارع حواش,57.5,70.0,0.0,44.6,Medium
KED-ROAD-04287,شارع حواش,57.5,70.0,0.0,44.6,Medium
KED-ROAD-04280,شارع محمد رفاعى,57.5,69.8,0.0,44.6,Medium
KED-ROAD-01662,شارع احمد بكر,57.5,69.8,0.0,44.6,Medium
KED-ROAD-01661,شارع احمد بكر,57.5,69.8,0.0,44.6,Medium
KED-ROAD-00723,حارة نهضة مصر,57.5,69.9,0.0,44.6,Medium
KED-ROAD-02905,شارع الترعه,57.5,70.0,0.0,44.6,Medium
KED-ROAD-00724,حارة نهضة مصر,57.5,69.9,0.0,44.6,Medium
KED-ROAD-00479,شارع عبد الله نديم,57.5,69.8,0.0,44.6,Medium
KED-ROAD-00478,شارع عبد الله نديم,57.5,69.8,0.0,44.6,Medium
KED-ROAD-00491,شارع الجمهوريه,57.5,70.1,0.0,44.6,Medium
KED-ROAD-00470,شارع الجمهوريه,57.5,70.1,0.0,44.6,Medium
KED-ROAD-04095,,57.5,69.9,0.0,44.6,Medium
KED-ROAD-04094,,57.5,69.9,0.0,44.6,Medium
KED-ROAD-03206,شارع الامه,57.5,70.0,0.0,44.6,Medium
KED-ROAD-03205,شارع الامه,57.5,70.0,0.0,44.6,Medium
KED-ROAD-02197,شارع الحاج مسعود خليل,57.5,69.8,0.0,44.6,Medium
KED-ROAD-02904,شارع الترعه,57.5,70.0,0.0,44.6,Medium
KED-ROAD-00557,شارع عثمان بن عفان,57.5,69.9,0.0,44.6,Medium
KED-ROAD-00556,شارع عثمان بن عفان,57.5,69.9,0.0,44.6,Medium
KED-ROAD-04649,,57.5,70.0,0.0,44.6,Medium
KED-ROAD-04648,,57.5,70.0,0.0,44.6,Medium
KED-ROAD-04434,شارع احمد عرابى,57.5,69.9,0.0,44.6,Medium
KED-ROAD-02963,شارع الاداره الصحيه,57.5,69.9,0.0,44.6,Medium
KED-ROAD-02962,شارع الاداره الصحيه,57.5,69.9,0.0,44.6,Medium
KED-ROAD-05969,شارع مساكن التمليك,57.5,69.8,0.0,44.6,Medium
KED-ROAD-05968,شارع مساكن التمليك,57.5,69.8,0.0,44.6,Medium
KED-ROAD-01603,شارع ابراهيم شهاب,57.5,70.0,0.0,44.6,Medium
KED-ROAD-00750,شارع الانوار,57.5,69.8,0.0,44.6,Medium
KED-ROAD-00157,شارع المصرف,57.5,69.8,0.0,44.6,Medium
KED-ROAD-00156,شارع المصرف,57.5,69.8,0.0,44.6,Medium
KED-ROAD-01470,شارع 9,57.5,69.8,0.0,44.6,Medium
KED-ROAD-01469,شارع 9,57.5,69.8,0.0,44.6,Medium
KED-ROAD-00458,شارع عبد الله نديم,57.5,70.0,0.0,44.6,Medium
KED-ROAD-05091,,57.5,69.8,0.0,44.6,Medium
KED-ROAD-05090,,57.5,69.8,0.0,44.6,Medium
KED-ROAD-02034,شارع حامد النداف,57.5,70.0,0.0,44.6,Medium
KED-ROAD-02033,شارع حامد النداف,57.5,70.0,0.0,44.6,Medium
KED-ROAD-06360,شارع محمد انور السادات,57.5,69.9,0.0,44.6,Medium
KED-ROAD-06359,شارع محمد انور السادات,57.5,69.9,0.0,44.6,Medium
KED-ROAD-00749,شارع الانوار,57.5,69.8,0.0,44.6,Medium
KED-ROAD-04306,,57.5,70.0,0.0,44.6,Medium
KED-ROAD-04305,,57.5,70.0,0.0,44.6,Medium
KED-ROAD-06339,,57.5,70.0,0.0,44.6,Medium
KED-ROAD-02238,,57.5,69.8,0.0,44.6,Medium
KED-ROAD-02237,,57.5,69.8,0.0,44.6,Medium
KED-ROAD-00339,,57.5,70.0,0.0,44.6,Medium
KED-ROAD-00338,,57.5,70.0,0.0,44.6,Medium
KED-ROAD-04472,شارع اللواء محمود ابراهيم الكومى,57.5,69.8,0.0,44.6,Medium
KED-ROAD-00648,شارع داير البندر,57.5,69.8,0.0,44.6,Medium
KED-ROAD-02700,شارع ابو حنيفه,57.5,70.0,0.0,44.6,Medium
KED-ROAD-01374,شارع مسجد الكوثر,57.5,70.0,0.0,44.6,Medium
KED-ROAD-01373,شارع مسجد الكوثر,57.5,70.0,0.0,44.6,Medium
KED-ROAD-04263,شارع محمد رفاعى,57.5,70.0,0.0,44.6,Medium
KED-ROAD-04279,شارع محمد رفاعى,57.5,69.8,0.0,44.6,Medium
KED-ROAD-00514,شارع عثمان بن عفان,57.5,70.0,0.0,44.6,Medium
KED-ROAD-05453,شارع عمرو بن العاص,57.5,70.0,0.0,44.6,Medium
KED-ROAD-05452,شارع عمرو بن العاص,57.5,70.0,0.0,44.6,Medium
KED-ROAD-04222,شارع محمد رفاعى,57.5,69.8,0.0,44.6,Medium
KED-ROAD-04221,شارع محمد رفاعى,57.5,69.8,0.0,44.6,Medium
KED-ROAD-00642,عطفه المأمون,57.5,69.9,0.0,44.6,Medium
KED-ROAD-00641,عطفه المأمون,57.5,69.9,0.0,44.6,Medium
KED-ROAD-02431,شارع إسماعيل شحاتة,57.5,69.9,0.0,44.6,Medium
KED-ROAD-00597,شارع عثمان بن عفان,57.5,70.0,0.0,44.6,Medium
KED-ROAD-00596,شارع عثمان بن عفان,57.5,70.0,0.0,44.6,Medium
KED-ROAD-02667,شارع حفنى ضيف,57.5,70.0,0.0,44.6,Medium
KED-ROAD-02666,شارع حفنى ضيف,57.5,70.0,0.0,44.6,Medium
KED-ROAD-04944,شارع ابو العلاء المعري,57.5,69.9,0.0,44.6,Medium
KED-ROAD-04943,شارع ابو العلاء المعري,57.5,69.9,0.0,44.6,Medium
KED-ROAD-01548,شارع بدر,57.5,69.8,0.0,44.6,Medium
KED-ROAD-01547,شارع بدر,57.5,69.8,0.0,44.6,Medium
KED-ROAD-01546,شارع عبد المنعم,57.5,70.0,0.0,44.6,Medium
KED-ROAD-01545,شارع عبد المنعم,57.5,70.0,0.0,44.6,Medium
KED-ROAD-00515,شارع عثمان بن عفان,57.5,70.0,0.0,44.6,Medium
KED-ROAD-03004,شارع الاتوبيس,57.5,69.9,0.0,44.6,Medium
KED-ROAD-03003,شارع الاتوبيس,57.5,69.9,0.0,44.6,Medium
KED-ROAD-05962,شارع مساكن التمليك,57.5,70.0,0.0,44.6,Medium
KED-ROAD-05961,شارع مساكن التمليك,57.5,70.0,0.0,44.6,Medium
KED-ROAD-04264,شارع محمد رفاعى,57.5,70.0,0.0,44.6,Medium
KED-ROAD-02185,شارع الحاج مسعود خليل,57.5,69.8,0.0,44.6,Medium
KED-ROAD-02184,شارع الحاج مسعود خليل,57.5,69.8,0.0,44.6,Medium
KED-ROAD-00459,شارع عبد الله نديم,57.5,70.0,0.0,44.6,Medium
KED-ROAD-03599,شارع بورسعيد,57.5,70.0,0.0,44.6,Medium
KED-ROAD-03598,شارع بورسعيد,57.5,70.0,0.0,44.6,Medium
KED-ROAD-01126,شارع 9,57.5,69.8,0.0,44.6,Medium
KED-ROAD-01125,شارع 9,57.5,69.8,0.0,44.6,Medium
KED-ROAD-01273,شارع الزربة,57.5,70.0,0.0,44.6,Medium
KED-ROAD-01272,شارع الزربة,57.5,70.0,0.0,44.6,Medium
KED-ROAD-01264,شارع السقا,57.5,70.0,0.0,44.6,Medium
KED-ROAD-02587,شارع محمد خضر,57.5,69.8,0.0,44.6,Medium
KED-ROAD-02586,شارع محمد خضر,57.5,69.8,0.0,44.6,Medium
KED-ROAD-02114,"طريق كفر الدوار, ابو المطامير",57.5,69.8,0.0,44.6,Medium
KED-ROAD-01178,شارع لبيب,57.5,70.0,0.0,44.6,Medium
KED-ROAD-01177,شارع لبيب,57.5,70.0,0.0,44.6,Medium
KED-ROAD-05731,,57.5,70.0,0.0,44.6,Medium
KED-ROAD-02113,"طريق كفر الدوار, ابو المطامير",57.5,69.8,0.0,44.6,Medium
KED-ROAD-06434,,57.5,69.8,0.0,44.5,Medium
KED-ROAD-06433,,57.5,69.8,0.0,44.5,Medium
KED-ROAD-02036,شارع 7,57.5,69.7,0.0,44.5,Medium
KED-ROAD-03555,شارع التحرير,57.5,69.7,0.0,44.5,Medium
KED-ROAD-03554,شارع التحرير,57.5,69.7,0.0,44.5,Medium
KED-ROAD-00453,شارع عبد الله نديم,57.5,69.7,0.0,44.5,Medium
KED-ROAD-00452,شارع عبد الله نديم,57.5,69.7,0.0,44.5,Medium
KED-ROAD-02035,شارع 7,57.5,69.7,0.0,44.5,Medium
KED-ROAD-00490,شارع داير البندر,57.5,69.8,0.0,44.5,Medium
KED-ROAD-01940,شارع الاحمر,57.5,69.7,0.0,44.5,Medium
KED-ROAD-06287,,57.5,69.7,0.0,44.5,Medium
KED-ROAD-06286,,57.5,69.7,0.0,44.5,Medium
KED-ROAD-01939,شارع الاحمر,57.5,69.7,0.0,44.5,Medium
KED-ROAD-00521,شارع داير البندر,57.5,69.8,0.0,44.5,Medium
KED-ROAD-00595,شارع الوقار,57.5,69.6,0.0,44.5,Medium
KED-ROAD-00594,شارع الوقار,57.5,69.6,0.0,44.5,Medium
KED-ROAD-01903,,57.5,69.7,0.0,44.5,Medium
KED-ROAD-01902,,57.5,69.7,0.0,44.5,Medium
KED-ROAD-01857,شارع الاحمر,57.5,69.5,0.0,44.5,Medium
KED-ROAD-01856,شارع الاحمر,57.5,69.5,0.0,44.5,Medium
KED-ROAD-03577,شارع الشهيد حسنى كامل,57.5,69.6,0.0,44.5,Medium
KED-ROAD-03576,شارع الشهيد حسنى كامل,57.5,69.6,0.0,44.5,Medium
KED-ROAD-05692,شارع مساكن 144,57.5,69.6,0.0,44.5,Medium
KED-ROAD-04529,,57.5,69.7,0.0,44.5,Medium
KED-ROAD-04528,,57.5,69.7,0.0,44.5,Medium
KED-ROAD-02583,شارع السد العالى,57.5,69.7,0.0,44.5,Medium
KED-ROAD-02582,شارع السد العالى,57.5,69.7,0.0,44.5,Medium
KED-ROAD-01813,شارع الاحمر,57.5,69.6,0.0,44.5,Medium
KED-ROAD-01812,شارع الاحمر,57.5,69.6,0.0,44.5,Medium
KED-ROAD-00689,شارع السد العالى,57.5,69.5,0.0,44.5,Medium
KED-ROAD-04469,شارع اللواء محمود ابراهيم الكومى,57.5,69.5,0.0,44.5,Medium
KED-ROAD-04468,شارع اللواء محمود ابراهيم الكومى,57.5,69.5,0.0,44.5,Medium
KED-ROAD-04465,شارع اللواء محمود ابراهيم الكومى,57.5,69.6,0.0,44.5,Medium
KED-ROAD-06128,,57.5,69.6,0.0,44.5,Medium
KED-ROAD-05287,شارع 57,57.5,69.8,0.0,44.5,Medium
KED-ROAD-05286,شارع 57,57.5,69.8,0.0,44.5,Medium
KED-ROAD-05281,شارع مدبولى,57.5,69.7,0.0,44.5,Medium
KED-ROAD-05671,شارع مساكن 144,57.5,69.6,0.0,44.5,Medium
KED-ROAD-05280,شارع مدبولى,57.5,69.7,0.0,44.5,Medium
KED-ROAD-04464,شارع اللواء محمود ابراهيم الكومى,57.5,69.6,0.0,44.5,Medium
KED-ROAD-00690,شارع السد العالى,57.5,69.5,0.0,44.5,Medium
KED-ROAD-06127,,57.5,69.6,0.0,44.5,Medium
KED-ROAD-02787,امتداد شارع الخليج الاعظم,57.5,69.8,0.0,44.5,Medium
KED-ROAD-02786,امتداد شارع الخليج الاعظم,57.5,69.8,0.0,44.5,Medium
KED-ROAD-05339,شارع محفوظ,57.5,69.8,0.0,44.5,Medium
KED-ROAD-05338,شارع محفوظ,57.5,69.8,0.0,44.5,Medium
KED-ROAD-00248,شارع الجيش,57.5,69.7,0.0,44.5,Medium
KED-ROAD-05355,شارع محفوظ,57.5,69.5,0.0,44.5,Medium
KED-ROAD-05354,شارع محفوظ,57.5,69.5,0.0,44.5,Medium
KED-ROAD-01681,شارع السقا,57.5,69.5,0.0,44.5,Medium
KED-ROAD-01670,شارع الترعه القديمة,57.5,69.7,0.0,44.5,Medium
KED-ROAD-01669,شارع الترعه القديمة,57.5,69.7,0.0,44.5,Medium
KED-ROAD-01660,شارع السقا,57.5,69.5,0.0,44.5,Medium
KED-ROAD-01363,شارع بكر الدكراوي,57.5,69.7,0.0,44.5,Medium
KED-ROAD-05393,,57.5,69.6,0.0,44.5,Medium
KED-ROAD-05392,,57.5,69.6,0.0,44.5,Medium
KED-ROAD-02903,شارع الترعه,57.5,69.6,0.0,44.5,Medium
KED-ROAD-02902,شارع الترعه,57.5,69.6,0.0,44.5,Medium
KED-ROAD-06033,شارع مساكن التمليك,57.5,69.6,0.0,44.5,Medium
KED-ROAD-06032,شارع مساكن التمليك,57.5,69.6,0.0,44.5,Medium
KED-ROAD-00748,شارع مصطفى كامل,57.5,69.7,0.0,44.5,Medium
KED-ROAD-00747,شارع مصطفى كامل,57.5,69.7,0.0,44.5,Medium
KED-ROAD-04271,شارع الزربة,57.5,69.7,0.0,44.5,Medium
KED-ROAD-04303,شارع حواش,57.5,69.8,0.0,44.5,Medium
KED-ROAD-04302,شارع حواش,57.5,69.8,0.0,44.5,Medium
KED-ROAD-05964,شارع مساكن التمليك,57.5,69.7,0.0,44.5,Medium
KED-ROAD-05963,شارع مساكن التمليك,57.5,69.7,0.0,44.5,Medium
KED-ROAD-01104,شارع بكر الدكراوي,57.5,69.6,0.0,44.5,Medium
KED-ROAD-01105,شارع بكر الدكراوي,57.5,69.6,0.0,44.5,Medium
KED-ROAD-04270,شارع الزربة,57.5,69.7,0.0,44.5,Medium
KED-ROAD-04227,شارع الزربة,57.5,69.7,0.0,44.5,Medium
KED-ROAD-04226,شارع الزربة,57.5,69.7,0.0,44.5,Medium
KED-ROAD-04218,شارع محمد رفاعى,57.5,69.7,0.0,44.5,Medium
KED-ROAD-04217,شارع محمد رفاعى,57.5,69.7,0.0,44.5,Medium
KED-ROAD-03062,شارع القاهر,57.5,69.6,0.0,44.5,Medium
KED-ROAD-03061,شارع القاهر,57.5,69.6,0.0,44.5,Medium
KED-ROAD-04122,شارع محمد رفاعى,57.5,69.7,0.0,44.5,Medium
KED-ROAD-04121,شارع محمد رفاعى,57.5,69.7,0.0,44.5,Medium
KED-ROAD-03147,شارع الانصاف,57.5,69.6,0.0,44.5,Medium
KED-ROAD-03148,شارع الانصاف,57.5,69.6,0.0,44.5,Medium
KED-ROAD-05872,,57.5,69.6,0.0,44.5,Medium
KED-ROAD-05871,,57.5,69.6,0.0,44.5,Medium
KED-ROAD-04055,شارع صقر,57.5,69.6,0.0,44.5,Medium
KED-ROAD-04054,شارع صقر,57.5,69.6,0.0,44.5,Medium
KED-ROAD-01427,شارع السقا,57.5,69.6,0.0,44.5,Medium
KED-ROAD-01426,شارع السقا,57.5,69.6,0.0,44.5,Medium
KED-ROAD-00818,,57.5,69.6,0.0,44.5,Medium
KED-ROAD-00817,,57.5,69.6,0.0,44.5,Medium
KED-ROAD-00807,عطفه الشهداء,57.5,69.5,0.0,44.5,Medium
KED-ROAD-00806,عطفه الشهداء,57.5,69.5,0.0,44.5,Medium
KED-ROAD-01364,شارع بكر الدكراوي,57.5,69.7,0.0,44.5,Medium
KED-ROAD-00844,شارع 1,57.5,69.7,0.0,44.5,Medium
KED-ROAD-00843,شارع 1,57.5,69.7,0.0,44.5,Medium
KED-ROAD-03304,شارع إسماعيل شحاتة,57.5,69.6,0.0,44.5,Medium
KED-ROAD-03303,شارع إسماعيل شحاتة,57.5,69.6,0.0,44.5,Medium
KED-ROAD-05008,شارع شحاته,57.5,69.8,0.0,44.5,Medium
KED-ROAD-05007,شارع شحاته,57.5,69.8,0.0,44.5,Medium
KED-ROAD-05349,شارع محفوظ,57.5,69.4,0.0,44.4,Medium
KED-ROAD-05350,شارع محفوظ,57.5,69.4,0.0,44.4,Medium
KED-ROAD-00493,شارع ابو بكر الصديق,57.5,69.5,0.0,44.4,Medium
KED-ROAD-02194,شارع الحاج مسعود خليل,57.5,69.2,0.0,44.4,Medium
KED-ROAD-05754,الطريق الدولي,57.5,69.3,0.0,44.4,Medium
KED-ROAD-00960,شارع الجيش,57.5,69.5,0.0,44.4,Medium
KED-ROAD-00082,,57.5,69.3,0.0,44.4,Medium
KED-ROAD-00081,,57.5,69.3,0.0,44.4,Medium
KED-ROAD-00062,,57.5,69.3,0.0,44.4,Medium
KED-ROAD-00471,شارع 38,57.5,69.5,0.0,44.4,Medium
KED-ROAD-02195,شارع الحاج مسعود خليل,57.5,69.2,0.0,44.4,Medium
KED-ROAD-00061,,57.5,69.3,0.0,44.4,Medium
KED-ROAD-02220,شارع الوزان,57.5,69.4,0.0,44.4,Medium
KED-ROAD-02219,شارع الوزان,57.5,69.4,0.0,44.4,Medium
KED-ROAD-05042,شارع شحاته,57.5,69.4,0.0,44.4,Medium
KED-ROAD-02416,حارة خضير,57.5,69.4,0.0,44.4,Medium
KED-ROAD-03174,شارع الجلاء,57.5,69.3,0.0,44.4,Medium
KED-ROAD-04039,,57.5,69.3,0.0,44.4,Medium
KED-ROAD-04038,,57.5,69.3,0.0,44.4,Medium
KED-ROAD-04723,شارع مساكن الإسكان الصناعى,57.5,69.4,0.0,44.4,Medium
KED-ROAD-04724,شارع مساكن الإسكان الصناعى,57.5,69.4,0.0,44.4,Medium
KED-ROAD-05878,,57.5,69.4,0.0,44.4,Medium
KED-ROAD-05877,,57.5,69.4,0.0,44.4,Medium
KED-ROAD-06096,,57.5,69.2,0.0,44.4,Medium
KED-ROAD-04428,شارع صافي دراز,57.5,69.4,0.0,44.4,Medium
KED-ROAD-04429,شارع صافي دراز,57.5,69.4,0.0,44.4,Medium
KED-ROAD-04083,شارع احمد مزروع,57.5,69.3,0.0,44.4,Medium
KED-ROAD-05841,شارع بلال بن رباح,57.5,69.4,0.0,44.4,Medium
KED-ROAD-05125,الطريق الدولي,57.5,69.4,0.0,44.4,Medium
KED-ROAD-02251,شارع الوزان,57.5,69.4,0.0,44.4,Medium
KED-ROAD-02252,شارع الوزان,57.5,69.4,0.0,44.4,Medium
KED-ROAD-06095,,57.5,69.2,0.0,44.4,Medium
KED-ROAD-02815,شارع محمد خضر,57.5,69.3,0.0,44.4,Medium
KED-ROAD-06302,شارع عمرو بن العاص,57.5,69.3,0.0,44.4,Medium
KED-ROAD-00492,شارع ابو بكر الصديق,57.5,69.5,0.0,44.4,Medium
KED-ROAD-03173,شارع الجلاء,57.5,69.3,0.0,44.4,Medium
KED-ROAD-04082,شارع احمد مزروع,57.5,69.3,0.0,44.4,Medium
KED-ROAD-04104,شارع الزربة,57.5,69.2,0.0,44.4,Medium
KED-ROAD-02415,حارة خضير,57.5,69.4,0.0,44.4,Medium
KED-ROAD-04103,شارع الزربة,57.5,69.2,0.0,44.4,Medium
KED-ROAD-02980,شارع شحاته,57.5,69.4,0.0,44.4,Medium
KED-ROAD-00304,,57.5,69.3,0.0,44.4,Medium
KED-ROAD-04521,شارع صلاح سالم,57.5,69.4,0.0,44.4,Medium
KED-ROAD-04522,شارع صلاح سالم,57.5,69.4,0.0,44.4,Medium
KED-ROAD-00303,,57.5,69.3,0.0,44.4,Medium
KED-ROAD-05403,شارع مساكن التمليك,57.5,69.4,0.0,44.4,Medium
KED-ROAD-05402,شارع مساكن التمليك,57.5,69.4,0.0,44.4,Medium
KED-ROAD-02183,شارع الحاج مسعود خليل,57.5,69.4,0.0,44.4,Medium
KED-ROAD-06372,شارع عمرو بن العاص,57.5,69.3,0.0,44.4,Medium
KED-ROAD-05780,,57.5,69.2,0.0,44.4,Medium
KED-ROAD-05781,,57.5,69.2,0.0,44.4,Medium
KED-ROAD-05228,شارع مساكن التمليك,57.5,69.2,0.0,44.4,Medium
KED-ROAD-00297,شارع الوقار,57.5,69.5,0.0,44.4,Medium
KED-ROAD-00296,شارع الوقار,57.5,69.5,0.0,44.4,Medium
KED-ROAD-05229,شارع مساكن التمليك,57.5,69.2,0.0,44.4,Medium
KED-ROAD-02564,,57.5,69.5,0.0,44.4,Medium
KED-ROAD-02563,,57.5,69.5,0.0,44.4,Medium
KED-ROAD-06169,شارع مساكن 144,57.5,69.5,0.0,44.4,Medium
KED-ROAD-06170,شارع مساكن 144,57.5,69.5,0.0,44.4,Medium
KED-ROAD-05456,شارع عمرو بن العاص,57.5,69.3,0.0,44.4,Medium
KED-ROAD-01658,شارع السقا,57.5,69.5,0.0,44.4,Medium
KED-ROAD-02816,شارع محمد خضر,57.5,69.3,0.0,44.4,Medium
KED-ROAD-00450,شارع 38,57.5,69.5,0.0,44.4,Medium
KED-ROAD-02182,شارع الحاج مسعود خليل,57.5,69.4,0.0,44.4,Medium
KED-ROAD-01659,شارع السقا,57.5,69.5,0.0,44.4,Medium
KED-ROAD-05435,شارع عمرو بن العاص,57.5,69.5,0.0,44.4,Medium
KED-ROAD-05436,شارع عمرو بن العاص,57.5,69.5,0.0,44.4,Medium
KED-ROAD-02932,شارع الاداره الصحيه,57.5,69.4,0.0,44.4,Medium
KED-ROAD-02933,شارع الاداره الصحيه,57.5,69.4,0.0,44.4,Medium
KED-ROAD-01756,شارع الترعه القديمة,57.5,69.4,0.0,44.4,Medium
KED-ROAD-04433,شارع احمد عرابى,57.5,69.5,0.0,44.4,Medium
KED-ROAD-01757,شارع الترعه القديمة,57.5,69.4,0.0,44.4,Medium
KED-ROAD-06118,شارع مساكن الرحمن,57.5,69.4,0.0,44.4,Medium
KED-ROAD-01519,شارع احمد عرابى,57.5,69.5,0.0,44.4,Medium
KED-ROAD-01520,شارع احمد عرابى,57.5,69.5,0.0,44.4,Medium
KED-ROAD-06117,شارع مساكن الرحمن,57.5,69.4,0.0,44.4,Medium
KED-ROAD-05457,شارع عمرو بن العاص,57.5,69.3,0.0,44.4,Medium
KED-ROAD-05462,شارع مسجد الهدي,57.5,69.2,0.0,44.4,Medium
KED-ROAD-05451,شارع مسجد الهدي,57.5,69.2,0.0,44.4,Medium
KED-ROAD-00592,حارة ذكى مبارك,57.5,69.1,0.0,44.3,Medium
KED-ROAD-04105,شارع احمد مزروع,57.5,69.1,0.0,44.3,Medium
KED-ROAD-01491,شارع الروايح,57.5,68.9,0.0,44.3,Medium
KED-ROAD-00593,حارة ذكى مبارك,57.5,69.1,0.0,44.3,Medium
KED-ROAD-05372,شارع صيدلية الشحات الكبري,57.5,69.0,0.0,44.3,Medium
KED-ROAD-03782,,57.5,69.2,0.0,44.3,Medium
KED-ROAD-03796,الطريق الدولي,57.5,69.1,0.0,44.3,Medium
KED-ROAD-05020,,57.5,69.0,0.0,44.3,Medium
KED-ROAD-00533,شارع عثمان بن عفان,57.5,69.1,0.0,44.3,Medium
KED-ROAD-01480,شارع الروايح,57.5,68.9,0.0,44.3,Medium
KED-ROAD-06301,شارع عمارات التمليك,57.5,69.2,0.0,44.3,Medium
KED-ROAD-01942,شارع ابو عسل,57.5,69.0,0.0,44.3,Medium
KED-ROAD-05391,شارع مساكن التمليك,57.5,69.1,0.0,44.3,Medium
KED-ROAD-00978,شارع الجميل,57.5,69.0,0.0,44.3,Medium
KED-ROAD-00977,شارع الجميل,57.5,69.0,0.0,44.3,Medium
KED-ROAD-03950,,57.5,69.1,0.0,44.3,Medium
KED-ROAD-03949,,57.5,69.1,0.0,44.3,Medium
KED-ROAD-00880,شارع مصطفى كامل,57.5,69.1,0.0,44.3,Medium
KED-ROAD-03783,,57.5,69.2,0.0,44.3,Medium
KED-ROAD-01137,شارع الصافي,57.5,69.0,0.0,44.3,Medium
KED-ROAD-03492,حارة السلامه,57.5,69.1,0.0,44.3,Medium
KED-ROAD-05717,,57.5,69.0,0.0,44.3,Medium
KED-ROAD-02106,,57.5,69.2,0.0,44.3,Medium
KED-ROAD-05716,,57.5,69.0,0.0,44.3,Medium
KED-ROAD-05021,,57.5,69.0,0.0,44.3,Medium
KED-ROAD-02105,,57.5,69.2,0.0,44.3,Medium
KED-ROAD-04292,شارع مسجد النور,57.5,69.2,0.0,44.3,Medium
KED-ROAD-04296,شارع محمد رفاعى,57.5,69.1,0.0,44.3,Medium
KED-ROAD-06150,,57.5,68.9,0.0,44.3,Medium
KED-ROAD-06380,,57.5,69.0,0.0,44.3,Medium
KED-ROAD-00405,شارع الجيش,57.5,69.1,0.0,44.3,Medium
KED-ROAD-06379,,57.5,69.0,0.0,44.3,Medium
KED-ROAD-02977,شارع على بركه,57.5,69.0,0.0,44.3,Medium
KED-ROAD-04297,شارع محمد رفاعى,57.5,69.1,0.0,44.3,Medium
KED-ROAD-02681,شارع الفتوح,57.5,69.1,0.0,44.3,Medium
KED-ROAD-01816,شارع الاحمر,57.5,69.0,0.0,44.3,Medium
KED-ROAD-03573,شارع الشهيد حسنى كامل,57.5,69.1,0.0,44.3,Medium
KED-ROAD-03572,شارع الشهيد حسنى كامل,57.5,69.1,0.0,44.3,Medium
KED-ROAD-02556,شارع محمد كساب,57.5,69.2,0.0,44.3,Medium
KED-ROAD-02559,شارع السد العالى,57.5,69.0,0.0,44.3,Medium
KED-ROAD-02557,شارع محمد كساب,57.5,69.2,0.0,44.3,Medium
KED-ROAD-04291,شارع مسجد النور,57.5,69.2,0.0,44.3,Medium
KED-ROAD-06149,,57.5,68.9,0.0,44.3,Medium
KED-ROAD-02976,شارع على بركه,57.5,69.0,0.0,44.3,Medium
KED-ROAD-04310,شارع مسجد النور,57.5,69.1,0.0,44.3,Medium
KED-ROAD-05257,شارع 200,57.5,69.2,0.0,44.3,Medium
KED-ROAD-05258,شارع 200,57.5,69.2,0.0,44.3,Medium
KED-ROAD-02644,شارع 26 يوليو,57.5,69.0,0.0,44.3,Medium
KED-ROAD-04301,شارع محمد رفاعى,57.5,68.9,0.0,44.3,Medium
KED-ROAD-04096,شارع الزربة,57.5,69.0,0.0,44.3,Medium
KED-ROAD-00532,شارع عثمان بن عفان,57.5,69.1,0.0,44.3,Medium
KED-ROAD-04309,شارع مسجد النور,57.5,69.1,0.0,44.3,Medium
KED-ROAD-06312,شارع عمارات التمليك,57.5,69.2,0.0,44.3,Medium
KED-ROAD-01941,شارع ابو عسل,57.5,69.0,0.0,44.3,Medium
KED-ROAD-02287,حارة عواد,57.5,68.9,0.0,44.3,Medium
KED-ROAD-02288,حارة عواد,57.5,68.9,0.0,44.3,Medium
KED-ROAD-06116,شارع مساكن الرحمن,57.5,69.1,0.0,44.3,Medium
KED-ROAD-06115,شارع مساكن الرحمن,57.5,69.1,0.0,44.3,Medium
KED-ROAD-04075,شارع الزربة,57.5,69.0,0.0,44.3,Medium
KED-ROAD-01557,شارع بدر,57.5,69.2,0.0,44.3,Medium
KED-ROAD-01817,شارع الاحمر,57.5,69.0,0.0,44.3,Medium
KED-ROAD-01805,شارع المحكمه,57.5,69.0,0.0,44.3,Medium
KED-ROAD-01811,شارع الاحمر,57.5,69.0,0.0,44.3,Medium
KED-ROAD-03015,شارع المدينه,57.5,69.2,0.0,44.3,Medium
KED-ROAD-01189,شارع العيسوي,57.5,69.1,0.0,44.3,Medium
KED-ROAD-02645,شارع 26 يوليو,57.5,69.0,0.0,44.3,Medium
KED-ROAD-01138,شارع الصافي,57.5,69.0,0.0,44.3,Medium
KED-ROAD-01800,شارع الاحمر,57.5,69.0,0.0,44.3,Medium
KED-ROAD-01804,شارع المحكمه,57.5,69.0,0.0,44.3,Medium
KED-ROAD-03016,شارع المدينه,57.5,69.2,0.0,44.3,Medium
KED-ROAD-03059,شارع القاهر,57.5,69.0,0.0,44.3,Medium
KED-ROAD-04225,شارع احمد مزروع,57.5,69.1,0.0,44.3,Medium
KED-ROAD-01190,شارع العيسوي,57.5,69.1,0.0,44.3,Medium
KED-ROAD-02558,شارع السد العالى,57.5,69.0,0.0,44.3,Medium
KED-ROAD-01558,شارع بدر,57.5,69.2,0.0,44.3,Medium
KED-ROAD-03493,حارة السلامه,57.5,69.1,0.0,44.3,Medium
KED-ROAD-05375,شارع صيدلية الشحات الكبري,57.5,69.2,0.0,44.3,Medium
KED-ROAD-05374,شارع صيدلية الشحات الكبري,57.5,69.2,0.0,44.3,Medium
KED-ROAD-03585,,57.5,69.0,0.0,44.3,Medium
KED-ROAD-03586,,57.5,69.0,0.0,44.3,Medium
KED-ROAD-05373,شارع صيدلية الشحات الكبري,57.5,69.0,0.0,44.3,Medium
KED-ROAD-03060,شارع القاهر,57.5,69.0,0.0,44.3,Medium
KED-ROAD-03111,شارع مصطفى كامل,57.5,69.1,0.0,44.3,Medium
KED-ROAD-05390,شارع مساكن التمليك,57.5,69.1,0.0,44.3,Medium
KED-ROAD-04300,شارع محمد رفاعى,57.5,68.9,0.0,44.3,Medium
KED-ROAD-02660,شارع الفتوح,57.5,69.1,0.0,44.3,Medium
KED-ROAD-01915,شارع شتا,57.5,68.7,0.0,44.2,Medium
KED-ROAD-04643,شارع اللواء محمود ابراهيم الكومى,57.5,68.9,0.0,44.2,Medium
KED-ROAD-03221,شارع 26 يوليو,57.5,68.7,0.0,44.2,Medium
KED-ROAD-01450,شارع بكر الدكراوي,57.5,68.7,0.0,44.2,Medium
KED-ROAD-01916,شارع شتا,57.5,68.7,0.0,44.2,Medium
KED-ROAD-05874,شارع بلال بن رباح,57.5,68.7,0.0,44.2,Medium
KED-ROAD-02295,شارع ابو المكارم,57.5,68.8,0.0,44.2,Medium
KED-ROAD-04717,شارع محفوظ,57.5,68.7,0.0,44.2,Medium
KED-ROAD-04449,,57.5,68.7,0.0,44.2,Medium
KED-ROAD-04450,,57.5,68.7,0.0,44.2,Medium
KED-ROAD-05307,,57.5,68.9,0.0,44.2,Medium
KED-ROAD-02296,شارع ابو المكارم,57.5,68.8,0.0,44.2,Medium
KED-ROAD-04718,شارع محفوظ,57.5,68.7,0.0,44.2,Medium
KED-ROAD-00525,شارع داير البندر,57.5,68.7,0.0,44.2,Medium
KED-ROAD-04030,شارع صقر,57.5,68.7,0.0,44.2,Medium
KED-ROAD-05306,,57.5,68.9,0.0,44.2,Medium
KED-ROAD-02290,شارع ابو المكارم,57.5,68.7,0.0,44.2,Medium
KED-ROAD-02289,شارع ابو المكارم,57.5,68.7,0.0,44.2,Medium
KED-ROAD-03987,شارع محمد رفاعى,57.5,68.8,0.0,44.2,Medium
KED-ROAD-03988,شارع محمد رفاعى,57.5,68.8,0.0,44.2,Medium
KED-ROAD-04029,شارع صقر,57.5,68.7,0.0,44.2,Medium
KED-ROAD-03396,امتداد شارع الخليج الاعظم,57.5,68.8,0.0,44.2,Medium
KED-ROAD-03825,شارع الميزانية,57.5,68.6,0.0,44.2,Medium
KED-ROAD-03824,شارع الميزانية,57.5,68.6,0.0,44.2,Medium
KED-ROAD-04373,,57.5,68.8,0.0,44.2,Medium
KED-ROAD-01695,شارع الاحمر,57.5,68.9,0.0,44.2,Medium
KED-ROAD-01355,شارع المستشفى الشامله,57.5,68.8,0.0,44.2,Medium
KED-ROAD-03222,شارع 26 يوليو,57.5,68.7,0.0,44.2,Medium
KED-ROAD-00524,شارع داير البندر,57.5,68.7,0.0,44.2,Medium
KED-ROAD-01221,شارع بكر الدكراوي,57.5,68.7,0.0,44.2,Medium
KED-ROAD-01626,شارع السقا,57.5,68.9,0.0,44.2,Medium
KED-ROAD-06006,شارع مساكن الإسكان الصناعى,57.5,68.7,0.0,44.2,Medium
KED-ROAD-06005,شارع مساكن الإسكان الصناعى,57.5,68.7,0.0,44.2,Medium
KED-ROAD-04532,شارع اللواء محمود ابراهيم الكومى,57.5,68.9,0.0,44.2,Medium
KED-ROAD-01182,شارع بكر الدكراوي,57.5,68.7,0.0,44.2,Medium
KED-ROAD-04119,شارع محمد رفاعى,57.5,68.9,0.0,44.2,Medium
KED-ROAD-02372,شارع نجم,57.5,68.8,0.0,44.2,Medium
KED-ROAD-02373,شارع نجم,57.5,68.8,0.0,44.2,Medium
KED-ROAD-04120,شارع محمد رفاعى,57.5,68.9,0.0,44.2,Medium
KED-ROAD-04135,شارع الفقى,57.5,68.7,0.0,44.2,Medium
KED-ROAD-04146,شارع الفقى,57.5,68.7,0.0,44.2,Medium
KED-ROAD-03581,,57.5,68.8,0.0,44.2,Medium
KED-ROAD-03582,,57.5,68.8,0.0,44.2,Medium
KED-ROAD-01183,شارع بكر الدكراوي,57.5,68.7,0.0,44.2,Medium
KED-ROAD-04298,شارع محمد رفاعى,57.5,68.7,0.0,44.2,Medium
KED-ROAD-04299,شارع محمد رفاعى,57.5,68.7,0.0,44.2,Medium
KED-ROAD-02669,شارع غزوه بدر,57.5,68.9,0.0,44.2,Medium
KED-ROAD-01771,شارع محمد عيسي,57.5,68.6,0.0,44.2,Medium
KED-ROAD-01627,شارع السقا,57.5,68.9,0.0,44.2,Medium
KED-ROAD-03395,امتداد شارع الخليج الاعظم,57.5,68.8,0.0,44.2,Medium
KED-ROAD-01760,شارع محمد عيسي,57.5,68.6,0.0,44.2,Medium
KED-ROAD-02668,شارع غزوه بدر,57.5,68.9,0.0,44.2,Medium
KED-ROAD-02996,شارع مينا يونس,57.5,68.6,0.0,44.2,Medium
KED-ROAD-02997,شارع مينا يونس,57.5,68.6,0.0,44.2,Medium
KED-ROAD-04342,,57.5,68.8,0.0,44.2,Medium
KED-ROAD-00457,شارع 43,57.5,68.8,0.0,44.2,Medium
KED-ROAD-01694,شارع الاحمر,57.5,68.9,0.0,44.2,Medium
KED-ROAD-00456,شارع 43,57.5,68.8,0.0,44.2,Medium
KED-ROAD-03518,شارع 26 يوليو,57.5,68.6,0.0,44.2,Medium
KED-ROAD-03517,شارع 26 يوليو,57.5,68.6,0.0,44.2,Medium
KED-ROAD-01216,شارع بكر الدكراوي,57.5,68.9,0.0,44.2,Medium
KED-ROAD-01217,شارع بكر الدكراوي,57.5,68.9,0.0,44.2,Medium
KED-ROAD-05718,شارع محمد انور السادات,57.5,68.4,0.0,44.1,Medium
KED-ROAD-05713,شارع محمد انور السادات,57.5,68.4,0.0,44.1,Medium
KED-ROAD-05712,شارع محمد انور السادات,57.5,68.4,0.0,44.1,Medium
KED-ROAD-06388,,57.5,68.6,0.0,44.1,Medium
KED-ROAD-00043,,57.5,68.4,0.0,44.1,Medium
KED-ROAD-02138,,57.5,68.4,0.0,44.1,Medium
KED-ROAD-02137,,57.5,68.4,0.0,44.1,Medium
KED-ROAD-00044,,57.5,68.4,0.0,44.1,Medium
KED-ROAD-02967,شارع مينا يونس,57.5,68.4,0.0,44.1,Medium
KED-ROAD-02966,شارع مينا يونس,57.5,68.4,0.0,44.1,Medium
KED-ROAD-01790,شارع المحكمه,57.5,68.4,0.0,44.1,Medium
KED-ROAD-03394,امتداد شارع الخليج الاعظم,57.5,68.4,0.0,44.1,Medium
KED-ROAD-03393,امتداد شارع الخليج الاعظم,57.5,68.4,0.0,44.1,Medium
KED-ROAD-01801,شارع المحكمه,57.5,68.4,0.0,44.1,Medium
KED-ROAD-03637,شارع الرزق,57.5,68.4,0.0,44.1,Medium
KED-ROAD-03636,شارع الرزق,57.5,68.4,0.0,44.1,Medium
KED-ROAD-05779,,57.5,68.4,0.0,44.1,Medium
KED-ROAD-02547,شارع الجرجاوى,57.5,68.5,0.0,44.1,Medium
KED-ROAD-01541,شارع الشاويش,57.5,68.4,0.0,44.1,Medium
KED-ROAD-01540,شارع الشاويش,57.5,68.4,0.0,44.1,Medium
KED-ROAD-03440,حارة السلامه,57.5,68.4,0.0,44.1,Medium
KED-ROAD-05719,شارع محمد انور السادات,57.5,68.4,0.0,44.1,Medium
KED-ROAD-03451,حارة السلامه,57.5,68.4,0.0,44.1,Medium
KED-ROAD-05389,الطريق الدولي,57.5,68.5,0.0,44.1,Medium
KED-ROAD-05381,شارع مساكن التمليك,57.5,68.6,0.0,44.1,Medium
KED-ROAD-05380,شارع مساكن التمليك,57.5,68.6,0.0,44.1,Medium
KED-ROAD-04638,شارع صلاح سالم,57.5,68.4,0.0,44.1,Medium
KED-ROAD-04637,شارع صلاح سالم,57.5,68.4,0.0,44.1,Medium
KED-ROAD-05901,شارع بلال بن رباح,57.5,68.4,0.0,44.1,Medium
KED-ROAD-02453,شارع إسماعيل شحاتة,57.5,68.4,0.0,44.1,Medium
KED-ROAD-02452,شارع إسماعيل شحاتة,57.5,68.4,0.0,44.1,Medium
KED-ROAD-02546,شارع الجرجاوى,57.5,68.5,0.0,44.1,Medium
KED-ROAD-02537,,57.5,68.5,0.0,44.1,Medium
KED-ROAD-02536,,57.5,68.5,0.0,44.1,Medium
KED-ROAD-04109,شارع محمد رفاعى,57.5,68.4,0.0,44.1,Medium
KED-ROAD-04108,شارع محمد رفاعى,57.5,68.4,0.0,44.1,Medium
KED-ROAD-03155,شارع زين العابدين,57.5,68.6,0.0,44.1,Medium
KED-ROAD-03154,شارع زين العابدين,57.5,68.6,0.0,44.1,Medium
KED-ROAD-05868,شارع بلال بن رباح,57.5,68.4,0.0,44.1,Medium
KED-ROAD-04072,شارع الزربة,57.5,68.6,0.0,44.1,Medium
KED-ROAD-04071,شارع الزربة,57.5,68.6,0.0,44.1,Medium
KED-ROAD-05854,شارع بلال بن رباح,57.5,68.5,0.0,44.1,Medium
KED-ROAD-01648,شارع ابراهيم شهاب,57.5,68.5,0.0,44.1,Medium
KED-ROAD-05323,شارع 57,57.5,68.6,0.0,44.1,Medium
KED-ROAD-05322,شارع 57,57.5,68.6,0.0,44.1,Medium
KED-ROAD-00485,شارع الجنة,57.5,68.4,0.0,44.1,Medium
KED-ROAD-00484,شارع الجنة,57.5,68.4,0.0,44.1,Medium
KED-ROAD-04065,,57.5,68.4,0.0,44.1,Medium
KED-ROAD-04064,,57.5,68.4,0.0,44.1,Medium
KED-ROAD-01376,شارع 20,57.5,68.5,0.0,44.1,Medium
KED-ROAD-01375,شارع 20,57.5,68.5,0.0,44.1,Medium
KED-ROAD-06387,,57.5,68.6,0.0,44.1,Medium
KED-ROAD-05810,,57.5,68.4,0.0,44.1,Medium
KED-ROAD-05094,الطريق الدولي,57.5,68.6,0.0,44.1,Medium
KED-ROAD-02809,شارع مدخل كفر الدوار,57.5,68.6,0.0,44.1,Medium
KED-ROAD-03368,,57.5,68.4,0.0,44.1,Medium
KED-ROAD-03367,,57.5,68.4,0.0,44.1,Medium
KED-ROAD-01310,,57.5,68.4,0.0,44.1,Medium
KED-ROAD-01309,,57.5,68.4,0.0,44.1,Medium
KED-ROAD-01649,شارع ابراهيم شهاب,57.5,68.5,0.0,44.1,Medium
KED-ROAD-04381,شارع حواش,57.5,68.4,0.0,44.1,Medium
KED-ROAD-04380,شارع حواش,57.5,68.4,0.0,44.1,Medium
KED-ROAD-04843,شارع الاداره الصحيه,57.5,68.3,0.0,44.0,Medium
KED-ROAD-04853,,57.5,68.1,0.0,44.0,Medium
KED-ROAD-04854,,57.5,68.1,0.0,44.0,Medium
KED-ROAD-04842,شارع الاداره الصحيه,57.5,68.3,0.0,44.0,Medium
KED-ROAD-03624,حارة السلامه,57.5,68.3,0.0,44.0,Medium
KED-ROAD-03565,,57.5,68.1,0.0,44.0,Medium
KED-ROAD-04341,شارع حواش,57.5,68.2,0.0,44.0,Medium
KED-ROAD-03625,حارة السلامه,57.5,68.3,0.0,44.0,Medium
KED-ROAD-04340,شارع حواش,57.5,68.2,0.0,44.0,Medium
KED-ROAD-06064,,57.5,68.1,0.0,44.0,Medium
KED-ROAD-04454,,57.5,68.1,0.0,44.0,Medium
KED-ROAD-04453,,57.5,68.1,0.0,44.0,Medium
KED-ROAD-05320,شارع مسجد السلام,57.5,68.2,0.0,44.0,Medium
KED-ROAD-01972,شارع الاحمر,57.5,68.2,0.0,44.0,Medium
KED-ROAD-06094,,57.5,68.2,0.0,44.0,Medium
KED-ROAD-05319,شارع مسجد السلام,57.5,68.2,0.0,44.0,Medium
KED-ROAD-01412,شارع بكر الدكراوي,57.5,68.2,0.0,44.0,Medium
KED-ROAD-01971,شارع الاحمر,57.5,68.2,0.0,44.0,Medium
KED-ROAD-06073,,57.5,68.2,0.0,44.0,Medium
KED-ROAD-04936,امتداد شارع الخليج الاعظم,57.5,68.3,0.0,44.0,Medium
KED-ROAD-05787,,57.5,68.3,0.0,44.0,Medium
KED-ROAD-00463,شارع عبد الله نديم,57.5,68.3,0.0,44.0,Medium
KED-ROAD-00464,شارع 43,57.5,68.1,0.0,44.0,Medium
KED-ROAD-04935,امتداد شارع الخليج الاعظم,57.5,68.3,0.0,44.0,Medium
KED-ROAD-00462,شارع عبد الله نديم,57.5,68.3,0.0,44.0,Medium
KED-ROAD-01411,شارع بكر الدكراوي,57.5,68.2,0.0,44.0,Medium
KED-ROAD-02459,شارع السد العالى,57.5,68.1,0.0,44.0,Medium
KED-ROAD-01499,شارع الروايح,57.5,68.1,0.0,44.0,Medium
KED-ROAD-05788,,57.5,68.3,0.0,44.0,Medium
KED-ROAD-02458,شارع السد العالى,57.5,68.1,0.0,44.0,Medium
KED-ROAD-04727,شارع مساكن الإسكان الصناعى,57.5,68.3,0.0,44.0,Medium
KED-ROAD-04728,شارع مساكن الإسكان الصناعى,57.5,68.3,0.0,44.0,Medium
KED-ROAD-00166,شارع المصرف,57.5,68.3,0.0,44.0,Medium
KED-ROAD-00165,شارع المصرف,57.5,68.3,0.0,44.0,Medium
KED-ROAD-01482,شارع السقا,57.5,68.1,0.0,44.0,Medium
KED-ROAD-06053,,57.5,68.1,0.0,44.0,Medium
KED-ROAD-01498,شارع الروايح,57.5,68.1,0.0,44.0,Medium
KED-ROAD-04254,شارع مسجد النور,57.5,68.2,0.0,44.0,Medium
KED-ROAD-04253,شارع مسجد النور,57.5,68.2,0.0,44.0,Medium
KED-ROAD-03566,,57.5,68.1,0.0,44.0,Medium
KED-ROAD-04255,شارع محمد رفاعى,57.5,68.1,0.0,44.0,Medium
KED-ROAD-00465,شارع 43,57.5,68.1,0.0,44.0,Medium
KED-ROAD-04647,شارع اللواء محمود ابراهيم الكومى,57.5,68.2,0.0,44.0,Medium
KED-ROAD-01483,شارع السقا,57.5,68.1,0.0,44.0,Medium
KED-ROAD-04646,شارع اللواء محمود ابراهيم الكومى,57.5,68.2,0.0,44.0,Medium
KED-ROAD-02409,شارع الخطيب,57.5,68.1,0.0,44.0,Medium
KED-ROAD-04256,شارع محمد رفاعى,57.5,68.1,0.0,44.0,Medium
KED-ROAD-02408,شارع الخطيب,57.5,68.1,0.0,44.0,Medium
KED-ROAD-05803,,57.5,67.9,0.0,43.9,Medium
KED-ROAD-00046,"طريق كفر الدوار, ابو المطامير",57.5,67.9,0.0,43.9,Medium
KED-ROAD-04841,شارع الاداره الصحيه,57.5,67.9,0.0,43.9,Medium
KED-ROAD-05802,,57.5,67.9,0.0,43.9,Medium
KED-ROAD-00311,شارع الجيش,57.5,67.9,0.0,43.9,Medium
KED-ROAD-05217,شارع مساكن التمليك,57.5,67.8,0.0,43.9,Medium
KED-ROAD-02993,,57.5,68.0,0.0,43.9,Medium
KED-ROAD-01653,شارع السقا,57.5,67.9,0.0,43.9,Medium
KED-ROAD-04840,شارع الاداره الصحيه,57.5,67.9,0.0,43.9,Medium
KED-ROAD-00494,شارع الجمهوريه,57.5,67.8,0.0,43.9,Medium
KED-ROAD-03433,حارة السلامه,57.5,67.8,0.0,43.9,Medium
KED-ROAD-04130,شارع الفقى,57.5,67.9,0.0,43.9,Medium
KED-ROAD-05218,شارع مساكن التمليك,57.5,67.8,0.0,43.9,Medium
KED-ROAD-02436,شارع سلطان,57.5,67.8,0.0,43.9,Medium
KED-ROAD-00045,"طريق كفر الدوار, ابو المطامير",57.5,67.9,0.0,43.9,Medium
KED-ROAD-03432,حارة السلامه,57.5,67.8,0.0,43.9,Medium
KED-ROAD-01447,شارع بكر الدكراوي,57.5,67.8,0.0,43.9,Medium
KED-ROAD-01724,شارع الاحمر,57.5,68.0,0.0,43.9,Medium
KED-ROAD-05143,شارع بلال بن رباح,57.5,67.9,0.0,43.9,Medium
KED-ROAD-01446,شارع بكر الدكراوي,57.5,67.8,0.0,43.9,Medium
KED-ROAD-04129,شارع الفقى,57.5,67.9,0.0,43.9,Medium
KED-ROAD-01725,شارع الاحمر,57.5,68.0,0.0,43.9,Medium
KED-ROAD-00801,عطفه الشهداء,57.5,68.0,0.0,43.9,Medium
KED-ROAD-00495,شارع الجمهوريه,57.5,67.8,0.0,43.9,Medium
KED-ROAD-03992,شارع محمد رفاعى,57.5,67.9,0.0,43.9,Medium
KED-ROAD-05386,الطريق الدولي,57.5,67.9,0.0,43.9,Medium
KED-ROAD-00803,شارع عثمان بن عفان,57.5,67.9,0.0,43.9,Medium
KED-ROAD-00802,شارع عثمان بن عفان,57.5,67.9,0.0,43.9,Medium
KED-ROAD-03991,شارع محمد رفاعى,57.5,67.9,0.0,43.9,Medium
KED-ROAD-01652,شارع السقا,57.5,67.9,0.0,43.9,Medium
KED-ROAD-05055,شارع العدوى,57.5,68.1,0.0,43.9,Medium
KED-ROAD-05056,شارع العدوى,57.5,68.1,0.0,43.9,Medium
KED-ROAD-03399,امتداد شارع الخليج الاعظم,57.5,67.8,0.0,43.9,Medium
KED-ROAD-05366,شارع صيدلية الشحات الكبري,57.5,67.8,0.0,43.9,Medium
KED-ROAD-05365,شارع صيدلية الشحات الكبري,57.5,67.8,0.0,43.9,Medium
KED-ROAD-03400,امتداد شارع الخليج الاعظم,57.5,67.8,0.0,43.9,Medium
KED-ROAD-02535,حارة عواد,57.5,67.8,0.0,43.9,Medium
KED-ROAD-02534,حارة عواد,57.5,67.8,0.0,43.9,Medium
KED-ROAD-05291,,57.5,68.0,0.0,43.9,Medium
KED-ROAD-00600,عطفه الشهداء,57.5,68.0,0.0,43.9,Medium
KED-ROAD-02437,شارع سلطان,57.5,67.8,0.0,43.9,Medium
KED-ROAD-02992,,57.5,68.0,0.0,43.9,Medium
KED-ROAD-05290,,57.5,68.0,0.0,43.9,Medium
KED-ROAD-05115,شارع مدرسه طلعت حرب,57.5,67.8,0.0,43.8,Medium
KED-ROAD-03546,,57.5,67.8,0.0,43.8,Medium
KED-ROAD-05114,شارع مدرسه طلعت حرب,57.5,67.8,0.0,43.8,Medium
KED-ROAD-03547,,57.5,67.8,0.0,43.8,Medium
KED-ROAD-00298,شارع الوقار,57.5,67.6,0.0,43.8,Medium
KED-ROAD-05638,شارع مساكن الرحمن,57.5,67.7,0.0,43.8,Medium
KED-ROAD-04202,شارع السيد البحيري,57.5,67.7,0.0,43.8,Medium
KED-ROAD-04203,شارع السيد البحيري,57.5,67.7,0.0,43.8,Medium
KED-ROAD-01628,شارع السقا,57.5,67.7,0.0,43.8,Medium
KED-ROAD-02802,شارع ابو المكارم,57.5,67.7,0.0,43.8,Medium
KED-ROAD-01645,شارع ابراهيم شهاب,57.5,67.7,0.0,43.8,Medium
KED-ROAD-01458,شارع السقا,57.5,67.6,0.0,43.8,Medium
KED-ROAD-01644,شارع ابراهيم شهاب,57.5,67.7,0.0,43.8,Medium
KED-ROAD-01449,شارع بكر الدكراوي,57.5,67.5,0.0,43.8,Medium
KED-ROAD-02189,شارع خليل,57.5,67.7,0.0,43.8,Medium
KED-ROAD-02801,شارع ابو المكارم,57.5,67.7,0.0,43.8,Medium
KED-ROAD-02188,شارع خليل,57.5,67.7,0.0,43.8,Medium
KED-ROAD-02970,شارع مينا يونس,57.5,67.8,0.0,43.8,Medium
KED-ROAD-04633,شارع 8,57.5,67.8,0.0,43.8,Medium
KED-ROAD-04634,شارع 8,57.5,67.8,0.0,43.8,Medium
KED-ROAD-01629,شارع السقا,57.5,67.7,0.0,43.8,Medium
KED-ROAD-01459,شارع السقا,57.5,67.6,0.0,43.8,Medium
KED-ROAD-01448,شارع بكر الدكراوي,57.5,67.5,0.0,43.8,Medium
KED-ROAD-01488,شارع السقا,57.5,67.7,0.0,43.8,Medium
KED-ROAD-01489,شارع السقا,57.5,67.7,0.0,43.8,Medium
KED-ROAD-01625,,57.5,67.6,0.0,43.8,Medium
KED-ROAD-05637,شارع مساكن الرحمن,57.5,67.7,0.0,43.8,Medium
KED-ROAD-04242,شارع مسجد النور,57.5,67.7,0.0,43.8,Medium
KED-ROAD-04241,شارع مسجد النور,57.5,67.7,0.0,43.8,Medium
KED-ROAD-01624,,57.5,67.6,0.0,43.8,Medium
KED-ROAD-02991,شارع مينا يونس,57.5,67.8,0.0,43.8,Medium
KED-ROAD-00299,شارع الوقار,57.5,67.6,0.0,43.8,Medium
KED-ROAD-01651,شارع السقا,57.5,67.2,0.0,43.7,Medium
KED-ROAD-01709,شارع ابراهيم شهاب,57.5,67.2,0.0,43.7,Medium
KED-ROAD-03994,شارع محمد رفاعى,57.5,67.4,0.0,43.7,Medium
KED-ROAD-01708,شارع ابراهيم شهاب,57.5,67.2,0.0,43.7,Medium
KED-ROAD-03993,شارع محمد رفاعى,57.5,67.4,0.0,43.7,Medium
KED-ROAD-02283,حارة عواد,57.5,67.5,0.0,43.7,Medium
KED-ROAD-06049,,57.5,67.3,0.0,43.7,Medium
KED-ROAD-00983,شارع الجيش,57.5,67.3,0.0,43.7,Medium
KED-ROAD-00984,شارع الجيش,57.5,67.3,0.0,43.7,Medium
KED-ROAD-05383,الطريق الدولي,57.5,67.3,0.0,43.7,Medium
KED-ROAD-05867,شارع بلال بن رباح,57.5,67.5,0.0,43.7,Medium
KED-ROAD-06050,,57.5,67.3,0.0,43.7,Medium
KED-ROAD-02284,حارة عواد,57.5,67.5,0.0,43.7,Medium
KED-ROAD-01630,شارع السقا,57.5,67.2,0.0,43.7,Medium
KED-ROAD-03093,شارع القاهر,57.5,67.4,0.0,43.7,Medium
KED-ROAD-02404,شارع نجم,57.5,67.3,0.0,43.7,Medium
KED-ROAD-02405,شارع نجم,57.5,67.3,0.0,43.7,Medium
KED-ROAD-03094,شارع القاهر,57.5,67.4,0.0,43.7,Medium
KED-ROAD-05685,شارع مساكن 144,57.5,67.2,0.0,43.7,Medium
KED-ROAD-02135,,57.5,67.2,0.0,43.7,Medium
KED-ROAD-03953,شارع احمد بكر,57.5,67.4,0.0,43.7,Medium
KED-ROAD-03819,شارع دسوقي,57.5,67.5,0.0,43.7,Medium
KED-ROAD-03818,شارع دسوقي,57.5,67.5,0.0,43.7,Medium
KED-ROAD-05684,شارع مساكن 144,57.5,67.2,0.0,43.7,Medium
KED-ROAD-02136,,57.5,67.2,0.0,43.7,Medium
KED-ROAD-02070,,57.5,66.9,0.0,43.6,Medium
KED-ROAD-00110,شارع المدينه المنورة,57.5,67.0,0.0,43.6,Medium
KED-ROAD-02069,,57.5,66.9,0.0,43.6,Medium
KED-ROAD-00056,"طريق كفر الدوار, ابو المطامير",57.5,67.2,0.0,43.6,Medium
KED-ROAD-00055,"طريق كفر الدوار, ابو المطامير",57.5,67.2,0.0,43.6,Medium
KED-ROAD-01186,شارع العيسوي,57.5,67.0,0.0,43.6,Medium
KED-ROAD-03046,شارع الشهيد حامد هنداوي,57.5,67.1,0.0,43.6,Medium
KED-ROAD-00109,شارع المدينه المنورة,57.5,67.0,0.0,43.6,Medium
KED-ROAD-01193,شارع العيسوي,57.5,67.0,0.0,43.6,Medium
KED-ROAD-04172,شارع 4,57.5,67.0,0.0,43.6,Medium
KED-ROAD-03045,شارع الشهيد حامد هنداوي,57.5,67.1,0.0,43.6,Medium
KED-ROAD-04171,شارع 4,57.5,67.0,0.0,43.6,Medium
KED-ROAD-06008,شارع مساكن الإسكان الصناعى,57.5,67.0,0.0,43.6,Medium
KED-ROAD-05433,شارع عمرو بن العاص,57.5,67.0,0.0,43.6,Medium
KED-ROAD-05434,شارع عمرو بن العاص,57.5,67.0,0.0,43.6,Medium
KED-ROAD-01612,شارع السقا,57.5,67.2,0.0,43.6,Medium
KED-ROAD-01613,شارع السقا,57.5,67.2,0.0,43.6,Medium
KED-ROAD-06007,شارع مساكن الإسكان الصناعى,57.5,67.0,0.0,43.6,Medium
KED-ROAD-04112,شارع محمد رفاعى,57.5,67.2,0.0,43.6,Medium
KED-ROAD-04113,شارع محمد رفاعى,57.5,67.2,0.0,43.6,Medium
KED-ROAD-04378,شارع حواش,57.5,67.0,0.0,43.6,Medium
KED-ROAD-04379,شارع حواش,57.5,67.0,0.0,43.6,Medium
KED-ROAD-02995,شارع مينا يونس,57.5,66.7,0.0,43.5,Medium
KED-ROAD-02407,شارع إسماعيل شحاتة,57.5,66.8,0.0,43.5,Medium
KED-ROAD-02879,شارع الاداره الصحيه,57.5,66.7,0.0,43.5,Medium
KED-ROAD-01905,شارع الزربة,57.5,66.8,0.0,43.5,Medium
KED-ROAD-04527,شارع اللواء محمود ابراهيم الكومى,57.5,66.7,0.0,43.5,Medium
KED-ROAD-01904,شارع الزربة,57.5,66.8,0.0,43.5,Medium
KED-ROAD-04526,شارع اللواء محمود ابراهيم الكومى,57.5,66.7,0.0,43.5,Medium
KED-ROAD-03022,شارع امير البحر,57.5,66.7,0.0,43.5,Medium
KED-ROAD-03026,شارع امير البحر,57.5,66.9,0.0,43.5,Medium
KED-ROAD-03021,شارع امير البحر,57.5,66.7,0.0,43.5,Medium
KED-ROAD-03025,شارع امير البحر,57.5,66.9,0.0,43.5,Medium
KED-ROAD-02994,شارع مينا يونس,57.5,66.7,0.0,43.5,Medium
KED-ROAD-02406,شارع إسماعيل شحاتة,57.5,66.8,0.0,43.5,Medium
KED-ROAD-02880,شارع الاداره الصحيه,57.5,66.7,0.0,43.5,Medium
KED-ROAD-00985,شارع الجيش,57.5,66.7,0.0,43.5,Medium
KED-ROAD-01700,شارع الاحمر,57.5,66.7,0.0,43.5,Medium
KED-ROAD-05104,,57.5,66.8,0.0,43.5,Medium
KED-ROAD-01004,شارع سعيد حمادة,57.5,66.7,0.0,43.5,Medium
KED-ROAD-01721,شارع الاحمر,57.5,66.7,0.0,43.5,Medium
KED-ROAD-04375,شارع حواش,57.5,66.8,0.0,43.5,Medium
KED-ROAD-04374,شارع حواش,57.5,66.8,0.0,43.5,Medium
KED-ROAD-05105,,57.5,66.8,0.0,43.5,Medium
KED-ROAD-00986,شارع الجيش,57.5,66.7,0.0,43.5,Medium
KED-ROAD-01003,شارع سعيد حمادة,57.5,66.7,0.0,43.5,Medium
KED-ROAD-02752,شارع الترعه,57.5,66.5,0.0,43.4,Medium
KED-ROAD-06051,,57.5,66.6,0.0,43.4,Medium
KED-ROAD-02753,شارع الترعه,57.5,66.5,0.0,43.4,Medium
KED-ROAD-05265,شارع عبد العزيز الزمراني,57.5,66.5,0.0,43.4,Medium
KED-ROAD-02899,,57.5,66.6,0.0,43.4,Medium
KED-ROAD-02900,,57.5,66.6,0.0,43.4,Medium
KED-ROAD-00622,شارع الوقار,57.5,66.6,0.0,43.4,Medium
KED-ROAD-00621,شارع الوقار,57.5,66.6,0.0,43.4,Medium
KED-ROAD-04729,شارع مساكن الإسكان الصناعى,57.5,66.4,0.0,43.4,Medium
KED-ROAD-04730,شارع مساكن الإسكان الصناعى,57.5,66.4,0.0,43.4,Medium
KED-ROAD-05266,شارع عبد العزيز الزمراني,57.5,66.5,0.0,43.4,Medium
KED-ROAD-06052,,57.5,66.6,0.0,43.4,Medium
KED-ROAD-00263,شارع المصرف,57.5,66.4,0.0,43.4,Medium
KED-ROAD-00264,شارع المصرف,57.5,66.4,0.0,43.4,Medium
KED-ROAD-00218,"طريق كفر الدوار, ابو المطامير",57.5,66.6,0.0,43.4,Medium
KED-ROAD-00217,"طريق كفر الدوار, ابو المطامير",57.5,66.6,0.0,43.4,Medium
KED-ROAD-06331,,57.5,66.6,0.0,43.4,Medium
KED-ROAD-06332,,57.5,66.6,0.0,43.4,Medium
KED-ROAD-00002,طريق البردلة الرئيسى,57.5,66.5,0.0,43.4,Medium
KED-ROAD-00001,طريق البردلة الرئيسى,57.5,66.5,0.0,43.4,Medium
KED-ROAD-03188,شارع السيدة عائشة,57.5,66.3,0.0,43.3,Medium
KED-ROAD-02132,,57.5,66.2,0.0,43.3,Medium
KED-ROAD-02477,شارع نجم,57.5,66.1,0.0,43.3,Medium
KED-ROAD-05829,شارع بلال بن رباح,57.5,66.2,0.0,43.3,Medium
KED-ROAD-06041,,57.5,66.2,0.0,43.3,Medium
KED-ROAD-06042,,57.5,66.2,0.0,43.3,Medium
KED-ROAD-02131,,57.5,66.2,0.0,43.3,Medium
KED-ROAD-02476,شارع نجم,57.5,66.1,0.0,43.3,Medium
KED-ROAD-03189,شارع السيدة عائشة,57.5,66.3,0.0,43.3,Medium
KED-ROAD-03633,شارع الرزق,57.5,66.0,0.0,43.2,Medium
KED-ROAD-04838,شارع الاداره الصحيه,57.5,65.8,0.0,43.2,Medium
KED-ROAD-03632,شارع الرزق,57.5,66.0,0.0,43.2,Medium
KED-ROAD-03011,شارع جلال الدسوقي,57.5,65.9,0.0,43.2,Medium
KED-ROAD-03012,شارع جلال الدسوقي,57.5,65.9,0.0,43.2,Medium
KED-ROAD-04839,شارع الاداره الصحيه,57.5,65.8,0.0,43.2,Medium
KED-ROAD-01914,شارع براني,57.5,65.9,0.0,43.2,Medium
KED-ROAD-01913,شارع براني,57.5,65.9,0.0,43.2,Medium
KED-ROAD-06371,,57.5,65.5,0.0,43.1,Medium
KED-ROAD-05778,,57.5,65.8,0.0,43.1,Medium
KED-ROAD-00623,شارع الوقار,57.5,65.6,0.0,43.1,Medium
KED-ROAD-00624,شارع الوقار,57.5,65.6,0.0,43.1,Medium
KED-ROAD-06309,,57.5,65.8,0.0,43.1,Medium
KED-ROAD-00004,شارع حامد النداف,57.5,65.8,0.0,43.1,Medium
KED-ROAD-06370,,57.5,65.5,0.0,43.1,Medium
KED-ROAD-06310,,57.5,65.8,0.0,43.1,Medium
KED-ROAD-06034,,57.5,65.6,0.0,43.1,Medium
KED-ROAD-03181,شارع جلال الدسوقي,57.5,65.7,0.0,43.1,Medium
KED-ROAD-06013,,57.5,65.6,0.0,43.1,Medium
KED-ROAD-05777,,57.5,65.8,0.0,43.1,Medium
KED-ROAD-00003,شارع حامد النداف,57.5,65.8,0.0,43.1,Medium
KED-ROAD-03160,شارع جلال الدسوقي,57.5,65.7,0.0,43.1,Medium
KED-ROAD-04635,شارع 8,57.5,65.5,0.0,43.0,Medium
KED-ROAD-04636,شارع 8,57.5,65.5,0.0,43.0,Medium
KED-ROAD-04613,,57.5,65.2,0.0,42.9,Medium
KED-ROAD-04592,,57.5,65.2,0.0,42.9,Medium
KED-ROAD-00626,شارع الوقار,57.5,65.2,0.0,42.9,Medium
KED-ROAD-00625,شارع الوقار,57.5,65.2,0.0,42.9,Medium
KED-ROAD-03306,شارع إسماعيل شحاتة,57.5,64.8,0.0,42.8,Medium
KED-ROAD-03406,,57.5,64.8,0.0,42.8,Medium
KED-ROAD-03305,شارع إسماعيل شحاتة,57.5,64.8,0.0,42.8,Medium
KED-ROAD-03407,,57.5,64.8,0.0,42.8,Medium
KED-ROAD-05144,شارع بلال بن رباح,57.5,64.5,0.0,42.7,Medium
KED-ROAD-03326,شارع القنال,57.5,64.5,0.0,42.7,Medium
KED-ROAD-03325,شارع القنال,57.5,64.5,0.0,42.7,Medium
KED-ROAD-03621,شارع الرزق,57.5,64.3,0.0,42.6,Medium
KED-ROAD-03500,شارع الرزق,57.5,64.3,0.0,42.6,Medium
KED-ROAD-04515,شارع مسجد ابو الحمد,57.5,64.2,0.0,42.6,Medium
KED-ROAD-01866,شارع احمد بكر,57.5,64.2,0.0,42.6,Medium
KED-ROAD-04516,شارع مسجد ابو الحمد,57.5,64.2,0.0,42.6,Medium
KED-ROAD-03511,,57.5,63.9,0.0,42.5,Medium
KED-ROAD-03512,,57.5,63.9,0.0,42.5,Medium
KED-ROAD-03092,حارة الحكمه,57.5,63.5,0.0,42.4,Medium
KED-ROAD-03091,حارة الحكمه,57.5,63.5,0.0,42.4,Medium
KED-ROAD-02224,شارع سعيد حمادة,57.5,63.3,0.0,42.3,Medium
KED-ROAD-02223,شارع سعيد حمادة,57.5,63.3,0.0,42.3,Medium
KED-ROAD-02867,شارع الفتوح,57.5,63.1,0.0,42.2,Medium
KED-ROAD-05315,شارع مسجد السلام,57.5,63.2,0.0,42.2,Medium
KED-ROAD-05316,شارع مسجد السلام,57.5,63.2,0.0,42.2,Medium
KED-ROAD-05318,شارع مسجد السلام,57.5,63.1,0.0,42.2,Medium
KED-ROAD-05317,شارع مسجد السلام,57.5,63.1,0.0,42.2,Medium
KED-ROAD-02866,شارع الفتوح,57.5,63.1,0.0,42.2,Medium
KED-ROAD-05449,شارع مساكن التمليك,57.5,62.7,0.0,42.1,Medium
KED-ROAD-05450,شارع مساكن التمليك,57.5,62.7,0.0,42.1,Medium
KED-ROAD-06038,,57.5,62.6,0.0,42.1,Medium
KED-ROAD-06037,,57.5,62.6,0.0,42.1,Medium
KED-ROAD-04835,,57.5,62.9,0.0,42.1,Medium
KED-ROAD-04834,,57.5,62.9,0.0,42.1,Medium
KED-ROAD-00414,حارة النجوم,57.5,62.5,0.0,42.0,Medium
KED-ROAD-00415,حارة النجوم,57.5,62.5,0.0,42.0,Medium
KED-ROAD-04652,شارع اللواء محمود ابراهيم الكومى,57.5,62.1,0.0,41.9,Medium
KED-ROAD-04663,شارع اللواء محمود ابراهيم الكومى,57.5,62.1,0.0,41.9,Medium
KED-ROAD-06043,,57.5,62.3,0.0,41.9,Medium
KED-ROAD-06044,,57.5,62.3,0.0,41.9,Medium
KED-ROAD-04818,,57.5,62.3,0.0,41.9,Medium
KED-ROAD-00418,حارة النجوم,57.5,62.3,0.0,41.9,Medium
KED-ROAD-04819,,57.5,62.3,0.0,41.9,Medium
KED-ROAD-00419,حارة النجوم,57.5,62.3,0.0,41.9,Medium
KED-ROAD-00401,حارة النجوم,57.5,61.9,0.0,41.8,Medium
KED-ROAD-00260,حارة النجوم,57.5,61.9,0.0,41.8,Medium
KED-ROAD-01001,شارع سعيد حمادة,57.5,62.0,0.0,41.8,Medium
KED-ROAD-06317,شارع عمارات التمليك,57.5,61.9,0.0,41.8,Medium
KED-ROAD-01002,شارع سعيد حمادة,57.5,62.0,0.0,41.8,Medium
KED-ROAD-06318,شارع عمارات التمليك,57.5,61.9,0.0,41.8,Medium
KED-ROAD-04810,شارع مساكن الغزل,57.5,61.7,0.0,41.7,Medium
KED-ROAD-04474,,57.5,61.7,0.0,41.7,Medium
KED-ROAD-04475,,57.5,61.7,0.0,41.7,Medium
KED-ROAD-04811,شارع مساكن الغزل,57.5,61.7,0.0,41.7,Medium
KED-ROAD-04514,شارع مسجد ابو الحمد,57.5,61.7,0.0,41.7,Medium
KED-ROAD-04513,شارع مسجد ابو الحمد,57.5,61.7,0.0,41.7,Medium
KED-ROAD-02331,شارع المدينه المنورة,57.5,61.2,0.0,41.6,Medium
KED-ROAD-04772,,57.5,61.5,0.0,41.6,Medium
KED-ROAD-04836,,57.5,61.3,0.0,41.6,Medium
KED-ROAD-02332,شارع المدينه المنورة,57.5,61.2,0.0,41.6,Medium
KED-ROAD-04793,,57.5,61.5,0.0,41.6,Medium
KED-ROAD-04837,,57.5,61.3,0.0,41.6,Medium
KED-ROAD-02225,شارع سعيد حمادة,57.5,61.0,0.0,41.5,Medium
KED-ROAD-02226,شارع سعيد حمادة,57.5,61.0,0.0,41.5,Medium
KED-ROAD-04579,,57.5,59.4,0.0,40.9,Medium
KED-ROAD-04578,,57.5,59.4,0.0,40.9,Medium
KED-ROAD-02895,,57.5,59.4,0.0,40.9,Medium
KED-ROAD-02896,,57.5,59.4,0.0,40.9,Medium
KED-ROAD-03308,شارع إسماعيل شحاتة,57.5,59.1,0.0,40.8,Medium
KED-ROAD-03307,شارع إسماعيل شحاتة,57.5,59.1,0.0,40.8,Medium
KED-ROAD-00404,حارة النجوم,57.5,58.0,0.0,40.4,Medium
KED-ROAD-00403,حارة النجوم,57.5,58.0,0.0,40.4,Medium
KED-ROAD-02891,,57.5,57.5,0.0,40.2,Medium
KED-ROAD-02892,,57.5,57.5,0.0,40.2,Medium
KED-ROAD-04801,,57.5,57.0,0.0,40.1,Medium
KED-ROAD-04800,,57.5,57.0,0.0,40.1,Medium
KED-ROAD-01590,,57.5,56.4,0.0,39.9,Low
KED-ROAD-04764,,57.5,56.6,0.0,39.9,Low
KED-ROAD-01589,,57.5,56.4,0.0,39.9,Low
KED-ROAD-04765,,57.5,56.6,0.0,39.9,Low
KED-ROAD-04746,شارع مساكن غزل كفر الدوار الجديدة,57.5,56.1,0.0,39.8,Low
KED-ROAD-04747,شارع مساكن غزل كفر الدوار الجديدة,57.5,56.1,0.0,39.8,Low
KED-ROAD-01586,,57.5,54.7,0.0,39.3,Low
KED-ROAD-01585,,57.5,54.7,0.0,39.3,Low
KED-ROAD-01033,,57.5,54.1,0.0,39.1,Low
KED-ROAD-01034,,57.5,54.1,0.0,39.1,Low
KED-ROAD-04621,شارع خلف المساكن,57.5,53.1,0.0,38.7,Low
KED-ROAD-04620,شارع خلف المساكن,57.5,53.1,0.0,38.7,Low
KED-ROAD-01587,,57.5,53.2,0.0,38.7,Low
KED-ROAD-01588,,57.5,53.2,0.0,38.7,Low
KED-ROAD-06029,,57.5,51.5,0.0,38.1,Low
KED-ROAD-06028,,57.5,51.5,0.0,38.1,Low
KED-ROAD-02333,شارع المدينه المنورة,57.5,50.6,0.0,37.8,Low
KED-ROAD-02334,شارع المدينه المنورة,57.5,50.6,0.0,37.8,Low
